ESP-ROM:esp32p4-eco2-20240710
Build:Jul 10 2024
rst:0x17 (CHIP_USB_UART_RESET),boot:0x30c (SPI_FAST_FLASH_BOOT)
Core0 Saved PC:0x4ff02cca
Core1 Saved PC:0x4ff02cca
SPI mode:DIO, clock div:1
load:0x4ff33ce0,len:0x11dc
load:0x4ff29ed0,len:0xccc
load:0x4ff2cbd0,len:0x3568
entry 0x4ff29ed0
[M41 SELECT] send L for 60-second NativeDirty run, otherwise short reference/alternatives/transitions; selection window 5 seconds
[MEM] M41 before display PSRAM total=33554432 free=33551856 largest=33030132 internal_free=521728
[M41] display_begin=ESP_OK pipeline=NativeQueued fence=2 CPU_MHz=360 init_core=0 native_fbs=3 logical_fbs=0
[MEM] M41 after display PSRAM total=33554432 free=31247280 largest=30932980 internal_free=520192
[M41] touch=ESP_OK address=0x5d id=911
[MEM] M41 after touch PSRAM total=33554432 free=31246012 largest=30932980 internal_free=519996
PSRAM PRE DELAY: 31246012
PSRAM POST DELAY: 30885556
[MEM] M41 after Delay PSRAM total=33554432 free=30885556 largest
[AUDIO] ES8311 found at 0x18
[AUDIO] I2S init 44100/16 OK, MCLK=11289600 Hz
[AUDIO] ES8311 playback configured (capture serial port disabled)
[AUDIO] PA GPIO11 enabled
[M41] audio_begin=ESP_OK shared_bus_unchanged=1 voices=16 Delay=88200 rate=44100 frames=256
[MEM] M41 tasks transport and capture storage live PSRAM total=33554432 free=30843520 largest=30408692 internal_free=514424
[M41 READY] LONG 60 seconds: touch four corners, center, drag and rapid taps audio starts after this message; no serial output until stopped
[MEM] M41 after stress before audio shutdown PSRAM total=33554432 free=30843520 largest=30408692 internal_free=505856
[M41] phase=17 name=LONG_LIGHT audio_core=0 audio_priority=24 ui_core=0 ui_priority=2 touch_core=1 touch_priority=3 window_s=59.984101
[M41] blocks=10336 active_min=16 active_max=16 render_misses=0 write_errors=0 timeouts=0 nonzero=2644708 silent=0 rails=0 peak_L=4757 peak_R=6074
[M41] raw phase=17 block=0 us=3923,3125,3091,3151,3141,3157,3152,3844,3944,3918,3920,3948,3915,3975,3909,3916
[M41] raw phase=17 block=16 us=3911,3924,3928,3923,3942,3872,3931,3948,3707,3913,3915,3903,3881,3933,3968,3916
[M41] raw phase=17 block=32 us=3978,3918,3914,3957,3932,3929,3836,3967,3917,3920,3942,3912,3956,3914,3923,3966
[M41] raw phase=17 block=48 us=3697,3941,3527,3194,3154,3164,3976,3428,3199,3154,3165,3161,3927,3547,3175,3168
[M41] raw phase=17 block=64 us=3152,3843,3899,3350,3179,3157,3179,3956,3406,3191,3159,3171,3159,3930,3520,3172
[M41] raw phase=17 block=80 us=3162,3154,3527,3937,3376,3162,3165,3178,3945,3488,3181,3154,3168,3162,3978,3469
[M41] raw phase=17 block=96 us=3167,3155,3159,3165,3925,3524,3169,3156,3169,3944,3696,3194,3161,3155,3163,3977
[M41] raw phase=17 block=112 us=3377,3191,3153,3156,3159,3934,3531,3168,3170,3158,3867,3920,3349,3175,3154,3159
[M41] raw phase=17 block=128 us=3972,3410,3178,3155,3160,3168,3936,3500,3171,3166,3160,3583,3936,3396,3178,3154
[M41] raw phase=17 block=144 us=3172,3937,3838,3260,3159,3169,3164,4008,3438,3175,3171,3154,3164,3918,3537,3176
[M41] raw phase=17 block=160 us=3155,3164,3301,3970,3446,3162,3165,3163,3976,3444,3171,3155,3156,3171,3934,3606
[M41] raw phase=17 block=176 us=3167,3152,3158,3159,3954,3550,3184,3159,3166,3725,3919,3442,3153,3158,3167,3936
[M41] raw phase=17 block=192 us=3533,3162,3162,3160,3153,3964,3504,3176,3162,3164,3153,3930,3528,3171,3166,3160
[M41] raw phase=17 block=208 us=3885,3922,3377,3171,3158,3167,3931,3502,3195,3154,3167,3154,3923,3554,3180,3172
[M41] raw phase=17 block=224 us=3160,3166,3920,3545,3171,3153,3171,3644,3943,3372,3158,3168,3162,3952,3537,3161
[M41] raw phase=17 block=240 us=3153,3168,3164,3919,3562,3160,3165,3172,3156,3961,3494,3173,3153,3154,3889,3836
[M41] raw phase=17 block=256 us=3355,3158,3163,3160,3931,3559,3168,3166,3159,3157,3954,3519,3177,3152,3155,3157
[M41] raw phase=17 block=272 us=3918,3523,3167,3170,3154,3935,3827,3219,3173,3164,3170,3929,3504,3183,3153,3175
[M41] raw phase=17 block=288 us=3154,3926,3544,3163,3171,3156,3477,3942,3459,3186,3167,3167,3836,3875,3326,3163
[M41] raw phase=17 block=304 us=3172,3156,3960,3500,3170,3165,3160,3179,3947,3533,3168,3166,3166,3166,3974,3489
[M41] raw phase=17 block=320 us=3172,3162,3161,3965,3774,3221,3158,3158,3179,3926,3543,3165,3155,3164,3154,3978
[M41] raw phase=17 block=336 us=3509,3181,3163,3154,3438,3936,3403,3171,3157,3152,3923,3569,3163,3165,3149,3151
[M41] raw phase=17 block=352 us=3965,3510,3195,3158,3162,3149,3929,3541,3161,3165,3152,3783,3946,3379,3187,3149
[M41] raw phase=17 block=368 us=3164,3928,3538,3187,3157,3162,3157,3932,3519,3164,3170,3153,3160,3923,3540,3164
[M41] raw phase=17 block=384 us=3154,3171,3515,3999,3333,3158,3171,3158,3973,3502,3163,3172,3159,3166,3933,3553
[M41] raw phase=17 block=400 us=3173,3155,3155,3154,3977,3463,3175,3156,3157,3796,3917,3339,3162,3156,3160,3926
[M41] raw phase=17 block=416 us=3564,3167,3177,3157,3155,3961,3514,3193,3155,3154,3156,3943,3482,3168,3166,3164
[M41] raw phase=17 block=432 us=3885,3966,3280,3195,3161,3177,3936,3422,3356,3166,3186,3152,3945,3359,3276,3193
[M41] raw phase=17 block=448 us=3156,3392,3944,3448,3203,3163,3184,3850,3934,3458,3176,3175,3159,3978,3371,3251
[M41] raw phase=17 block=464 us=3163,3158,3189,3933,3436,3167,3158,3166,3166,3962,3460,3171,3157,3163,3971,3797
[M41] raw phase=17 block=480 us=3322,3172,3168,3174,3937,3455,3171,3163,3158,3158,3974,3464,3201,3157,3156,3292
[M41] raw phase=17 block=496 us=3941,3504,3166,3166,3155,3929,3653,3184,3169,3155,3162,3969,3402,3185,3155,3170
[M41] raw phase=17 block=512 us=3160,3929,3521,3168,3167,3104,3681,3884,3385,3171,3152,3180,3927,3740,3257,3162
[M41] raw phase=17 block=528 us=3182,3162,3948,3460,3177,3173,3156,3162,3922,3519,3177,3161,3167,3358,3980,3415
[M41] raw phase=17 block=544 us=3174,3166,3162,3960,3454,3175,3153,3161,3161,3916,3562,3172,3157,3154,3153,3962
[M41] raw phase=17 block=560 us=3537,3213,3155,3165,3757,3880,3486,3163,3162,3163,3925,3460,3294,3196,3164,3153
[M41] raw phase=17 block=576 us=3974,3368,3363,3163,3182,3157,3917,3467,3310,3195,3162,3868,3863,3479,3199,3162
[M41] raw phase=17 block=592 us=3178,3936,3580,3209,3154,3170,3158,3921,3629,3173,3166,3161,3178,3909,3485,3187
[M41] raw phase=17 block=608 us=3155,3164,3651,3923,3368,3163,3170,3164,3963,3495,3164,3160,3162,3170,3919,3552
[M41] raw phase=17 block=624 us=3171,3156,3179,3155,3959,3464,3179,3161,3158,3893,3889,3357,3167,3163,3153,3920
[M41] raw phase=17 block=640 us=3549,3172,3161,3159,3156,3937,3546,3188,3151,3151,3172,3933,3532,3169,3163,3159
[M41] raw phase=17 block=656 us=3923,3745,3216,3166,3159,3154,3944,3504,3181,3156,3159,3165,3932,3559,3173,3168
[M41] raw phase=17 block=672 us=3160,3505,3943,3457,3204,3170,3185,3855,3824,3453,3181,3192,3158,3993,3412,3357
[M41] raw phase=17 block=688 us=3178,3151,3185,3926,3534,3260,3167,3181,3227,4007,3384,3280,3164,3151,3987,3578
[M41] raw phase=17 block=704 us=3491,3154,3148,3161,3918,3514,3270,3168,3148,3155,3992,3545,3185,3157,3157,3523
[M41] raw phase=17 block=720 us=3943,3500,3165,3154,3153,3914,3562,3163,3169,3149,3152,3960,3517,3188,3156,3161
[M41] raw phase=17 block=736 us=3157,3928,3601,3168,3171,3153,3844,3944,3392,3177,3160,3171,3936,3506,3192,3161
[M41] raw phase=17 block=752 us=3165,3155,3939,3531,3160,3170,3157,3172,3919,3500,3170,3152,3176,3493,3964,3344
[M41] raw phase=17 block=768 us=3170,3172,3160,3965,3497,3175,3168,3156,3170,3936,3536,3171,3151,3164,3156,3974
[M41] raw phase=17 block=784 us=3472,3182,3152,3158,3856,3888,3370,3171,3157,3155,3932,3530,3178,3168,3156,3155
[M41] raw phase=17 block=800 us=3962,3464,3194,3153,3154,3164,3947,3425,3172,3165,3163,3898,3898,3237,3174,3164
[M41] raw phase=17 block=816 us=3154,3942,3477,3184,3150,3165,3159,3941,3455,3194,3177,3161,3320,3941,3400,3192
[M41] raw phase=17 block=832 us=3157,3164,3807,3864,3357,3169,3183,3162,4009,3453,3177,3157,3152,3192,3942,3489
[M41] raw phase=17 block=848 us=3183,3158,3188,3170,4014,3352,3295,3163,3162,3995,3595,3583,3169,3153,3172,3939
[M41] raw phase=17 block=864 us=3458,3190,3159,3155,3161,3992,3480,3212,3169,3161,3327,3941,3427,3170,3158,3154
[M41] raw phase=17 block=880 us=3933,3553,3176,3166,3158,3160,3975,3899,3981,3906,3964,3920,3909,3951,3924,3796
[M41] raw phase=17 block=896 us=3850,3931,3867,3911,3962,3923,3977,3934,3923,3961,3924,3970,3872,3906,3937,3927
[M41] raw phase=17 block=912 us=3972,3929,3965,3926,3938,3943,3925,3594,3936,3521,3172,3951,3502,3175,3164,3153
[M41] raw phase=17 block=928 us=3165,3954,3543,3191,3156,3174,3885,3894,3376,3179,3170,3165,3971,3418,3180,3166
[M41] raw phase=17 block=944 us=3157,3169,3940,3531,3179,3166,3165,3643,3962,3362,3173,3166,3158,3992,3421,3183
[M41] raw phase=17 block=960 us=3155,3156,3174,3938,3516,3180,3155,3158,3180,3981,3423,3185,3156,3154,3975,3672
[M41] raw phase=17 block=976 us=3203,3152,3154,3164,3949,3505,3168,3165,3153,3161,3985,3523,3196,3153,3161,3933
[M41] raw phase=17 block=992 us=3861,3331,3159,3204,3169,3949,3497,3175,3191,3157,3189,3933,3451,3376,3164,3182
[M41] raw phase=17 block=1008 us=3696,3981,3371,3201,3194,3163,4012,3380,3241,3173,3156,3184,3925,3378,3280,3166
[M41] raw phase=17 block=1024 us=3174,3279,3993,3451,3166,3153,3158,4009,3650,3219,3099,3100,3112,3923,3421,3166
[M41] raw phase=17 block=1040 us=3148,3157,3158,3967,3494,3180,3155,3152,3940,3861,3305,3166,3146,3155,3936,3485
[M41] raw phase=17 block=1056 us=3167,3161,3148,3159,3959,3508,3182,3151,3164,3719,3902,3438,3168,3159,3161,3939
[M41] raw phase=17 block=1072 us=3479,3167,3162,3153,3167,3930,3467,3167,3149,3166,3340,3948,3436,3170,3168,3166
[M41] raw phase=17 block=1088 us=3976,3558,3175,3158,3162,3172,3950,3498,3170,3161,3163,3160,3969,3544,3176,3153
[M41] raw phase=17 block=1104 us=3152,3974,3823,3331,3170,3154,3169,3953,3454,3180,3164,3154,3162,3988,3569,3203
[M41] raw phase=17 block=1120 us=3154,3158,3881,3859,3510,3177,3188,3165,3939,3417,3291,3184,3161,3183,3970,3390
[M41] raw phase=17 block=1136 us=3370,3169,3196,3447,3918,3412,3297,3194,3153,3990,3393,3373,3187,3167,3189,3931
[M41] raw phase=17 block=1152 us=3380,3294,3172,3183,3153,4000,3444,3347,3168,3155,3996,3652,3543,3169,3152,3176
[M41] raw phase=17 block=1168 us=3933,3487,3230,3164,3162,3164,3977,3548,3190,3152,3155,3868,3887,3409,3166,3155
[M41] raw phase=17 block=1184 us=3172,3945,3473,3173,3166,3156,3165,3969,3446,3195,3154,3163,3495,3936,3450,3163
[M41] raw phase=17 block=1200 us=3171,3157,3941,3506,3177,3175,3157,3169,3936,3491,3196,3155,3168,3156,3914,3514
[M41] raw phase=17 block=1216 us=3164,3177,3157,3978,3664,3230,3169,3157,3174,3943,3453,3169,3158,3163,3158,3979
[M41] raw phase=17 block=1232 us=3532,3163,3157,3167,3893,3915,3413,3159,3156,3177,3947,3411,3173,3155,3159,3161
[M41] raw phase=17 block=1248 us=3986,3485,3188,3163,3156,3577,3932,3429,3176,3152,3153,3946,3458,3177,3171,3157
[M41] raw phase=17 block=1264 us=3162,3983,3457,3197,3159,3164,3154,3921,3620,3161,3186,3153,3880,3877,3513,3205
[M41] raw phase=17 block=1280 us=3164,3195,3955,3371,3277,3158,3182,3169,3984,3389,3376,3187,3167,3185,3927,3465
[M41] raw phase=17 block=1296 us=3349,3174,3190,3520,3993,3379,3249,3170,3164,4010,3362,3361,3166,3156,3186,3922
[M41] raw phase=17 block=1312 us=3505,3347,3166,3158,3155,3977,3410,3373,3154,3164,3855,3908,3523,3177,3157,3165
[M41] raw phase=17 block=1328 us=3914,3523,3317,3201,3156,3166,3977,3430,3377,3161,3191,3155,3919,3499,3340,3202
[M41] raw phase=17 block=1344 us=3168,3939,3776,3500,3208,3153,3183,3921,3467,3413,3169,3194,3155,3943,3500,3399
[M41] raw phase=17 block=1360 us=3201,3161,3293,3925,3433,3325,3158,3191,3790,3945,3405,3206,3206,3156,3990,3475
[M41] raw phase=17 block=1376 us=3377,3171,3165,3189,3921,3545,3362,3163,3173,3152,3990,3510,3400,3165,3148,3959
[M41] raw phase=17 block=1392 us=3712,3606,3161,3164,3160,3923,3514,3295,3189,3156,3150,3973,3403,3356,3155,3157
[M41] raw phase=17 block=1408 us=3280,3935,3497,3186,3192,3152,3912,3638,3389,3193,3161,3168,3942,3442,3377,3163
[M41] raw phase=17 block=1424 us=3176,3157,3925,3562,3332,3209,3159,3609,3947,3438,3227,3169,3191,3919,3762,3505
[M41] raw phase=17 block=1440 us=3167,3189,3155,4012,3475,3385,3192,3167,3188,3929,3574,3341,3183,3191,3298,4020
[M41] raw phase=17 block=1456 us=3363,3342,3172,3157,4010,3413,3349,3164,3166,3189,3932,3546,3286,3178,3158,3157
[M41] raw phase=17 block=1472 us=4012,3422,3367,3166,3163,3695,3933,3465,3193,3168,3165,3938,3536,3339,3201,3165
[M41] raw phase=17 block=1488 us=3154,3991,3417,3349,3181,3182,3161,3937,3521,3348,3220,3162,3840,3816,3486,3207
[M41] raw phase=17 block=1504 us=3159,3187,3942,3432,3322,3167,3191,3156,3967,3377,3346,3197,3155,3190,3927,3408
[M41] raw phase=17 block=1520 us=3261,3167,3186,3669,3985,3494,3184,3189,3166,4021,3503,3381,3172,3164,3180,3926
[M41] raw phase=17 block=1536 us=3517,3298,3181,3163,3160,4002,3367,3378,3157,3159,3961,3898,3587,3183,3156,3102
[M41] raw phase=17 block=1552 us=3883,3539,3348,3195,3152,3155,3980,3433,3385,3174,3163,3186,3928,3479,3256,3189
[M41] raw phase=17 block=1568 us=3156,3926,3717,3492,3213,3154,3183,3943,3395,3341,3170,3196,3172,3938,3433,3242
[M41] raw phase=17 block=1584 us=3188,3154,3549,3929,3479,3211,3173,3183,3895,3820,3461,3181,3191,3154,4004,3409
[M41] raw phase=17 block=1600 us=3245,3169,3157,3189,3922,3412,3305,3164,3187,3176,4000,3420,3361,3165,3161,3987
[M41] raw phase=17 block=1616 us=3580,3561,3174,3155,3191,3922,3461,3286,3171,3156,3162,4000,3389,3400,3161,3165
[M41] raw phase=17 block=1632 us=3519,3923,3497,3194,3183,3161,3932,3445,3230,3199,3162,3163,3970,3384,3334,3159
[M41] raw phase=17 block=1648 us=3182,3151,3928,3503,3346,3204,3159,3859,3896,3520,3211,3156,3190,3909,3356,3274
[M41] raw phase=17 block=1664 us=3166,3185,3155,3956,3400,3363,3196,3160,3193,3923,3448,3364,3163,3198,3509,4014
[M41] raw phase=17 block=1680 us=3389,3264,3183,3158,3978,3420,3403,3171,3159,3186,3932,3544,3387,3173,3172,3156
[M41] raw phase=17 block=1696 us=4002,3470,3427,3167,3164,3865,3916,3506,3190,3157,3157,3906,3519,3305,3208,3155
[M41] raw phase=17 block=1712 us=3158,3979,3444,3374,3164,3171,3160,3921,3523,3362,3210,3156,3876,3868,3552,3198
[M41] raw phase=17 block=1728 us=3155,3167,3912,3461,3453,3167,3187,3150,3923,3517,3362,3198,3154,3330,3923,3393
[M41] raw phase=17 block=1744 us=3255,3157,3180,3835,3926,3455,3161,3188,3158,3978,3388,3294,3160,3156,3181,3915
[M41] raw phase=17 block=1760 us=3891,3901,3891,3982,3917,4003,3911,3913,3728,3914,3967,3673,3787,3916,3925,3998
[M41] raw phase=17 block=1776 us=3915,3997,3927,3961,3950,3927,3399,3954,3993,3940,3919,3967,3942,4000,3926,3981
[M41] raw phase=17 block=1792 us=3495,3651,3997,3429,3366,3171,3166,3956,3435,3379,3161,3185,3159,3932,3538,3341
[M41] raw phase=17 block=1808 us=3200,3163,3628,3959,3418,3256,3162,3198,3927,3486,3311,3165,3192,3155,3980,3459
[M41] raw phase=17 block=1824 us=3383,3200,3164,3186,3943,3484,3317,3172,3184,3334,4013,3346,3264,3164,3157,3994
[M41] raw phase=17 block=1840 us=3508,3400,3159,3163,3190,3927,3608,3290,3175,3158,3160,3993,3445,3348,3165,3163
[M41] raw phase=17 block=1856 us=3771,3921,3496,3166,3163,3167,3934,3587,3169,3176,3153,3157,3967,3532,3194,3163
[M41] raw phase=17 block=1872 us=3166,3159,3930,3552,3178,3174,3155,3878,3911,3298,3197,3156,3168,3941,3482,3179
[M41] raw phase=17 block=1888 us=3166,3171,3152,3936,3556,3157,3174,3155,3191,3939,3421,3173,3157,3185,3717,3967
[M41] raw phase=17 block=1904 us=3336,3176,3176,3160,4004,3399,3319,3170,3154,3192,3932,3550,3306,3168,3175,3155
[M41] raw phase=17 block=1920 us=4019,3383,3316,3166,3163,3947,3839,3510,3179,3158,3154,3927,3660,3180,3178,3151
[M41] raw phase=17 block=1936 us=3164,3990,3383,3363,3176,3161,3220,3925,3551,3173,3185,3155,3919,3717,3483,3202
[M41] raw phase=17 block=1952 us=3157,3175,3953,3382,3274,3175,3179,3174,3942,3498,3168,3186,3165,3499,3926,3415
[M41] raw phase=17 block=1968 us=3207,3172,3186,3907,3731,3458,3177,3172,3167,3981,3374,3176,3167,3158,3191,3923
[M41] raw phase=17 block=1984 us=3534,3169,3164,3183,3209,4003,3371,3282,3157,3159,3988,3473,3438,3155,3159,3187
[M41] raw phase=17 block=2000 us=3939,3566,3181,3158,3159,3168,3989,3489,3358,3164,3161,3603,3919,3517,3168,3188
[M41] raw phase=17 block=2016 us=3167,3934,3508,3189,3196,3154,3161,3988,3390,3305,3159,3188,3155,3922,3482,3267
[M41] raw phase=17 block=2032 us=3198,3168,3897,3942,3384,3184,3153,3168,3925,3394,3262,3162,3190,3150,3958,3538
[M41] raw phase=17 block=2048 us=3173,3184,3158,3191,3933,3484,3349,3174,3197,3546,3968,3436,3200,3179,3165,3979
[M41] raw phase=17 block=2064 us=3421,3340,3168,3160,3122,3864,3548,3148,3149,3165,3151,3960,3577,3176,3153,3155
[M41] raw phase=17 block=2080 us=3866,3900,3398,3159,3149,3150,3910,3603,3163,3168,3158,3149,3952,3396,3323,3162
[M41] raw phase=17 block=2096 us=3162,3163,3916,3607,3166,3178,3155,3914,3755,3493,3193,3149,3180,3927,3428,3295
[M41] raw phase=17 block=2112 us=3155,3198,3156,3926,3483,3301,3189,3166,3387,3943,3416,3261,3164,3184,3866,3909
[M41] raw phase=17 block=2128 us=3460,3171,3193,3154,3982,3411,3367,3177,3160,3182,3915,3478,3322,3174,3187,3154
[M41] raw phase=17 block=2144 us=3992,3427,3322,3168,3161,3998,3817,3371,3166,3164,3179,3928,3468,3302,3165,3159
[M41] raw phase=17 block=2160 us=3157,3962,3423,3283,3170,3156,3447,3941,3481,3216,3188,3155,3932,3590,3401,3202
[M41] raw phase=17 block=2176 us=3152,3158,3953,3432,3281,3159,3186,3152,3935,3663,3180,3193,3156,3703,3951,3462
[M41] raw phase=17 block=2192 us=3192,3159,3165,3927,3529,3170,3153,3183,3162,3980,3574,3173,3197,3164,3185,3936
[M41] raw phase=17 block=2208 us=3437,3327,3179,3193,3421,3999,3369,3243,3164,3157,3990,3422,3357,3167,3161,3181
[M41] raw phase=17 block=2224 us=3923,3513,3293,3169,3159,3158,3970,3436,3367,3154,3152,3831,3932,3461,3165,3157
[M41] raw phase=17 block=2240 us=3156,3947,3590,3168,3193,3154,3163,3994,3561,3211,3162,3188,3156,3925,3440,3283
[M41] raw phase=17 block=2256 us=3200,3158,3874,3844,3541,3222,3155,3186,3930,3453,3407,3174,3170,3161,3916,3511
[M41] raw phase=17 block=2272 us=3367,3187,3152,3280,3935,3469,3189,3155,3180,3733,3955,3487,3182,3169,3156,3979
[M41] raw phase=17 block=2288 us=3415,3335,3159,3157,3193,3926,3635,3171,3155,3181,3162,3987,3365,3338,3172,3156
[M41] raw phase=17 block=2304 us=3959,3853,3397,3162,3155,3166,3925,3566,3171,3163,3162,3162,4002,3428,3216,3155
[M41] raw phase=17 block=2320 us=3153,3245,3938,3492,3191,3183,3154,3925,3549,3404,3171,3156,3163,3964,3457,3202
[M41] raw phase=17 block=2336 us=3157,3172,3167,3934,3478,3170,3170,3164,3507,3951,3390,3198,3152,3195,3908,3833
[M41] raw phase=17 block=2352 us=3303,3158,3184,3162,3980,3427,3211,3181,3156,3178,3918,3536,3183,3160,3181,3264
[M41] raw phase=17 block=2368 us=3967,3480,3173,3157,3158,4009,3435,3192,3154,3161,3194,3937,3548,3173,3162,3152
[M41] raw phase=17 block=2384 us=3153,3958,3416,3333,3165,3154,3775,3913,3532,3176,3155,3168,3939,3489,3179,3189
[M41] raw phase=17 block=2400 us=3163,3159,3995,3516,3206,3161,3173,3152,3925,3440,3290,3190,3162,3866,3961,3338
[M41] raw phase=17 block=2416 us=3175,3151,3175,3920,3493,3195,3161,3163,3146,3936,3542,3170,3179,3146,3178,3919
[M41] raw phase=17 block=2432 us=3425,3316,3162,3181,3624,3927,3432,3174,3173,3162,3976,3546,3174,3156,3156,3167
[M41] raw phase=17 block=2448 us=3913,3570,3164,3156,3169,3154,3998,3515,3195,3152,3158,3940,3853,3521,3174,3153
[M41] raw phase=17 block=2464 us=3155,3918,3486,3272,3185,3163,3157,3982,3549,3202,3156,3161,3157,3921,3552,3164
[M41] raw phase=17 block=2480 us=3162,3152,3901,3928,3280,3201,3167,3182,3939,3421,3346,3161,3180,3152,3921,3495
[M41] raw phase=17 block=2496 us=3272,3190,3156,3467,3944,3478,3195,3154,3164,3845,3924,3361,3161,3195,3155,3978
[M41] raw phase=17 block=2512 us=3502,3184,3164,3161,3185,3921,3430,3289,3160,3166,3163,3990,3406,3229,3169,3157
[M41] raw phase=17 block=2528 us=3993,3721,3277,3163,3170,3176,3918,3592,3179,3166,3158,3157,3999,3530,3218,3170
[M41] raw phase=17 block=2544 us=3155,3468,3949,3542,3182,3175,3162,3922,3501,3260,3185,3154,3153,3970,3566,3211
[M41] raw phase=17 block=2560 us=3159,3167,3154,3938,3679,3172,3191,3154,3772,3947,3415,3199,3164,3186,3924,3467
[M41] raw phase=17 block=2576 us=3329,3163,3186,3167,3985,3473,3308,3198,3162,3134,3879,3368,3275,3166,3191,3484
[M41] raw phase=17 block=2592 us=4009,3367,3236,3172,3160,3990,3389,3236,3170,3158,3179,3930,3589,3177,3162,3160
[M41] raw phase=17 block=2608 us=3162,3992,3553,3180,3153,3162,3877,3888,3402,3164,3157,3156,3919,3515,3167,3195
[M41] raw phase=17 block=2624 us=3155,3157,3990,3578,3214,3152,3162,3154,3917,3475,3256,3193,3161,3897,3982,3907
[M41] raw phase=17 block=2640 us=3979,3936,3951,3918,3914,3958,3905,3557,3930,3899,3532,3933,3997,3930,4019,3930
[M41] raw phase=17 block=2656 us=3925,4002,3917,3992,3441,3961,3926,3931,3987,3926,4000,3916,3912,3973,3636,3650
[M41] raw phase=17 block=2672 us=3920,3521,3384,3938,3483,3372,3190,3159,3161,3969,3411,3257,3156,3184,3155,3920
[M41] raw phase=17 block=2688 us=3547,3160,3188,3162,3963,3590,3442,3178,3155,3180,3932,3489,3189,3151,3188,3165
[M41] raw phase=17 block=2704 us=3991,3626,3175,3176,3157,3985,3832,3497,3164,3153,3182,3943,3477,3226,3161,3164
[M41] raw phase=17 block=2720 us=3161,4000,3528,3213,3159,3159,3629,3928,3491,3191,3163,3162,3946,3501,3224,3198
[M41] raw phase=17 block=2736 us=3159,3165,3966,3399,3257,3162,3164,3203,3925,3514,3163,3193,3154,3936,3792,3201
[M41] raw phase=17 block=2752 us=3186,3154,3194,3961,3427,3259,3154,3169,3154,3927,3474,3303,3192,3162,3946,3853
[M41] raw phase=17 block=2768 us=3379,3189,3149,3187,3930,3533,3183,3151,3182,3158,4020,3361,3345,3169,3150,3752
[M41] raw phase=17 block=2784 us=3899,3432,3214,3157,3163,3940,3415,3214,3152,3147,3156,4001,3520,3213,3158,3154
[M41] raw phase=17 block=2800 us=3285,3911,3527,3268,3171,3159,3934,3563,3393,3187,3165,3165,3993,3376,3287,3166
[M41] raw phase=17 block=2816 us=3175,3159,3938,3470,3343,3165,3151,3921,3818,3499,3208,3155,3193,3945,3526,3200
[M41] raw phase=17 block=2832 us=3158,3189,3162,3969,3400,3387,3171,3154,3750,3918,3442,3207,3165,3186,3947,3498
[M41] raw phase=17 block=2848 us=3167,3157,3170,3168,3973,3554,3188,3153,3163,3387,3931,3555,3170,3167,3168,3943
[M41] raw phase=17 block=2864 us=3577,3390,3165,3157,3165,3986,3333,3322,3160,3158,3166,3937,3613,3178,3171,3151
[M41] raw phase=17 block=2880 us=3931,3938,3364,3201,3152,3169,3979,3379,3306,3160,3189,3163,3930,3501,3337,3191
[M41] raw phase=17 block=2896 us=3154,3763,3895,3400,3198,3156,3191,3947,3476,3192,3155,3192,3163,3999,3467,3175
[M41] raw phase=17 block=2912 us=3174,3157,3473,3929,3394,3233,3167,3167,3935,3488,3338,3167,3176,3172,3999,3464
[M41] raw phase=17 block=2928 us=3188,3152,3156,3193,3941,3718,3174,3153,3156,3926,3789,3515,3205,3160,3165,3998
[M41] raw phase=17 block=2944 us=3383,3292,3164,3165,3158,3931,3652,3168,3176,3157,3868,3921,3398,3208,3162,3196
[M41] raw phase=17 block=2960 us=3948,3442,3198,3155,3193,3161,3930,3453,3349,3183,3158,3489,3936,3387,3238,3160
[M41] raw phase=17 block=2976 us=3165,3933,3547,3188,3158,3186,3162,4021,3537,3174,3170,3153,3189,3916,3455,3329
[M41] raw phase=17 block=2992 us=3167,3169,3944,3695,3456,3166,3155,3160,4022,3508,3222,3170,3160,3191,3945,3507
[M41] raw phase=17 block=3008 us=3362,3177,3167,3852,3947,3503,3198,3159,3161,3983,3382,3238,3166,3184,3165,3944
[M41] raw phase=17 block=3024 us=3635,3185,3183,3152,3562,3970,3420,3242,3156,3176,3947,3486,3208,3157,3169,3161
[M41] raw phase=17 block=3040 us=3976,3566,3177,3188,3157,3187,3920,3403,3262,3161,3186,3940,3647,3399,3167,3178
[M41] raw phase=17 block=3056 us=3169,4009,3360,3264,3161,3162,3187,3931,3537,3350,3163,3170,3900,3935,3468,3199
[M41] raw phase=17 block=3072 us=3158,3165,3989,3377,3272,3172,3155,3161,3933,3597,3181,3182,3157,3672,3998,3395
[M41] raw phase=17 block=3088 us=3267,3155,3165,3974,3452,3225,3154,3195,3160,3936,3611,3180,3191,3153,3186,3880
[M41] raw phase=17 block=3104 us=3348,3224,3150,3177,3937,3501,3370,3161,3180,3158,3976,3435,3165,3169,3157,3183
[M41] raw phase=17 block=3120 us=3932,3396,3314,3167,3180,3379,3999,3393,3203,3162,3159,4016,3398,3241,3150,3151
[M41] raw phase=17 block=3136 us=3183,3934,3412,3285,3153,3156,3151,3970,3411,3360,3155,3162,3848,3871,3535,3164
[M41] raw phase=17 block=3152 us=3153,3167,3943,3500,3321,3195,3163,3158,3978,3427,3343,3171,3178,3156,3921,3529
[M41] raw phase=17 block=3168 us=3336,3204,3164,3884,3864,3485,3218,3157,3190,3944,3413,3419,3164,3182,3154,3972
[M41] raw phase=17 block=3184 us=3472,3339,3185,3165,3255,3921,3414,3318,3160,3191,3788,3944,3402,3238,3189,3155
[M41] raw phase=17 block=3200 us=3986,3437,3334,3163,3166,3193,3927,3601,3367,3166,3190,3159,3992,3484,3393,3178
[M41] raw phase=17 block=3216 us=3157,3994,3819,3539,3183,3162,3170,3924,3524,3357,3183,3161,3157,3982,3430,3380
[M41] raw phase=17 block=3232 us=3158,3161,3223,3907,3490,3247,3200,3157,3915,3674,3410,3201,3162,3166,3952,3429
[M41] raw phase=17 block=3248 us=3357,3161,3195,3164,3925,3504,3346,3196,3159,3552,3936,3428,3225,3171,3190,3889
[M41] raw phase=17 block=3264 us=3880,3499,3177,3192,3159,4013,3417,3353,3171,3159,3184,3924,3522,3317,3166,3184
[M41] raw phase=17 block=3280 us=3255,3996,3361,3357,3178,3159,4010,3464,3435,3163,3152,3187,3917,3583,3353,3171
[M41] raw phase=17 block=3296 us=3161,3162,4014,3454,3458,3177,3165,3597,3931,3484,3216,3193,3159,3915,3547,3300
[M41] raw phase=17 block=3312 us=3200,3153,3156,3984,3465,3340,3181,3183,3154,3935,3559,3403,3202,3157,3860,3910
[M41] raw phase=17 block=3328 us=3442,3261,3163,3188,3920,3507,3395,3179,3188,3156,3971,3513,3362,3201,3158,3195
[M41] raw phase=17 block=3344 us=3933,3410,3356,3172,3192,3593,3979,3413,3196,3173,3170,4011,3431,3346,3172,3165
[M41] raw phase=17 block=3360 us=3185,3931,3506,3321,3179,3165,3161,3992,3354,3337,3168,3158,3885,3823,3530,3179
[M41] raw phase=17 block=3376 us=3155,3155,3943,3610,3174,3194,3159,3158,3996,3392,3380,3174,3163,3154,3923,3491
[M41] raw phase=17 block=3392 us=3266,3181,3157,3933,3720,3477,3203,3162,3161,3942,3617,3196,3154,3172,3157,3933
[M41] raw phase=17 block=3408 us=3563,3162,3174,3162,3397,3957,3357,3191,3158,3164,3864,3918,3375,3170,3182,3159
[M41] raw phase=17 block=3424 us=3992,3521,3173,3168,3154,3178,3946,3413,3199,3171,3194,3168,3997,3444,3172,3156
[M41] raw phase=17 block=3440 us=3155,3983,3707,3568,3169,3159,3174,3929,3546,3163,3158,3155,3154,3997,3479,3221
[M41] raw phase=17 block=3456 us=3157,3149,3403,3928,3473,3214,3171,3149,3918,3468,3235,3195,3150,3156,3983,3483
[M41] raw phase=17 block=3472 us=3227,3151,3179,3161,3929,3475,3300,3175,3150,3746,3939,3359,3206,3151,3186,3935
[M41] raw phase=17 block=3488 us=3478,3186,3151,3179,3167,3987,3376,3288,3181,3163,3182,3923,3449,3356,3175,3190
[M41] raw phase=17 block=3504 us=3485,3979,3364,3261,3169,3164,3988,3880,3918,3954,3916,3982,3910,3955,3937,3681
[M41] raw phase=17 block=3520 us=3947,3926,3978,3799,3974,3931,3926,3981,3928,3997,3929,3944,3968,3545,4017,3934
[M41] raw phase=17 block=3536 us=4014,3931,3925,3960,3924,3975,3915,3531,3973,3876,3338,3169,3174,3166,3932,3531
[M41] raw phase=17 block=3552 us=3175,3167,3157,3208,3917,3486,3195,3163,3182,3942,3683,3203,3171,3186,3169,4019
[M41] raw phase=17 block=3568 us=3361,3272,3175,3158,3188,3949,3484,3356,3173,3183,3895,3851,3543,3171,3161,3166
[M41] raw phase=17 block=3584 us=4014,3368,3322,3167,3160,3178,3935,3545,3319,3179,3159,3652,3988,3404,3217,3155
[M41] raw phase=17 block=3600 us=3162,4003,3472,3223,3153,3181,3163,3931,3593,3175,3190,3154,3280,3975,3389,3272
[M41] raw phase=17 block=3616 us=3160,3165,3945,3562,3167,3098,3144,3161,3984,3518,3175,3186,3156,3189,3941,3446
[M41] raw phase=17 block=3632 us=3340,3162,3170,3900,3803,3462,3177,3183,3159,4018,3339,3297,3163,3157,3199,3934
[M41] raw phase=17 block=3648 us=3516,3292,3164,3186,3738,3951,3412,3224,3159,3170,4008,3409,3266,3168,3162,3177
[M41] raw phase=17 block=3664 us=3933,3496,3296,3188,3153,3334,3999,3472,3212,3154,3159,3984,3403,3439,3178,3172
[M41] raw phase=17 block=3680 us=3161,3935,3422,3252,3187,3155,3167,3955,3623,3195,3159,3165,3935,3748,3560,3160
[M41] raw phase=17 block=3696 us=3162,3170,3965,3467,3172,3184,3160,3188,3930,3568,3165,3165,3174,3850,3923,3453
[M41] raw phase=17 block=3712 us=3173,3168,3170,4022,3452,3196,3161,3156,3187,3947,3499,3363,3173,3162,3389,3982
[M41] raw phase=17 block=3728 us=3383,3257,3152,3156,3988,3598,3206,3155,3155,3161,3950,3492,3175,3189,3163,3169
[M41] raw phase=17 block=3744 us=3996,3574,3191,3157,3159,3970,3651,3481,3169,3161,3160,3933,3513,3184,3189,3164
[M41] raw phase=17 block=3760 us=3189,3946,3415,3426,3167,3170,3823,3876,3472,3174,3174,3163,3996,3453,3181,3177
[M41] raw phase=17 block=3776 us=3156,3169,3944,3543,3176,3154,3185,3411,4003,3401,3160,3158,3159,4006,3394,3365
[M41] raw phase=17 block=3792 us=3159,3150,3182,3927,3489,3231,3152,3148,3158,3955,3370,3316,3155,3156,3962,3817
[M41] raw phase=17 block=3808 us=3258,3153,3166,3158,3934,3516,3161,3186,3151,3154,3982,3550,3201,3152,3172,3864
[M41] raw phase=17 block=3824 us=3886,3490,3166,3171,3157,3940,3461,3172,3171,3152,3176,3923,3577,3189,3157,3170
[M41] raw phase=17 block=3840 us=3578,3921,3390,3162,3187,3156,4018,3470,3178,3156,3155,3181,3940,3403,3264,3157
[M41] raw phase=17 block=3856 us=3188,3175,3975,3482,3166,3161,3159,3972,3720,3226,3163,3161,3170,3947,3493,3173
[M41] raw phase=17 block=3872 us=3173,3153,3162,3996,3397,3361,3162,3162,3907,3826,3487,3170,3177,3164,3948,3499
[M41] raw phase=17 block=3888 us=3183,3167,3151,3165,3959,3549,3216,3162,3185,3672,3929,3490,3170,3183,3163,3989
[M41] raw phase=17 block=3904 us=3360,3258,3173,3159,3175,3942,3321,3282,3162,3196,3212,4013,3467,3164,3172,3157
[M41] raw phase=17 block=3920 us=4007,3527,3451,3172,3153,3193,3943,3448,3249,3160,3160,3163,3986,3430,3319,3162
[M41] raw phase=17 block=3936 us=3155,3985,3860,3403,3166,3158,3168,3931,3481,3232,3193,3160,3167,3993,3365,3330
[M41] raw phase=17 block=3952 us=3174,3155,3696,3931,3507,3174,3173,3176,3934,3485,3180,3193,3161,3193,3946,3612
[M41] raw phase=17 block=3968 us=3214,3162,3184,3350,3928,3412,3292,3188,3155,3982,3440,3404,3188,3152,3179,3927
[M41] raw phase=17 block=3984 us=3498,3185,3153,3167,3162,3981,3602,3177,3162,3160,3992,3864,3395,3165,3156,3184
[M41] raw phase=17 block=4000 us=3929,3497,3237,3158,3162,3168,3973,3403,3333,3160,3167,3810,3918,3443,3156,3161
[M41] raw phase=17 block=4016 us=3159,3942,3510,3185,3172,3155,3163,4007,3449,3220,3155,3183,3308,3931,3486,3163
[M41] raw phase=17 block=4032 us=3186,3154,3966,3423,3411,3210,3159,3200,3937,3386,3273,3157,3175,3158,3936,3480
[M41] raw phase=17 block=4048 us=3336,3190,3157,3950,3820,3300,3159,3162,3201,3942,3547,3179,3156,3181,3159,4008
[M41] raw phase=17 block=4064 us=3400,3360,3172,3160,3886,3905,3462,3160,3157,3171,3951,3511,3172,3153,3152,3166
[M41] raw phase=17 block=4080 us=3978,3484,3204,3155,3156,3463,3941,3463,3161,3166,3160,3943,3541,3181,3169,3155
[M41] raw phase=17 block=4096 us=3160,3972,3460,3187,3165,3173,3161,3953,3547,3172,3167,3164,3936,3712,3270,3194
[M41] raw phase=17 block=4112 us=3161,3198,3949,3463,3168,3157,3191,3163,4039,3374,3333,3190,3157,3880,3865,3516
[M41] raw phase=17 block=4128 us=3175,3154,3183,3941,3510,3185,3159,3158,3105,3905,3468,3167,3148,3149,3544,3919
[M41] raw phase=17 block=4144 us=3474,3155,3149,3150,3927,3466,3257,3183,3146,3155,3972,3369,3239,3148,3153,3162
[M41] raw phase=17 block=4160 us=3921,3578,3160,3159,3155,3928,3859,3242,3185,3159,3179,3938,3476,3205,3158,3180
[M41] raw phase=17 block=4176 us=3157,3941,3485,3364,3180,3156,3927,3832,3463,3177,3158,3203,3951,3549,3183,3158
[M41] raw phase=17 block=4192 us=3185,3159,4005,3420,3347,3161,3153,3603,3918,3485,3206,3158,3164,3950,3462,3210
[M41] raw phase=17 block=4208 us=3154,3158,3176,4002,3505,3217,3152,3160,3192,3919,3480,3239,3168,3152,3939,3542
[M41] raw phase=17 block=4224 us=3407,3203,3156,3165,3994,3489,3213,3154,3183,3158,3937,3523,3323,3174,3160,3882
[M41] raw phase=17 block=4240 us=3948,3332,3178,3153,3171,3940,3473,3187,3155,3185,3161,3979,3557,3162,3188,3166
[M41] raw phase=17 block=4256 us=3195,3930,3447,3298,3157,3198,3659,3981,3397,3195,3178,3163,3975,3350,3322,3159
[M41] raw phase=17 block=4272 us=3156,3187,3917,3637,3168,3152,3164,3157,3992,3443,3354,3156,3163,3880,3813,3551
[M41] raw phase=17 block=4288 us=3168,3157,3158,3941,3640,3170,3186,3152,3151,3973,3432,3283,3158,3162,3169,3924
[M41] raw phase=17 block=4304 us=3574,3177,3166,3170,3909,3951,3321,3190,3161,3173,3936,3376,3334,3169,3183,3158
[M41] raw phase=17 block=4320 us=3925,3419,3308,3186,3166,3387,3941,3493,3192,3155,3164,3867,3884,3354,3168,3172
[M41] raw phase=17 block=4336 us=3161,3969,3492,3164,3172,3157,3166,3921,3562,3163,3155,3189,3165,3995,3521,3166
[M41] raw phase=17 block=4352 us=3154,3154,3986,3695,3541,3156,3170,3180,3925,3500,3275,3164,3168,3163,3977,3571
[M41] raw phase=17 block=4368 us=3199,3161,3157,3390,3937,3554,3171,3183,3158,3931,3655,3178,3183,3163,3163,3961
[M41] raw phase=17 block=4384 us=3851,3970,3913,3949,3913,3905,3981,3913,3840,3877,3883,3789,3629,3970,3923,3955
[M41] raw phase=17 block=4400 us=3931,3931,3968,3925,3963,3927,3388,3944,3907,3979,3919,3994,3935,3922,3966,3927
[M41] raw phase=17 block=4416 us=3931,3769,4004,3361,3252,3183,3159,3960,3396,3265,3157,3158,3167,3930,3585,3173
[M41] raw phase=17 block=4432 us=3169,3154,3154,4008,3559,3194,3160,3154,3866,3948,3524,3183,3182,3158,3918,3543
[M41] raw phase=17 block=4448 us=3284,3191,3154,3163,4001,3482,3349,3171,3190,3154,3938,3546,3349,3195,3165,3903
[M41] raw phase=17 block=4464 us=3884,3491,3223,3155,3185,3934,3627,3199,3166,3185,3152,3995,3487,3378,3211,3157
[M41] raw phase=17 block=4480 us=3248,3912,3375,3231,3153,3184,3843,3929,3336,3173,3186,3151,3988,3387,3328,3162
[M41] raw phase=17 block=4496 us=3150,3180,3924,3565,3159,3150,3174,3149,4002,3449,3165,3159,3149,3921,3900,3297
[M41] raw phase=17 block=4512 us=3172,3151,3164,3928,3553,3168,3178,3153,3154,3976,3486,3188,3150,3150,3216,3946
[M41] raw phase=17 block=4528 us=3547,3187,3192,3158,3938,3714,3446,3219,3160,3169,3954,3458,3307,3164,3166,3166
[M41] raw phase=17 block=4544 us=3931,3489,3173,3189,3168,3599,3955,3423,3215,3158,3194,3916,3428,3314,3168,3191
[M41] raw phase=17 block=4560 us=3157,4030,3377,3280,3179,3163,3199,3931,3453,3253,3164,3186,3311,4000,3369,3342
[M41] raw phase=17 block=4576 us=3184,3153,4003,3416,3363,3170,3157,3180,3922,3460,3231,3161,3153,3164,3991,3516
[M41] raw phase=17 block=4592 us=3212,3155,3154,3688,3925,3469,3244,3168,3173,3932,3522,3192,3190,3164,3162,4011
[M41] raw phase=17 block=4608 us=3479,3211,3160,3174,3151,3933,3544,3391,3206,3168,3895,3898,3500,3214,3154,3189
[M41] raw phase=17 block=4624 us=3923,3407,3246,3170,3192,3161,3962,3420,3367,3191,3156,3181,3926,3489,3332,3162
[M41] raw phase=17 block=4640 us=3197,3653,3961,3463,3166,3191,3171,4032,3365,3245,3160,3170,3185,3855,3497,3233
[M41] raw phase=17 block=4656 us=3138,3164,3160,3994,3414,3371,3169,3163,3930,3860,3591,3170,3161,3152,3919,3534
[M41] raw phase=17 block=4672 us=3378,3190,3157,3157,3978,3485,3392,3166,3166,3154,3926,3548,3338,3188,3159,3914
[M41] raw phase=17 block=4688 us=3754,3545,3198,3157,3178,3936,3424,3376,3164,3200,3158,3933,3472,3364,3211,3162
[M41] raw phase=17 block=4704 us=3429,3923,3437,3242,3168,3182,3906,3875,3469,3174,3192,3156,3996,3422,3358,3169
[M41] raw phase=17 block=4720 us=3168,3168,3912,3468,3260,3177,3187,3164,3976,3425,3248,3156,3153,3983,3842,3338
[M41] raw phase=17 block=4736 us=3167,3160,3178,3921,3530,3366,3167,3169,3164,3958,3410,3311,3165,3155,3463,3936
[M41] raw phase=17 block=4752 us=3544,3161,3184,3154,3923,3531,3348,3208,3162,3158,3963,3402,3327,3155,3186,3157
[M41] raw phase=17 block=4768 us=3925,3501,3291,3189,3159,3844,3884,3497,3223,3166,3188,3921,3431,3310,3168,3183
[M41] raw phase=17 block=4784 us=3168,3980,3428,3353,3197,3166,3194,3935,3506,3328,3170,3181,3466,4033,3356,3265
[M41] raw phase=17 block=4800 us=3182,3156,3990,3503,3387,3177,3155,3188,3940,3568,3331,3175,3156,3154,3974,3449
[M41] raw phase=17 block=4816 us=3392,3174,3155,3809,3863,3485,3195,3156,3155,3908,3606,3370,3196,3151,3155,3995
[M41] raw phase=17 block=4832 us=3504,3467,3168,3170,3150,3931,3552,3396,3191,3149,3880,3925,3493,3212,3161,3184
[M41] raw phase=17 block=4848 us=3918,3472,3399,3170,3178,3150,3947,3480,3376,3190,3148,3291,3913,3461,3247,3159
[M41] raw phase=17 block=4864 us=3187,3790,3867,3473,3175,3179,3156,4017,3406,3405,3172,3159,3183,3924,3511,3370
[M41] raw phase=17 block=4880 us=3170,3180,3165,3991,3382,3337,3167,3165,3981,3758,3571,3173,3160,3161,3932,3577
[M41] raw phase=17 block=4896 us=3392,3196,3156,3160,3982,3436,3367,3163,3167,3312,3929,3517,3199,3184,3157,3929
[M41] raw phase=17 block=4912 us=3738,3463,3201,3154,3162,3939,3456,3372,3167,3188,3163,3929,3397,3289,3194,3159
[M41] raw phase=17 block=4928 us=3784,3944,3439,3255,3167,3193,3923,3466,3347,3172,3197,3156,3977,3348,3266,3177
[M41] raw phase=17 block=4944 us=3160,3194,3922,3459,3234,3163,3182,3370,3984,3336,3295,3174,3153,3998,3366,3299
[M41] raw phase=17 block=4960 us=3157,3162,3198,3917,3492,3263,3158,3156,3157,3995,3388,3441,3168,3157,3795,3919
[M41] raw phase=17 block=4976 us=3486,3210,3168,3167,3926,3466,3229,3193,3163,3159,3994,3413,3279,3177,3175,3155
[M41] raw phase=17 block=4992 us=3935,3471,3322,3221,3160,3887,3826,3488,3206,3155,3190,3934,3416,3274,3170,3195
[M41] raw phase=17 block=5008 us=3168,3972,3461,3338,3199,3155,3214,3917,3397,3269,3158,3193,3782,3966,3449,3185
[M41] raw phase=17 block=5024 us=3185,3168,4002,3336,3293,3160,3165,3183,3928,3465,3301,3162,3175,3158,4006,3366
[M41] raw phase=17 block=5040 us=3329,3171,3161,3925,3775,3587,3173,3161,3155,3921,3528,3302,3200,3156,3153,3991
[M41] raw phase=17 block=5056 us=3395,3392,3171,3163,3166,3919,3487,3289,3192,3150,3915,3743,3542,3211,3154,3185
[M41] raw phase=17 block=5072 us=3954,3477,3395,3170,3187,3155,3922,3545,3414,3194,3170,3461,3921,3402,3335,3174
[M41] raw phase=17 block=5088 us=3191,3901,3899,3499,3182,3192,3155,4003,3461,3430,3177,3158,3182,3924,3479,3448
[M41] raw phase=17 block=5104 us=3177,3185,3203,3987,3475,3394,3157,3158,4005,3438,3454,3159,3168,3176,3930,3573
[M41] raw phase=17 block=5120 us=3355,3186,3157,3165,4000,3466,3436,3170,3162,3483,3933,3496,3233,3190,3161,3924
[M41] raw phase=17 block=5136 us=3549,3389,3220,3162,3156,3966,3420,3372,3167,3184,3157,3936,3530,3346,3206,3159
[M41] raw phase=17 block=5152 us=3833,3942,3529,3227,3162,3183,3914,3445,3346,3164,3183,3157,3965,3436,3333,3201
[M41] raw phase=17 block=5168 us=3160,3189,3854,3459,3236,3139,3191,3536,4002,3357,3222,3178,3149,3983,3449,3330
[M41] raw phase=17 block=5184 us=3158,3152,3178,3930,3575,3308,3163,3158,3150,4006,3415,3384,3159,3151,3822,3901
[M41] raw phase=17 block=5200 us=3559,3178,3155,3149,3919,3559,3310,3178,3153,3154,3973,3428,3346,3163,3150,3164
[M41] raw phase=17 block=5216 us=3928,3665,3170,3163,3165,3902,3860,3263,3193,3167,3155,3933,3480,3185,3166,3187
[M41] raw phase=17 block=5232 us=3154,3949,3543,3163,3181,3159,3389,3942,3447,3234,3165,3186,3931,3556,3345,3182
[M41] raw phase=17 block=5248 us=3189,3153,4009,3383,3319,3164,3160,3172,3924,3514,3278,3163,3175,3658,3984,3891
[M41] raw phase=17 block=5264 us=3913,3979,3896,3973,3928,3977,3899,3707,3948,3895,3842,3925,3909,3944,3922,3973
[M41] raw phase=17 block=5280 us=3913,3969,3915,3910,3748,3938,3980,3933,3941,3926,3931,3961,3934,3972,3795,3850
[M41] raw phase=17 block=5296 us=3950,3380,3179,3936,3614,3178,3160,3167,3163,3974,3438,3171,3155,3161,3169,3927
[M41] raw phase=17 block=5312 us=3572,3169,3152,3154,3933,3882,3314,3176,3160,3165,3970,3456,3186,3155,3154,3157
[M41] raw phase=17 block=5328 us=3939,3550,3169,3166,3155,3840,3906,3409,3187,3159,3173,3962,3454,3193,3153,3173
[M41] raw phase=17 block=5344 us=3163,3935,3529,3180,3173,3156,3382,3935,3447,3196,3158,3184,3934,3622,3180,3156
[M41] raw phase=17 block=5360 us=3181,3162,4008,3367,3266,3165,3154,3185,3933,3404,3305,3165,3175,3925,3879,3259
[M41] raw phase=17 block=5376 us=3160,3152,3163,4000,3420,3191,3154,3159,3182,3926,3537,3170,3159,3162,3812,3905
[M41] raw phase=17 block=5392 us=3356,3181,3152,3164,3989,3443,3189,3158,3157,3165,3933,3548,3183,3206,3152,3459
[M41] raw phase=17 block=5408 us=3983,3478,3207,3152,3182,3934,3390,3381,3167,3182,3161,3967,3334,3292,3173,3160
[M41] raw phase=17 block=5424 us=3162,3928,3432,3285,3166,3177,3928,3700,3217,3158,3162,3159,3986,3438,3181,3153
[M41] raw phase=17 block=5440 us=3154,3180,3930,3588,3170,3156,3171,3861,3948,3346,3159,3161,3162,3986,3388,3188
[M41] raw phase=17 block=5456 us=3159,3158,3160,3933,3540,3182,3155,3154,3493,3980,3375,3189,3152,3154,3964,3456
[M41] raw phase=17 block=5472 us=3182,3157,3172,3159,3943,3517,3180,3173,3159,3157,3948,3484,3192,3156,3166,3933
[M41] raw phase=17 block=5488 us=3726,3216,3160,3165,3166,3968,3419,3182,3167,3167,3174,3931,3509,3171,3160,3166
[M41] raw phase=17 block=5504 us=3904,3962,3344,3173,3166,3168,3996,3404,3177,3152,3148,3168,3933,3522,3172,3148
[M41] raw phase=17 block=5520 us=3151,3558,3995,3340,3174,3149,3150,3989,3448,3180,3150,3150,3158,3940,3509,3169
[M41] raw phase=17 block=5536 us=3159,3149,3201,3974,3469,3181,3152,3160,3953,3688,3206,3147,3168,3161,3941,3485
[M41] raw phase=17 block=5552 us=3167,3172,3152,3167,3930,3532,3180,3153,3169,3911,3877,3318,3168,3175,3159,3998
[M41] raw phase=17 block=5568 us=3386,3181,3163,3155,3172,3928,3510,3164,3161,3173,3685,3967,3375,3161,3154,3167
[M41] raw phase=17 block=5584 us=3984,3437,3186,3156,3160,3181,3932,3531,3177,3157,3155,3271,3978,3469,3188,3156
[M41] raw phase=17 block=5600 us=3161,3985,3652,3216,3152,3160,3165,3945,3502,3171,3194,3153,3161,4007,3540,3224
[M41] raw phase=17 block=5616 us=3156,3179,3935,3730,3507,3165,3177,3166,3938,3474,3173,3174,3159,3182,3940,3560
[M41] raw phase=17 block=5632 us=3194,3161,3165,3769,3917,3353,3168,3169,3163,3986,3385,3167,3155,3157,3181,3934
[M41] raw phase=17 block=5648 us=3572,3178,3161,3174,3282,3991,3376,3176,3161,3155,3978,3577,3200,3166,3157,3175
[M41] raw phase=17 block=5664 us=3944,3482,3180,3157,3153,3161,3973,3558,3182,3155,3154,3961,3847,3338,3161,3168
[M41] raw phase=17 block=5680 us=3166,3950,3484,3172,3166,3157,3163,3904,3501,3115,3132,3164,3887,3893,3429,3161
[M41] raw phase=17 block=5696 us=3169,3172,3958,3432,3177,3170,3160,3172,3940,3476,3178,3159,3165,3392,3974,3390
[M41] raw phase=17 block=5712 us=3163,3174,3157,3967,3547,3179,3156,3155,3174,3950,3493,3177,3154,3155,3151,3975
[M41] raw phase=17 block=5728 us=3549,3179,3161,3155,3952,3801,3252,3161,3155,3161,3946,3507,3168,3183,3153,3170
[M41] raw phase=17 block=5744 us=3991,3401,3331,3164,3181,3160,3922,3465,3282,3171,3160,3910,3896,3313,3181,3157
[M41] raw phase=17 block=5760 us=3183,3942,3550,3194,3164,3167,3156,3926,3555,3186,3170,3152,3319,3925,3465,3181
[M41] raw phase=17 block=5776 us=3157,3177,3952,3637,3184,3157,3164,3154,3966,3484,3162,3154,3158,3174,3930,3550
[M41] raw phase=17 block=5792 us=3174,3157,3182,3586,3984,3376,3166,3152,3158,3959,3893,3379,3160,3170,3169,3930
[M41] raw phase=17 block=5808 us=3440,3292,3172,3161,3156,3978,3375,3313,3157,3161,3281,3934,3501,3160,3170,3152
[M41] raw phase=17 block=5824 us=3913,3787,3199,3173,3156,3154,3939,3513,3168,3157,3176,3156,3928,3574,3167,3164
[M41] raw phase=17 block=5840 us=3154,3586,3954,3381,3179,3156,3175,3924,3521,3161,3155,3175,3161,3989,3518,3159
[M41] raw phase=17 block=5856 us=3173,3158,3166,3911,3523,3171,3149,3158,3882,3976,3340,3149,3171,3153,3956,3501
[M41] raw phase=17 block=5872 us=3158,3147,3158,3159,3916,3534,3157,3148,3150,3148,3983,3541,3199,3150,3165,3682
[M41] raw phase=17 block=5888 us=3939,3510,3167,3161,3159,3914,3462,3265,3172,3157,3151,3948,3533,3176,3156,3150
[M41] raw phase=17 block=5904 us=3157,3939,3570,3172,3174,3155,3866,3900,3350,3173,3160,3169,3922,3519,3195,3156
[M41] raw phase=17 block=5920 us=3164,3155,3925,3537,3168,3175,3161,3165,3932,3492,3172,3160,3193,3917,3841,3232
[M41] raw phase=17 block=5936 us=3158,3188,3165,3997,3391,3230,3167,3167,3180,3936,3467,3219,3170,3176,3486,3999
[M41] raw phase=17 block=5952 us=3445,3163,3152,3156,3901,3933,3352,3162,3162,3163,3946,3544,3184,3174,3157,3152
[M41] raw phase=17 block=5968 us=3968,3509,3175,3160,3159,3161,3923,3560,3174,3186,3155,3928,3712,3395,3193,3156
[M41] raw phase=17 block=5984 us=3157,3944,3416,3305,3171,3183,3158,3927,3607,3176,3196,3154,3477,3939,3399,3196
[M41] raw phase=17 block=6000 us=3153,3181,3937,3495,3324,3186,3194,3157,3998,3422,3337,3171,3154,3185,3930,3537
[M41] raw phase=17 block=6016 us=3165,3157,3184,3834,3966,3489,3184,3153,3157,4000,3445,3310,3169,3154,3174,3929
[M41] raw phase=17 block=6032 us=3581,3170,3167,3161,3156,4024,3446,3214,3161,3164,3445,3939,3512,3189,3194,3158
[M41] raw phase=17 block=6048 us=3927,3463,3262,3207,3152,3156,3982,3395,3244,3172,3171,3164,3934,3463,3216,3181
[M41] raw phase=17 block=6064 us=3157,3871,3936,3469,3200,3154,3187,3928,3410,3339,3166,3165,3162,3951,3415,3226
[M41] raw phase=17 block=6080 us=3174,3157,3188,3929,3536,3165,3162,3171,3869,3943,3272,3172,3176,3167,3980,3407
[M41] raw phase=17 block=6096 us=3170,3162,3156,3186,3938,3530,3177,3166,3169,3266,3982,3398,3195,3159,3170,3940
[M41] raw phase=17 block=6112 us=3878,3420,3166,3155,3165,3919,3477,3173,3171,3157,3163,3934,3835,3302,3166,3160
[M41] raw phase=17 block=6128 us=3160,3915,3609,3168,3184,3168,3918,3936,3921,3983,3901,3966,3918,3907,3965,3891
[M41] raw phase=17 block=6144 us=3566,3944,3864,3611,3941,3980,3931,3968,3928,3933,4013,3913,3968,3717,3972,3973
[M41] raw phase=17 block=6160 us=3921,3987,3924,3972,3930,3932,3971,3644,3685,3923,3734,3174,3151,3180,3949,3504
[M41] raw phase=17 block=6176 us=3174,3155,3155,3167,3990,3531,3203,3153,3163,4000,3751,3335,3168,3181,3159,3955
[M41] raw phase=17 block=6192 us=3364,3269,3176,3157,3161,3985,3415,3370,3165,3179,3846,3876,3350,3101,3106,3136
[M41] raw phase=17 block=6208 us=3935,3479,3181,3161,3150,3165,3922,3525,3180,3150,3180,3421,3954,3431,3162,3163
[M41] raw phase=17 block=6224 us=3148,3978,3382,3330,3156,3160,3183,3934,3493,3168,3151,3165,3147,3966,3561,3175
[M41] raw phase=17 block=6240 us=3148,3151,4012,3754,3350,3150,3150,3167,3934,3477,3243,3163,3152,3160,3986,3408
[M41] raw phase=17 block=6256 us=3353,3163,3161,3889,3896,3406,3168,3166,3164,3936,3507,3180,3167,3156,3162,3959
[M41] raw phase=17 block=6272 us=3509,3191,3157,3167,3545,3930,3461,3168,3165,3158,3939,3467,3176,3166,3153,3176
[M41] raw phase=17 block=6288 us=3948,3479,3180,3155,3169,3166,3982,3455,3173,3183,3154,4008,3699,3237,3164,3156
[M41] raw phase=17 block=6304 us=3183,3948,3443,3211,3155,3168,3162,3995,3531,3176,3156,3153,3927,3878,3401,3174
[M41] raw phase=17 block=6320 us=3156,3168,3945,3473,3170,3183,3154,3160,3999,3512,3209,3156,3167,3580,3937,3407
[M41] raw phase=17 block=6336 us=3182,3176,3170,3937,3508,3173,3179,3164,3170,3939,3505,3193,3164,3166,3216,3916
[M41] raw phase=17 block=6352 us=3477,3180,3189,3155,4001,3657,3197,3175,3152,3176,3940,3383,3219,3156,3177,3163
[M41] raw phase=17 block=6368 us=3981,3566,3175,3156,3158,3945,3889,3381,3161,3152,3175,3942,3452,3171,3159,3156
[M41] raw phase=17 block=6384 us=3167,4007,3543,3215,3152,3165,3692,3928,3489,3182,3163,3160,3942,3478,3174,3174
[M41] raw phase=17 block=6400 us=3155,3165,3969,3512,3219,3163,3184,3273,3921,3515,3182,3184,3153,3962,3539,3433
[M41] raw phase=17 block=6416 us=3194,3158,3175,3928,3397,3293,3166,3178,3159,3943,3612,3183,3173,3155,3959,3847
[M41] raw phase=17 block=6432 us=3339,3162,3168,3207,3942,3538,3176,3155,3172,3160,4004,3375,3309,3160,3163,3833
[M41] raw phase=17 block=6448 us=3860,3483,3166,3169,3170,3950,3488,3176,3163,3156,3161,3956,3489,3191,3157,3155
[M41] raw phase=17 block=6464 us=3340,3938,3539,3172,3185,3156,3945,3537,3407,3175,3155,3157,3974,3411,3263,3161
[M41] raw phase=17 block=6480 us=3174,3162,3947,3650,3168,3166,3152,3931,3829,3340,3172,3153,3203,3947,3427,3175
[M41] raw phase=17 block=6496 us=3155,3187,3165,3998,3331,3314,3186,3158,3889,3874,3480,3167,3153,3184,3951,3509
[M41] raw phase=17 block=6512 us=3184,3159,3177,3159,3992,3489,3186,3157,3155,3443,3930,3495,3176,3158,3155,3936
[M41] raw phase=17 block=6528 us=3603,3190,3189,3156,3163,4001,3482,3214,3156,3160,3157,3936,3490,3342,3192,3161
[M41] raw phase=17 block=6544 us=3932,3861,3268,3178,3163,3165,3955,3462,3184,3156,3164,3156,3939,3582,3160,3178
[M41] raw phase=17 block=6560 us=3150,3944,3891,3376,3179,3147,3180,3939,3392,3204,3159,3167,3155,3988,3497,3176
[M41] raw phase=17 block=6576 us=3150,3153,3512,3927,3459,3157,3148,3157,3928,3514,3170,3155,3148,3165,4002,3492
[M41] raw phase=17 block=6592 us=3204,3152,3163,3165,3911,3504,3315,3159,3156,3930,3735,3438,3196,3155,3160,3991
[M41] raw phase=17 block=6608 us=3493,3199,3162,3168,3159,3937,3673,3181,3171,3158,3915,3966,3416,3210,3166,3194
[M41] raw phase=17 block=6624 us=3944,3423,3268,3160,3169,3163,3945,3424,3364,3183,3163,3635,3932,3463,3164,3153
[M41] raw phase=17 block=6640 us=3164,3931,3514,3183,3157,3168,3169,3986,3470,3171,3157,3164,3183,3938,3526,3163
[M41] raw phase=17 block=6656 us=3162,3167,3937,3760,3203,3160,3157,3161,3984,3463,3209,3159,3157,3158,3936,3655
[M41] raw phase=17 block=6672 us=3168,3163,3154,3900,3903,3497,3208,3155,3163,3991,3417,3270,3163,3175,3163,3943
[M41] raw phase=17 block=6688 us=3582,3174,3171,3156,3730,3945,3466,3220,3161,3201,3950,3457,3169,3157,3193,3160
[M41] raw phase=17 block=6704 us=4005,3337,3355,3188,3155,3266,3927,3398,3241,3171,3188,3940,3759,3184,3160,3168
[M41] raw phase=17 block=6720 us=3163,3939,3442,3109,3140,3156,3190,3952,3614,3169,3164,3155,3923,3809,3488,3207
[M41] raw phase=17 block=6736 us=3155,3164,4003,3394,3266,3156,3158,3169,3941,3511,3294,3179,3163,3749,3954,3372
[M41] raw phase=17 block=6752 us=3183,3161,3163,3946,3443,3185,3157,3188,3161,3955,3543,3183,3193,3154,3355,3944
[M41] raw phase=17 block=6768 us=3415,3239,3156,3174,3941,3439,3340,3157,3177,3162,4001,3459,3173,3156,3159,3175
[M41] raw phase=17 block=6784 us=3934,3569,3171,3156,3163,3936,3916,3310,3169,3162,3176,4007,3471,3188,3151,3150
[M41] raw phase=17 block=6800 us=3180,3948,3436,3316,3161,3153,3832,3936,3386,3180,3163,3173,3972,3446,3191,3161
[M41] raw phase=17 block=6816 us=3184,3161,3946,3597,3191,3186,3159,3421,3957,3409,3305,3164,3170,3933,3602,3201
[M41] raw phase=17 block=6832 us=3156,3170,3163,3948,3479,3169,3166,3159,3171,3946,3562,3175,3153,3168,3925,3855
[M41] raw phase=17 block=6848 us=3234,3151,3175,3171,4046,3410,3176,3153,3161,3173,3934,3426,3280,3179,3177,3431
[M41] raw phase=17 block=6864 us=3988,3414,3174,3154,3164,3916,3831,3370,3161,3152,3167,3939,3566,3176,3197,3161
[M41] raw phase=17 block=6880 us=3156,3989,3436,3352,3171,3157,3156,3920,3504,3303,3204,3161,3923,3686,3476,3192
[M41] raw phase=17 block=6896 us=3151,3173,3930,3447,3357,3160,3187,3149,3915,3521,3347,3190,3155,3459,3922,3416
[M41] raw phase=17 block=6912 us=3260,3150,3189,3929,3490,3362,3161,3183,3156,3986,3433,3312,3167,3162,3180,3911
[M41] raw phase=17 block=6928 us=3528,3301,3158,3191,3763,3968,3458,3170,3150,3158,3991,3399,3354,3164,3152,3188
[M41] raw phase=17 block=6944 us=3930,3500,3301,3166,3171,3160,4000,3449,3403,3165,3153,3428,3920,3488,3220,3181
[M41] raw phase=17 block=6960 us=3154,3923,3584,3373,3204,3172,3161,3970,3422,3354,3156,3189,3157,3919,3552,3327
[M41] raw phase=17 block=6976 us=3188,3167,3798,3966,3501,3208,3165,3185,3930,3454,3323,3168,3195,3160,3964,3452
[M41] raw phase=17 block=6992 us=3341,3187,3169,3185,3937,3479,3343,3167,3191,3906,3869,3456,3167,3175,3157,4008
[M41] raw phase=17 block=7008 us=3818,3952,3910,3909,3983,3889,4001,3917,3852,3799,3936,3842,3668,4002,3930,3916
[M41] raw phase=17 block=7024 us=3986,3928,4001,3931,3936,3946,3463,3968,3928,3997,3927,3903,4010,3933,4001,3939
[M41] raw phase=17 block=7040 us=3905,3518,3946,3823,3480,3218,3154,3907,3834,3478,3207,3162,3182,3916,3473,3365
[M41] raw phase=17 block=7056 us=3186,3187,3162,3955,3459,3334,3207,3161,3336,3931,3386,3296,3156,3183,3926,3632
[M41] raw phase=17 block=7072 us=3422,3167,3189,3167,4021,3432,3301,3169,3155,3184,3922,3544,3337,3169,3183,3651
[M41] raw phase=17 block=7088 us=4010,3404,3239,3169,3169,3989,3775,3540,3172,3161,3166,3934,3483,3312,3199,3159
[M41] raw phase=17 block=7104 us=3156,4003,3413,3390,3173,3159,3282,3927,3534,3184,3194,3157,3934,3449,3312,3213
[M41] raw phase=17 block=7120 us=3160,3165,3961,3416,3337,3166,3186,3159,3923,3427,3240,3170,3153,3630,3951,3462
[M41] raw phase=17 block=7136 us=3199,3158,3190,3948,3413,3310,3170,3174,3156,3950,3495,3161,3175,3155,3167,3945
[M41] raw phase=17 block=7152 us=3403,3183,3160,3172,3865,3938,3307,3170,3169,3152,3976,3486,3173,3155,3156,3182
[M41] raw phase=17 block=7168 us=3951,3564,3175,3160,3156,3158,4014,3396,3276,3157,3156,3784,3925,3464,3190,3159
[M41] raw phase=17 block=7184 us=3166,3932,3551,3170,3178,3165,3164,3981,3407,3193,3159,3176,3161,3931,3514,3163
[M41] raw phase=17 block=7200 us=3184,3157,3872,3827,3522,3224,3157,3180,3945,3426,3231,3160,3178,3161,3927,3501
[M41] raw phase=17 block=7216 us=3180,3178,3157,3168,3926,3537,3174,3159,3188,3928,3799,3182,3163,3184,3173,4010
[M41] raw phase=17 block=7232 us=3373,3276,3161,3170,3185,3928,3463,3279,3092,3136,3486,3990,3432,3219,3151,3155
[M41] raw phase=17 block=7248 us=3953,3767,3569,3169,3148,3153,3913,3463,3283,3180,3155,3149,3972,3413,3329,3164
[M41] raw phase=17 block=7264 us=3157,3182,3913,3556,3168,3184,3155,3918,3882,3265,3180,3152,3180,3926,3408,3347
[M41] raw phase=17 block=7280 us=3157,3179,3154,3930,3450,3316,3193,3162,3491,3929,3417,3255,3174,3189,3922,3419
[M41] raw phase=17 block=7296 us=3317,3173,3187,3158,3983,3395,3326,3179,3159,3187,3920,3510,3320,3173,3191,3828
[M41] raw phase=17 block=7312 us=3979,3510,3166,3158,3156,3987,3400,3344,3169,3164,3180,3924,3500,3289,3166,3160
[M41] raw phase=17 block=7328 us=3157,3990,3409,3320,3159,3158,3545,3932,3545,3180,3164,3163,3934,3499,3290,3215
[M41] raw phase=17 block=7344 us=3158,3155,3975,3428,3270,3157,3180,3155,3916,3550,3314,3196,3155,3849,3939,3485
[M41] raw phase=17 block=7360 us=3215,3167,3185,3913,3458,3351,3162,3190,3163,3955,3416,3336,3192,3154,3194,3934
[M41] raw phase=17 block=7376 us=3447,3331,3168,3187,3903,3822,3492,3165,3189,3157,3997,3413,3347,3169,3154,3181
[M41] raw phase=17 block=7392 us=3918,3570,3339,3164,3172,3311,3999,3398,3308,3167,3159,3911,3891,3562,3170,3156
[M41] raw phase=17 block=7408 us=3153,3918,3532,3281,3194,3153,3157,3994,3452,3318,3169,3166,3170,3943,3487,3281
[M41] raw phase=17 block=7424 us=3196,3163,3905,3726,3508,3199,3159,3173,3929,3505,3292,3181,3186,3159,3942,3432
[M41] raw phase=17 block=7440 us=3293,3192,3157,3363,3933,3381,3227,3155,3184,3921,3517,3387,3175,3179,3157,4007
[M41] raw phase=17 block=7456 us=3390,3277,3173,3162,3187,3931,3487,3324,3162,3181,3674,3992,3493,3186,3169,3164
[M41] raw phase=17 block=7472 us=3992,3717,3554,3175,3165,3164,3933,3520,3328,3186,3158,3163,3994,3383,3374,3157
[M41] raw phase=17 block=7488 us=3158,3355,3937,3540,3190,3187,3159,3942,3503,3357,3206,3158,3160,3953,3420,3357
[M41] raw phase=17 block=7504 us=3166,3183,3159,3936,3431,3272,3189,3156,3697,3947,3492,3217,3160,3196,3930,3440
[M41] raw phase=17 block=7520 us=3280,3163,3184,3162,3979,3363,3309,3186,3158,3189,3938,3402,3226,3169,3186,3917
[M41] raw phase=17 block=7536 us=3915,3456,3180,3165,3151,4006,3378,3350,3160,3155,3192,3933,3482,3234,3164,3157
[M41] raw phase=17 block=7552 us=3206,4019,3411,3267,3159,3156,3822,3868,3513,3194,3168,3153,3934,3489,3243,3194
[M41] raw phase=17 block=7568 us=3155,3164,4010,3408,3263,3157,3187,3159,3922,3509,3300,3210,3152,3893,3773,3486
[M41] raw phase=17 block=7584 us=3216,3151,3185,3931,3405,3232,3152,3178,3159,3975,3395,3252,3184,3154,3260,3904
[M41] raw phase=17 block=7600 us=3424,3269,3155,3180,3916,3544,3351,3154,3181,3157,4004,3396,3227,3159,3150,3183
[M41] raw phase=17 block=7616 us=3916,3520,3256,3153,3171,3671,3979,3410,3217,3163,3158,3990,3743,3552,3175,3159
[M41] raw phase=17 block=7632 us=3168,3928,3522,3350,3188,3158,3153,3992,3435,3409,3164,3165,3218,3912,3491,3309
[M41] raw phase=17 block=7648 us=3199,3163,3929,3611,3503,3209,3162,3165,3946,3464,3411,3164,3184,3159,3936,3537
[M41] raw phase=17 block=7664 us=3351,3200,3175,3555,3927,3378,3311,3165,3183,3921,3478,3348,3174,3183,3156,3996
[M41] raw phase=17 block=7680 us=3438,3371,3173,3164,3193,3928,3500,3359,3173,3191,3850,3979,3511,3173,3157,3158
[M41] raw phase=17 block=7696 us=3991,3460,3410,3170,3165,3188,3932,3601,3359,3161,3160,3162,3995,3496,3448,3159
[M41] raw phase=17 block=7712 us=3167,3565,3914,3515,3218,3200,3158,3919,3607,3368,3210,3160,3155,3986,3443,3386
[M41] raw phase=17 block=7728 us=3163,3187,3159,3934,3540,3385,3202,3159,3815,3896,3482,3205,3166,3183,3934,3459
[M41] raw phase=17 block=7744 us=3344,3163,3192,3163,3968,3471,3372,3193,3155,3193,3942,3483,3295,3111,3170,3903
[M41] raw phase=17 block=7760 us=3835,3497,3168,3185,3159,3981,3441,3369,3158,3152,3184,3927,3532,3297,3178,3163
[M41] raw phase=17 block=7776 us=3360,4003,3411,3285,3170,3155,3951,3874,3534,3179,3155,3162,3919,3574,3335,3202
[M41] raw phase=17 block=7792 us=3156,3156,4018,3438,3380,3180,3171,3160,3938,3532,3380,3203,3157,3859,3799,3550
[M41] raw phase=17 block=7808 us=3203,3152,3183,3941,3527,3443,3178,3195,3154,3951,3511,3404,3206,3158,3398,3923
[M41] raw phase=17 block=7824 us=3378,3366,3176,3191,3933,3590,3414,3169,3184,3155,4002,3435,3325,3180,3154,3184
[M41] raw phase=17 block=7840 us=3919,3500,3323,3164,3188,3758,3941,3484,3167,3157,3157,3998,3399,3382,3167,3161
[M41] raw phase=17 block=7856 us=3179,3927,3557,3357,3185,3164,3157,3991,3368,3417,3166,3156,3413,3927,3509,3188
[M41] raw phase=17 block=7872 us=3177,3162,3934,3557,3367,3204,3160,3156,3960,3408,3389,3163,3190,3152,3925,3914
[M41] raw phase=17 block=7888 us=3933,4029,3884,3953,3973,3923,4004,3652,3973,3882,3724,3609,3918,3988,3920,3966
[M41] raw phase=17 block=7904 us=3914,3928,3987,3938,4022,3497,3976,3954,3922,3986,3938,3993,3942,3899,3997,3643
[M41] raw phase=17 block=7920 us=3638,3922,3618,3394,3165,3185,3935,3485,3237,3149,3153,3157,3997,3364,3364,3158
[M41] raw phase=17 block=7936 us=3150,3381,3919,3471,3235,3158,3148,3932,3526,3367,3184,3151,3167,3985,3382,3307
[M41] raw phase=17 block=7952 us=3156,3180,3169,3923,3517,3322,3193,3149,3908,3703,3477,3193,3149,3191,3938,3354
[M41] raw phase=17 block=7968 us=3304,3151,3176,3160,3972,3405,3377,3195,3154,3292,3918,3455,3304,3162,3194,3942
[M41] raw phase=17 block=7984 us=3514,3399,3180,3186,3162,3989,3474,3366,3166,3154,3190,3926,3569,3346,3167,3184
[M41] raw phase=17 block=8000 us=3638,4005,3419,3246,3156,3158,3971,3742,3568,3174,3155,3167,3950,3537,3353,3195
[M41] raw phase=17 block=8016 us=3152,3152,3976,3458,3376,3156,3167,3301,3920,3495,3304,3173,3163,3937,3535,3341
[M41] raw phase=17 block=8032 us=3183,3156,3155,3951,3600,3195,3154,3174,3161,3928,3636,3176,3178,3160,3590,3942
[M41] raw phase=17 block=8048 us=3372,3176,3158,3176,3919,3523,3172,3160,3173,3154,3988,3515,3164,3175,3160,3163
[M41] raw phase=17 block=8064 us=3919,3522,3165,3157,3166,3840,3917,3344,3167,3170,3161,3988,3524,3198,3159,3164
[M41] raw phase=17 block=8080 us=3185,3918,3504,3308,3157,3159,3155,3981,3428,3344,3162,3154,3655,3934,3450,3164
[M41] raw phase=17 block=8096 us=3162,3167,3918,3589,3171,3166,3166,3156,3954,3569,3195,3162,3189,3159,3927,3654
[M41] raw phase=17 block=8112 us=3172,3186,3157,3880,3959,3456,3189,3163,3167,3923,3443,3351,3167,3183,3159,3927
[M41] raw phase=17 block=8128 us=3576,3169,3173,3157,3169,3930,3570,3178,3163,3186,3921,3805,3215,3162,3190,3160
[M41] raw phase=17 block=8144 us=3986,3383,3320,3165,3165,3168,3928,3482,3270,3178,3183,3451,3996,3463,3178,3160
[M41] raw phase=17 block=8160 us=3157,3934,3886,3370,3166,3160,3153,3931,3651,3180,3196,3160,3162,4002,3428,3394
[M41] raw phase=17 block=8176 us=3171,3158,3162,3934,3437,3243,3184,3158,3906,3912,3229,3179,3161,3171,3953,3563
[M41] raw phase=17 block=8192 us=3191,3164,3177,3152,3937,3588,3178,3196,3157,3490,3935,3378,3243,3166,3179,3935
[M41] raw phase=17 block=8208 us=3465,3242,3176,3183,3160,3981,3538,3175,3175,3166,3174,3929,3545,3173,3157,3166
[M41] raw phase=17 block=8224 us=3814,3951,3358,3167,3154,3158,4006,3520,3196,3164,3170,3186,3931,3479,3294,3157
[M41] raw phase=17 block=8240 us=3164,3157,3986,3411,3264,3158,3160,3558,3951,3372,3175,3170,3160,3932,3576,3165
[M41] raw phase=17 block=8256 us=3181,3163,3156,3962,3485,3212,3157,3186,3157,3945,3437,3198,3198,3156,3891,3870
[M41] raw phase=17 block=8272 us=3420,3137,3096,3138,3918,3438,3235,3159,3173,3154,3947,3420,3163,3161,3149,3169
[M41] raw phase=17 block=8288 us=3920,3460,3157,3151,3188,3881,3981,3272,3156,3172,3154,3992,3339,3298,3158,3150
[M41] raw phase=17 block=8304 us=3167,3934,3440,3195,3156,3154,3347,3981,3442,3174,3152,3153,3821,3888,3407,3168
[M41] raw phase=17 block=8320 us=3154,3154,3929,3425,3175,3191,3160,3163,3962,3436,3237,3158,3157,3156,3922,3466
[M41] raw phase=17 block=8336 us=3280,3180,3161,3913,3899,3271,3189,3165,3166,3928,3469,3210,3168,3185,3157,3944
[M41] raw phase=17 block=8352 us=3573,3174,3167,3165,3344,3936,3372,3243,3153,3181,3926,3552,3182,3155,3163,3159
[M41] raw phase=17 block=8368 us=3961,3493,3172,3155,3157,3168,3935,3594,3167,3157,3193,3751,3984,3414,3164,3155
[M41] raw phase=17 block=8384 us=3172,3976,3692,3577,3170,3169,3165,3925,3439,3306,3178,3159,3161,3990,3572,3199
[M41] raw phase=17 block=8400 us=3156,3163,3376,3927,3503,3171,3164,3161,3922,3603,3174,3190,3160,3154,3962,3441
[M41] raw phase=17 block=8416 us=3385,3162,3170,3158,3925,3516,3311,3181,3160,3663,3934,3505,3189,3154,3172,3922
[M41] raw phase=17 block=8432 us=3620,3180,3155,3177,3155,3961,3542,3172,3185,3163,3183,3915,3476,3354,3162,3164
[M41] raw phase=17 block=8448 us=3869,3855,3445,3182,3171,3155,3982,3560,3194,3158,3162,3164,3920,3601,3177,3158
[M41] raw phase=17 block=8464 us=3160,3171,4006,3485,3209,3155,3154,3680,3941,3455,3165,3174,3162,3921,3452,3289
[M41] raw phase=17 block=8480 us=3174,3166,3159,3957,3551,3206,3158,3160,3153,3938,3600,3168,3195,3160,3836,3913
[M41] raw phase=17 block=8496 us=3371,3204,3160,3191,3927,3447,3357,3177,3166,3153,3918,3454,3289,3182,3160,3213
[M41] raw phase=17 block=8512 us=3939,3571,3187,3160,3167,3928,3791,3215,3162,3185,3169,3989,3507,3165,3155,3154
[M41] raw phase=17 block=8528 us=3193,3942,3557,3333,3176,3186,3476,3996,3409,3207,3168,3154,3965,3865,3367,3177
[M41] raw phase=17 block=8544 us=3155,3154,3928,3587,3183,3185,3159,3154,3992,3525,3204,3160,3155,3181,3927,3434
[M41] raw phase=17 block=8560 us=3208,3177,3156,3920,3839,3206,3182,3156,3156,3962,3527,3190,3167,3168,3161,3934
[M41] raw phase=17 block=8576 us=3567,3172,3184,3165,3554,3948,3414,3189,3159,3185,3932,3437,3293,3174,3176,3154
[M41] raw phase=17 block=8592 us=3973,3438,3343,3190,3159,3178,3935,3573,3167,3153,3187,3856,3987,3410,3165,3156
[M41] raw phase=17 block=8608 us=3160,4027,3398,3415,3175,3161,3177,3925,3508,3303,3158,3151,3157,3962,3409,3248
[M41] raw phase=17 block=8624 us=3156,3154,3624,3938,3386,3162,3156,3149,3926,3654,3172,3186,3150,3148,3982,3448
[M41] raw phase=17 block=8640 us=3271,3158,3180,3162,3928,3459,3223,3165,3154,3868,3847,3494,3199,3149,3175,3924
[M41] raw phase=17 block=8656 us=3531,3192,3150,3163,3152,3972,3467,3176,3189,3156,3196,3926,3371,3290,3165,3199
[M41] raw phase=17 block=8672 us=3913,3720,3492,3163,3173,3157,4003,3383,3236,3164,3157,3182,3926,3489,3165,3159
[M41] raw phase=17 block=8688 us=3171,3300,4002,3420,3201,3154,3155,3912,3809,3583,3166,3158,3164,3944,3486,3181
[M41] raw phase=17 block=8704 us=3188,3153,3162,3971,3486,3196,3154,3168,3159,3927,3655,3179,3183,3163,3929,3687
[M41] raw phase=17 block=8720 us=3439,3196,3167,3185,3935,3437,3251,3157,3166,3156,3918,3448,3304,3191,3158,3433
[M41] raw phase=17 block=8736 us=3931,3511,3198,3155,3196,3922,3665,3189,3159,3185,3164,4013,3361,3355,3165,3161
[M41] raw phase=17 block=8752 us=3172,3928,3482,3336,3164,3184,3777,4005,3423,3166,3156,3166,3969,3853,3992,3876
[M41] raw phase=17 block=8768 us=3896,4000,3901,4002,3950,3701,3932,3933,3945,3860,4012,3922,3926,3967,3938,3986
[M41] raw phase=17 block=8784 us=3928,3966,3920,3463,3981,3860,3919,3880,3912,3956,3936,4007,3864,3748,3931,3416
[M41] raw phase=17 block=8800 us=3253,3939,3495,3347,3190,3155,3432,3985,3430,3269,3170,3158,3994,3466,3373,3173
[M41] raw phase=17 block=8816 us=3185,3163,3936,3482,3373,3193,3156,3151,3973,3514,3399,3175,3167,3934,3599,3510
[M41] raw phase=17 block=8832 us=3155,3182,3165,3973,3376,3280,3186,3156,3197,3943,3468,3344,3168,3186,3831,3924
[M41] raw phase=17 block=8848 us=3466,3181,3176,3162,3997,3368,3267,3155,3162,3189,3931,3470,3325,3174,3172,3485
[M41] raw phase=17 block=8864 us=4011,3389,3269,3156,3152,4009,3400,3426,3164,3160,3163,3929,3439,3300,3197,3153
[M41] raw phase=17 block=8880 us=3161,3977,3444,3365,3162,3168,3966,3620,3484,3163,3181,3162,3937,3410,3322,3192
[M41] raw phase=17 block=8896 us=3160,3187,3942,3442,3374,3167,3190,3844,3890,3507,3176,3189,3163,4013,3310,3312
[M41] raw phase=17 block=8912 us=3199,3157,3196,3933,3488,3366,3167,3180,3531,3992,3350,3245,3165,3160,4003,3376
[M41] raw phase=17 block=8928 us=3314,3160,3153,3188,3934,3485,3271,3162,3152,3203,3994,3366,3351,3164,3165,3996
[M41] raw phase=17 block=8944 us=3608,3500,3160,3164,3167,3944,3429,3262,3188,3162,3160,3995,3433,3384,3180,3172
[M41] raw phase=17 block=8960 us=3882,3810,3565,3162,3179,3157,3962,3345,3295,3193,3148,3183,3936,3449,3400,3159
[M41] raw phase=17 block=8976 us=3178,3680,3949,3365,3277,3184,3152,3998,3352,3322,3169,3154,3189,3931,3479,3327
[M41] raw phase=17 block=8992 us=3161,3185,3243,4000,3383,3320,3156,3158,4000,3545,3469,3162,3159,3170,3941,3494
[M41] raw phase=17 block=9008 us=3338,3184,3159,3159,4002,3496,3450,3176,3157,3933,3773,3559,3182,3183,3160,3942
[M41] raw phase=17 block=9024 us=3455,3302,3199,3154,3164,3983,3445,3401,3167,3180,3716,3923,3420,3204,3187,3161
[M41] raw phase=17 block=9040 us=3953,3350,3255,3186,3164,3202,3946,3416,3342,3168,3181,3296,3968,3355,3248,3174
[M41] raw phase=17 block=9056 us=3164,4006,3447,3384,3168,3166,3192,3935,3476,3245,3169,3164,3161,4005,3389,3373
[M41] raw phase=17 block=9072 us=3159,3151,3986,3583,3609,3166,3156,3161,3939,3458,3246,3187,3154,3159,3999,3415
[M41] raw phase=17 block=9088 us=3363,3164,3163,3156,3928,3542,3334,3191,3176,3928,3708,3498,3202,3154,3186,3949
[M41] raw phase=17 block=9104 us=3427,3400,3158,3192,3157,3928,3510,3358,3198,3154,3489,3924,3414,3346,3163,3187
[M41] raw phase=17 block=9120 us=3930,3419,3314,3167,3185,3162,4001,3444,3379,3170,3166,3184,3920,3486,3318,3162
[M41] raw phase=17 block=9136 us=3195,3778,3993,3451,3183,3162,3168,4020,3380,3439,3160,3157,3181,3920,3525,3334
[M41] raw phase=17 block=9152 us=3182,3176,3164,3999,3473,3405,3177,3165,3440,3913,3517,3249,3178,3152,3919,3525
[M41] raw phase=17 block=9168 us=3379,3204,3158,3158,3974,3456,3360,3166,3197,3153,3921,3481,3311,3200,3155,3796
[M41] raw phase=17 block=9184 us=3948,3475,3215,3157,3190,3935,3439,3301,3158,3192,3168,3973,3403,3322,3196,3167
[M41] raw phase=17 block=9200 us=3190,3935,3429,3325,3172,3191,3869,3833,3455,3161,3174,3157,4003,3384,3359,3170
[M41] raw phase=17 block=9216 us=3167,3184,3918,3572,3311,3169,3163,3257,3991,3421,3326,3154,3160,3861,3923,3497
[M41] raw phase=17 block=9232 us=3197,3170,3159,3927,3507,3346,3212,3159,3163,3992,3443,3365,3161,3183,3157,3932
[M41] raw phase=17 block=9248 us=3584,3307,3211,3166,3926,3829,3487,3217,3166,3193,3923,3434,3330,3171,3187,3155
[M41] raw phase=17 block=9264 us=3957,3409,3325,3197,3165,3307,3937,3425,3245,3174,3187,3925,3693,3431,3168,3183
[M41] raw phase=17 block=9280 us=3152,4008,3501,3350,3164,3167,3187,3931,3569,3344,3182,3175,3552,4006,3387,3238
[M41] raw phase=17 block=9296 us=3159,3167,3959,3755,3543,3169,3167,3164,3933,3576,3229,3143,3091,3131,3986,3417
[M41] raw phase=17 block=9312 us=3354,3163,3158,3299,3917,3454,3207,3183,3148,3927,3502,3251,3191,3155,3158,3943
[M41] raw phase=17 block=9328 us=3382,3333,3179,3181,3154,3919,3442,3326,3195,3149,3712,3918,3508,3211,3162,3190
[M41] raw phase=17 block=9344 us=3933,3423,3306,3175,3190,3158,4003,3368,3353,3186,3161,3183,3923,3448,3310,3169
[M41] raw phase=17 block=9360 us=3183,3865,3936,3495,3185,3168,3158,4009,3456,3410,3168,3163,3185,3918,3516,3271
[M41] raw phase=17 block=9376 us=3162,3164,3158,4009,3409,3255,3166,3153,3744,3917,3517,3186,3177,3170,3934,3526
[M41] raw phase=17 block=9392 us=3268,3196,3168,3154,3990,3380,3269,3169,3180,3164,3929,3475,3227,3188,3163,3907
[M41] raw phase=17 block=9408 us=3889,3507,3212,3156,3163,3924,3402,3298,3163,3174,3161,3935,3460,3183,3183,3156
[M41] raw phase=17 block=9424 us=3171,3925,3509,3181,3156,3164,3931,3701,3215,3159,3168,3163,3990,3383,3169,3159
[M41] raw phase=17 block=9440 us=3163,3195,3931,3562,3173,3162,3165,3419,4004,3412,3269,3161,3157,3939,3800,3545
[M41] raw phase=17 block=9456 us=3177,3163,3162,3921,3505,3176,3173,3155,3157,3969,3579,3185,3156,3156,3169,3920
[M41] raw phase=17 block=9472 us=3551,3162,3197,3160,3924,3616,3416,3197,3154,3188,3931,3400,3256,3161,3177,3155
[M41] raw phase=17 block=9488 us=3925,3527,3322,3186,3163,3545,3925,3480,3175,3159,3175,3923,3528,3173,3164,3186
[M41] raw phase=17 block=9504 us=3154,4009,3501,3180,3164,3152,3183,3918,3465,3314,3166,3173,3815,3879,3471,3179
[M41] raw phase=17 block=9520 us=3156,3160,3968,3543,3190,3156,3160,3164,3925,3566,3168,3170,3160,3152,3984,3545
[M41] raw phase=17 block=9536 us=3210,3154,3176,3487,3936,3440,3203,3164,3154,3910,3594,3170,3185,3163,3159,3952
[M41] raw phase=17 block=9552 us=3587,3219,3159,3190,3154,3919,3688,3172,3186,3151,3862,3907,3506,3199,3156,3171
[M41] raw phase=17 block=9568 us=3917,3407,3298,3166,3179,3157,3939,3548,3166,3173,3159,3179,3924,3531,3171,3157
[M41] raw phase=17 block=9584 us=3193,3891,3960,3270,3158,3189,3157,3994,3356,3296,3168,3163,3164,3921,3484,3242
[M41] raw phase=17 block=9600 us=3161,3170,3331,3999,3408,3207,3168,3153,3888,3885,3425,3162,3160,3158,3912,3589
[M41] raw phase=17 block=9616 us=3180,3184,3154,3157,3997,3540,3214,3153,3172,3162,3931,3520,3299,3174,3167,3899
[M41] raw phase=17 block=9632 us=3932,3351,3189,3158,3165,3917,3883,3962,3925,3986,3903,3915,3966,3915,3835,3882
[M41] raw phase=17 block=9648 us=3983,3864,3892,3966,3933,3997,3924,3960,3958,3921,3952,3936,3644,3922,3920,3965
[M41] raw phase=17 block=9664 us=3914,3990,3925,3933,3920,3872,3737,3921,3602,3161,3152,3478,3930,3511,3161,3182
[M41] raw phase=17 block=9680 us=3154,3922,3475,3330,3196,3148,3169,3963,3402,3279,3154,3175,3150,3918,3596,3169
[M41] raw phase=17 block=9696 us=3176,3166,3958,3821,3255,3185,3170,3195,3949,3460,3171,3163,3181,3160,4007,3371
[M41] raw phase=17 block=9712 us=3368,3169,3158,3945,3836,3480,3180,3156,3189,3945,3510,3178,3159,3154,3166,4008
[M41] raw phase=17 block=9728 us=3534,3192,3155,3151,3653,3936,3470,3218,3175,3160,3940,3445,3256,3173,3158,3169
[M41] raw phase=17 block=9744 us=3983,3381,3278,3165,3161,3200,3928,3556,3161,3174,3154,3940,3783,3216,3198,3156
[M41] raw phase=17 block=9760 us=3192,3941,3446,3205,3156,3185,3162,3992,3419,3345,3199,3156,3951,3763,3491,3192
[M41] raw phase=17 block=9776 us=3152,3179,3948,3418,3225,3165,3179,3164,4008,3497,3179,3155,3158,3689,3942,3454
[M41] raw phase=17 block=9792 us=3167,3156,3174,3944,3524,3175,3172,3170,3165,4005,3360,3374,3167,3156,3259,3924
[M41] raw phase=17 block=9808 us=3476,3209,3166,3156,3944,3690,3193,3190,3158,3170,3976,3457,3218,3154,3167,3104
[M41] raw phase=17 block=9824 us=3884,3546,3154,3184,3153,3962,3908,3369,3200,3159,3185,3944,3409,3223,3160,3177
[M41] raw phase=17 block=9840 us=3170,3968,3524,3169,3172,3164,3803,3920,3432,3165,3156,3174,3945,3458,3178,3161
[M41] raw phase=17 block=9856 us=3172,3160,4008,3473,3189,3165,3160,3365,3919,3495,3217,3165,3153,3942,3496,3348
[M41] raw phase=17 block=9872 us=3193,3155,3169,3994,3342,3322,3159,3155,3162,3924,3592,3171,3168,3156,3915,3945
[M41] raw phase=17 block=9888 us=3327,3188,3159,3185,3980,3398,3267,3166,3183,3167,3934,3419,3311,3187,3160,3853
[M41] raw phase=17 block=9904 us=3873,3453,3182,3159,3180,3953,3446,3179,3162,3170,3169,3981,3465,3183,3164,3152
[M41] raw phase=17 block=9920 us=3451,3938,3507,3170,3155,3187,3946,3515,3338,3175,3157,3160,3979,3370,3260,3166
[M41] raw phase=17 block=9936 us=3157,3177,3938,3501,3316,3155,3155,3940,3873,3263,3167,3156,3171,4016,3422,3206
[M41] raw phase=17 block=9952 us=3159,3177,3162,3943,3491,3356,3199,3154,3787,3898,3480,3201,3154,3180,3946,3468
[M41] raw phase=17 block=9968 us=3196,3157,3174,3160,3951,3538,3192,3167,3158,3506,3945,3444,3173,3155,3184,3944
[M41] raw phase=17 block=9984 us=3565,3182,3159,3182,3159,4010,3352,3306,3158,3151,3172,3922,3531,3328,3156,3177
[M41] raw phase=17 block=10000 us=3929,3828,3237,3153,3155,3156,3967,3453,3199,3149,3152,3170,3938,3607,3159,3166
[M41] raw phase=17 block=10016 us=3148,3873,3918,3496,3218,3152,3163,3973,3398,3234,3149,3163,3156,3934,3478,3326
[M41] raw phase=17 block=10032 us=3179,3149,3521,3948,3387,3171,3154,3168,3941,3485,3186,3157,3185,3170,3985,3490
[M41] raw phase=17 block=10048 us=3177,3185,3151,3196,3919,3427,3333,3162,3173,3935,3663,3419,3172,3180,3164,4000
[M41] raw phase=17 block=10064 us=3499,3174,3163,3154,3171,3946,3629,3177,3161,3156,3905,3955,3389,3184,3154,3165
[M41] raw phase=17 block=10080 us=4021,3373,3263,3165,3153,3161,3932,3467,3306,3184,3156,3683,3980,3482,3195,3159
[M41] raw phase=17 block=10096 us=3158,3979,3512,3196,3156,3163,3169,3947,3538,3173,3187,3162,3243,3921,3370,3297
[M41] raw phase=17 block=10112 us=3184,3168,3934,3543,3383,3177,3174,3162,4000,3466,3178,3178,3150,3170,3949,3653
[M41] raw phase=17 block=10128 us=3173,3163,3177,3924,3907,3319,3164,3152,3163,4021,3418,3208,3152,3156,3173,3946
[M41] raw phase=17 block=10144 us=3460,3253,3161,3153,3773,3955,3398,3198,3151,3173,3986,3441,3198,3157,3164,3162
[M41] raw phase=17 block=10160 us=3939,3591,3180,3193,3154,3298,3983,3374,3361,3166,3184,3943,3518,3447,3165,3178
[M41] raw phase=17 block=10176 us=3164,3934,3372,3336,3171,3155,3194,3933,3595,3194,3155,3189,3935,3858,3519,3170
[M41] raw phase=17 block=10192 us=3185,3172,4018,3356,3305,3154,3157,3178,3938,3470,3335,3169,3179,3771,3954,3394
[M41] raw phase=17 block=10208 us=3172,3155,3163,4007,3500,3215,3158,3158,3171,3942,3503,3322,3168,3155,3155,3978
[M41] raw phase=17 block=10224 us=3472,3401,3157,3153,3269,3921,3624,3168,3166,3162,3941,3586,3182,3186,3159,3170
[M41] raw phase=17 block=10240 us=3986,3585,3210,3156,3185,3162,3926,3506,3333,3186,3165,3633,3938,3463,3207,3157
[M41] raw phase=17 block=10256 us=3193,3943,3573,3175,3157,3169,3162,4000,3551,3160,3177,3160,3185,3930,3610,3189
[M41] raw phase=17 block=10272 us=3158,3174,3861,3906,3466,3174,3167,3162,3986,3403,3329,3159,3159,3164,3916,3627
[M41] raw phase=17 block=10288 us=3171,3158,3166,3156,3998,3606,3225,3154,3152,3626,3926,3530,3170,3161,3169,3931
[M41] raw phase=17 block=10304 us=3464,3259,3184,3175,3155,3968,3525,3207,3162,3160,3155,3931,3575,3176,3185,3155
[M41] raw phase=17 block=10320 us=3855,3920,3360,3199,3161,3185,3923,3378,3307,3161,3173,3163,3932,3426,3298,3182
[M41] render min=3091 avg=3415.79 p50=3216 p95=3974 p99=4005 max=4046 headroom_worst_us=1758.989
[M41] UI requested_fps=30 frames=1768 achieved_fps=29.474 skipped=30 errors=0 pages=12 submitted=1769 refresh_hz=60.466 core_observed=0 audio_core_observed=0
[M41] part=repair avg=6949.61 max=52834
[M41] part=draw avg=5463.02 max=74439
[M41] part=ppa avg=0.00 max=0
[M41] part=cache avg=1527.31 max=4607
[M41] part=submit avg=51.68 max=3660
[M41] part=wait avg=10994.31 max=26672
[M41] part=present avg=12728.57 max=27228
[M41] part=total avg=25158.96 max=122380
[M41] part=dirty_bytes avg=121451.96 max=768000
[M41] part=repair_bytes avg=129957.99 max=768000
[M41] part=cache_span_bytes avg=524872.94 max=768000
[M41] touch polls=5999 hz=100.010 errors=0 presses=221 releases=221 drags=1889 activity_blocks=2331 activity_misses=0
[M41] memory ps_before=30843520 ps_after=30843520 largest_before=30408692 largest_after=30408692 internal_before=505856 internal_after=505856
[M41] event phase=17 ms=6569 kind=1 raw=462,25 logical=25,17
[M41] event phase=17 ms=6718 kind=0 raw=462,25 logical=25,17
[M41] event phase=17 ms=7318 kind=1 raw=472,793 logical=793,7
[M41] event phase=17 ms=7468 kind=0 raw=472,793 logical=793,7
[M41] event phase=17 ms=7968 kind=1 raw=440,776 logical=776,39
[M41] event phase=17 ms=8148 kind=0 raw=440,776 logical=776,39
[M41] event phase=17 ms=8918 kind=1 raw=16,785 logical=785,463
[M41] event phase=17 ms=9058 kind=0 raw=16,785 logical=785,463
[M41] event phase=17 ms=9838 kind=1 raw=44,24 logical=24,435
[M41] event phase=17 ms=9978 kind=0 raw=44,24 logical=24,435
[M41] event phase=17 ms=10549 kind=1 raw=231,387 logical=387,248
[M41] event phase=17 ms=10828 kind=0 raw=231,387 logical=387,248
[M41] event phase=17 ms=11439 kind=1 raw=237,122 logical=122,242
[M41] event phase=17 ms=11498 kind=2 raw=237,123 logical=123,242
[M41] event phase=17 ms=11549 kind=2 raw=237,140 logical=140,242
[M41] event phase=17 ms=11609 kind=2 raw=237,177 logical=177,242
[M41] event phase=17 ms=11668 kind=2 raw=239,230 logical=230,240
[M41] event phase=17 ms=11718 kind=2 raw=242,284 logical=284,237
[M41] event phase=17 ms=11769 kind=2 raw=243,353 logical=353,236
[M41] event phase=17 ms=11828 kind=2 raw=245,422 logical=422,234
[M41] event phase=17 ms=11879 kind=2 raw=249,473 logical=473,230
[M41] event phase=17 ms=11939 kind=2 raw=252,533 logical=533,227
[M41] event phase=17 ms=11998 kind=2 raw=252,587 logical=587,227
[M41] event phase=17 ms=12048 kind=2 raw=252,638 logical=638,227
[M41] event phase=17 ms=12128 kind=2 raw=252,659 logical=659,227
[M41] event phase=17 ms=12239 kind=2 raw=252,662 logical=662,227
[M41] event phase=17 ms=12309 kind=2 raw=252,666 logical=666,227
[M41] event phase=17 ms=12368 kind=2 raw=258,635 logical=635,221
[M41] event phase=17 ms=12428 kind=2 raw=270,552 logical=552,209
[M41] event phase=17 ms=12479 kind=2 raw=276,464 logical=464,203
[M41] event phase=17 ms=12539 kind=2 raw=280,337 logical=337,199
[M41] event phase=17 ms=12598 kind=2 raw=280,248 logical=248,199
[M41] event phase=17 ms=12649 kind=2 raw=278,191 logical=191,201
[M41] event phase=17 ms=12709 kind=2 raw=265,139 logical=139,214
[M41] event phase=17 ms=12769 kind=2 raw=254,126 logical=126,225
[M41] event phase=17 ms=12828 kind=2 raw=233,146 logical=146,246
[M41] event phase=17 ms=12879 kind=2 raw=204,195 logical=195,275
[M41] event phase=17 ms=12939 kind=2 raw=184,265 logical=265,295
[M41] event phase=17 ms=12998 kind=2 raw=182,344 logical=344,297
[M41] event phase=17 ms=13049 kind=2 raw=187,423 logical=423,292
[M41] event phase=17 ms=13109 kind=2 raw=189,513 logical=513,290
[M41] event phase=17 ms=13169 kind=2 raw=184,574 logical=574,295
[M41] event phase=17 ms=13228 kind=2 raw=168,608 logical=608,311
[M41] event phase=17 ms=13279 kind=2 raw=145,608 logical=608,334
[M41] event phase=17 ms=13339 kind=2 raw=85,527 logical=527,394
[M41] event phase=17 ms=13398 kind=2 raw=66,422 logical=422,413
[M41] event phase=17 ms=13449 kind=2 raw=76,353 logical=353,403
[M41] event phase=17 ms=13509 kind=2 raw=102,309 logical=309,377
[M41] event phase=17 ms=13569 kind=2 raw=146,306 logical=306,333
[M41] event phase=17 ms=13628 kind=2 raw=227,357 logical=357,252
[M41] event phase=17 ms=13679 kind=2 raw=261,405 logical=405,218
[M41] event phase=17 ms=13739 kind=2 raw=286,462 logical=462,193
[M41] event phase=17 ms=13798 kind=2 raw=295,519 logical=519,184
[M41] event phase=17 ms=13848 kind=2 raw=295,565 logical=565,184
[M41] event phase=17 ms=13928 kind=2 raw=295,590 logical=590,184
[M41] event phase=17 ms=13988 kind=2 raw=297,593 logical=593,182
[M41] event phase=17 ms=14039 kind=2 raw=299,545 logical=545,180
[M41] event phase=17 ms=14098 kind=2 raw=285,385 logical=385,194
[M41] event phase=17 ms=14149 kind=2 raw=278,291 logical=291,201
[M41] event phase=17 ms=14209 kind=2 raw=271,190 logical=190,208
[M41] event phase=17 ms=14279 kind=2 raw=268,161 logical=161,211
[M41] event phase=17 ms=14349 kind=2 raw=264,150 logical=150,215
[M41] event phase=17 ms=14399 kind=2 raw=259,181 logical=181,220
[M41] event phase=17 ms=14449 kind=2 raw=256,253 logical=253,223
[M41] event phase=17 ms=14509 kind=2 raw=252,365 logical=365,227
[M41] event phase=17 ms=14569 kind=2 raw=238,499 logical=499,241
[M41] event phase=17 ms=14628 kind=2 raw=236,611 logical=611,243
[M41] event phase=17 ms=14679 kind=2 raw=248,685 logical=685,231
[M41] event phase=17 ms=14739 kind=2 raw=261,738 logical=738,218
[M41] event phase=17 ms=14778 kind=0 raw=264,753 logical=753,215
[M41] event phase=17 ms=15088 kind=1 raw=225,203 logical=203,254
[M41] event phase=17 ms=15148 kind=0 raw=225,203 logical=203,254
[M41] event phase=17 ms=15159 kind=1 raw=354,420 logical=420,125
[M41] event phase=17 ms=15218 kind=2 raw=345,424 logical=424,134
[M41] event phase=17 ms=15228 kind=0 raw=345,424 logical=424,134
[M41] event phase=17 ms=15258 kind=1 raw=231,224 logical=224,248
[M41] event phase=17 ms=15308 kind=0 raw=231,224 logical=224,248
[M41] event phase=17 ms=15339 kind=1 raw=231,673 logical=673,248
[M41] event phase=17 ms=15408 kind=0 raw=231,673 logical=673,248
[M41] event phase=17 ms=15418 kind=1 raw=282,474 logical=474,197
[M41] event phase=17 ms=15428 kind=0 raw=282,474 logical=474,197
[M41] event phase=17 ms=15458 kind=1 raw=200,253 logical=253,279
[M41] event phase=17 ms=15498 kind=0 raw=200,253 logical=253,279
[M41] event phase=17 ms=15559 kind=1 raw=287,460 logical=460,192
[M41] event phase=17 ms=15638 kind=0 raw=287,460 logical=460,192
[M41] event phase=17 ms=15648 kind=1 raw=202,212 logical=212,277
[M41] event phase=17 ms=15688 kind=0 raw=202,212 logical=212,277
[M41] event phase=17 ms=15758 kind=1 raw=294,386 logical=386,185
[M41] event phase=17 ms=15838 kind=0 raw=294,386 logical=386,185
[M41] event phase=17 ms=15848 kind=1 raw=170,151 logical=151,309
[M41] event phase=17 ms=15878 kind=0 raw=170,151 logical=151,309
[M41] event phase=17 ms=15928 kind=1 raw=294,365 logical=365,185
[M41] event phase=17 ms=15978 kind=0 raw=294,365 logical=365,185
[M41] event phase=17 ms=15988 kind=1 raw=161,149 logical=149,318
[M41] event phase=17 ms=16038 kind=0 raw=161,149 logical=149,318
[M41] event phase=17 ms=16158 kind=1 raw=165,240 logical=240,314
[M41] event phase=17 ms=16188 kind=0 raw=165,240 logical=240,314
[M41] event phase=17 ms=16218 kind=1 raw=302,478 logical=478,177
[M41] event phase=17 ms=16298 kind=2 raw=302,479 logical=479,177
[M41] event phase=17 ms=16349 kind=2 raw=177,312 logical=312,302
[M41] event phase=17 ms=16408 kind=0 raw=177,312 logical=312,302
[M41] event phase=17 ms=16428 kind=1 raw=302,581 logical=581,177
[M41] event phase=17 ms=16479 kind=2 raw=300,583 logical=583,179
[M41] event phase=17 ms=16508 kind=0 raw=298,585 logical=585,181
[M41] event phase=17 ms=16539 kind=1 raw=175,373 logical=373,304
[M41] event phase=17 ms=16618 kind=2 raw=259,668 logical=668,220
[M41] event phase=17 ms=16688 kind=2 raw=257,670 logical=670,222
[M41] event phase=17 ms=16698 kind=0 raw=257,670 logical=670,222
[M41] event phase=17 ms=16728 kind=1 raw=172,372 logical=372,307
[M41] event phase=17 ms=16768 kind=0 raw=172,372 logical=372,307
[M41] event phase=17 ms=16818 kind=1 raw=251,683 logical=683,228
[M41] event phase=17 ms=16908 kind=0 raw=251,683 logical=683,228
[M41] event phase=17 ms=16918 kind=1 raw=156,356 logical=356,323
[M41] event phase=17 ms=16998 kind=0 raw=156,356 logical=356,323
[M41] event phase=17 ms=17078 kind=1 raw=246,577 logical=577,233
[M41] event phase=17 ms=17158 kind=2 raw=195,290 logical=290,284
[M41] event phase=17 ms=17208 kind=0 raw=195,290 logical=290,284
[M41] event phase=17 ms=17249 kind=1 raw=263,501 logical=501,216
[M41] event phase=17 ms=17318 kind=0 raw=263,501 logical=501,216
[M41] event phase=17 ms=17368 kind=1 raw=229,233 logical=233,250
[M41] event phase=17 ms=17408 kind=0 raw=229,233 logical=233,250
[M41] event phase=17 ms=17498 kind=1 raw=274,137 logical=137,205
[M41] event phase=17 ms=17568 kind=0 raw=274,137 logical=137,205
[M41] event phase=17 ms=17679 kind=1 raw=295,88 logical=88,184
[M41] event phase=17 ms=17728 kind=0 raw=295,88 logical=88,184
[M41] event phase=17 ms=17839 kind=1 raw=311,103 logical=103,168
[M41] event phase=17 ms=17888 kind=0 raw=311,103 logical=103,168
[M41] event phase=17 ms=17988 kind=1 raw=272,139 logical=139,207
[M41] event phase=17 ms=18038 kind=0 raw=272,139 logical=139,207
[M41] event phase=17 ms=18139 kind=1 raw=290,305 logical=305,189
[M41] event phase=17 ms=18198 kind=0 raw=290,305 logical=305,189
[M41] event phase=17 ms=18309 kind=1 raw=305,406 logical=406,174
[M41] event phase=17 ms=18348 kind=0 raw=305,406 logical=406,174
[M41] event phase=17 ms=18469 kind=1 raw=326,528 logical=528,153
[M41] event phase=17 ms=18518 kind=0 raw=326,528 logical=528,153
[M41] event phase=17 ms=18618 kind=1 raw=306,591 logical=591,173
[M41] event phase=17 ms=18678 kind=0 raw=306,591 logical=591,173
[M41] event phase=17 ms=18779 kind=1 raw=300,715 logical=715,179
[M41] event phase=17 ms=18848 kind=0 raw=300,715 logical=715,179
[M41] event phase=17 ms=18948 kind=1 raw=221,705 logical=705,258
[M41] event phase=17 ms=19009 kind=2 raw=215,703 logical=703,264
[M41] event phase=17 ms=19079 kind=2 raw=208,696 logical=696,271
[M41] event phase=17 ms=19138 kind=0 raw=215,702 logical=702,264
[M41] event phase=17 ms=19288 kind=1 raw=237,669 logical=669,242
[M41] event phase=17 ms=19328 kind=0 raw=237,669 logical=669,242
[M41] event phase=17 ms=19358 kind=1 raw=131,468 logical=468,348
[M41] event phase=17 ms=19428 kind=0 raw=0,0 logical=0,479
[M41] event phase=17 ms=19459 kind=1 raw=244,587 logical=587,235
[M41] event phase=17 ms=19498 kind=0 raw=244,587 logical=587,235
[M41] event phase=17 ms=19529 kind=1 raw=91,339 logical=339,388
[M41] event phase=17 ms=19608 kind=0 raw=91,339 logical=339,388
[M41] event phase=17 ms=19638 kind=1 raw=239,468 logical=468,240
[M41] event phase=17 ms=19688 kind=0 raw=239,468 logical=468,240
[M41] event phase=17 ms=19729 kind=1 raw=81,230 logical=230,398
[M41] event phase=17 ms=19808 kind=0 raw=81,230 logical=230,398
[M41] event phase=17 ms=19859 kind=1 raw=284,339 logical=339,195
[M41] event phase=17 ms=19948 kind=0 raw=284,339 logical=339,195
[M41] event phase=17 ms=20008 kind=1 raw=124,133 logical=133,355
[M41] event phase=17 ms=20068 kind=0 raw=124,133 logical=133,355
[M41] event phase=17 ms=20138 kind=1 raw=149,119 logical=119,330
[M41] event phase=17 ms=20208 kind=0 raw=149,119 logical=119,330
[M41] event phase=17 ms=20218 kind=1 raw=386,254 logical=254,93
[M41] event phase=17 ms=20238 kind=0 raw=386,254 logical=254,93
[M41] event phase=17 ms=20289 kind=1 raw=203,44 logical=44,276
[M41] event phase=17 ms=20348 kind=2 raw=205,46 logical=46,274
[M41] event phase=17 ms=20419 kind=2 raw=231,56 logical=56,248
[M41] event phase=17 ms=20428 kind=0 raw=231,56 logical=56,248
[M41] event phase=17 ms=20459 kind=1 raw=293,101 logical=101,186
[M41] event phase=17 ms=20519 kind=2 raw=296,103 logical=103,183
[M41] event phase=17 ms=20528 kind=0 raw=296,103 logical=103,183
[M41] event phase=17 ms=20628 kind=1 raw=364,140 logical=140,115
[M41] event phase=17 ms=20688 kind=0 raw=364,140 logical=140,115
[M41] event phase=17 ms=20779 kind=1 raw=388,187 logical=187,91
[M41] event phase=17 ms=20838 kind=2 raw=388,190 logical=190,91
[M41] event phase=17 ms=20848 kind=0 raw=388,190 logical=190,91
[M41] event phase=17 ms=20938 kind=1 raw=377,291 logical=291,102
[M41] event phase=17 ms=20989 kind=2 raw=375,294 logical=294,104
[M41] event phase=17 ms=20998 kind=0 raw=375,294 logical=294,104
[M41] event phase=17 ms=21078 kind=1 raw=359,425 logical=425,120
[M41] event phase=17 ms=21138 kind=2 raw=356,433 logical=433,123
[M41] event phase=17 ms=21148 kind=0 raw=356,433 logical=433,123
[M41] event phase=17 ms=21228 kind=1 raw=355,529 logical=529,124
[M41] event phase=17 ms=21279 kind=2 raw=355,532 logical=532,124
[M41] event phase=17 ms=21288 kind=0 raw=355,532 logical=532,124
[M41] event phase=17 ms=21358 kind=1 raw=340,613 logical=613,139
[M41] event phase=17 ms=21418 kind=0 raw=337,614 logical=614,142
[M41] event phase=17 ms=21479 kind=1 raw=382,789 logical=789,97
[M41] event phase=17 ms=21549 kind=2 raw=368,779 logical=779,111
[M41] event phase=17 ms=21558 kind=0 raw=368,779 logical=779,111
[M41] event phase=17 ms=21598 kind=1 raw=215,589 logical=589,264
[M41] event phase=17 ms=21638 kind=0 raw=215,589 logical=589,264
[M41] event phase=17 ms=21709 kind=1 raw=300,706 logical=706,179
[M41] event phase=17 ms=21769 kind=2 raw=292,699 logical=699,187
[M41] event phase=17 ms=21808 kind=0 raw=279,689 logical=689,200
[M41] event phase=17 ms=21818 kind=1 raw=122,504 logical=504,357
[M41] event phase=17 ms=21888 kind=2 raw=100,470 logical=470,379
[M41] event phase=17 ms=21898 kind=0 raw=100,470 logical=470,379
[M41] event phase=17 ms=21928 kind=1 raw=203,569 logical=569,276
[M41] event phase=17 ms=21998 kind=0 raw=203,569 logical=569,276
[M41] event phase=17 ms=22028 kind=1 raw=83,337 logical=337,396
[M41] event phase=17 ms=22079 kind=2 raw=84,334 logical=334,395
[M41] event phase=17 ms=22098 kind=0 raw=84,334 logical=334,395
[M41] event phase=17 ms=22128 kind=1 raw=269,427 logical=427,210
[M41] event phase=17 ms=22179 kind=2 raw=269,426 logical=426,210
[M41] event phase=17 ms=22239 kind=2 raw=275,397 logical=397,204
[M41] event phase=17 ms=22298 kind=2 raw=141,170 logical=170,338
[M41] event phase=17 ms=22349 kind=2 raw=128,145 logical=145,351
[M41] event phase=17 ms=22409 kind=2 raw=178,167 logical=167,301
[M41] event phase=17 ms=22469 kind=2 raw=245,225 logical=225,234
[M41] event phase=17 ms=22528 kind=2 raw=284,300 logical=300,195
[M41] event phase=17 ms=22579 kind=2 raw=306,400 logical=400,173
[M41] event phase=17 ms=22639 kind=2 raw=302,519 logical=519,177
[M41] event phase=17 ms=22698 kind=2 raw=271,573 logical=573,208
[M41] event phase=17 ms=22749 kind=2 raw=220,549 logical=549,259
[M41] event phase=17 ms=22809 kind=2 raw=131,397 logical=397,348
[M41] event phase=17 ms=22869 kind=2 raw=124,269 logical=269,355
[M41] event phase=17 ms=22928 kind=2 raw=188,177 logical=177,291
[M41] event phase=17 ms=22979 kind=2 raw=259,192 logical=192,220
[M41] event phase=17 ms=23039 kind=2 raw=359,328 logical=328,120
[M41] event phase=17 ms=23098 kind=2 raw=356,475 logical=475,123
[M41] event phase=17 ms=23148 kind=2 raw=320,597 logical=597,159
[M41] event phase=17 ms=23209 kind=2 raw=312,620 logical=620,167
[M41] event phase=17 ms=23269 kind=2 raw=299,580 logical=580,180
[M41] event phase=17 ms=23328 kind=2 raw=245,317 logical=317,234
[M41] event phase=17 ms=23379 kind=2 raw=204,197 logical=197,275
[M41] event phase=17 ms=23439 kind=2 raw=186,196 logical=196,293
[M41] event phase=17 ms=23498 kind=2 raw=179,385 logical=385,300
[M41] event phase=17 ms=23548 kind=2 raw=166,499 logical=499,313
[M41] event phase=17 ms=23618 kind=2 raw=136,490 logical=490,343
[M41] event phase=17 ms=23628 kind=0 raw=136,490 logical=490,343
[M41] event phase=17 ms=23669 kind=1 raw=262,485 logical=485,217
[M41] event phase=17 ms=23739 kind=2 raw=263,483 logical=483,216
[M41] event phase=17 ms=23748 kind=0 raw=263,483 logical=483,216
[M41] event phase=17 ms=23909 kind=1 raw=303,523 logical=523,176
[M41] event phase=17 ms=23968 kind=0 raw=303,523 logical=523,176
[M41] event phase=17 ms=23979 kind=1 raw=188,226 logical=226,291
[M41] event phase=17 ms=24038 kind=0 raw=188,226 logical=226,291
[M41] event phase=17 ms=24079 kind=1 raw=314,613 logical=613,165
[M41] event phase=17 ms=24168 kind=0 raw=314,613 logical=613,165
[M41] event phase=17 ms=24179 kind=1 raw=213,319 logical=319,266
[M41] event phase=17 ms=24238 kind=0 raw=208,310 logical=310,271
[M41] event phase=17 ms=24288 kind=1 raw=326,516 logical=516,153
[M41] event phase=17 ms=24358 kind=0 raw=326,516 logical=516,153
[M41] event phase=17 ms=24368 kind=1 raw=218,222 logical=222,261
[M41] event phase=17 ms=24408 kind=0 raw=218,222 logical=222,261
[M41] event phase=17 ms=24499 kind=1 raw=334,480 logical=480,145
[M41] event phase=17 ms=24538 kind=0 raw=334,480 logical=480,145
[M41] event phase=17 ms=24549 kind=1 raw=190,209 logical=209,289
[M41] event phase=17 ms=24588 kind=0 raw=188,211 logical=211,291
[M41] event phase=17 ms=24718 kind=1 raw=295,516 logical=516,184
[M41] event phase=17 ms=24769 kind=2 raw=295,519 logical=519,184
[M41] event phase=17 ms=24839 kind=2 raw=236,488 logical=488,243
[M41] event phase=17 ms=24898 kind=2 raw=182,446 logical=446,297
[M41] event phase=17 ms=24928 kind=0 raw=159,429 logical=429,320
[M41] event phase=17 ms=24969 kind=1 raw=263,672 logical=672,216
[M41] event phase=17 ms=25038 kind=0 raw=263,672 logical=672,216
[M41] event phase=17 ms=25099 kind=1 raw=132,487 logical=487,347
[M41] event phase=17 ms=25178 kind=2 raw=263,681 logical=681,216
[M41] event phase=17 ms=25238 kind=0 raw=263,681 logical=681,216
[M41] event phase=17 ms=25258 kind=1 raw=153,476 logical=476,326
[M41] event phase=17 ms=25308 kind=0 raw=153,476 logical=476,326
[M41] event phase=17 ms=25339 kind=1 raw=326,640 logical=640,153
[M41] event phase=17 ms=25408 kind=0 raw=326,640 logical=640,153
[M41] event phase=17 ms=25438 kind=1 raw=210,366 logical=366,269
[M41] event phase=17 ms=25478 kind=0 raw=210,366 logical=366,269
[M41] event phase=17 ms=25538 kind=1 raw=349,509 logical=509,130
[M41] event phase=17 ms=25588 kind=0 raw=349,509 logical=509,130
[M41] event phase=17 ms=25618 kind=1 raw=231,231 logical=231,248
[M41] event phase=17 ms=25688 kind=0 raw=0,0 logical=0,479
[M41] event phase=17 ms=25778 kind=1 raw=308,446 logical=446,171
[M41] event phase=17 ms=25808 kind=0 raw=308,446 logical=446,171
[M41] event phase=17 ms=25859 kind=1 raw=315,174 logical=174,164
[M41] event phase=17 ms=25918 kind=0 raw=315,174 logical=174,164
[M41] event phase=17 ms=26008 kind=1 raw=311,145 logical=145,168
[M41] event phase=17 ms=26059 kind=2 raw=308,146 logical=146,171
[M41] event phase=17 ms=26108 kind=0 raw=299,148 logical=148,180
[M41] event phase=17 ms=26199 kind=1 raw=194,130 logical=130,285
[M41] event phase=17 ms=26248 kind=0 raw=191,135 logical=135,288
[M41] event phase=17 ms=26368 kind=1 raw=156,207 logical=207,323
[M41] event phase=17 ms=26408 kind=0 raw=157,214 logical=214,322
[M41] event phase=17 ms=26508 kind=1 raw=172,327 logical=327,307
[M41] event phase=17 ms=26568 kind=2 raw=174,334 logical=334,305
[M41] event phase=17 ms=26578 kind=0 raw=174,334 logical=334,305
[M41] event phase=17 ms=26659 kind=1 raw=196,411 logical=411,283
[M41] event phase=17 ms=26728 kind=2 raw=203,428 logical=428,276
[M41] event phase=17 ms=26738 kind=0 raw=203,428 logical=428,276
[M41] event phase=17 ms=26768 kind=1 raw=231,506 logical=506,248
[M41] event phase=17 ms=26819 kind=2 raw=232,507 logical=507,247
[M41] event phase=17 ms=26858 kind=0 raw=233,510 logical=510,246
[M41] event phase=17 ms=26908 kind=1 raw=267,556 logical=556,212
[M41] event phase=17 ms=26959 kind=2 raw=268,558 logical=558,211
[M41] event phase=17 ms=26998 kind=0 raw=271,565 logical=565,208
[M41] event phase=17 ms=27068 kind=1 raw=312,658 logical=658,167
[M41] event phase=17 ms=27138 kind=0 raw=312,658 logical=658,167
[M41] event phase=17 ms=27228 kind=1 raw=340,607 logical=607,139
[M41] event phase=17 ms=27308 kind=0 raw=340,607 logical=607,139
[M41] event phase=17 ms=27419 kind=1 raw=337,477 logical=477,142
[M41] event phase=17 ms=27479 kind=2 raw=337,469 logical=469,142
[M41] event phase=17 ms=27538 kind=0 raw=334,438 logical=438,145
[M41] event phase=17 ms=27588 kind=1 raw=323,349 logical=349,156
[M41] event phase=17 ms=27648 kind=0 raw=323,349 logical=349,156
[M41] event phase=17 ms=27928 kind=1 raw=272,516 logical=516,207
[M41] event phase=17 ms=27998 kind=0 raw=272,516 logical=516,207
[M41] event phase=17 ms=28088 kind=1 raw=284,576 logical=576,195
[M41] event phase=17 ms=28168 kind=0 raw=284,576 logical=576,195
[M41] event phase=17 ms=28249 kind=1 raw=251,579 logical=579,228
[M41] event phase=17 ms=28319 kind=2 raw=247,567 logical=567,232
[M41] event phase=17 ms=28328 kind=0 raw=247,567 logical=567,232
[M41] event phase=17 ms=28368 kind=1 raw=350,638 logical=638,129
[M41] event phase=17 ms=28428 kind=2 raw=350,637 logical=637,129
[M41] event phase=17 ms=28458 kind=0 raw=349,635 logical=635,130
[M41] event phase=17 ms=28498 kind=1 raw=196,332 logical=332,283
[M41] event phase=17 ms=28558 kind=0 raw=196,332 logical=332,283
[M41] event phase=17 ms=28579 kind=1 raw=314,563 logical=563,165
[M41] event phase=17 ms=28638 kind=0 raw=310,559 logical=559,169
[M41] event phase=17 ms=28709 kind=1 raw=139,228 logical=228,340
[M41] event phase=17 ms=28789 kind=2 raw=139,227 logical=227,340
[M41] event phase=17 ms=28828 kind=0 raw=139,221 logical=221,340
[M41] event phase=17 ms=28848 kind=1 raw=240,431 logical=431,239
[M41] event phase=17 ms=28928 kind=0 raw=240,431 logical=431,239
[M41] event phase=17 ms=28958 kind=1 raw=179,136 logical=136,300
[M41] event phase=17 ms=29008 kind=0 raw=179,136 logical=136,300
[M41] event phase=17 ms=29069 kind=1 raw=338,396 logical=396,141
[M41] event phase=17 ms=29118 kind=0 raw=338,396 logical=396,141
[M41] event phase=17 ms=29288 kind=1 raw=371,102 logical=102,108
[M41] event phase=17 ms=29339 kind=2 raw=373,105 logical=105,106
[M41] event phase=17 ms=29368 kind=0 raw=375,107 logical=107,104
[M41] event phase=17 ms=29449 kind=1 raw=387,112 logical=112,92
[M41] event phase=17 ms=29509 kind=2 raw=127,0 logical=0,352
[M41] event phase=17 ms=29538 kind=0 raw=127,0 logical=0,352
[M41] event phase=17 ms=29639 kind=1 raw=331,203 logical=203,148
[M41] event phase=17 ms=29678 kind=0 raw=331,203 logical=203,148
[M41] event phase=17 ms=29689 kind=1 raw=460,478 logical=478,19
[M41] event phase=17 ms=29728 kind=0 raw=455,481 logical=481,24
[M41] event phase=17 ms=29779 kind=1 raw=404,535 logical=535,75
[M41] event phase=17 ms=29829 kind=2 raw=396,546 logical=546,83
[M41] event phase=17 ms=29878 kind=0 raw=379,579 logical=579,100
[M41] event phase=17 ms=29888 kind=1 raw=271,315 logical=315,208
[M41] event phase=17 ms=29939 kind=2 raw=256,342 logical=342,223
[M41] event phase=17 ms=29948 kind=0 raw=256,342 logical=342,223
[M41] event phase=17 ms=29979 kind=1 raw=362,667 logical=667,117
[M41] event phase=17 ms=30039 kind=2 raw=356,671 logical=671,123
[M41] event phase=17 ms=30068 kind=0 raw=352,673 logical=673,127
[M41] event phase=17 ms=30088 kind=1 raw=181,423 logical=423,298
[M41] event phase=17 ms=30138 kind=0 raw=181,423 logical=423,298
[M41] event phase=17 ms=30279 kind=1 raw=97,281 logical=281,382
[M41] event phase=17 ms=30308 kind=0 raw=97,281 logical=281,382
[M41] event phase=17 ms=30339 kind=1 raw=289,528 logical=528,190
[M41] event phase=17 ms=30408 kind=0 raw=289,528 logical=528,190
[M41] event phase=17 ms=30448 kind=1 raw=148,205 logical=205,331
[M41] event phase=17 ms=30518 kind=2 raw=155,210 logical=210,324
[M41] event phase=17 ms=30579 kind=2 raw=326,452 logical=452,153
[M41] event phase=17 ms=30639 kind=2 raw=359,518 logical=518,120
[M41] event phase=17 ms=30648 kind=0 raw=359,518 logical=518,120
[M41] event phase=17 ms=30688 kind=1 raw=218,331 logical=331,261
[M41] event phase=17 ms=30749 kind=2 raw=218,335 logical=335,261
[M41] event phase=17 ms=30758 kind=0 raw=218,335 logical=335,261
[M41] event phase=17 ms=30779 kind=1 raw=361,666 logical=666,118
[M41] event phase=17 ms=30839 kind=2 raw=355,670 logical=670,124
[M41] event phase=17 ms=30899 kind=2 raw=181,417 logical=417,298
[M41] event phase=17 ms=30958 kind=2 raw=174,426 logical=426,305
[M41] event phase=17 ms=31008 kind=0 raw=163,435 logical=435,316
[M41] event phase=17 ms=31018 kind=1 raw=262,728 logical=728,217
[M41] event phase=17 ms=31079 kind=2 raw=249,728 logical=728,230
[M41] event phase=17 ms=31139 kind=2 raw=118,532 logical=532,361
[M41] event phase=17 ms=31209 kind=2 raw=96,519 logical=519,383
[M41] event phase=17 ms=31279 kind=2 raw=153,691 logical=691,326
[M41] event phase=17 ms=31349 kind=2 raw=50,483 logical=483,429
[M41] event phase=17 ms=31428 kind=2 raw=51,484 logical=484,428
[M41] event phase=17 ms=31479 kind=2 raw=60,490 logical=490,419
[M41] event phase=17 ms=31508 kind=0 raw=66,493 logical=493,413
[M41] event phase=17 ms=31518 kind=1 raw=226,790 logical=790,253
[M41] event phase=17 ms=31588 kind=0 raw=226,790 logical=790,253
[M41] event phase=17 ms=31618 kind=1 raw=144,500 logical=500,335
[M41] event phase=17 ms=31669 kind=2 raw=147,500 logical=500,332
[M41] event phase=17 ms=31719 kind=2 raw=162,499 logical=499,317
[M41] event phase=17 ms=31758 kind=0 raw=191,494 logical=494,288
[M41] event phase=17 ms=31769 kind=1 raw=355,764 logical=764,124
[M41] event phase=17 ms=31828 kind=2 raw=385,758 logical=758,94
[M41] event phase=17 ms=31879 kind=2 raw=362,536 logical=536,117
[M41] event phase=17 ms=31939 kind=2 raw=342,429 logical=429,137
[M41] event phase=17 ms=31998 kind=2 raw=340,370 logical=370,139
[M41] event phase=17 ms=32048 kind=2 raw=344,316 logical=316,135
[M41] event phase=17 ms=32109 kind=2 raw=349,267 logical=267,130
[M41] event phase=17 ms=32169 kind=2 raw=355,234 logical=234,124
[M41] event phase=17 ms=32228 kind=2 raw=356,215 logical=215,123
[M41] event phase=17 ms=32279 kind=2 raw=356,213 logical=213,123
[M41] event phase=17 ms=32339 kind=2 raw=357,270 logical=270,122
[M41] event phase=17 ms=32398 kind=2 raw=354,415 logical=415,125
[M41] event phase=17 ms=32449 kind=2 raw=345,511 logical=511,134
[M41] event phase=17 ms=32509 kind=2 raw=313,603 logical=603,166
[M41] event phase=17 ms=32569 kind=2 raw=268,641 logical=641,211
[M41] event phase=17 ms=32628 kind=2 raw=208,635 logical=635,271
[M41] event phase=17 ms=32678 kind=2 raw=132,579 logical=579,347
[M41] event phase=17 ms=32739 kind=2 raw=75,477 logical=477,404
[M41] event phase=17 ms=32798 kind=2 raw=51,362 logical=362,428
[M41] event phase=17 ms=32848 kind=2 raw=41,274 logical=274,438
[M41] event phase=17 ms=32909 kind=2 raw=51,202 logical=202,428
[M41] event phase=17 ms=32969 kind=2 raw=73,158 logical=158,406
[M41] event phase=17 ms=33028 kind=2 raw=93,135 logical=135,386
[M41] event phase=17 ms=33079 kind=2 raw=103,124 logical=124,376
[M41] event phase=17 ms=33139 kind=2 raw=115,105 logical=105,364
[M41] event phase=17 ms=33198 kind=2 raw=133,95 logical=95,346
[M41] event phase=17 ms=33248 kind=2 raw=162,100 logical=100,317
[M41] event phase=17 ms=33309 kind=2 raw=237,139 logical=139,242
[M41] event phase=17 ms=33369 kind=2 raw=284,175 logical=175,195
[M41] event phase=17 ms=33428 kind=2 raw=321,210 logical=210,158
[M41] event phase=17 ms=33479 kind=2 raw=350,272 logical=272,129
[M41] event phase=17 ms=33539 kind=2 raw=361,370 logical=370,118
[M41] event phase=17 ms=33598 kind=2 raw=358,458 logical=458,121
[M41] event phase=17 ms=33648 kind=2 raw=357,519 logical=519,122
[M41] event phase=17 ms=33709 kind=2 raw=344,597 logical=597,135
[M41] event phase=17 ms=33768 kind=2 raw=329,646 logical=646,150
[M41] event phase=17 ms=33818 kind=2 raw=311,665 logical=665,168
[M41] event phase=17 ms=33869 kind=2 raw=293,667 logical=667,186
[M41] event phase=17 ms=33928 kind=2 raw=266,667 logical=667,213
[M41] event phase=17 ms=33979 kind=2 raw=229,675 logical=675,250
[M41] event phase=17 ms=34039 kind=2 raw=174,698 logical=698,305
[M41] event phase=17 ms=34098 kind=2 raw=124,717 logical=717,355
[M41] event phase=17 ms=34149 kind=2 raw=95,726 logical=726,384
[M41] event phase=17 ms=34209 kind=2 raw=60,750 logical=750,419
[M41] event phase=17 ms=34269 kind=2 raw=41,773 logical=773,438
[M41] event phase=17 ms=34278 kind=0 raw=41,773 logical=773,438
[M41] event phase=17 ms=34428 kind=1 raw=36,735 logical=735,443
[M41] event phase=17 ms=34488 kind=2 raw=36,736 logical=736,443
[M41] event phase=17 ms=34539 kind=2 raw=35,743 logical=743,444
[M41] event phase=17 ms=34548 kind=0 raw=35,743 logical=743,444
[M41] event phase=17 ms=35138 kind=1 raw=403,790 logical=790,76
[M41] event phase=17 ms=35218 kind=0 raw=403,790 logical=790,76
[M41] event phase=17 ms=35438 kind=1 raw=471,791 logical=791,8
[M41] event phase=17 ms=35528 kind=0 raw=471,791 logical=791,8
[M41] event phase=17 ms=36628 kind=1 raw=471,3 logical=3,8
[M41] event phase=17 ms=36668 kind=0 raw=471,3 logical=3,8
[M41] event phase=17 ms=37358 kind=1 raw=82,31 logical=31,397
[M41] event phase=17 ms=37409 kind=2 raw=82,33 logical=33,397
[M41] event phase=17 ms=37438 kind=0 raw=82,37 logical=37,397
[M41] event phase=17 ms=37709 kind=1 raw=10,31 logical=31,469
[M41] event phase=17 ms=37768 kind=2 raw=10,35 logical=35,469
[M41] event phase=17 ms=37778 kind=0 raw=10,35 logical=35,469
[M41] event phase=17 ms=38198 kind=1 raw=14,1 logical=1,465
[M41] event phase=17 ms=38248 kind=0 raw=14,1 logical=1,465
[M41] event phase=17 ms=38498 kind=1 raw=140,336 logical=336,339
[M41] event phase=17 ms=38568 kind=0 raw=140,336 logical=336,339
[M41] event phase=17 ms=38728 kind=1 raw=155,373 logical=373,324
[M41] event phase=17 ms=38778 kind=0 raw=155,373 logical=373,324
[M41] event phase=17 ms=38858 kind=1 raw=278,581 logical=581,201
[M41] event phase=17 ms=38938 kind=0 raw=278,581 logical=581,201
[M41] event phase=17 ms=38948 kind=1 raw=142,385 logical=385,337
[M41] event phase=17 ms=39018 kind=0 raw=142,385 logical=385,337
[M41] event phase=17 ms=39079 kind=1 raw=304,566 logical=566,175
[M41] event phase=17 ms=39158 kind=2 raw=302,566 logical=566,177
[M41] event phase=17 ms=39208 kind=0 raw=297,567 logical=567,182
[M41] event phase=17 ms=39269 kind=1 raw=92,373 logical=373,387
[M41] event phase=17 ms=39318 kind=0 raw=92,373 logical=373,387
[M41] event phase=17 ms=39458 kind=1 raw=133,347 logical=347,346
[M41] event phase=17 ms=39498 kind=0 raw=133,347 logical=347,346
[M41] event phase=17 ms=39639 kind=1 raw=176,331 logical=331,303
[M41] event phase=17 ms=39668 kind=0 raw=176,331 logical=331,303
[M41] event phase=17 ms=39789 kind=1 raw=193,319 logical=319,286
[M41] event phase=17 ms=39828 kind=0 raw=193,319 logical=319,286
[M41] event phase=17 ms=39958 kind=1 raw=229,311 logical=311,250
[M41] event phase=17 ms=40008 kind=0 raw=229,311 logical=311,250
[M41] event phase=17 ms=40139 kind=1 raw=234,290 logical=290,245
[M41] event phase=17 ms=40168 kind=0 raw=234,290 logical=290,245
[M41] event phase=17 ms=40278 kind=1 raw=252,316 logical=316,227
[M41] event phase=17 ms=40338 kind=0 raw=252,316 logical=316,227
[M41] event phase=17 ms=40618 kind=1 raw=278,443 logical=443,201
[M41] event phase=17 ms=40658 kind=0 raw=278,443 logical=443,201
[M41] event phase=17 ms=40768 kind=1 raw=280,508 logical=508,199
[M41] event phase=17 ms=40828 kind=0 raw=280,508 logical=508,199
[M41] event phase=17 ms=40938 kind=1 raw=273,582 logical=582,206
[M41] event phase=17 ms=40968 kind=0 raw=273,582 logical=582,206
[M41] event phase=17 ms=41098 kind=1 raw=283,668 logical=668,196
[M41] event phase=17 ms=41148 kind=0 raw=283,668 logical=668,196
[M41] event phase=17 ms=41238 kind=1 raw=248,678 logical=678,231
[M41] event phase=17 ms=41308 kind=0 raw=248,678 logical=678,231
[M41] event phase=17 ms=41408 kind=1 raw=197,690 logical=690,282
[M41] event phase=17 ms=41458 kind=0 raw=197,690 logical=690,282
[M41] event phase=17 ms=41589 kind=1 raw=162,629 logical=629,317
[M41] event phase=17 ms=41628 kind=0 raw=162,629 logical=629,317
[M41] event phase=17 ms=41748 kind=1 raw=133,582 logical=582,346
[M41] event phase=17 ms=41808 kind=2 raw=135,580 logical=580,344
[M41] event phase=17 ms=41818 kind=0 raw=135,580 logical=580,344
[M41] event phase=17 ms=41959 kind=1 raw=208,583 logical=583,271
[M41] event phase=17 ms=42008 kind=0 raw=208,583 logical=583,271
[M41] event phase=17 ms=42128 kind=1 raw=269,597 logical=597,210
[M41] event phase=17 ms=42178 kind=0 raw=269,597 logical=597,210
[M41] event phase=17 ms=42298 kind=1 raw=285,598 logical=598,194
[M41] event phase=17 ms=42358 kind=0 raw=285,598 logical=598,194
[M41] event phase=17 ms=42479 kind=1 raw=288,601 logical=601,191
[M41] event phase=17 ms=42518 kind=0 raw=288,601 logical=601,191
[M41] event phase=17 ms=42779 kind=1 raw=263,535 logical=535,216
[M41] event phase=17 ms=42828 kind=0 raw=263,535 logical=535,216
[M41] event phase=17 ms=42928 kind=1 raw=289,510 logical=510,190
[M41] event phase=17 ms=42979 kind=2 raw=289,509 logical=509,190
[M41] event phase=17 ms=43008 kind=0 raw=289,507 logical=507,190
[M41] event phase=17 ms=43108 kind=1 raw=298,427 logical=427,181
[M41] event phase=17 ms=43178 kind=0 raw=298,427 logical=427,181
[M41] event phase=17 ms=43298 kind=1 raw=274,331 logical=331,205
[M41] event phase=17 ms=43358 kind=0 raw=274,331 logical=331,205
[M41] event phase=17 ms=43479 kind=1 raw=267,298 logical=298,212
[M41] event phase=17 ms=43508 kind=0 raw=267,298 logical=298,212
[M41] event phase=17 ms=43628 kind=1 raw=238,223 logical=223,241
[M41] event phase=17 ms=43678 kind=0 raw=238,223 logical=223,241
[M41] event phase=17 ms=43809 kind=1 raw=204,226 logical=226,275
[M41] event phase=17 ms=43848 kind=0 raw=204,226 logical=226,275
[M41] event phase=17 ms=43969 kind=1 raw=196,319 logical=319,283
[M41] event phase=17 ms=44028 kind=2 raw=196,328 logical=328,283
[M41] event phase=17 ms=44078 kind=2 raw=196,348 logical=348,283
[M41] event phase=17 ms=44139 kind=2 raw=203,390 logical=390,276
[M41] event phase=17 ms=44198 kind=2 raw=213,476 logical=476,266
[M41] event phase=17 ms=44248 kind=2 raw=207,514 logical=514,272
[M41] touch_coverage_bits=31 event_count=512 overflow=302 shared_codec=ESP_OK shared_touch=ESP_OK
[M41] heap_loss psram=0 internal=0 largest_before=30408692 largest_after=30408692 workers=3 drain_errors=0 shutdown=ESP_OK result=PASS
[MEM] M41 after audio shutdown PSRAM total=33554432 free=30843568 largest=30408692 internal_free=511132
