
# HOST LOAD 0 3
[Q COMMAND] LOAD 0 3
[Q ACK] load=1
[M6 read] bytes=352800 read_us=691874 bytes_per_second=509919 original_channels=1 rate=44100 total_psram=33554432
[M6 load] track=0 file_bytes=352844 pcm_bytes=352800 load_publish_us=1118910 payload=352800 transient=352800 peak_payload=396900 ps_free=30392872 largest=29884404 internal=224388 display=2304000 fx_delay=352800 reserve=4194304
[M6.1 replacement] retired_clear=1 ps_delta=315392 status=READY

# HOST CMD 6 0 67 0 0
[Q COMMAND] CMD 6 0 67 0 0
[Q ACK] sent=1

# HOST CMD 11 0 0 0 0
[Q COMMAND] CMD 11 0 0 0 0
[Q ACK] sent=1

# HOST CMD 6 0 43 0 0
[Q COMMAND] CMD 6 0 43 0 0
[Q ACK] sent=1

# HOST CMD 11 0 1 0 0
[Q COMMAND] CMD 11 0 1 0 0
[Q ACK] sent=1

# HOST STATE
[Q COMMAND] STATE
[Q STATE] bpm=120 swing=50 playing=0 mode=0 chain_length=0 chain_loop=0 project_busy=0 restoring=0 sample_busy=0 project_status=PROJECT READY sample_status=SAMPLE READY
[Q TRACK] track=0 source=1 pitch=67 synth_pitch=43 sample_pitch=67 mute=0 solo=0 start=0 end=65535 reverse=0 mode=0 choke=0 cutoff=0 resonance=0 send=127 slices=1 enabled=0 selected=0 frames=176400 waveform=0720701a name=m19p_mixed.wav
[Q SLICE] track=0 index=0 start=0 end=65535
[Q TRACK] track=1 source=0 pitch=39 synth_pitch=39 sample_pitch=60 mute=0 solo=0 start=0 end=65535 reverse=0 mode=0 choke=0 cutoff=0 resonance=0 send=127 slices=1 enabled=0 selected=0 frames=0 waveform=5f6c8245 name=
[Q SLICE] track=1 index=0 start=0 end=65535
[Q TRACK] track=2 source=0 pitch=42 synth_pitch=42 sample_pitch=60 mute=0 solo=0 start=0 end=65535 reverse=0 mode=0 choke=0 cutoff=0 resonance=0 send=127 slices=1 enabled=0 selected=0 frames=0 waveform=5f6c8245 name=
[Q SLICE] track=2 index=0 start=0 end=65535
[Q TRACK] track=3 source=0 pitch=45 synth_pitch=45 sample_pitch=60 mute=0 solo=0 start=0 end=65535 reverse=0 mode=0 choke=0 cutoff=0 resonance=0 send=127 slices=1 enabled=0 selected=0 frames=0 waveform=5f6c8245 name=
[Q SLICE] track=3 index=0 start=0 end=65535
[Q PATTERN] index=0 length=16 masks=0000,0000,0000
[Q LOCK] pattern=0 step=0 mask=0 slice=0
[Q LOCK] pattern=0 step=1 mask=0 slice=0
[Q LOCK] pattern=0 step=2 mask=0 slice=0
[Q LOCK] pattern=0 step=3 mask=0 slice=0
[Q PATTERN] index=1 length=16 masks=0000,0000,0000
[Q LOCK] pattern=1 step=0 mask=0 slice=0
[Q LOCK] pattern=1 step=1 mask=0 slice=0
[Q LOCK] pattern=1 step=2 mask=0 slice=0
[Q LOCK] pattern=1 step=3 mask=0 slice=0
[Q PATTERN] index=2 length=16 masks=0000,0000,0000
[Q LOCK] pattern=2 step=0 mask=0 slice=0
[Q LOCK] pattern=2 step=1 mask=0 slice=0
[Q LOCK] pattern=2 step=2 mask=0 slice=0
[Q LOCK] pattern=2 step=3 mask=0 slice=0
[Q PATTERN] index=3 length=16 masks=0000,0000,0000
[Q LOCK] pattern=3 step=0 mask=0 slice=0
[Q LOCK] pattern=3 step=1 mask=0 slice=0
[Q LOCK] pattern=3 step=2 mask=0 slice=0
[Q LOCK] pattern=3 step=3 mask=0 slice=0
[Q TRANSIENT] state=0 request=0 progress=0 count=1 stale_discarded=0 apply=0 cancel=0 duration_max_us=0 chunk_max_us=0
[Q PROPOSAL] index=0 start=0 end=65535
[Q HEAP] tag=state internal=224388 free=30392872 largest=29884404
[Q PLAYBACK] triggers=9 reverse=0 gate=0 releases=0 chokes=0 retriggers=2 repeat_accepts=0 repeat_hits=0 chain_loops=0

# HOST CMD 3 0 0 0 0
[Q COMMAND] CMD 3 0 0 0 0
[Q ACK] sent=1

# HOST CMD 55 0 4 0 0
[Q COMMAND] CMD 55 0 4 0 0
[Q ACK] sent=1

# HOST CMD 52 0 2 0 0
[Q COMMAND] CMD 52 0 2 0 0
[Q ACK] sent=1

# HOST CMD 59 0 0 0 2
[Q COMMAND] CMD 59 0 0 0 2
[Q ACK] sent=1

# HOST STATE
[Q COMMAND] STATE
[Q STATE] bpm=120 swing=50 playing=0 mode=0 chain_length=0 chain_loop=0 project_busy=0 restoring=0 sample_busy=0 project_status=PROJECT READY sample_status=SAMPLE READY
[Q TRACK] track=0 source=1 pitch=67 synth_pitch=43 sample_pitch=67 mute=0 solo=0 start=0 end=65535 reverse=0 mode=0 choke=0 cutoff=0 resonance=0 send=127 slices=4 enabled=0 selected=2 frames=176400 waveform=0720701a name=m19p_mixed.wav
[Q SLICE] track=0 index=0 start=0 end=16383
[Q SLICE] track=0 index=1 start=16383 end=32767
[Q SLICE] track=0 index=2 start=32767 end=49151
[Q SLICE] track=0 index=3 start=49151 end=65535
[Q TRACK] track=1 source=0 pitch=39 synth_pitch=39 sample_pitch=60 mute=0 solo=0 start=0 end=65535 reverse=0 mode=0 choke=0 cutoff=0 resonance=0 send=127 slices=1 enabled=0 selected=0 frames=0 waveform=5f6c8245 name=
[Q SLICE] track=1 index=0 start=0 end=65535
[Q TRACK] track=2 source=0 pitch=42 synth_pitch=42 sample_pitch=60 mute=0 solo=0 start=0 end=65535 reverse=0 mode=0 choke=0 cutoff=0 resonance=0 send=127 slices=1 enabled=0 selected=0 frames=0 waveform=5f6c8245 name=
[Q SLICE] track=2 index=0 start=0 end=65535
[Q TRACK] track=3 source=0 pitch=45 synth_pitch=45 sample_pitch=60 mute=0 solo=0 start=0 end=65535 reverse=0 mode=0 choke=0 cutoff=0 resonance=0 send=127 slices=1 enabled=0 selected=0 frames=0 waveform=5f6c8245 name=
[Q SLICE] track=3 index=0 start=0 end=65535
[Q PATTERN] index=0 length=16 masks=0000,0000,0000
[Q LOCK] pattern=0 step=0 mask=0 slice=0
[Q LOCK] pattern=0 step=1 mask=0 slice=0
[Q LOCK] pattern=0 step=2 mask=0 slice=0
[Q LOCK] pattern=0 step=3 mask=0 slice=0
[Q PATTERN] index=1 length=16 masks=0000,0000,0000
[Q LOCK] pattern=1 step=0 mask=0 slice=0
[Q LOCK] pattern=1 step=1 mask=0 slice=0
[Q LOCK] pattern=1 step=2 mask=0 slice=0
[Q LOCK] pattern=1 step=3 mask=0 slice=0
[Q PATTERN] index=2 length=16 masks=0000,0000,0000
[Q LOCK] pattern=2 step=0 mask=0 slice=0
[Q LOCK] pattern=2 step=1 mask=0 slice=0
[Q LOCK] pattern=2 step=2 mask=0 slice=0
[Q LOCK] pattern=2 step=3 mask=0 slice=0
[Q PATTERN] index=3 length=16 masks=0000,0000,0000
[Q LOCK] pattern=3 step=0 mask=0 slice=0
[Q LOCK] pattern=3 step=1 mask=0 slice=0
[Q LOCK] pattern=3 step=2 mask=0 slice=0
[Q LOCK] pattern=3 step=3 mask=0 slice=0
[Q TRANSIENT] state=0 request=0 progress=0 count=1 stale_discarded=0 apply=0 cancel=0 duration_max_us=0 chunk_max_us=0
[Q PROPOSAL] index=0 start=0 end=65535
[Q HEAP] tag=state internal=224388 free=30392872 largest=29884404
[Q PLAYBACK] triggers=11 reverse=0 gate=0 releases=0 chokes=0 retriggers=3 repeat_accepts=0 repeat_hits=0 chain_loops=0

# HOST CMD 55 0 8 0 0
[Q COMMAND] CMD 55 0 8 0 0
[Q ACK] sent=1

# HOST CMD 52 0 2 0 0
[Q COMMAND] CMD 52 0 2 0 0
[Q ACK] sent=1

# HOST CMD 59 0 0 0 2
[Q COMMAND] CMD 59 0 0 0 2
[Q ACK] sent=1

# HOST STATE
[Q COMMAND] STATE
[Q STATE] bpm=120 swing=50 playing=0 mode=0 chain_length=0 chain_loop=0 project_busy=0 restoring=0 sample_busy=0 project_status=PROJECT READY sample_status=SAMPLE READY
[Q TRACK] track=0 source=1 pitch=67 synth_pitch=43 sample_pitch=67 mute=0 solo=0 start=0 end=65535 reverse=0 mode=0 choke=0 cutoff=0 resonance=0 send=127 slices=8 enabled=0 selected=2 frames=176400 waveform=0720701a name=m19p_mixed.wav
[Q SLICE] track=0 index=0 start=0 end=8191
[Q SLICE] track=0 index=1 start=8191 end=16383
[Q SLICE] track=0 index=2 start=16383 end=24575
[Q SLICE] track=0 index=3 start=24575 end=32767
[Q SLICE] track=0 index=4 start=32767 end=40959
[Q SLICE] track=0 index=5 start=40959 end=49151
[Q SLICE] track=0 index=6 start=49151 end=57343
[Q SLICE] track=0 index=7 start=57343 end=65535
[Q TRACK] track=1 source=0 pitch=39 synth_pitch=39 sample_pitch=60 mute=0 solo=0 start=0 end=65535 reverse=0 mode=0 choke=0 cutoff=0 resonance=0 send=127 slices=1 enabled=0 selected=0 frames=0 waveform=5f6c8245 name=
[Q SLICE] track=1 index=0 start=0 end=65535
[Q TRACK] track=2 source=0 pitch=42 synth_pitch=42 sample_pitch=60 mute=0 solo=0 start=0 end=65535 reverse=0 mode=0 choke=0 cutoff=0 resonance=0 send=127 slices=1 enabled=0 selected=0 frames=0 waveform=5f6c8245 name=
[Q SLICE] track=2 index=0 start=0 end=65535
[Q TRACK] track=3 source=0 pitch=45 synth_pitch=45 sample_pitch=60 mute=0 solo=0 start=0 end=65535 reverse=0 mode=0 choke=0 cutoff=0 resonance=0 send=127 slices=1 enabled=0 selected=0 frames=0 waveform=5f6c8245 name=
[Q SLICE] track=3 index=0 start=0 end=65535
[Q PATTERN] index=0 length=16 masks=0000,0000,0000
[Q LOCK] pattern=0 step=0 mask=0 slice=0
[Q LOCK] pattern=0 step=1 mask=0 slice=0
[Q LOCK] pattern=0 step=2 mask=0 slice=0
[Q LOCK] pattern=0 step=3 mask=0 slice=0
[Q PATTERN] index=1 length=16 masks=0000,0000,0000
[Q LOCK] pattern=1 step=0 mask=0 slice=0
[Q LOCK] pattern=1 step=1 mask=0 slice=0
[Q LOCK] pattern=1 step=2 mask=0 slice=0
[Q LOCK] pattern=1 step=3 mask=0 slice=0
[Q PATTERN] index=2 length=16 masks=0000,0000,0000
[Q LOCK] pattern=2 step=0 mask=0 slice=0
[Q LOCK] pattern=2 step=1 mask=0 slice=0
[Q LOCK] pattern=2 step=2 mask=0 slice=0
[Q LOCK] pattern=2 step=3 mask=0 slice=0
[Q PATTERN] index=3 length=16 masks=0000,0000,0000
[Q LOCK] pattern=3 step=0 mask=0 slice=0
[Q LOCK] pattern=3 step=1 mask=0 slice=0
[Q LOCK] pattern=3 step=2 mask=0 slice=0
[Q LOCK] pattern=3 step=3 mask=0 slice=0
[Q TRANSIENT] state=0 request=0 progress=0 count=1 stale_discarded=0 apply=0 cancel=0 duration_max_us=0 chunk_max_us=0
[Q PROPOSAL] index=0 start=0 end=65535
[Q HEAP] tag=state internal=224388 free=30392872 largest=29884404
[Q PLAYBACK] triggers=12 reverse=0 gate=0 releases=0 chokes=0 retriggers=3 repeat_accepts=0 repeat_hits=0 chain_loops=0

# HOST CMD 55 0 16 0 0
[Q COMMAND] CMD 55 0 16 0 0
[Q ACK] sent=1

# HOST CMD 52 0 2 0 0
[Q COMMAND] CMD 52 0 2 0 0
[Q ACK] sent=1

# HOST CMD 59 0 0 0 2
[Q COMMAND] CMD 59 0 0 0 2
[Q ACK] sent=1

# HOST STATE
[Q COMMAND] STATE
[Q STATE] bpm=120 swing=50 playing=0 mode=0 chain_length=0 chain_loop=0 project_busy=0 restoring=0 sample_busy=0 project_status=PROJECT READY sample_status=SAMPLE READY
[Q TRACK] track=0 source=1 pitch=67 synth_pitch=43 sample_pitch=67 mute=0 solo=0 start=0 end=65535 reverse=0 mode=0 choke=0 cutoff=0 resonance=0 send=127 slices=16 enabled=0 selected=2 frames=176400 waveform=0720701a name=m19p_mixed.wav
[Q SLICE] track=0 index=0 start=0 end=4095
[Q SLICE] track=0 index=1 start=4095 end=8191
[Q SLICE] track=0 index=2 start=8191 end=12287
[Q SLICE] track=0 index=3 start=12287 end=16383
[Q SLICE] track=0 index=4 start=16383 end=20479
[Q SLICE] track=0 index=5 start=20479 end=24575
[Q SLICE] track=0 index=6 start=24575 end=28671
[Q SLICE] track=0 index=7 start=28671 end=32767
[Q SLICE] track=0 index=8 start=32767 end=36863
[Q SLICE] track=0 index=9 start=36863 end=40959
[Q SLICE] track=0 index=10 start=40959 end=45055
[Q SLICE] track=0 index=11 start=45055 end=49151
[Q SLICE] track=0 index=12 start=49151 end=53247
[Q SLICE] track=0 index=13 start=53247 end=57343
[Q SLICE] track=0 index=14 start=57343 end=61439
[Q SLICE] track=0 index=15 start=61439 end=65535
[Q TRACK] track=1 source=0 pitch=39 synth_pitch=39 sample_pitch=60 mute=0 solo=0 start=0 end=65535 reverse=0 mode=0 choke=0 cutoff=0 resonance=0 send=127 slices=1 enabled=0 selected=0 frames=0 waveform=5f6c8245 name=
[Q SLICE] track=1 index=0 start=0 end=65535
[Q TRACK] track=2 source=0 pitch=42 synth_pitch=42 sample_pitch=60 mute=0 solo=0 start=0 end=65535 reverse=0 mode=0 choke=0 cutoff=0 resonance=0 send=127 slices=1 enabled=0 selected=0 frames=0 waveform=5f6c8245 name=
[Q SLICE] track=2 index=0 start=0 end=65535
[Q TRACK] track=3 source=0 pitch=45 synth_pitch=45 sample_pitch=60 mute=0 solo=0 start=0 end=65535 reverse=0 mode=0 choke=0 cutoff=0 resonance=0 send=127 slices=1 enabled=0 selected=0 frames=0 waveform=5f6c8245 name=
[Q SLICE] track=3 index=0 start=0 end=65535
[Q PATTERN] index=0 length=16 masks=0000,0000,0000
[Q LOCK] pattern=0 step=0 mask=0 slice=0
[Q LOCK] pattern=0 step=1 mask=0 slice=0
[Q LOCK] pattern=0 step=2 mask=0 slice=0
[Q LOCK] pattern=0 step=3 mask=0 slice=0
[Q PATTERN] index=1 length=16 masks=0000,0000,0000
[Q LOCK] pattern=1 step=0 mask=0 slice=0
[Q LOCK] pattern=1 step=1 mask=0 slice=0
[Q LOCK] pattern=1 step=2 mask=0 slice=0
[Q LOCK] pattern=1 step=3 mask=0 slice=0
[Q PATTERN] index=2 length=16 masks=0000,0000,0000
[Q LOCK] pattern=2 step=0 mask=0 slice=0
[Q LOCK] pattern=2 step=1 mask=0 slice=0
[Q LOCK] pattern=2 step=2 mask=0 slice=0
[Q LOCK] pattern=2 step=3 mask=0 slice=0
[Q PATTERN] index=3 length=16 masks=0000,0000,0000
[Q LOCK] pattern=3 step=0 mask=0 slice=0
[Q LOCK] pattern=3 step=1 mask=0 slice=0
[Q LOCK] pattern=3 step=2 mask=0 slice=0
[Q LOCK] pattern=3 step=3 mask=0 slice=0
[Q TRANSIENT] state=0 request=0 progress=0 count=1 stale_discarded=0 apply=0 cancel=0 duration_max_us=0 chunk_max_us=0
[Q PROPOSAL] index=0 start=0 end=65535
[Q HEAP] tag=state internal=224388 free=30392872 largest=29884404
[Q PLAYBACK] triggers=13 reverse=0 gate=0 releases=0 chokes=0 retriggers=3 repeat_accepts=0 repeat_hits=0 chain_loops=0

# HOST CMD 53 0 9000 0 1
[Q COMMAND] CMD 53 0 9000 0 1
[Q ACK] sent=1

# HOST CMD 54 0 19000 0 1
[Q COMMAND] CMD 54 0 19000 0 1
[Q ACK] sent=1

# HOST STATE
[Q COMMAND] STATE
[Q STATE] bpm=120 swing=50 playing=0 mode=0 chain_length=0 chain_loop=0 project_busy=0 restoring=0 sample_busy=0 project_status=PROJECT READY sample_status=SAMPLE READY
[Q TRACK] track=0 source=1 pitch=67 synth_pitch=43 sample_pitch=67 mute=0 solo=0 start=0 end=65535 reverse=0 mode=0 choke=0 cutoff=0 resonance=0 send=127 slices=16 enabled=0 selected=2 frames=176400 waveform=0720701a name=m19p_mixed.wav
[Q SLICE] track=0 index=0 start=0 end=4095
[Q SLICE] track=0 index=1 start=8190 end=19000
[Q SLICE] track=0 index=2 start=8191 end=12287
[Q SLICE] track=0 index=3 start=12287 end=16383
[Q SLICE] track=0 index=4 start=16383 end=20479
[Q SLICE] track=0 index=5 start=20479 end=24575
[Q SLICE] track=0 index=6 start=24575 end=28671
[Q SLICE] track=0 index=7 start=28671 end=32767
[Q SLICE] track=0 index=8 start=32767 end=36863
[Q SLICE] track=0 index=9 start=36863 end=40959
[Q SLICE] track=0 index=10 start=40959 end=45055
[Q SLICE] track=0 index=11 start=45055 end=49151
[Q SLICE] track=0 index=12 start=49151 end=53247
[Q SLICE] track=0 index=13 start=53247 end=57343
[Q SLICE] track=0 index=14 start=57343 end=61439
[Q SLICE] track=0 index=15 start=61439 end=65535
[Q TRACK] track=1 source=0 pitch=39 synth_pitch=39 sample_pitch=60 mute=0 solo=0 start=0 end=65535 reverse=0 mode=0 choke=0 cutoff=0 resonance=0 send=127 slices=1 enabled=0 selected=0 frames=0 waveform=5f6c8245 name=
[Q SLICE] track=1 index=0 start=0 end=65535
[Q TRACK] track=2 source=0 pitch=42 synth_pitch=42 sample_pitch=60 mute=0 solo=0 start=0 end=65535 reverse=0 mode=0 choke=0 cutoff=0 resonance=0 send=127 slices=1 enabled=0 selected=0 frames=0 waveform=5f6c8245 name=
[Q SLICE] track=2 index=0 start=0 end=65535
[Q TRACK] track=3 source=0 pitch=45 synth_pitch=45 sample_pitch=60 mute=0 solo=0 start=0 end=65535 reverse=0 mode=0 choke=0 cutoff=0 resonance=0 send=127 slices=1 enabled=0 selected=0 frames=0 waveform=5f6c8245 name=
[Q SLICE] track=3 index=0 start=0 end=65535
[Q PATTERN] index=0 length=16 masks=0000,0000,0000
[Q LOCK] pattern=0 step=0 mask=0 slice=0
[Q LOCK] pattern=0 step=1 mask=0 slice=0
[Q LOCK] pattern=0 step=2 mask=0 slice=0
[Q LOCK] pattern=0 step=3 mask=0 slice=0
[Q PATTERN] index=1 length=16 masks=0000,0000,0000
[Q LOCK] pattern=1 step=0 mask=0 slice=0
[Q LOCK] pattern=1 step=1 mask=0 slice=0
[Q LOCK] pattern=1 step=2 mask=0 slice=0
[Q LOCK] pattern=1 step=3 mask=0 slice=0
[Q PATTERN] index=2 length=16 masks=0000,0000,0000
[Q LOCK] pattern=2 step=0 mask=0 slice=0
[Q LOCK] pattern=2 step=1 mask=0 slice=0
[Q LOCK] pattern=2 step=2 mask=0 slice=0
[Q LOCK] pattern=2 step=3 mask=0 slice=0
[Q PATTERN] index=3 length=16 masks=0000,0000,0000
[Q LOCK] pattern=3 step=0 mask=0 slice=0
[Q LOCK] pattern=3 step=1 mask=0 slice=0
[Q LOCK] pattern=3 step=2 mask=0 slice=0
[Q LOCK] pattern=3 step=3 mask=0 slice=0
[Q TRANSIENT] state=0 request=0 progress=0 count=1 stale_discarded=0 apply=0 cancel=0 duration_max_us=0 chunk_max_us=0
[Q PROPOSAL] index=0 start=0 end=65535
[Q HEAP] tag=state internal=224388 free=30392872 largest=29884404
[Q PLAYBACK] triggers=13 reverse=0 gate=0 releases=0 chokes=0 retriggers=3 repeat_accepts=0 repeat_hits=0 chain_loops=0

# HOST STATE
[Q COMMAND] STATE
[Q STATE] bpm=120 swing=50 playing=0 mode=0 chain_length=0 chain_loop=0 project_busy=0 restoring=0 sample_busy=0 project_status=PROJECT READY sample_status=SAMPLE READY
[Q TRACK] track=0 source=1 pitch=67 synth_pitch=43 sample_pitch=67 mute=0 solo=0 start=0 end=65535 reverse=0 mode=0 choke=0 cutoff=0 resonance=0 send=127 slices=16 enabled=0 selected=2 frames=176400 waveform=0720701a name=m19p_mixed.wav
[Q SLICE] track=0 index=0 start=0 end=4095
[Q SLICE] track=0 index=1 start=8190 end=19000
[Q SLICE] track=0 index=2 start=8191 end=12287
[Q SLICE] track=0 index=3 start=12287 end=16383
[Q SLICE] track=0 index=4 start=16383 end=20479
[Q SLICE] track=0 index=5 start=20479 end=24575
[Q SLICE] track=0 index=6 start=24575 end=28671
[Q SLICE] track=0 index=7 start=28671 end=32767
[Q SLICE] track=0 index=8 start=32767 end=36863
[Q SLICE] track=0 index=9 start=36863 end=40959
[Q SLICE] track=0 index=10 start=40959 end=45055
[Q SLICE] track=0 index=11 start=45055 end=49151
[Q SLICE] track=0 index=12 start=49151 end=53247
[Q SLICE] track=0 index=13 start=53247 end=57343
[Q SLICE] track=0 index=14 start=57343 end=61439
[Q SLICE] track=0 index=15 start=61439 end=65535
[Q TRACK] track=1 source=0 pitch=39 synth_pitch=39 sample_pitch=60 mute=0 solo=0 start=0 end=65535 reverse=0 mode=0 choke=0 cutoff=0 resonance=0 send=127 slices=1 enabled=0 selected=0 frames=0 waveform=5f6c8245 name=
[Q SLICE] track=1 index=0 start=0 end=65535
[Q TRACK] track=2 source=0 pitch=42 synth_pitch=42 sample_pitch=60 mute=0 solo=0 start=0 end=65535 reverse=0 mode=0 choke=0 cutoff=0 resonance=0 send=127 slices=1 enabled=0 selected=0 frames=0 waveform=5f6c8245 name=
[Q SLICE] track=2 index=0 start=0 end=65535
[Q TRACK] track=3 source=0 pitch=45 synth_pitch=45 sample_pitch=60 mute=0 solo=0 start=0 end=65535 reverse=0 mode=0 choke=0 cutoff=0 resonance=0 send=127 slices=1 enabled=0 selected=0 frames=0 waveform=5f6c8245 name=
[Q SLICE] track=3 index=0 start=0 end=65535
[Q PATTERN] index=0 length=16 masks=0000,0000,0000
[Q LOCK] pattern=0 step=0 mask=0 slice=0
[Q LOCK] pattern=0 step=1 mask=0 slice=0
[Q LOCK] pattern=0 step=2 mask=0 slice=0
[Q LOCK] pattern=0 step=3 mask=0 slice=0
[Q PATTERN] index=1 length=16 masks=0000,0000,0000
[Q LOCK] pattern=1 step=0 mask=0 slice=0
[Q LOCK] pattern=1 step=1 mask=0 slice=0
[Q LOCK] pattern=1 step=2 mask=0 slice=0
[Q LOCK] pattern=1 step=3 mask=0 slice=0
[Q PATTERN] index=2 length=16 masks=0000,0000,0000
[Q LOCK] pattern=2 step=0 mask=0 slice=0
[Q LOCK] pattern=2 step=1 mask=0 slice=0
[Q LOCK] pattern=2 step=2 mask=0 slice=0
[Q LOCK] pattern=2 step=3 mask=0 slice=0
[Q PATTERN] index=3 length=16 masks=0000,0000,0000
[Q LOCK] pattern=3 step=0 mask=0 slice=0
[Q LOCK] pattern=3 step=1 mask=0 slice=0
[Q LOCK] pattern=3 step=2 mask=0 slice=0
[Q LOCK] pattern=3 step=3 mask=0 slice=0
[Q TRANSIENT] state=0 request=0 progress=0 count=1 stale_discarded=0 apply=0 cancel=0 duration_max_us=0 chunk_max_us=0
[Q PROPOSAL] index=0 start=0 end=65535
[Q HEAP] tag=state internal=224388 free=30392872 largest=29884404
[Q PLAYBACK] triggers=13 reverse=0 gate=0 releases=0 chokes=0 retriggers=3 repeat_accepts=0 repeat_hits=0 chain_loops=0

# HOST CMD 78 0 264 0 0
[Q COMMAND] CMD 78 0 264 0 0
[Q ACK] sent=1

# HOST STATE
[Q COMMAND] STATE
[Q STATE] bpm=120 swing=50 playing=0 mode=0 chain_length=0 chain_loop=0 project_busy=0 restoring=0 sample_busy=0 project_status=PROJECT READY sample_status=SAMPLE READY
[Q TRACK] track=0 source=1 pitch=67 synth_pitch=43 sample_pitch=67 mute=0 solo=0 start=0 end=65535 reverse=0 mode=0 choke=0 cutoff=0 resonance=0 send=127 slices=16 enabled=0 selected=2 frames=176400 waveform=0720701a name=m19p_mixed.wav
[Q SLICE] track=0 index=0 start=0 end=4095
[Q SLICE] track=0 index=1 start=8190 end=19000
[Q SLICE] track=0 index=2 start=8191 end=12287
[Q SLICE] track=0 index=3 start=12287 end=16383
[Q SLICE] track=0 index=4 start=16383 end=20479
[Q SLICE] track=0 index=5 start=20479 end=24575
[Q SLICE] track=0 index=6 start=24575 end=28671
[Q SLICE] track=0 index=7 start=28671 end=32767
[Q SLICE] track=0 index=8 start=32767 end=36863
[Q SLICE] track=0 index=9 start=36863 end=40959
[Q SLICE] track=0 index=10 start=40959 end=45055
[Q SLICE] track=0 index=11 start=45055 end=49151
[Q SLICE] track=0 index=12 start=49151 end=53247
[Q SLICE] track=0 index=13 start=53247 end=57343
[Q SLICE] track=0 index=14 start=57343 end=61439
[Q SLICE] track=0 index=15 start=61439 end=65535
[Q TRACK] track=1 source=0 pitch=39 synth_pitch=39 sample_pitch=60 mute=0 solo=0 start=0 end=65535 reverse=0 mode=0 choke=0 cutoff=0 resonance=0 send=127 slices=1 enabled=0 selected=0 frames=0 waveform=5f6c8245 name=
[Q SLICE] track=1 index=0 start=0 end=65535
[Q TRACK] track=2 source=0 pitch=42 synth_pitch=42 sample_pitch=60 mute=0 solo=0 start=0 end=65535 reverse=0 mode=0 choke=0 cutoff=0 resonance=0 send=127 slices=1 enabled=0 selected=0 frames=0 waveform=5f6c8245 name=
[Q SLICE] track=2 index=0 start=0 end=65535
[Q TRACK] track=3 source=0 pitch=45 synth_pitch=45 sample_pitch=60 mute=0 solo=0 start=0 end=65535 reverse=0 mode=0 choke=0 cutoff=0 resonance=0 send=127 slices=1 enabled=0 selected=0 frames=0 waveform=5f6c8245 name=
[Q SLICE] track=3 index=0 start=0 end=65535
[Q PATTERN] index=0 length=16 masks=0000,0000,0000
[Q LOCK] pattern=0 step=0 mask=0 slice=0
[Q LOCK] pattern=0 step=1 mask=0 slice=0
[Q LOCK] pattern=0 step=2 mask=0 slice=0
[Q LOCK] pattern=0 step=3 mask=0 slice=0
[Q PATTERN] index=1 length=16 masks=0000,0000,0000
[Q LOCK] pattern=1 step=0 mask=0 slice=0
[Q LOCK] pattern=1 step=1 mask=0 slice=0
[Q LOCK] pattern=1 step=2 mask=0 slice=0
[Q LOCK] pattern=1 step=3 mask=0 slice=0
[Q PATTERN] index=2 length=16 masks=0000,0000,0000
[Q LOCK] pattern=2 step=0 mask=0 slice=0
[Q LOCK] pattern=2 step=1 mask=0 slice=0
[Q LOCK] pattern=2 step=2 mask=0 slice=0
[Q LOCK] pattern=2 step=3 mask=0 slice=0
[Q PATTERN] index=3 length=16 masks=0000,0000,0000
[Q LOCK] pattern=3 step=0 mask=0 slice=0
[Q LOCK] pattern=3 step=1 mask=0 slice=0
[Q LOCK] pattern=3 step=2 mask=0 slice=0
[Q LOCK] pattern=3 step=3 mask=0 slice=0
[Q TRANSIENT] state=3 request=1 progress=100 count=8 stale_discarded=0 apply=0 cancel=0 duration_max_us=61891 chunk_max_us=2273
[Q PROPOSAL] index=0 start=0 end=8192
[Q PROPOSAL] index=1 start=8192 end=16384
[Q PROPOSAL] index=2 start=16384 end=20480
[Q PROPOSAL] index=3 start=20480 end=28672
[Q PROPOSAL] index=4 start=28672 end=32768
[Q PROPOSAL] index=5 start=32768 end=45056
[Q PROPOSAL] index=6 start=45056 end=57344
[Q PROPOSAL] index=7 start=57344 end=65535
[Q HEAP] tag=state internal=224388 free=30392872 largest=29884404
[Q PLAYBACK] triggers=13 reverse=0 gate=0 releases=0 chokes=0 retriggers=3 repeat_accepts=0 repeat_hits=0 chain_loops=0

# HOST CMD 80 0 0 0 0
[Q COMMAND] CMD 80 0 0 0 0
[Q ACK] sent=1

# HOST STATE
[Q COMMAND] STATE
[Q STATE] bpm=120 swing=50 playing=0 mode=0 chain_length=0 chain_loop=0 project_busy=0 restoring=0 sample_busy=0 project_status=PROJECT READY sample_status=SAMPLE READY
[Q TRACK] track=0 source=1 pitch=67 synth_pitch=43 sample_pitch=67 mute=0 solo=0 start=0 end=65535 reverse=0 mode=0 choke=0 cutoff=0 resonance=0 send=127 slices=16 enabled=0 selected=2 frames=176400 waveform=0720701a name=m19p_mixed.wav
[Q SLICE] track=0 index=0 start=0 end=4095
[Q SLICE] track=0 index=1 start=8190 end=19000
[Q SLICE] track=0 index=2 start=8191 end=12287
[Q SLICE] track=0 index=3 start=12287 end=16383
[Q SLICE] track=0 index=4 start=16383 end=20479
[Q SLICE] track=0 index=5 start=20479 end=24575
[Q SLICE] track=0 index=6 start=24575 end=28671
[Q SLICE] track=0 index=7 start=28671 end=32767
[Q SLICE] track=0 index=8 start=32767 end=36863
[Q SLICE] track=0 index=9 start=36863 end=40959
[Q SLICE] track=0 index=10 start=40959 end=45055
[Q SLICE] track=0 index=11 start=45055 end=49151
[Q SLICE] track=0 index=12 start=49151 end=53247
[Q SLICE] track=0 index=13 start=53247 end=57343
[Q SLICE] track=0 index=14 start=57343 end=61439
[Q SLICE] track=0 index=15 start=61439 end=65535
[Q TRACK] track=1 source=0 pitch=39 synth_pitch=39 sample_pitch=60 mute=0 solo=0 start=0 end=65535 reverse=0 mode=0 choke=0 cutoff=0 resonance=0 send=127 slices=1 enabled=0 selected=0 frames=0 waveform=5f6c8245 name=
[Q SLICE] track=1 index=0 start=0 end=65535
[Q TRACK] track=2 source=0 pitch=42 synth_pitch=42 sample_pitch=60 mute=0 solo=0 start=0 end=65535 reverse=0 mode=0 choke=0 cutoff=0 resonance=0 send=127 slices=1 enabled=0 selected=0 frames=0 waveform=5f6c8245 name=
[Q SLICE] track=2 index=0 start=0 end=65535
[Q TRACK] track=3 source=0 pitch=45 synth_pitch=45 sample_pitch=60 mute=0 solo=0 start=0 end=65535 reverse=0 mode=0 choke=0 cutoff=0 resonance=0 send=127 slices=1 enabled=0 selected=0 frames=0 waveform=5f6c8245 name=
[Q SLICE] track=3 index=0 start=0 end=65535
[Q PATTERN] index=0 length=16 masks=0000,0000,0000
[Q LOCK] pattern=0 step=0 mask=0 slice=0
[Q LOCK] pattern=0 step=1 mask=0 slice=0
[Q LOCK] pattern=0 step=2 mask=0 slice=0
[Q LOCK] pattern=0 step=3 mask=0 slice=0
[Q PATTERN] index=1 length=16 masks=0000,0000,0000
[Q LOCK] pattern=1 step=0 mask=0 slice=0
[Q LOCK] pattern=1 step=1 mask=0 slice=0
[Q LOCK] pattern=1 step=2 mask=0 slice=0
[Q LOCK] pattern=1 step=3 mask=0 slice=0
[Q PATTERN] index=2 length=16 masks=0000,0000,0000
[Q LOCK] pattern=2 step=0 mask=0 slice=0
[Q LOCK] pattern=2 step=1 mask=0 slice=0
[Q LOCK] pattern=2 step=2 mask=0 slice=0
[Q LOCK] pattern=2 step=3 mask=0 slice=0
[Q PATTERN] index=3 length=16 masks=0000,0000,0000
[Q LOCK] pattern=3 step=0 mask=0 slice=0
[Q LOCK] pattern=3 step=1 mask=0 slice=0
[Q LOCK] pattern=3 step=2 mask=0 slice=0
[Q LOCK] pattern=3 step=3 mask=0 slice=0
[Q TRANSIENT] state=5 request=1 progress=100 count=8 stale_discarded=0 apply=0 cancel=1 duration_max_us=61891 chunk_max_us=2273
[Q PROPOSAL] index=0 start=0 end=8192
[Q PROPOSAL] index=1 start=8192 end=16384
[Q PROPOSAL] index=2 start=16384 end=20480
[Q PROPOSAL] index=3 start=20480 end=28672
[Q PROPOSAL] index=4 start=28672 end=32768
[Q PROPOSAL] index=5 start=32768 end=45056
[Q PROPOSAL] index=6 start=45056 end=57344
[Q PROPOSAL] index=7 start=57344 end=65535
[Q HEAP] tag=state internal=224388 free=30392872 largest=29884404
[Q PLAYBACK] triggers=13 reverse=0 gate=0 releases=0 chokes=0 retriggers=3 repeat_accepts=0 repeat_hits=0 chain_loops=0

# HOST CMD 78 0 264 0 0
[Q COMMAND] CMD 78 0 264 0 0
[Q ACK] sent=1

# HOST STATE
[Q COMMAND] STATE
[Q STATE] bpm=120 swing=50 playing=0 mode=0 chain_length=0 chain_loop=0 project_busy=0 restoring=0 sample_busy=0 project_status=PROJECT READY sample_status=SAMPLE READY
[Q TRACK] track=0 source=1 pitch=67 synth_pitch=43 sample_pitch=67 mute=0 solo=0 start=0 end=65535 reverse=0 mode=0 choke=0 cutoff=0 resonance=0 send=127 slices=16 enabled=0 selected=2 frames=176400 waveform=0720701a name=m19p_mixed.wav
[Q SLICE] track=0 index=0 start=0 end=4095
[Q SLICE] track=0 index=1 start=8190 end=19000
[Q SLICE] track=0 index=2 start=8191 end=12287
[Q SLICE] track=0 index=3 start=12287 end=16383
[Q SLICE] track=0 index=4 start=16383 end=20479
[Q SLICE] track=0 index=5 start=20479 end=24575
[Q SLICE] track=0 index=6 start=24575 end=28671
[Q SLICE] track=0 index=7 start=28671 end=32767
[Q SLICE] track=0 index=8 start=32767 end=36863
[Q SLICE] track=0 index=9 start=36863 end=40959
[Q SLICE] track=0 index=10 start=40959 end=45055
[Q SLICE] track=0 index=11 start=45055 end=49151
[Q SLICE] track=0 index=12 start=49151 end=53247
[Q SLICE] track=0 index=13 start=53247 end=57343
[Q SLICE] track=0 index=14 start=57343 end=61439
[Q SLICE] track=0 index=15 start=61439 end=65535
[Q TRACK] track=1 source=0 pitch=39 synth_pitch=39 sample_pitch=60 mute=0 solo=0 start=0 end=65535 reverse=0 mode=0 choke=0 cutoff=0 resonance=0 send=127 slices=1 enabled=0 selected=0 frames=0 waveform=5f6c8245 name=
[Q SLICE] track=1 index=0 start=0 end=65535
[Q TRACK] track=2 source=0 pitch=42 synth_pitch=42 sample_pitch=60 mute=0 solo=0 start=0 end=65535 reverse=0 mode=0 choke=0 cutoff=0 resonance=0 send=127 slices=1 enabled=0 selected=0 frames=0 waveform=5f6c8245 name=
[Q SLICE] track=2 index=0 start=0 end=65535
[Q TRACK] track=3 source=0 pitch=45 synth_pitch=45 sample_pitch=60 mute=0 solo=0 start=0 end=65535 reverse=0 mode=0 choke=0 cutoff=0 resonance=0 send=127 slices=1 enabled=0 selected=0 frames=0 waveform=5f6c8245 name=
[Q SLICE] track=3 index=0 start=0 end=65535
[Q PATTERN] index=0 length=16 masks=0000,0000,0000
[Q LOCK] pattern=0 step=0 mask=0 slice=0
[Q LOCK] pattern=0 step=1 mask=0 slice=0
[Q LOCK] pattern=0 step=2 mask=0 slice=0
[Q LOCK] pattern=0 step=3 mask=0 slice=0
[Q PATTERN] index=1 length=16 masks=0000,0000,0000
[Q LOCK] pattern=1 step=0 mask=0 slice=0
[Q LOCK] pattern=1 step=1 mask=0 slice=0
[Q LOCK] pattern=1 step=2 mask=0 slice=0
[Q LOCK] pattern=1 step=3 mask=0 slice=0
[Q PATTERN] index=2 length=16 masks=0000,0000,0000
[Q LOCK] pattern=2 step=0 mask=0 slice=0
[Q LOCK] pattern=2 step=1 mask=0 slice=0
[Q LOCK] pattern=2 step=2 mask=0 slice=0
[Q LOCK] pattern=2 step=3 mask=0 slice=0
[Q PATTERN] index=3 length=16 masks=0000,0000,0000
[Q LOCK] pattern=3 step=0 mask=0 slice=0
[Q LOCK] pattern=3 step=1 mask=0 slice=0
[Q LOCK] pattern=3 step=2 mask=0 slice=0
[Q LOCK] pattern=3 step=3 mask=0 slice=0
[Q TRANSIENT] state=3 request=3 progress=100 count=8 stale_discarded=0 apply=0 cancel=1 duration_max_us=61891 chunk_max_us=2273
[Q PROPOSAL] index=0 start=0 end=8192
[Q PROPOSAL] index=1 start=8192 end=16384
[Q PROPOSAL] index=2 start=16384 end=20480
[Q PROPOSAL] index=3 start=20480 end=28672
[Q PROPOSAL] index=4 start=28672 end=32768
[Q PROPOSAL] index=5 start=32768 end=45056
[Q PROPOSAL] index=6 start=45056 end=57344
[Q PROPOSAL] index=7 start=57344 end=65535
[Q HEAP] tag=state internal=224388 free=30392872 largest=29884404
[Q PLAYBACK] triggers=13 reverse=0 gate=0 releases=0 chokes=0 retriggers=3 repeat_accepts=0 repeat_hits=0 chain_loops=0

# HOST STATE
[Q COMMAND] STATE
[Q STATE] bpm=120 swing=50 playing=0 mode=0 chain_length=0 chain_loop=0 project_busy=0 restoring=0 sample_busy=0 project_status=PROJECT READY sample_status=SAMPLE READY
[Q TRACK] track=0 source=1 pitch=67 synth_pitch=43 sample_pitch=67 mute=0 solo=0 start=0 end=65535 reverse=0 mode=0 choke=0 cutoff=0 resonance=0 send=127 slices=16 enabled=0 selected=2 frames=176400 waveform=0720701a name=m19p_mixed.wav
[Q SLICE] track=0 index=0 start=0 end=4095
[Q SLICE] track=0 index=1 start=8190 end=19000
[Q SLICE] track=0 index=2 start=8191 end=12287
[Q SLICE] track=0 index=3 start=12287 end=16383
[Q SLICE] track=0 index=4 start=16383 end=20479
[Q SLICE] track=0 index=5 start=20479 end=24575
[Q SLICE] track=0 index=6 start=24575 end=28671
[Q SLICE] track=0 index=7 start=28671 end=32767
[Q SLICE] track=0 index=8 start=32767 end=36863
[Q SLICE] track=0 index=9 start=36863 end=40959
[Q SLICE] track=0 index=10 start=40959 end=45055
[Q SLICE] track=0 index=11 start=45055 end=49151
[Q SLICE] track=0 index=12 start=49151 end=53247
[Q SLICE] track=0 index=13 start=53247 end=57343
[Q SLICE] track=0 index=14 start=57343 end=61439
[Q SLICE] track=0 index=15 start=61439 end=65535
[Q TRACK] track=1 source=0 pitch=39 synth_pitch=39 sample_pitch=60 mute=0 solo=0 start=0 end=65535 reverse=0 mode=0 choke=0 cutoff=0 resonance=0 send=127 slices=1 enabled=0 selected=0 frames=0 waveform=5f6c8245 name=
[Q SLICE] track=1 index=0 start=0 end=65535
[Q TRACK] track=2 source=0 pitch=42 synth_pitch=42 sample_pitch=60 mute=0 solo=0 start=0 end=65535 reverse=0 mode=0 choke=0 cutoff=0 resonance=0 send=127 slices=1 enabled=0 selected=0 frames=0 waveform=5f6c8245 name=
[Q SLICE] track=2 index=0 start=0 end=65535
[Q TRACK] track=3 source=0 pitch=45 synth_pitch=45 sample_pitch=60 mute=0 solo=0 start=0 end=65535 reverse=0 mode=0 choke=0 cutoff=0 resonance=0 send=127 slices=1 enabled=0 selected=0 frames=0 waveform=5f6c8245 name=
[Q SLICE] track=3 index=0 start=0 end=65535
[Q PATTERN] index=0 length=16 masks=0000,0000,0000
[Q LOCK] pattern=0 step=0 mask=0 slice=0
[Q LOCK] pattern=0 step=1 mask=0 slice=0
[Q LOCK] pattern=0 step=2 mask=0 slice=0
[Q LOCK] pattern=0 step=3 mask=0 slice=0
[Q PATTERN] index=1 length=16 masks=0000,0000,0000
[Q LOCK] pattern=1 step=0 mask=0 slice=0
[Q LOCK] pattern=1 step=1 mask=0 slice=0
[Q LOCK] pattern=1 step=2 mask=0 slice=0
[Q LOCK] pattern=1 step=3 mask=0 slice=0
[Q PATTERN] index=2 length=16 masks=0000,0000,0000
[Q LOCK] pattern=2 step=0 mask=0 slice=0
[Q LOCK] pattern=2 step=1 mask=0 slice=0
[Q LOCK] pattern=2 step=2 mask=0 slice=0
[Q LOCK] pattern=2 step=3 mask=0 slice=0
[Q PATTERN] index=3 length=16 masks=0000,0000,0000
[Q LOCK] pattern=3 step=0 mask=0 slice=0
[Q LOCK] pattern=3 step=1 mask=0 slice=0
[Q LOCK] pattern=3 step=2 mask=0 slice=0
[Q LOCK] pattern=3 step=3 mask=0 slice=0
[Q TRANSIENT] state=3 request=3 progress=100 count=8 stale_discarded=0 apply=0 cancel=1 duration_max_us=61891 chunk_max_us=2273
[Q PROPOSAL] index=0 start=0 end=8192
[Q PROPOSAL] index=1 start=8192 end=16384
[Q PROPOSAL] index=2 start=16384 end=20480
[Q PROPOSAL] index=3 start=20480 end=28672
[Q PROPOSAL] index=4 start=28672 end=32768
[Q PROPOSAL] index=5 start=32768 end=45056
[Q PROPOSAL] index=6 start=45056 end=57344
[Q PROPOSAL] index=7 start=57344 end=65535
[Q HEAP] tag=state internal=224388 free=30392872 largest=29884404
[Q PLAYBACK] triggers=13 reverse=0 gate=0 releases=0 chokes=0 retriggers=3 repeat_accepts=0 repeat_hits=0 chain_loops=0

# HOST CMD 79 0 3 0 0
[Q COMMAND] CMD 79 0 3 0 0
[Q ACK] sent=1

# HOST STATE
[Q COMMAND] STATE
[Q STATE] bpm=120 swing=50 playing=0 mode=0 chain_length=0 chain_loop=0 project_busy=0 restoring=0 sample_busy=0 project_status=PROJECT READY sample_status=SAMPLE READY
[Q TRACK] track=0 source=1 pitch=67 synth_pitch=43 sample_pitch=67 mute=0 solo=0 start=0 end=65535 reverse=0 mode=0 choke=0 cutoff=0 resonance=0 send=127 slices=8 enabled=1 selected=0 frames=176400 waveform=0720701a name=m19p_mixed.wav
[Q SLICE] track=0 index=0 start=0 end=8192
[Q SLICE] track=0 index=1 start=8192 end=16384
[Q SLICE] track=0 index=2 start=16384 end=20480
[Q SLICE] track=0 index=3 start=20480 end=28672
[Q SLICE] track=0 index=4 start=28672 end=32768
[Q SLICE] track=0 index=5 start=32768 end=45056
[Q SLICE] track=0 index=6 start=45056 end=57344
[Q SLICE] track=0 index=7 start=57344 end=65535
[Q TRACK] track=1 source=0 pitch=39 synth_pitch=39 sample_pitch=60 mute=0 solo=0 start=0 end=65535 reverse=0 mode=0 choke=0 cutoff=0 resonance=0 send=127 slices=1 enabled=0 selected=0 frames=0 waveform=5f6c8245 name=
[Q SLICE] track=1 index=0 start=0 end=65535
[Q TRACK] track=2 source=0 pitch=42 synth_pitch=42 sample_pitch=60 mute=0 solo=0 start=0 end=65535 reverse=0 mode=0 choke=0 cutoff=0 resonance=0 send=127 slices=1 enabled=0 selected=0 frames=0 waveform=5f6c8245 name=
[Q SLICE] track=2 index=0 start=0 end=65535
[Q TRACK] track=3 source=0 pitch=45 synth_pitch=45 sample_pitch=60 mute=0 solo=0 start=0 end=65535 reverse=0 mode=0 choke=0 cutoff=0 resonance=0 send=127 slices=1 enabled=0 selected=0 frames=0 waveform=5f6c8245 name=
[Q SLICE] track=3 index=0 start=0 end=65535
[Q PATTERN] index=0 length=16 masks=0000,0000,0000
[Q LOCK] pattern=0 step=0 mask=0 slice=0
[Q LOCK] pattern=0 step=1 mask=0 slice=0
[Q LOCK] pattern=0 step=2 mask=0 slice=0
[Q LOCK] pattern=0 step=3 mask=0 slice=0
[Q PATTERN] index=1 length=16 masks=0000,0000,0000
[Q LOCK] pattern=1 step=0 mask=0 slice=0
[Q LOCK] pattern=1 step=1 mask=0 slice=0
[Q LOCK] pattern=1 step=2 mask=0 slice=0
[Q LOCK] pattern=1 step=3 mask=0 slice=0
[Q PATTERN] index=2 length=16 masks=0000,0000,0000
[Q LOCK] pattern=2 step=0 mask=0 slice=0
[Q LOCK] pattern=2 step=1 mask=0 slice=0
[Q LOCK] pattern=2 step=2 mask=0 slice=0
[Q LOCK] pattern=2 step=3 mask=0 slice=0
[Q PATTERN] index=3 length=16 masks=0000,0000,0000
[Q LOCK] pattern=3 step=0 mask=0 slice=0
[Q LOCK] pattern=3 step=1 mask=0 slice=0
[Q LOCK] pattern=3 step=2 mask=0 slice=0
[Q LOCK] pattern=3 step=3 mask=0 slice=0
[Q TRANSIENT] state=4 request=3 progress=100 count=8 stale_discarded=0 apply=1 cancel=1 duration_max_us=61891 chunk_max_us=2273
[Q PROPOSAL] index=0 start=0 end=8192
[Q PROPOSAL] index=1 start=8192 end=16384
[Q PROPOSAL] index=2 start=16384 end=20480
[Q PROPOSAL] index=3 start=20480 end=28672
[Q PROPOSAL] index=4 start=28672 end=32768
[Q PROPOSAL] index=5 start=32768 end=45056
[Q PROPOSAL] index=6 start=45056 end=57344
[Q PROPOSAL] index=7 start=57344 end=65535
[Q HEAP] tag=state internal=224388 free=30392872 largest=29884404
[Q PLAYBACK] triggers=13 reverse=0 gate=0 releases=0 chokes=0 retriggers=3 repeat_accepts=0 repeat_hits=0 chain_loops=0

# HOST LOAD 0 0
[Q COMMAND] LOAD 0 0
[Q ACK] load=1
[M6 read] bytes=352800 read_us=680507 bytes_per_second=518436 original_channels=1 rate=44100 total_psram=33554432
[M6 load] track=0 file_bytes=352844 pcm_bytes=352800 load_publish_us=1107437 payload=352800 transient=352800 peak_payload=705600 ps_free=30392872 largest=29884404 internal=224388 display=2304000 fx_delay=352800 reserve=4194304
[M6.1 replacement] retired_clear=1 ps_delta=0 status=READY

# HOST CMD 78 0 0 0 0
[Q COMMAND] CMD 78 0 0 0 0
[Q ACK] sent=1

# HOST STATE
[Q COMMAND] STATE
[Q STATE] bpm=120 swing=50 playing=0 mode=0 chain_length=0 chain_loop=0 project_busy=0 restoring=0 sample_busy=0 project_status=PROJECT READY sample_status=SAMPLE READY
[Q TRACK] track=0 source=1 pitch=67 synth_pitch=43 sample_pitch=67 mute=0 solo=0 start=0 end=65535 reverse=0 mode=0 choke=0 cutoff=0 resonance=0 send=127 slices=8 enabled=1 selected=0 frames=176400 waveform=c78d1545 name=m19p_impulses.wav
[Q SLICE] track=0 index=0 start=0 end=8192
[Q SLICE] track=0 index=1 start=8192 end=16384
[Q SLICE] track=0 index=2 start=16384 end=20480
[Q SLICE] track=0 index=3 start=20480 end=28672
[Q SLICE] track=0 index=4 start=28672 end=32768
[Q SLICE] track=0 index=5 start=32768 end=45056
[Q SLICE] track=0 index=6 start=45056 end=57344
[Q SLICE] track=0 index=7 start=57344 end=65535
[Q TRACK] track=1 source=0 pitch=39 synth_pitch=39 sample_pitch=60 mute=0 solo=0 start=0 end=65535 reverse=0 mode=0 choke=0 cutoff=0 resonance=0 send=127 slices=1 enabled=0 selected=0 frames=0 waveform=5f6c8245 name=
[Q SLICE] track=1 index=0 start=0 end=65535
[Q TRACK] track=2 source=0 pitch=42 synth_pitch=42 sample_pitch=60 mute=0 solo=0 start=0 end=65535 reverse=0 mode=0 choke=0 cutoff=0 resonance=0 send=127 slices=1 enabled=0 selected=0 frames=0 waveform=5f6c8245 name=
[Q SLICE] track=2 index=0 start=0 end=65535
[Q TRACK] track=3 source=0 pitch=45 synth_pitch=45 sample_pitch=60 mute=0 solo=0 start=0 end=65535 reverse=0 mode=0 choke=0 cutoff=0 resonance=0 send=127 slices=1 enabled=0 selected=0 frames=0 waveform=5f6c8245 name=
[Q SLICE] track=3 index=0 start=0 end=65535
[Q PATTERN] index=0 length=16 masks=0000,0000,0000
[Q LOCK] pattern=0 step=0 mask=0 slice=0
[Q LOCK] pattern=0 step=1 mask=0 slice=0
[Q LOCK] pattern=0 step=2 mask=0 slice=0
[Q LOCK] pattern=0 step=3 mask=0 slice=0
[Q PATTERN] index=1 length=16 masks=0000,0000,0000
[Q LOCK] pattern=1 step=0 mask=0 slice=0
[Q LOCK] pattern=1 step=1 mask=0 slice=0
[Q LOCK] pattern=1 step=2 mask=0 slice=0
[Q LOCK] pattern=1 step=3 mask=0 slice=0
[Q PATTERN] index=2 length=16 masks=0000,0000,0000
[Q LOCK] pattern=2 step=0 mask=0 slice=0
[Q LOCK] pattern=2 step=1 mask=0 slice=0
[Q LOCK] pattern=2 step=2 mask=0 slice=0
[Q LOCK] pattern=2 step=3 mask=0 slice=0
[Q PATTERN] index=3 length=16 masks=0000,0000,0000
[Q LOCK] pattern=3 step=0 mask=0 slice=0
[Q LOCK] pattern=3 step=1 mask=0 slice=0
[Q LOCK] pattern=3 step=2 mask=0 slice=0
[Q LOCK] pattern=3 step=3 mask=0 slice=0
[Q TRANSIENT] state=3 request=4 progress=100 count=16 stale_discarded=0 apply=1 cancel=1 duration_max_us=61891 chunk_max_us=2278
[Q PROPOSAL] index=0 start=0 end=4096
[Q PROPOSAL] index=1 start=4096 end=8192
[Q PROPOSAL] index=2 start=8192 end=12288
[Q PROPOSAL] index=3 start=12288 end=16384
[Q PROPOSAL] index=4 start=16384 end=20480
[Q PROPOSAL] index=5 start=20480 end=24576
[Q PROPOSAL] index=6 start=24576 end=28672
[Q PROPOSAL] index=7 start=28672 end=32768
[Q PROPOSAL] index=8 start=32768 end=36864
[Q PROPOSAL] index=9 start=36864 end=40960
[Q PROPOSAL] index=10 start=40960 end=45056
[Q PROPOSAL] index=11 start=45056 end=49152
[Q PROPOSAL] index=12 start=49152 end=53248
[Q PROPOSAL] index=13 start=53248 end=57344
[Q PROPOSAL] index=14 start=57344 end=61440
[Q PROPOSAL] index=15 start=61440 end=65535
[Q HEAP] tag=state internal=224388 free=30392872 largest=29884404
[Q PLAYBACK] triggers=13 reverse=0 gate=0 releases=0 chokes=0 retriggers=3 repeat_accepts=0 repeat_hits=0 chain_loops=0

# HOST CMD 80 0 0 0 0
[Q COMMAND] CMD 80 0 0 0 0
[Q ACK] sent=1

# HOST CMD 78 0 8 0 0
[Q COMMAND] CMD 78 0 8 0 0
[Q ACK] sent=1

# HOST STATE
[Q COMMAND] STATE
[Q STATE] bpm=120 swing=50 playing=0 mode=0 chain_length=0 chain_loop=0 project_busy=0 restoring=0 sample_busy=0 project_status=PROJECT READY sample_status=SAMPLE READY
[Q TRACK] track=0 source=1 pitch=67 synth_pitch=43 sample_pitch=67 mute=0 solo=0 start=0 end=65535 reverse=0 mode=0 choke=0 cutoff=0 resonance=0 send=127 slices=8 enabled=1 selected=0 frames=176400 waveform=c78d1545 name=m19p_impulses.wav
[Q SLICE] track=0 index=0 start=0 end=8192
[Q SLICE] track=0 index=1 start=8192 end=16384
[Q SLICE] track=0 index=2 start=16384 end=20480
[Q SLICE] track=0 index=3 start=20480 end=28672
[Q SLICE] track=0 index=4 start=28672 end=32768
[Q SLICE] track=0 index=5 start=32768 end=45056
[Q SLICE] track=0 index=6 start=45056 end=57344
[Q SLICE] track=0 index=7 start=57344 end=65535
[Q TRACK] track=1 source=0 pitch=39 synth_pitch=39 sample_pitch=60 mute=0 solo=0 start=0 end=65535 reverse=0 mode=0 choke=0 cutoff=0 resonance=0 send=127 slices=1 enabled=0 selected=0 frames=0 waveform=5f6c8245 name=
[Q SLICE] track=1 index=0 start=0 end=65535
[Q TRACK] track=2 source=0 pitch=42 synth_pitch=42 sample_pitch=60 mute=0 solo=0 start=0 end=65535 reverse=0 mode=0 choke=0 cutoff=0 resonance=0 send=127 slices=1 enabled=0 selected=0 frames=0 waveform=5f6c8245 name=
[Q SLICE] track=2 index=0 start=0 end=65535
[Q TRACK] track=3 source=0 pitch=45 synth_pitch=45 sample_pitch=60 mute=0 solo=0 start=0 end=65535 reverse=0 mode=0 choke=0 cutoff=0 resonance=0 send=127 slices=1 enabled=0 selected=0 frames=0 waveform=5f6c8245 name=
[Q SLICE] track=3 index=0 start=0 end=65535
[Q PATTERN] index=0 length=16 masks=0000,0000,0000
[Q LOCK] pattern=0 step=0 mask=0 slice=0
[Q LOCK] pattern=0 step=1 mask=0 slice=0
[Q LOCK] pattern=0 step=2 mask=0 slice=0
[Q LOCK] pattern=0 step=3 mask=0 slice=0
[Q PATTERN] index=1 length=16 masks=0000,0000,0000
[Q LOCK] pattern=1 step=0 mask=0 slice=0
[Q LOCK] pattern=1 step=1 mask=0 slice=0
[Q LOCK] pattern=1 step=2 mask=0 slice=0
[Q LOCK] pattern=1 step=3 mask=0 slice=0
[Q PATTERN] index=2 length=16 masks=0000,0000,0000
[Q LOCK] pattern=2 step=0 mask=0 slice=0
[Q LOCK] pattern=2 step=1 mask=0 slice=0
[Q LOCK] pattern=2 step=2 mask=0 slice=0
[Q LOCK] pattern=2 step=3 mask=0 slice=0
[Q PATTERN] index=3 length=16 masks=0000,0000,0000
[Q LOCK] pattern=3 step=0 mask=0 slice=0
[Q LOCK] pattern=3 step=1 mask=0 slice=0
[Q LOCK] pattern=3 step=2 mask=0 slice=0
[Q LOCK] pattern=3 step=3 mask=0 slice=0
[Q TRANSIENT] state=3 request=6 progress=100 count=8 stale_discarded=0 apply=1 cancel=2 duration_max_us=61891 chunk_max_us=2278
[Q PROPOSAL] index=0 start=0 end=4096
[Q PROPOSAL] index=1 start=4096 end=8192
[Q PROPOSAL] index=2 start=8192 end=12288
[Q PROPOSAL] index=3 start=12288 end=16384
[Q PROPOSAL] index=4 start=16384 end=20480
[Q PROPOSAL] index=5 start=20480 end=24576
[Q PROPOSAL] index=6 start=24576 end=28672
[Q PROPOSAL] index=7 start=28672 end=65535
[Q HEAP] tag=state internal=224388 free=30392872 largest=29884404
[Q PLAYBACK] triggers=13 reverse=0 gate=0 releases=0 chokes=0 retriggers=3 repeat_accepts=0 repeat_hits=0 chain_loops=0

# HOST CMD 80 0 0 0 0
[Q COMMAND] CMD 80 0 0 0 0
[Q ACK] sent=1

# HOST CMD 78 0 16 0 0
[Q COMMAND] CMD 78 0 16 0 0
[Q ACK] sent=1

# HOST STATE
[Q COMMAND] STATE
[Q STATE] bpm=120 swing=50 playing=0 mode=0 chain_length=0 chain_loop=0 project_busy=0 restoring=0 sample_busy=0 project_status=PROJECT READY sample_status=SAMPLE READY
[Q TRACK] track=0 source=1 pitch=67 synth_pitch=43 sample_pitch=67 mute=0 solo=0 start=0 end=65535 reverse=0 mode=0 choke=0 cutoff=0 resonance=0 send=127 slices=8 enabled=1 selected=0 frames=176400 waveform=c78d1545 name=m19p_impulses.wav
[Q SLICE] track=0 index=0 start=0 end=8192
[Q SLICE] track=0 index=1 start=8192 end=16384
[Q SLICE] track=0 index=2 start=16384 end=20480
[Q SLICE] track=0 index=3 start=20480 end=28672
[Q SLICE] track=0 index=4 start=28672 end=32768
[Q SLICE] track=0 index=5 start=32768 end=45056
[Q SLICE] track=0 index=6 start=45056 end=57344
[Q SLICE] track=0 index=7 start=57344 end=65535
[Q TRACK] track=1 source=0 pitch=39 synth_pitch=39 sample_pitch=60 mute=0 solo=0 start=0 end=65535 reverse=0 mode=0 choke=0 cutoff=0 resonance=0 send=127 slices=1 enabled=0 selected=0 frames=0 waveform=5f6c8245 name=
[Q SLICE] track=1 index=0 start=0 end=65535
[Q TRACK] track=2 source=0 pitch=42 synth_pitch=42 sample_pitch=60 mute=0 solo=0 start=0 end=65535 reverse=0 mode=0 choke=0 cutoff=0 resonance=0 send=127 slices=1 enabled=0 selected=0 frames=0 waveform=5f6c8245 name=
[Q SLICE] track=2 index=0 start=0 end=65535
[Q TRACK] track=3 source=0 pitch=45 synth_pitch=45 sample_pitch=60 mute=0 solo=0 start=0 end=65535 reverse=0 mode=0 choke=0 cutoff=0 resonance=0 send=127 slices=1 enabled=0 selected=0 frames=0 waveform=5f6c8245 name=
[Q SLICE] track=3 index=0 start=0 end=65535
[Q PATTERN] index=0 length=16 masks=0000,0000,0000
[Q LOCK] pattern=0 step=0 mask=0 slice=0
[Q LOCK] pattern=0 step=1 mask=0 slice=0
[Q LOCK] pattern=0 step=2 mask=0 slice=0
[Q LOCK] pattern=0 step=3 mask=0 slice=0
[Q PATTERN] index=1 length=16 masks=0000,0000,0000
[Q LOCK] pattern=1 step=0 mask=0 slice=0
[Q LOCK] pattern=1 step=1 mask=0 slice=0
[Q LOCK] pattern=1 step=2 mask=0 slice=0
[Q LOCK] pattern=1 step=3 mask=0 slice=0
[Q PATTERN] index=2 length=16 masks=0000,0000,0000
[Q LOCK] pattern=2 step=0 mask=0 slice=0
[Q LOCK] pattern=2 step=1 mask=0 slice=0
[Q LOCK] pattern=2 step=2 mask=0 slice=0
[Q LOCK] pattern=2 step=3 mask=0 slice=0
[Q PATTERN] index=3 length=16 masks=0000,0000,0000
[Q LOCK] pattern=3 step=0 mask=0 slice=0
[Q LOCK] pattern=3 step=1 mask=0 slice=0
[Q LOCK] pattern=3 step=2 mask=0 slice=0
[Q LOCK] pattern=3 step=3 mask=0 slice=0
[Q TRANSIENT] state=3 request=8 progress=100 count=16 stale_discarded=0 apply=1 cancel=3 duration_max_us=61891 chunk_max_us=2295
[Q PROPOSAL] index=0 start=0 end=4096
[Q PROPOSAL] index=1 start=4096 end=8192
[Q PROPOSAL] index=2 start=8192 end=12288
[Q PROPOSAL] index=3 start=12288 end=16384
[Q PROPOSAL] index=4 start=16384 end=20480
[Q PROPOSAL] index=5 start=20480 end=24576
[Q PROPOSAL] index=6 start=24576 end=28672
[Q PROPOSAL] index=7 start=28672 end=32768
[Q PROPOSAL] index=8 start=32768 end=36864
[Q PROPOSAL] index=9 start=36864 end=40960
[Q PROPOSAL] index=10 start=40960 end=45056
[Q PROPOSAL] index=11 start=45056 end=49152
[Q PROPOSAL] index=12 start=49152 end=53248
[Q PROPOSAL] index=13 start=53248 end=57344
[Q PROPOSAL] index=14 start=57344 end=61440
[Q PROPOSAL] index=15 start=61440 end=65535
[Q HEAP] tag=state internal=224388 free=30392872 largest=29884404
[Q PLAYBACK] triggers=13 reverse=0 gate=0 releases=0 chokes=0 retriggers=3 repeat_accepts=0 repeat_hits=0 chain_loops=0

# HOST CMD 80 0 0 0 0
[Q COMMAND] CMD 80 0 0 0 0
[Q ACK] sent=1

# HOST CMD 78 0 256 0 0
[Q COMMAND] CMD 78 0 256 0 0
[Q ACK] sent=1

# HOST STATE
[Q COMMAND] STATE
[Q STATE] bpm=120 swing=50 playing=0 mode=0 chain_length=0 chain_loop=0 project_busy=0 restoring=0 sample_busy=0 project_status=PROJECT READY sample_status=SAMPLE READY
[Q TRACK] track=0 source=1 pitch=67 synth_pitch=43 sample_pitch=67 mute=0 solo=0 start=0 end=65535 reverse=0 mode=0 choke=0 cutoff=0 resonance=0 send=127 slices=8 enabled=1 selected=0 frames=176400 waveform=c78d1545 name=m19p_impulses.wav
[Q SLICE] track=0 index=0 start=0 end=8192
[Q SLICE] track=0 index=1 start=8192 end=16384
[Q SLICE] track=0 index=2 start=16384 end=20480
[Q SLICE] track=0 index=3 start=20480 end=28672
[Q SLICE] track=0 index=4 start=28672 end=32768
[Q SLICE] track=0 index=5 start=32768 end=45056
[Q SLICE] track=0 index=6 start=45056 end=57344
[Q SLICE] track=0 index=7 start=57344 end=65535
[Q TRACK] track=1 source=0 pitch=39 synth_pitch=39 sample_pitch=60 mute=0 solo=0 start=0 end=65535 reverse=0 mode=0 choke=0 cutoff=0 resonance=0 send=127 slices=1 enabled=0 selected=0 frames=0 waveform=5f6c8245 name=
[Q SLICE] track=1 index=0 start=0 end=65535
[Q TRACK] track=2 source=0 pitch=42 synth_pitch=42 sample_pitch=60 mute=0 solo=0 start=0 end=65535 reverse=0 mode=0 choke=0 cutoff=0 resonance=0 send=127 slices=1 enabled=0 selected=0 frames=0 waveform=5f6c8245 name=
[Q SLICE] track=2 index=0 start=0 end=65535
[Q TRACK] track=3 source=0 pitch=45 synth_pitch=45 sample_pitch=60 mute=0 solo=0 start=0 end=65535 reverse=0 mode=0 choke=0 cutoff=0 resonance=0 send=127 slices=1 enabled=0 selected=0 frames=0 waveform=5f6c8245 name=
[Q SLICE] track=3 index=0 start=0 end=65535
[Q PATTERN] index=0 length=16 masks=0000,0000,0000
[Q LOCK] pattern=0 step=0 mask=0 slice=0
[Q LOCK] pattern=0 step=1 mask=0 slice=0
[Q LOCK] pattern=0 step=2 mask=0 slice=0
[Q LOCK] pattern=0 step=3 mask=0 slice=0
[Q PATTERN] index=1 length=16 masks=0000,0000,0000
[Q LOCK] pattern=1 step=0 mask=0 slice=0
[Q LOCK] pattern=1 step=1 mask=0 slice=0
[Q LOCK] pattern=1 step=2 mask=0 slice=0
[Q LOCK] pattern=1 step=3 mask=0 slice=0
[Q PATTERN] index=2 length=16 masks=0000,0000,0000
[Q LOCK] pattern=2 step=0 mask=0 slice=0
[Q LOCK] pattern=2 step=1 mask=0 slice=0
[Q LOCK] pattern=2 step=2 mask=0 slice=0
[Q LOCK] pattern=2 step=3 mask=0 slice=0
[Q PATTERN] index=3 length=16 masks=0000,0000,0000
[Q LOCK] pattern=3 step=0 mask=0 slice=0
[Q LOCK] pattern=3 step=1 mask=0 slice=0
[Q LOCK] pattern=3 step=2 mask=0 slice=0
[Q LOCK] pattern=3 step=3 mask=0 slice=0
[Q TRANSIENT] state=3 request=10 progress=100 count=16 stale_discarded=0 apply=1 cancel=4 duration_max_us=61891 chunk_max_us=2295
[Q PROPOSAL] index=0 start=0 end=4096
[Q PROPOSAL] index=1 start=4096 end=8192
[Q PROPOSAL] index=2 start=8192 end=12288
[Q PROPOSAL] index=3 start=12288 end=16384
[Q PROPOSAL] index=4 start=16384 end=20480
[Q PROPOSAL] index=5 start=20480 end=24576
[Q PROPOSAL] index=6 start=24576 end=28672
[Q PROPOSAL] index=7 start=28672 end=32768
[Q PROPOSAL] index=8 start=32768 end=36864
[Q PROPOSAL] index=9 start=36864 end=40960
[Q PROPOSAL] index=10 start=40960 end=45056
[Q PROPOSAL] index=11 start=45056 end=49152
[Q PROPOSAL] index=12 start=49152 end=53248
[Q PROPOSAL] index=13 start=53248 end=57344
[Q PROPOSAL] index=14 start=57344 end=61440
[Q PROPOSAL] index=15 start=61440 end=65535
[Q HEAP] tag=state internal=224388 free=30392872 largest=29884404
[Q PLAYBACK] triggers=13 reverse=0 gate=0 releases=0 chokes=0 retriggers=3 repeat_accepts=0 repeat_hits=0 chain_loops=0

# HOST CMD 80 0 0 0 0
[Q COMMAND] CMD 80 0 0 0 0
[Q ACK] sent=1

# HOST CMD 78 0 264 0 0
[Q COMMAND] CMD 78 0 264 0 0
[Q ACK] sent=1

# HOST STATE
[Q COMMAND] STATE
[Q STATE] bpm=120 swing=50 playing=0 mode=0 chain_length=0 chain_loop=0 project_busy=0 restoring=0 sample_busy=0 project_status=PROJECT READY sample_status=SAMPLE READY
[Q TRACK] track=0 source=1 pitch=67 synth_pitch=43 sample_pitch=67 mute=0 solo=0 start=0 end=65535 reverse=0 mode=0 choke=0 cutoff=0 resonance=0 send=127 slices=8 enabled=1 selected=0 frames=176400 waveform=c78d1545 name=m19p_impulses.wav
[Q SLICE] track=0 index=0 start=0 end=8192
[Q SLICE] track=0 index=1 start=8192 end=16384
[Q SLICE] track=0 index=2 start=16384 end=20480
[Q SLICE] track=0 index=3 start=20480 end=28672
[Q SLICE] track=0 index=4 start=28672 end=32768
[Q SLICE] track=0 index=5 start=32768 end=45056
[Q SLICE] track=0 index=6 start=45056 end=57344
[Q SLICE] track=0 index=7 start=57344 end=65535
[Q TRACK] track=1 source=0 pitch=39 synth_pitch=39 sample_pitch=60 mute=0 solo=0 start=0 end=65535 reverse=0 mode=0 choke=0 cutoff=0 resonance=0 send=127 slices=1 enabled=0 selected=0 frames=0 waveform=5f6c8245 name=
[Q SLICE] track=1 index=0 start=0 end=65535
[Q TRACK] track=2 source=0 pitch=42 synth_pitch=42 sample_pitch=60 mute=0 solo=0 start=0 end=65535 reverse=0 mode=0 choke=0 cutoff=0 resonance=0 send=127 slices=1 enabled=0 selected=0 frames=0 waveform=5f6c8245 name=
[Q SLICE] track=2 index=0 start=0 end=65535
[Q TRACK] track=3 source=0 pitch=45 synth_pitch=45 sample_pitch=60 mute=0 solo=0 start=0 end=65535 reverse=0 mode=0 choke=0 cutoff=0 resonance=0 send=127 slices=1 enabled=0 selected=0 frames=0 waveform=5f6c8245 name=
[Q SLICE] track=3 index=0 start=0 end=65535
[Q PATTERN] index=0 length=16 masks=0000,0000,0000
[Q LOCK] pattern=0 step=0 mask=0 slice=0
[Q LOCK] pattern=0 step=1 mask=0 slice=0
[Q LOCK] pattern=0 step=2 mask=0 slice=0
[Q LOCK] pattern=0 step=3 mask=0 slice=0
[Q PATTERN] index=1 length=16 masks=0000,0000,0000
[Q LOCK] pattern=1 step=0 mask=0 slice=0
[Q LOCK] pattern=1 step=1 mask=0 slice=0
[Q LOCK] pattern=1 step=2 mask=0 slice=0
[Q LOCK] pattern=1 step=3 mask=0 slice=0
[Q PATTERN] index=2 length=16 masks=0000,0000,0000
[Q LOCK] pattern=2 step=0 mask=0 slice=0
[Q LOCK] pattern=2 step=1 mask=0 slice=0
[Q LOCK] pattern=2 step=2 mask=0 slice=0
[Q LOCK] pattern=2 step=3 mask=0 slice=0
[Q PATTERN] index=3 length=16 masks=0000,0000,0000
[Q LOCK] pattern=3 step=0 mask=0 slice=0
[Q LOCK] pattern=3 step=1 mask=0 slice=0
[Q LOCK] pattern=3 step=2 mask=0 slice=0
[Q LOCK] pattern=3 step=3 mask=0 slice=0
[Q TRANSIENT] state=3 request=12 progress=100 count=8 stale_discarded=0 apply=1 cancel=5 duration_max_us=61891 chunk_max_us=2295
[Q PROPOSAL] index=0 start=0 end=4096
[Q PROPOSAL] index=1 start=4096 end=8192
[Q PROPOSAL] index=2 start=8192 end=12288
[Q PROPOSAL] index=3 start=12288 end=16384
[Q PROPOSAL] index=4 start=16384 end=20480
[Q PROPOSAL] index=5 start=20480 end=24576
[Q PROPOSAL] index=6 start=24576 end=28672
[Q PROPOSAL] index=7 start=28672 end=65535
[Q HEAP] tag=state internal=224388 free=30392872 largest=29884404
[Q PLAYBACK] triggers=13 reverse=0 gate=0 releases=0 chokes=0 retriggers=3 repeat_accepts=0 repeat_hits=0 chain_loops=0

# HOST CMD 80 0 0 0 0
[Q COMMAND] CMD 80 0 0 0 0
[Q ACK] sent=1

# HOST CMD 78 0 272 0 0
[Q COMMAND] CMD 78 0 272 0 0
[Q ACK] sent=1

# HOST STATE
[Q COMMAND] STATE
[Q STATE] bpm=120 swing=50 playing=0 mode=0 chain_length=0 chain_loop=0 project_busy=0 restoring=0 sample_busy=0 project_status=PROJECT READY sample_status=SAMPLE READY
[Q TRACK] track=0 source=1 pitch=67 synth_pitch=43 sample_pitch=67 mute=0 solo=0 start=0 end=65535 reverse=0 mode=0 choke=0 cutoff=0 resonance=0 send=127 slices=8 enabled=1 selected=0 frames=176400 waveform=c78d1545 name=m19p_impulses.wav
[Q SLICE] track=0 index=0 start=0 end=8192
[Q SLICE] track=0 index=1 start=8192 end=16384
[Q SLICE] track=0 index=2 start=16384 end=20480
[Q SLICE] track=0 index=3 start=20480 end=28672
[Q SLICE] track=0 index=4 start=28672 end=32768
[Q SLICE] track=0 index=5 start=32768 end=45056
[Q SLICE] track=0 index=6 start=45056 end=57344
[Q SLICE] track=0 index=7 start=57344 end=65535
[Q TRACK] track=1 source=0 pitch=39 synth_pitch=39 sample_pitch=60 mute=0 solo=0 start=0 end=65535 reverse=0 mode=0 choke=0 cutoff=0 resonance=0 send=127 slices=1 enabled=0 selected=0 frames=0 waveform=5f6c8245 name=
[Q SLICE] track=1 index=0 start=0 end=65535
[Q TRACK] track=2 source=0 pitch=42 synth_pitch=42 sample_pitch=60 mute=0 solo=0 start=0 end=65535 reverse=0 mode=0 choke=0 cutoff=0 resonance=0 send=127 slices=1 enabled=0 selected=0 frames=0 waveform=5f6c8245 name=
[Q SLICE] track=2 index=0 start=0 end=65535
[Q TRACK] track=3 source=0 pitch=45 synth_pitch=45 sample_pitch=60 mute=0 solo=0 start=0 end=65535 reverse=0 mode=0 choke=0 cutoff=0 resonance=0 send=127 slices=1 enabled=0 selected=0 frames=0 waveform=5f6c8245 name=
[Q SLICE] track=3 index=0 start=0 end=65535
[Q PATTERN] index=0 length=16 masks=0000,0000,0000
[Q LOCK] pattern=0 step=0 mask=0 slice=0
[Q LOCK] pattern=0 step=1 mask=0 slice=0
[Q LOCK] pattern=0 step=2 mask=0 slice=0
[Q LOCK] pattern=0 step=3 mask=0 slice=0
[Q PATTERN] index=1 length=16 masks=0000,0000,0000
[Q LOCK] pattern=1 step=0 mask=0 slice=0
[Q LOCK] pattern=1 step=1 mask=0 slice=0
[Q LOCK] pattern=1 step=2 mask=0 slice=0
[Q LOCK] pattern=1 step=3 mask=0 slice=0
[Q PATTERN] index=2 length=16 masks=0000,0000,0000
[Q LOCK] pattern=2 step=0 mask=0 slice=0
[Q LOCK] pattern=2 step=1 mask=0 slice=0
[Q LOCK] pattern=2 step=2 mask=0 slice=0
[Q LOCK] pattern=2 step=3 mask=0 slice=0
[Q PATTERN] index=3 length=16 masks=0000,0000,0000
[Q LOCK] pattern=3 step=0 mask=0 slice=0
[Q LOCK] pattern=3 step=1 mask=0 slice=0
[Q LOCK] pattern=3 step=2 mask=0 slice=0
[Q LOCK] pattern=3 step=3 mask=0 slice=0
[Q TRANSIENT] state=3 request=14 progress=100 count=16 stale_discarded=0 apply=1 cancel=6 duration_max_us=61891 chunk_max_us=2298
[Q PROPOSAL] index=0 start=0 end=4096
[Q PROPOSAL] index=1 start=4096 end=8192
[Q PROPOSAL] index=2 start=8192 end=12288
[Q PROPOSAL] index=3 start=12288 end=16384
[Q PROPOSAL] index=4 start=16384 end=20480
[Q PROPOSAL] index=5 start=20480 end=24576
[Q PROPOSAL] index=6 start=24576 end=28672
[Q PROPOSAL] index=7 start=28672 end=32768
[Q PROPOSAL] index=8 start=32768 end=36864
[Q PROPOSAL] index=9 start=36864 end=40960
[Q PROPOSAL] index=10 start=40960 end=45056
[Q PROPOSAL] index=11 start=45056 end=49152
[Q PROPOSAL] index=12 start=49152 end=53248
[Q PROPOSAL] index=13 start=53248 end=57344
[Q PROPOSAL] index=14 start=57344 end=61440
[Q PROPOSAL] index=15 start=61440 end=65535
[Q HEAP] tag=state internal=224388 free=30392872 largest=29884404
[Q PLAYBACK] triggers=13 reverse=0 gate=0 releases=0 chokes=0 retriggers=3 repeat_accepts=0 repeat_hits=0 chain_loops=0

# HOST CMD 80 0 0 0 0
[Q COMMAND] CMD 80 0 0 0 0
[Q ACK] sent=1

# HOST CMD 78 0 512 0 0
[Q COMMAND] CMD 78 0 512 0 0
[Q ACK] sent=1

# HOST STATE
[Q COMMAND] STATE
[Q STATE] bpm=120 swing=50 playing=0 mode=0 chain_length=0 chain_loop=0 project_busy=0 restoring=0 sample_busy=0 project_status=PROJECT READY sample_status=SAMPLE READY
[Q TRACK] track=0 source=1 pitch=67 synth_pitch=43 sample_pitch=67 mute=0 solo=0 start=0 end=65535 reverse=0 mode=0 choke=0 cutoff=0 resonance=0 send=127 slices=8 enabled=1 selected=0 frames=176400 waveform=c78d1545 name=m19p_impulses.wav
[Q SLICE] track=0 index=0 start=0 end=8192
[Q SLICE] track=0 index=1 start=8192 end=16384
[Q SLICE] track=0 index=2 start=16384 end=20480
[Q SLICE] track=0 index=3 start=20480 end=28672
[Q SLICE] track=0 index=4 start=28672 end=32768
[Q SLICE] track=0 index=5 start=32768 end=45056
[Q SLICE] track=0 index=6 start=45056 end=57344
[Q SLICE] track=0 index=7 start=57344 end=65535
[Q TRACK] track=1 source=0 pitch=39 synth_pitch=39 sample_pitch=60 mute=0 solo=0 start=0 end=65535 reverse=0 mode=0 choke=0 cutoff=0 resonance=0 send=127 slices=1 enabled=0 selected=0 frames=0 waveform=5f6c8245 name=
[Q SLICE] track=1 index=0 start=0 end=65535
[Q TRACK] track=2 source=0 pitch=42 synth_pitch=42 sample_pitch=60 mute=0 solo=0 start=0 end=65535 reverse=0 mode=0 choke=0 cutoff=0 resonance=0 send=127 slices=1 enabled=0 selected=0 frames=0 waveform=5f6c8245 name=
[Q SLICE] track=2 index=0 start=0 end=65535
[Q TRACK] track=3 source=0 pitch=45 synth_pitch=45 sample_pitch=60 mute=0 solo=0 start=0 end=65535 reverse=0 mode=0 choke=0 cutoff=0 resonance=0 send=127 slices=1 enabled=0 selected=0 frames=0 waveform=5f6c8245 name=
[Q SLICE] track=3 index=0 start=0 end=65535
[Q PATTERN] index=0 length=16 masks=0000,0000,0000
[Q LOCK] pattern=0 step=0 mask=0 slice=0
[Q LOCK] pattern=0 step=1 mask=0 slice=0
[Q LOCK] pattern=0 step=2 mask=0 slice=0
[Q LOCK] pattern=0 step=3 mask=0 slice=0
[Q PATTERN] index=1 length=16 masks=0000,0000,0000
[Q LOCK] pattern=1 step=0 mask=0 slice=0
[Q LOCK] pattern=1 step=1 mask=0 slice=0
[Q LOCK] pattern=1 step=2 mask=0 slice=0
[Q LOCK] pattern=1 step=3 mask=0 slice=0
[Q PATTERN] index=2 length=16 masks=0000,0000,0000
[Q LOCK] pattern=2 step=0 mask=0 slice=0
[Q LOCK] pattern=2 step=1 mask=0 slice=0
[Q LOCK] pattern=2 step=2 mask=0 slice=0
[Q LOCK] pattern=2 step=3 mask=0 slice=0
[Q PATTERN] index=3 length=16 masks=0000,0000,0000
[Q LOCK] pattern=3 step=0 mask=0 slice=0
[Q LOCK] pattern=3 step=1 mask=0 slice=0
[Q LOCK] pattern=3 step=2 mask=0 slice=0
[Q LOCK] pattern=3 step=3 mask=0 slice=0
[Q TRANSIENT] state=3 request=16 progress=100 count=16 stale_discarded=0 apply=1 cancel=7 duration_max_us=61891 chunk_max_us=2298
[Q PROPOSAL] index=0 start=0 end=4096
[Q PROPOSAL] index=1 start=4096 end=8192
[Q PROPOSAL] index=2 start=8192 end=12288
[Q PROPOSAL] index=3 start=12288 end=16384
[Q PROPOSAL] index=4 start=16384 end=20480
[Q PROPOSAL] index=5 start=20480 end=24576
[Q PROPOSAL] index=6 start=24576 end=28672
[Q PROPOSAL] index=7 start=28672 end=32768
[Q PROPOSAL] index=8 start=32768 end=36864
[Q PROPOSAL] index=9 start=36864 end=40960
[Q PROPOSAL] index=10 start=40960 end=45056
[Q PROPOSAL] index=11 start=45056 end=49152
[Q PROPOSAL] index=12 start=49152 end=53248
[Q PROPOSAL] index=13 start=53248 end=57344
[Q PROPOSAL] index=14 start=57344 end=61440
[Q PROPOSAL] index=15 start=61440 end=65535
[Q HEAP] tag=state internal=224388 free=30392872 largest=29884404
[Q PLAYBACK] triggers=13 reverse=0 gate=0 releases=0 chokes=0 retriggers=3 repeat_accepts=0 repeat_hits=0 chain_loops=0

# HOST CMD 80 0 0 0 0
[Q COMMAND] CMD 80 0 0 0 0
[Q ACK] sent=1

# HOST CMD 78 0 520 0 0
[Q COMMAND] CMD 78 0 520 0 0
[Q ACK] sent=1

# HOST STATE
[Q COMMAND] STATE
[Q STATE] bpm=120 swing=50 playing=0 mode=0 chain_length=0 chain_loop=0 project_busy=0 restoring=0 sample_busy=0 project_status=PROJECT READY sample_status=SAMPLE READY
[Q TRACK] track=0 source=1 pitch=67 synth_pitch=43 sample_pitch=67 mute=0 solo=0 start=0 end=65535 reverse=0 mode=0 choke=0 cutoff=0 resonance=0 send=127 slices=8 enabled=1 selected=0 frames=176400 waveform=c78d1545 name=m19p_impulses.wav
[Q SLICE] track=0 index=0 start=0 end=8192
[Q SLICE] track=0 index=1 start=8192 end=16384
[Q SLICE] track=0 index=2 start=16384 end=20480
[Q SLICE] track=0 index=3 start=20480 end=28672
[Q SLICE] track=0 index=4 start=28672 end=32768
[Q SLICE] track=0 index=5 start=32768 end=45056
[Q SLICE] track=0 index=6 start=45056 end=57344
[Q SLICE] track=0 index=7 start=57344 end=65535
[Q TRACK] track=1 source=0 pitch=39 synth_pitch=39 sample_pitch=60 mute=0 solo=0 start=0 end=65535 reverse=0 mode=0 choke=0 cutoff=0 resonance=0 send=127 slices=1 enabled=0 selected=0 frames=0 waveform=5f6c8245 name=
[Q SLICE] track=1 index=0 start=0 end=65535
[Q TRACK] track=2 source=0 pitch=42 synth_pitch=42 sample_pitch=60 mute=0 solo=0 start=0 end=65535 reverse=0 mode=0 choke=0 cutoff=0 resonance=0 send=127 slices=1 enabled=0 selected=0 frames=0 waveform=5f6c8245 name=
[Q SLICE] track=2 index=0 start=0 end=65535
[Q TRACK] track=3 source=0 pitch=45 synth_pitch=45 sample_pitch=60 mute=0 solo=0 start=0 end=65535 reverse=0 mode=0 choke=0 cutoff=0 resonance=0 send=127 slices=1 enabled=0 selected=0 frames=0 waveform=5f6c8245 name=
[Q SLICE] track=3 index=0 start=0 end=65535
[Q PATTERN] index=0 length=16 masks=0000,0000,0000
[Q LOCK] pattern=0 step=0 mask=0 slice=0
[Q LOCK] pattern=0 step=1 mask=0 slice=0
[Q LOCK] pattern=0 step=2 mask=0 slice=0
[Q LOCK] pattern=0 step=3 mask=0 slice=0
[Q PATTERN] index=1 length=16 masks=0000,0000,0000
[Q LOCK] pattern=1 step=0 mask=0 slice=0
[Q LOCK] pattern=1 step=1 mask=0 slice=0
[Q LOCK] pattern=1 step=2 mask=0 slice=0
[Q LOCK] pattern=1 step=3 mask=0 slice=0
[Q PATTERN] index=2 length=16 masks=0000,0000,0000
[Q LOCK] pattern=2 step=0 mask=0 slice=0
[Q LOCK] pattern=2 step=1 mask=0 slice=0
[Q LOCK] pattern=2 step=2 mask=0 slice=0
[Q LOCK] pattern=2 step=3 mask=0 slice=0
[Q PATTERN] index=3 length=16 masks=0000,0000,0000
[Q LOCK] pattern=3 step=0 mask=0 slice=0
[Q LOCK] pattern=3 step=1 mask=0 slice=0
[Q LOCK] pattern=3 step=2 mask=0 slice=0
[Q LOCK] pattern=3 step=3 mask=0 slice=0
[Q TRANSIENT] state=3 request=18 progress=100 count=8 stale_discarded=0 apply=1 cancel=8 duration_max_us=61891 chunk_max_us=2298
[Q PROPOSAL] index=0 start=0 end=4096
[Q PROPOSAL] index=1 start=4096 end=8192
[Q PROPOSAL] index=2 start=8192 end=12288
[Q PROPOSAL] index=3 start=12288 end=16384
[Q PROPOSAL] index=4 start=16384 end=20480
[Q PROPOSAL] index=5 start=20480 end=24576
[Q PROPOSAL] index=6 start=24576 end=28672
[Q PROPOSAL] index=7 start=28672 end=65535
[Q HEAP] tag=state internal=224388 free=30392872 largest=29884404
[Q PLAYBACK] triggers=13 reverse=0 gate=0 releases=0 chokes=0 retriggers=3 repeat_accepts=0 repeat_hits=0 chain_loops=0

# HOST CMD 80 0 0 0 0
[Q COMMAND] CMD 80 0 0 0 0
[Q ACK] sent=1

# HOST CMD 78 0 528 0 0
[Q COMMAND] CMD 78 0 528 0 0
[Q ACK] sent=1

# HOST STATE
[Q COMMAND] STATE
[Q STATE] bpm=120 swing=50 playing=0 mode=0 chain_length=0 chain_loop=0 project_busy=0 restoring=0 sample_busy=0 project_status=PROJECT READY sample_status=SAMPLE READY
[Q TRACK] track=0 source=1 pitch=67 synth_pitch=43 sample_pitch=67 mute=0 solo=0 start=0 end=65535 reverse=0 mode=0 choke=0 cutoff=0 resonance=0 send=127 slices=8 enabled=1 selected=0 frames=176400 waveform=c78d1545 name=m19p_impulses.wav
[Q SLICE] track=0 index=0 start=0 end=8192
[Q SLICE] track=0 index=1 start=8192 end=16384
[Q SLICE] track=0 index=2 start=16384 end=20480
[Q SLICE] track=0 index=3 start=20480 end=28672
[Q SLICE] track=0 index=4 start=28672 end=32768
[Q SLICE] track=0 index=5 start=32768 end=45056
[Q SLICE] track=0 index=6 start=45056 end=57344
[Q SLICE] track=0 index=7 start=57344 end=65535
[Q TRACK] track=1 source=0 pitch=39 synth_pitch=39 sample_pitch=60 mute=0 solo=0 start=0 end=65535 reverse=0 mode=0 choke=0 cutoff=0 resonance=0 send=127 slices=1 enabled=0 selected=0 frames=0 waveform=5f6c8245 name=
[Q SLICE] track=1 index=0 start=0 end=65535
[Q TRACK] track=2 source=0 pitch=42 synth_pitch=42 sample_pitch=60 mute=0 solo=0 start=0 end=65535 reverse=0 mode=0 choke=0 cutoff=0 resonance=0 send=127 slices=1 enabled=0 selected=0 frames=0 waveform=5f6c8245 name=
[Q SLICE] track=2 index=0 start=0 end=65535
[Q TRACK] track=3 source=0 pitch=45 synth_pitch=45 sample_pitch=60 mute=0 solo=0 start=0 end=65535 reverse=0 mode=0 choke=0 cutoff=0 resonance=0 send=127 slices=1 enabled=0 selected=0 frames=0 waveform=5f6c8245 name=
[Q SLICE] track=3 index=0 start=0 end=65535
[Q PATTERN] index=0 length=16 masks=0000,0000,0000
[Q LOCK] pattern=0 step=0 mask=0 slice=0
[Q LOCK] pattern=0 step=1 mask=0 slice=0
[Q LOCK] pattern=0 step=2 mask=0 slice=0
[Q LOCK] pattern=0 step=3 mask=0 slice=0
[Q PATTERN] index=1 length=16 masks=0000,0000,0000
[Q LOCK] pattern=1 step=0 mask=0 slice=0
[Q LOCK] pattern=1 step=1 mask=0 slice=0
[Q LOCK] pattern=1 step=2 mask=0 slice=0
[Q LOCK] pattern=1 step=3 mask=0 slice=0
[Q PATTERN] index=2 length=16 masks=0000,0000,0000
[Q LOCK] pattern=2 step=0 mask=0 slice=0
[Q LOCK] pattern=2 step=1 mask=0 slice=0
[Q LOCK] pattern=2 step=2 mask=0 slice=0
[Q LOCK] pattern=2 step=3 mask=0 slice=0
[Q PATTERN] index=3 length=16 masks=0000,0000,0000
[Q LOCK] pattern=3 step=0 mask=0 slice=0
[Q LOCK] pattern=3 step=1 mask=0 slice=0
[Q LOCK] pattern=3 step=2 mask=0 slice=0
[Q LOCK] pattern=3 step=3 mask=0 slice=0
[Q TRANSIENT] state=3 request=20 progress=100 count=16 stale_discarded=0 apply=1 cancel=9 duration_max_us=61891 chunk_max_us=2298
[Q PROPOSAL] index=0 start=0 end=4096
[Q PROPOSAL] index=1 start=4096 end=8192
[Q PROPOSAL] index=2 start=8192 end=12288
[Q PROPOSAL] index=3 start=12288 end=16384
[Q PROPOSAL] index=4 start=16384 end=20480
[Q PROPOSAL] index=5 start=20480 end=24576
[Q PROPOSAL] index=6 start=24576 end=28672
[Q PROPOSAL] index=7 start=28672 end=32768
[Q PROPOSAL] index=8 start=32768 end=36864
[Q PROPOSAL] index=9 start=36864 end=40960
[Q PROPOSAL] index=10 start=40960 end=45056
[Q PROPOSAL] index=11 start=45056 end=49152
[Q PROPOSAL] index=12 start=49152 end=53248
[Q PROPOSAL] index=13 start=53248 end=57344
[Q PROPOSAL] index=14 start=57344 end=61440
[Q PROPOSAL] index=15 start=61440 end=65535
[Q HEAP] tag=state internal=224388 free=30392872 largest=29884404
[Q PLAYBACK] triggers=13 reverse=0 gate=0 releases=0 chokes=0 retriggers=3 repeat_accepts=0 repeat_hits=0 chain_loops=0

# HOST CMD 80 0 0 0 0
[Q COMMAND] CMD 80 0 0 0 0
[Q ACK] sent=1

# HOST LOAD 0 1
[Q COMMAND] LOAD 0 1
[Q ACK] load=1
[M6 read] bytes=352800 read_us=639161 bytes_per_second=551973 original_channels=1 rate=44100 total_psram=33554432
[M6 load] track=0 file_bytes=352844 pcm_bytes=352800 load_publish_us=1066145 payload=352800 transient=352800 peak_payload=705600 ps_free=30392872 largest=29884404 internal=224388 display=2304000 fx_delay=352800 reserve=4194304
[M6.1 replacement] retired_clear=1 ps_delta=0 status=READY

# HOST CMD 78 0 0 0 0
[Q COMMAND] CMD 78 0 0 0 0
[Q ACK] sent=1

# HOST STATE
[Q COMMAND] STATE
[Q STATE] bpm=120 swing=50 playing=0 mode=0 chain_length=0 chain_loop=0 project_busy=0 restoring=0 sample_busy=0 project_status=PROJECT READY sample_status=SAMPLE READY
[Q TRACK] track=0 source=1 pitch=67 synth_pitch=43 sample_pitch=67 mute=0 solo=0 start=0 end=65535 reverse=0 mode=0 choke=0 cutoff=0 resonance=0 send=127 slices=8 enabled=1 selected=0 frames=176400 waveform=af245265 name=m19p_kick.wav
[Q SLICE] track=0 index=0 start=0 end=8192
[Q SLICE] track=0 index=1 start=8192 end=16384
[Q SLICE] track=0 index=2 start=16384 end=20480
[Q SLICE] track=0 index=3 start=20480 end=28672
[Q SLICE] track=0 index=4 start=28672 end=32768
[Q SLICE] track=0 index=5 start=32768 end=45056
[Q SLICE] track=0 index=6 start=45056 end=57344
[Q SLICE] track=0 index=7 start=57344 end=65535
[Q TRACK] track=1 source=0 pitch=39 synth_pitch=39 sample_pitch=60 mute=0 solo=0 start=0 end=65535 reverse=0 mode=0 choke=0 cutoff=0 resonance=0 send=127 slices=1 enabled=0 selected=0 frames=0 waveform=5f6c8245 name=
[Q SLICE] track=1 index=0 start=0 end=65535
[Q TRACK] track=2 source=0 pitch=42 synth_pitch=42 sample_pitch=60 mute=0 solo=0 start=0 end=65535 reverse=0 mode=0 choke=0 cutoff=0 resonance=0 send=127 slices=1 enabled=0 selected=0 frames=0 waveform=5f6c8245 name=
[Q SLICE] track=2 index=0 start=0 end=65535
[Q TRACK] track=3 source=0 pitch=45 synth_pitch=45 sample_pitch=60 mute=0 solo=0 start=0 end=65535 reverse=0 mode=0 choke=0 cutoff=0 resonance=0 send=127 slices=1 enabled=0 selected=0 frames=0 waveform=5f6c8245 name=
[Q SLICE] track=3 index=0 start=0 end=65535
[Q PATTERN] index=0 length=16 masks=0000,0000,0000
[Q LOCK] pattern=0 step=0 mask=0 slice=0
[Q LOCK] pattern=0 step=1 mask=0 slice=0
[Q LOCK] pattern=0 step=2 mask=0 slice=0
[Q LOCK] pattern=0 step=3 mask=0 slice=0
[Q PATTERN] index=1 length=16 masks=0000,0000,0000
[Q LOCK] pattern=1 step=0 mask=0 slice=0
[Q LOCK] pattern=1 step=1 mask=0 slice=0
[Q LOCK] pattern=1 step=2 mask=0 slice=0
[Q LOCK] pattern=1 step=3 mask=0 slice=0
[Q PATTERN] index=2 length=16 masks=0000,0000,0000
[Q LOCK] pattern=2 step=0 mask=0 slice=0
[Q LOCK] pattern=2 step=1 mask=0 slice=0
[Q LOCK] pattern=2 step=2 mask=0 slice=0
[Q LOCK] pattern=2 step=3 mask=0 slice=0
[Q PATTERN] index=3 length=16 masks=0000,0000,0000
[Q LOCK] pattern=3 step=0 mask=0 slice=0
[Q LOCK] pattern=3 step=1 mask=0 slice=0
[Q LOCK] pattern=3 step=2 mask=0 slice=0
[Q LOCK] pattern=3 step=3 mask=0 slice=0
[Q TRANSIENT] state=3 request=22 progress=100 count=16 stale_discarded=0 apply=1 cancel=10 duration_max_us=61891 chunk_max_us=2298
[Q PROPOSAL] index=0 start=0 end=4096
[Q PROPOSAL] index=1 start=4096 end=8192
[Q PROPOSAL] index=2 start=8192 end=12288
[Q PROPOSAL] index=3 start=12288 end=16384
[Q PROPOSAL] index=4 start=16384 end=20480
[Q PROPOSAL] index=5 start=20480 end=24576
[Q PROPOSAL] index=6 start=24576 end=28672
[Q PROPOSAL] index=7 start=28672 end=32768
[Q PROPOSAL] index=8 start=32768 end=36864
[Q PROPOSAL] index=9 start=36864 end=40960
[Q PROPOSAL] index=10 start=40960 end=45056
[Q PROPOSAL] index=11 start=45056 end=49152
[Q PROPOSAL] index=12 start=49152 end=53248
[Q PROPOSAL] index=13 start=53248 end=57344
[Q PROPOSAL] index=14 start=57344 end=61440
[Q PROPOSAL] index=15 start=61440 end=65535
[Q HEAP] tag=state internal=224388 free=30392872 largest=29884404
[Q PLAYBACK] triggers=13 reverse=0 gate=0 releases=0 chokes=0 retriggers=3 repeat_accepts=0 repeat_hits=0 chain_loops=0

# HOST CMD 80 0 0 0 0
[Q COMMAND] CMD 80 0 0 0 0
[Q ACK] sent=1

# HOST CMD 78 0 8 0 0
[Q COMMAND] CMD 78 0 8 0 0
[Q ACK] sent=1

# HOST STATE
[Q COMMAND] STATE
[Q STATE] bpm=120 swing=50 playing=0 mode=0 chain_length=0 chain_loop=0 project_busy=0 restoring=0 sample_busy=0 project_status=PROJECT READY sample_status=SAMPLE READY
[Q TRACK] track=0 source=1 pitch=67 synth_pitch=43 sample_pitch=67 mute=0 solo=0 start=0 end=65535 reverse=0 mode=0 choke=0 cutoff=0 resonance=0 send=127 slices=8 enabled=1 selected=0 frames=176400 waveform=af245265 name=m19p_kick.wav
[Q SLICE] track=0 index=0 start=0 end=8192
[Q SLICE] track=0 index=1 start=8192 end=16384
[Q SLICE] track=0 index=2 start=16384 end=20480
[Q SLICE] track=0 index=3 start=20480 end=28672
[Q SLICE] track=0 index=4 start=28672 end=32768
[Q SLICE] track=0 index=5 start=32768 end=45056
[Q SLICE] track=0 index=6 start=45056 end=57344
[Q SLICE] track=0 index=7 start=57344 end=65535
[Q TRACK] track=1 source=0 pitch=39 synth_pitch=39 sample_pitch=60 mute=0 solo=0 start=0 end=65535 reverse=0 mode=0 choke=0 cutoff=0 resonance=0 send=127 slices=1 enabled=0 selected=0 frames=0 waveform=5f6c8245 name=
[Q SLICE] track=1 index=0 start=0 end=65535
[Q TRACK] track=2 source=0 pitch=42 synth_pitch=42 sample_pitch=60 mute=0 solo=0 start=0 end=65535 reverse=0 mode=0 choke=0 cutoff=0 resonance=0 send=127 slices=1 enabled=0 selected=0 frames=0 waveform=5f6c8245 name=
[Q SLICE] track=2 index=0 start=0 end=65535
[Q TRACK] track=3 source=0 pitch=45 synth_pitch=45 sample_pitch=60 mute=0 solo=0 start=0 end=65535 reverse=0 mode=0 choke=0 cutoff=0 resonance=0 send=127 slices=1 enabled=0 selected=0 frames=0 waveform=5f6c8245 name=
[Q SLICE] track=3 index=0 start=0 end=65535
[Q PATTERN] index=0 length=16 masks=0000,0000,0000
[Q LOCK] pattern=0 step=0 mask=0 slice=0
[Q LOCK] pattern=0 step=1 mask=0 slice=0
[Q LOCK] pattern=0 step=2 mask=0 slice=0
[Q LOCK] pattern=0 step=3 mask=0 slice=0
[Q PATTERN] index=1 length=16 masks=0000,0000,0000
[Q LOCK] pattern=1 step=0 mask=0 slice=0
[Q LOCK] pattern=1 step=1 mask=0 slice=0
[Q LOCK] pattern=1 step=2 mask=0 slice=0
[Q LOCK] pattern=1 step=3 mask=0 slice=0
[Q PATTERN] index=2 length=16 masks=0000,0000,0000
[Q LOCK] pattern=2 step=0 mask=0 slice=0
[Q LOCK] pattern=2 step=1 mask=0 slice=0
[Q LOCK] pattern=2 step=2 mask=0 slice=0
[Q LOCK] pattern=2 step=3 mask=0 slice=0
[Q PATTERN] index=3 length=16 masks=0000,0000,0000
[Q LOCK] pattern=3 step=0 mask=0 slice=0
[Q LOCK] pattern=3 step=1 mask=0 slice=0
[Q LOCK] pattern=3 step=2 mask=0 slice=0
[Q LOCK] pattern=3 step=3 mask=0 slice=0
[Q TRANSIENT] state=3 request=24 progress=100 count=8 stale_discarded=0 apply=1 cancel=11 duration_max_us=61891 chunk_max_us=2298
[Q PROPOSAL] index=0 start=0 end=12288
[Q PROPOSAL] index=1 start=12288 end=16384
[Q PROPOSAL] index=2 start=16384 end=28672
[Q PROPOSAL] index=3 start=28672 end=32768
[Q PROPOSAL] index=4 start=32768 end=45056
[Q PROPOSAL] index=5 start=45056 end=49152
[Q PROPOSAL] index=6 start=49152 end=61440
[Q PROPOSAL] index=7 start=61440 end=65535
[Q HEAP] tag=state internal=224388 free=30392872 largest=29884404
[Q PLAYBACK] triggers=13 reverse=0 gate=0 releases=0 chokes=0 retriggers=3 repeat_accepts=0 repeat_hits=0 chain_loops=0

# HOST CMD 80 0 0 0 0
[Q COMMAND] CMD 80 0 0 0 0
[Q ACK] sent=1

# HOST CMD 78 0 16 0 0
[Q COMMAND] CMD 78 0 16 0 0
[Q ACK] sent=1

# HOST STATE
[Q COMMAND] STATE
[Q STATE] bpm=120 swing=50 playing=0 mode=0 chain_length=0 chain_loop=0 project_busy=0 restoring=0 sample_busy=0 project_status=PROJECT READY sample_status=SAMPLE READY
[Q TRACK] track=0 source=1 pitch=67 synth_pitch=43 sample_pitch=67 mute=0 solo=0 start=0 end=65535 reverse=0 mode=0 choke=0 cutoff=0 resonance=0 send=127 slices=8 enabled=1 selected=0 frames=176400 waveform=af245265 name=m19p_kick.wav
[Q SLICE] track=0 index=0 start=0 end=8192
[Q SLICE] track=0 index=1 start=8192 end=16384
[Q SLICE] track=0 index=2 start=16384 end=20480
[Q SLICE] track=0 index=3 start=20480 end=28672
[Q SLICE] track=0 index=4 start=28672 end=32768
[Q SLICE] track=0 index=5 start=32768 end=45056
[Q SLICE] track=0 index=6 start=45056 end=57344
[Q SLICE] track=0 index=7 start=57344 end=65535
[Q TRACK] track=1 source=0 pitch=39 synth_pitch=39 sample_pitch=60 mute=0 solo=0 start=0 end=65535 reverse=0 mode=0 choke=0 cutoff=0 resonance=0 send=127 slices=1 enabled=0 selected=0 frames=0 waveform=5f6c8245 name=
[Q SLICE] track=1 index=0 start=0 end=65535
[Q TRACK] track=2 source=0 pitch=42 synth_pitch=42 sample_pitch=60 mute=0 solo=0 start=0 end=65535 reverse=0 mode=0 choke=0 cutoff=0 resonance=0 send=127 slices=1 enabled=0 selected=0 frames=0 waveform=5f6c8245 name=
[Q SLICE] track=2 index=0 start=0 end=65535
[Q TRACK] track=3 source=0 pitch=45 synth_pitch=45 sample_pitch=60 mute=0 solo=0 start=0 end=65535 reverse=0 mode=0 choke=0 cutoff=0 resonance=0 send=127 slices=1 enabled=0 selected=0 frames=0 waveform=5f6c8245 name=
[Q SLICE] track=3 index=0 start=0 end=65535
[Q PATTERN] index=0 length=16 masks=0000,0000,0000
[Q LOCK] pattern=0 step=0 mask=0 slice=0
[Q LOCK] pattern=0 step=1 mask=0 slice=0
[Q LOCK] pattern=0 step=2 mask=0 slice=0
[Q LOCK] pattern=0 step=3 mask=0 slice=0
[Q PATTERN] index=1 length=16 masks=0000,0000,0000
[Q LOCK] pattern=1 step=0 mask=0 slice=0
[Q LOCK] pattern=1 step=1 mask=0 slice=0
[Q LOCK] pattern=1 step=2 mask=0 slice=0
[Q LOCK] pattern=1 step=3 mask=0 slice=0
[Q PATTERN] index=2 length=16 masks=0000,0000,0000
[Q LOCK] pattern=2 step=0 mask=0 slice=0
[Q LOCK] pattern=2 step=1 mask=0 slice=0
[Q LOCK] pattern=2 step=2 mask=0 slice=0
[Q LOCK] pattern=2 step=3 mask=0 slice=0
[Q PATTERN] index=3 length=16 masks=0000,0000,0000
[Q LOCK] pattern=3 step=0 mask=0 slice=0
[Q LOCK] pattern=3 step=1 mask=0 slice=0
[Q LOCK] pattern=3 step=2 mask=0 slice=0
[Q LOCK] pattern=3 step=3 mask=0 slice=0
[Q TRANSIENT] state=3 request=26 progress=100 count=16 stale_discarded=0 apply=1 cancel=12 duration_max_us=61891 chunk_max_us=2298
[Q PROPOSAL] index=0 start=0 end=4096
[Q PROPOSAL] index=1 start=4096 end=8192
[Q PROPOSAL] index=2 start=8192 end=12288
[Q PROPOSAL] index=3 start=12288 end=16384
[Q PROPOSAL] index=4 start=16384 end=20480
[Q PROPOSAL] index=5 start=20480 end=24576
[Q PROPOSAL] index=6 start=24576 end=28672
[Q PROPOSAL] index=7 start=28672 end=32768
[Q PROPOSAL] index=8 start=32768 end=36864
[Q PROPOSAL] index=9 start=36864 end=40960
[Q PROPOSAL] index=10 start=40960 end=45056
[Q PROPOSAL] index=11 start=45056 end=49152
[Q PROPOSAL] index=12 start=49152 end=53248
[Q PROPOSAL] index=13 start=53248 end=57344
[Q PROPOSAL] index=14 start=57344 end=61440
[Q PROPOSAL] index=15 start=61440 end=65535
[Q HEAP] tag=state internal=224388 free=30392872 largest=29884404
[Q PLAYBACK] triggers=13 reverse=0 gate=0 releases=0 chokes=0 retriggers=3 repeat_accepts=0 repeat_hits=0 chain_loops=0

# HOST CMD 80 0 0 0 0
[Q COMMAND] CMD 80 0 0 0 0
[Q ACK] sent=1

# HOST CMD 78 0 256 0 0
[Q COMMAND] CMD 78 0 256 0 0
[Q ACK] sent=1

# HOST STATE
[Q COMMAND] STATE
[Q STATE] bpm=120 swing=50 playing=0 mode=0 chain_length=0 chain_loop=0 project_busy=0 restoring=0 sample_busy=0 project_status=PROJECT READY sample_status=SAMPLE READY
[Q TRACK] track=0 source=1 pitch=67 synth_pitch=43 sample_pitch=67 mute=0 solo=0 start=0 end=65535 reverse=0 mode=0 choke=0 cutoff=0 resonance=0 send=127 slices=8 enabled=1 selected=0 frames=176400 waveform=af245265 name=m19p_kick.wav
[Q SLICE] track=0 index=0 start=0 end=8192
[Q SLICE] track=0 index=1 start=8192 end=16384
[Q SLICE] track=0 index=2 start=16384 end=20480
[Q SLICE] track=0 index=3 start=20480 end=28672
[Q SLICE] track=0 index=4 start=28672 end=32768
[Q SLICE] track=0 index=5 start=32768 end=45056
[Q SLICE] track=0 index=6 start=45056 end=57344
[Q SLICE] track=0 index=7 start=57344 end=65535
[Q TRACK] track=1 source=0 pitch=39 synth_pitch=39 sample_pitch=60 mute=0 solo=0 start=0 end=65535 reverse=0 mode=0 choke=0 cutoff=0 resonance=0 send=127 slices=1 enabled=0 selected=0 frames=0 waveform=5f6c8245 name=
[Q SLICE] track=1 index=0 start=0 end=65535
[Q TRACK] track=2 source=0 pitch=42 synth_pitch=42 sample_pitch=60 mute=0 solo=0 start=0 end=65535 reverse=0 mode=0 choke=0 cutoff=0 resonance=0 send=127 slices=1 enabled=0 selected=0 frames=0 waveform=5f6c8245 name=
[Q SLICE] track=2 index=0 start=0 end=65535
[Q TRACK] track=3 source=0 pitch=45 synth_pitch=45 sample_pitch=60 mute=0 solo=0 start=0 end=65535 reverse=0 mode=0 choke=0 cutoff=0 resonance=0 send=127 slices=1 enabled=0 selected=0 frames=0 waveform=5f6c8245 name=
[Q SLICE] track=3 index=0 start=0 end=65535
[Q PATTERN] index=0 length=16 masks=0000,0000,0000
[Q LOCK] pattern=0 step=0 mask=0 slice=0
[Q LOCK] pattern=0 step=1 mask=0 slice=0
[Q LOCK] pattern=0 step=2 mask=0 slice=0
[Q LOCK] pattern=0 step=3 mask=0 slice=0
[Q PATTERN] index=1 length=16 masks=0000,0000,0000
[Q LOCK] pattern=1 step=0 mask=0 slice=0
[Q LOCK] pattern=1 step=1 mask=0 slice=0
[Q LOCK] pattern=1 step=2 mask=0 slice=0
[Q LOCK] pattern=1 step=3 mask=0 slice=0
[Q PATTERN] index=2 length=16 masks=0000,0000,0000
[Q LOCK] pattern=2 step=0 mask=0 slice=0
[Q LOCK] pattern=2 step=1 mask=0 slice=0
[Q LOCK] pattern=2 step=2 mask=0 slice=0
[Q LOCK] pattern=2 step=3 mask=0 slice=0
[Q PATTERN] index=3 length=16 masks=0000,0000,0000
[Q LOCK] pattern=3 step=0 mask=0 slice=0
[Q LOCK] pattern=3 step=1 mask=0 slice=0
[Q LOCK] pattern=3 step=2 mask=0 slice=0
[Q LOCK] pattern=3 step=3 mask=0 slice=0
[Q TRANSIENT] state=3 request=28 progress=100 count=16 stale_discarded=0 apply=1 cancel=13 duration_max_us=61891 chunk_max_us=2298
[Q PROPOSAL] index=0 start=0 end=4096
[Q PROPOSAL] index=1 start=4096 end=8192
[Q PROPOSAL] index=2 start=8192 end=12288
[Q PROPOSAL] index=3 start=12288 end=16384
[Q PROPOSAL] index=4 start=16384 end=20480
[Q PROPOSAL] index=5 start=20480 end=24576
[Q PROPOSAL] index=6 start=24576 end=28672
[Q PROPOSAL] index=7 start=28672 end=32768
[Q PROPOSAL] index=8 start=32768 end=36864
[Q PROPOSAL] index=9 start=36864 end=40960
[Q PROPOSAL] index=10 start=40960 end=45056
[Q PROPOSAL] index=11 start=45056 end=49152
[Q PROPOSAL] index=12 start=49152 end=53248
[Q PROPOSAL] index=13 start=53248 end=57344
[Q PROPOSAL] index=14 start=57344 end=61440
[Q PROPOSAL] index=15 start=61440 end=65535
[Q HEAP] tag=state internal=224388 free=30392872 largest=29884404
[Q PLAYBACK] triggers=13 reverse=0 gate=0 releases=0 chokes=0 retriggers=3 repeat_accepts=0 repeat_hits=0 chain_loops=0

# HOST CMD 80 0 0 0 0
[Q COMMAND] CMD 80 0 0 0 0
[Q ACK] sent=1

# HOST CMD 78 0 264 0 0
[Q COMMAND] CMD 78 0 264 0 0
[Q ACK] sent=1

# HOST STATE
[Q COMMAND] STATE
[Q STATE] bpm=120 swing=50 playing=0 mode=0 chain_length=0 chain_loop=0 project_busy=0 restoring=0 sample_busy=0 project_status=PROJECT READY sample_status=SAMPLE READY
[Q TRACK] track=0 source=1 pitch=67 synth_pitch=43 sample_pitch=67 mute=0 solo=0 start=0 end=65535 reverse=0 mode=0 choke=0 cutoff=0 resonance=0 send=127 slices=8 enabled=1 selected=0 frames=176400 waveform=af245265 name=m19p_kick.wav
[Q SLICE] track=0 index=0 start=0 end=8192
[Q SLICE] track=0 index=1 start=8192 end=16384
[Q SLICE] track=0 index=2 start=16384 end=20480
[Q SLICE] track=0 index=3 start=20480 end=28672
[Q SLICE] track=0 index=4 start=28672 end=32768
[Q SLICE] track=0 index=5 start=32768 end=45056
[Q SLICE] track=0 index=6 start=45056 end=57344
[Q SLICE] track=0 index=7 start=57344 end=65535
[Q TRACK] track=1 source=0 pitch=39 synth_pitch=39 sample_pitch=60 mute=0 solo=0 start=0 end=65535 reverse=0 mode=0 choke=0 cutoff=0 resonance=0 send=127 slices=1 enabled=0 selected=0 frames=0 waveform=5f6c8245 name=
[Q SLICE] track=1 index=0 start=0 end=65535
[Q TRACK] track=2 source=0 pitch=42 synth_pitch=42 sample_pitch=60 mute=0 solo=0 start=0 end=65535 reverse=0 mode=0 choke=0 cutoff=0 resonance=0 send=127 slices=1 enabled=0 selected=0 frames=0 waveform=5f6c8245 name=
[Q SLICE] track=2 index=0 start=0 end=65535
[Q TRACK] track=3 source=0 pitch=45 synth_pitch=45 sample_pitch=60 mute=0 solo=0 start=0 end=65535 reverse=0 mode=0 choke=0 cutoff=0 resonance=0 send=127 slices=1 enabled=0 selected=0 frames=0 waveform=5f6c8245 name=
[Q SLICE] track=3 index=0 start=0 end=65535
[Q PATTERN] index=0 length=16 masks=0000,0000,0000
[Q LOCK] pattern=0 step=0 mask=0 slice=0
[Q LOCK] pattern=0 step=1 mask=0 slice=0
[Q LOCK] pattern=0 step=2 mask=0 slice=0
[Q LOCK] pattern=0 step=3 mask=0 slice=0
[Q PATTERN] index=1 length=16 masks=0000,0000,0000
[Q LOCK] pattern=1 step=0 mask=0 slice=0
[Q LOCK] pattern=1 step=1 mask=0 slice=0
[Q LOCK] pattern=1 step=2 mask=0 slice=0
[Q LOCK] pattern=1 step=3 mask=0 slice=0
[Q PATTERN] index=2 length=16 masks=0000,0000,0000
[Q LOCK] pattern=2 step=0 mask=0 slice=0
[Q LOCK] pattern=2 step=1 mask=0 slice=0
[Q LOCK] pattern=2 step=2 mask=0 slice=0
[Q LOCK] pattern=2 step=3 mask=0 slice=0
[Q PATTERN] index=3 length=16 masks=0000,0000,0000
[Q LOCK] pattern=3 step=0 mask=0 slice=0
[Q LOCK] pattern=3 step=1 mask=0 slice=0
[Q LOCK] pattern=3 step=2 mask=0 slice=0
[Q LOCK] pattern=3 step=3 mask=0 slice=0
[Q TRANSIENT] state=3 request=30 progress=100 count=8 stale_discarded=0 apply=1 cancel=14 duration_max_us=62030 chunk_max_us=2298
[Q PROPOSAL] index=0 start=0 end=12288
[Q PROPOSAL] index=1 start=12288 end=16384
[Q PROPOSAL] index=2 start=16384 end=28672
[Q PROPOSAL] index=3 start=28672 end=32768
[Q PROPOSAL] index=4 start=32768 end=45056
[Q PROPOSAL] index=5 start=45056 end=49152
[Q PROPOSAL] index=6 start=49152 end=61440
[Q PROPOSAL] index=7 start=61440 end=65535
[Q HEAP] tag=state internal=224388 free=30392872 largest=29884404
[Q PLAYBACK] triggers=13 reverse=0 gate=0 releases=0 chokes=0 retriggers=3 repeat_accepts=0 repeat_hits=0 chain_loops=0

# HOST CMD 80 0 0 0 0
[Q COMMAND] CMD 80 0 0 0 0
[Q ACK] sent=1

# HOST CMD 78 0 272 0 0
[Q COMMAND] CMD 78 0 272 0 0
[Q ACK] sent=1

# HOST STATE
[Q COMMAND] STATE
[Q STATE] bpm=120 swing=50 playing=0 mode=0 chain_length=0 chain_loop=0 project_busy=0 restoring=0 sample_busy=0 project_status=PROJECT READY sample_status=SAMPLE READY
[Q TRACK] track=0 source=1 pitch=67 synth_pitch=43 sample_pitch=67 mute=0 solo=0 start=0 end=65535 reverse=0 mode=0 choke=0 cutoff=0 resonance=0 send=127 slices=8 enabled=1 selected=0 frames=176400 waveform=af245265 name=m19p_kick.wav
[Q SLICE] track=0 index=0 start=0 end=8192
[Q SLICE] track=0 index=1 start=8192 end=16384
[Q SLICE] track=0 index=2 start=16384 end=20480
[Q SLICE] track=0 index=3 start=20480 end=28672
[Q SLICE] track=0 index=4 start=28672 end=32768
[Q SLICE] track=0 index=5 start=32768 end=45056
[Q SLICE] track=0 index=6 start=45056 end=57344
[Q SLICE] track=0 index=7 start=57344 end=65535
[Q TRACK] track=1 source=0 pitch=39 synth_pitch=39 sample_pitch=60 mute=0 solo=0 start=0 end=65535 reverse=0 mode=0 choke=0 cutoff=0 resonance=0 send=127 slices=1 enabled=0 selected=0 frames=0 waveform=5f6c8245 name=
[Q SLICE] track=1 index=0 start=0 end=65535
[Q TRACK] track=2 source=0 pitch=42 synth_pitch=42 sample_pitch=60 mute=0 solo=0 start=0 end=65535 reverse=0 mode=0 choke=0 cutoff=0 resonance=0 send=127 slices=1 enabled=0 selected=0 frames=0 waveform=5f6c8245 name=
[Q SLICE] track=2 index=0 start=0 end=65535
[Q TRACK] track=3 source=0 pitch=45 synth_pitch=45 sample_pitch=60 mute=0 solo=0 start=0 end=65535 reverse=0 mode=0 choke=0 cutoff=0 resonance=0 send=127 slices=1 enabled=0 selected=0 frames=0 waveform=5f6c8245 name=
[Q SLICE] track=3 index=0 start=0 end=65535
[Q PATTERN] index=0 length=16 masks=0000,0000,0000
[Q LOCK] pattern=0 step=0 mask=0 slice=0
[Q LOCK] pattern=0 step=1 mask=0 slice=0
[Q LOCK] pattern=0 step=2 mask=0 slice=0
[Q LOCK] pattern=0 step=3 mask=0 slice=0
[Q PATTERN] index=1 length=16 masks=0000,0000,0000
[Q LOCK] pattern=1 step=0 mask=0 slice=0
[Q LOCK] pattern=1 step=1 mask=0 slice=0
[Q LOCK] pattern=1 step=2 mask=0 slice=0
[Q LOCK] pattern=1 step=3 mask=0 slice=0
[Q PATTERN] index=2 length=16 masks=0000,0000,0000
[Q LOCK] pattern=2 step=0 mask=0 slice=0
[Q LOCK] pattern=2 step=1 mask=0 slice=0
[Q LOCK] pattern=2 step=2 mask=0 slice=0
[Q LOCK] pattern=2 step=3 mask=0 slice=0
[Q PATTERN] index=3 length=16 masks=0000,0000,0000
[Q LOCK] pattern=3 step=0 mask=0 slice=0
[Q LOCK] pattern=3 step=1 mask=0 slice=0
[Q LOCK] pattern=3 step=2 mask=0 slice=0
[Q LOCK] pattern=3 step=3 mask=0 slice=0
[Q TRANSIENT] state=3 request=32 progress=100 count=16 stale_discarded=0 apply=1 cancel=15 duration_max_us=62030 chunk_max_us=2298
[Q PROPOSAL] index=0 start=0 end=4096
[Q PROPOSAL] index=1 start=4096 end=8192
[Q PROPOSAL] index=2 start=8192 end=12288
[Q PROPOSAL] index=3 start=12288 end=16384
[Q PROPOSAL] index=4 start=16384 end=20480
[Q PROPOSAL] index=5 start=20480 end=24576
[Q PROPOSAL] index=6 start=24576 end=28672
[Q PROPOSAL] index=7 start=28672 end=32768
[Q PROPOSAL] index=8 start=32768 end=36864
[Q PROPOSAL] index=9 start=36864 end=40960
[Q PROPOSAL] index=10 start=40960 end=45056
[Q PROPOSAL] index=11 start=45056 end=49152
[Q PROPOSAL] index=12 start=49152 end=53248
[Q PROPOSAL] index=13 start=53248 end=57344
[Q PROPOSAL] index=14 start=57344 end=61440
[Q PROPOSAL] index=15 start=61440 end=65535
[Q HEAP] tag=state internal=224388 free=30392872 largest=29884404
[Q PLAYBACK] triggers=13 reverse=0 gate=0 releases=0 chokes=0 retriggers=3 repeat_accepts=0 repeat_hits=0 chain_loops=0

# HOST CMD 80 0 0 0 0
[Q COMMAND] CMD 80 0 0 0 0
[Q ACK] sent=1

# HOST CMD 78 0 512 0 0
[Q COMMAND] CMD 78 0 512 0 0
[Q ACK] sent=1

# HOST STATE
[Q COMMAND] STATE
[Q STATE] bpm=120 swing=50 playing=0 mode=0 chain_length=0 chain_loop=0 project_busy=0 restoring=0 sample_busy=0 project_status=PROJECT READY sample_status=SAMPLE READY
[Q TRACK] track=0 source=1 pitch=67 synth_pitch=43 sample_pitch=67 mute=0 solo=0 start=0 end=65535 reverse=0 mode=0 choke=0 cutoff=0 resonance=0 send=127 slices=8 enabled=1 selected=0 frames=176400 waveform=af245265 name=m19p_kick.wav
[Q SLICE] track=0 index=0 start=0 end=8192
[Q SLICE] track=0 index=1 start=8192 end=16384
[Q SLICE] track=0 index=2 start=16384 end=20480
[Q SLICE] track=0 index=3 start=20480 end=28672
[Q SLICE] track=0 index=4 start=28672 end=32768
[Q SLICE] track=0 index=5 start=32768 end=45056
[Q SLICE] track=0 index=6 start=45056 end=57344
[Q SLICE] track=0 index=7 start=57344 end=65535
[Q TRACK] track=1 source=0 pitch=39 synth_pitch=39 sample_pitch=60 mute=0 solo=0 start=0 end=65535 reverse=0 mode=0 choke=0 cutoff=0 resonance=0 send=127 slices=1 enabled=0 selected=0 frames=0 waveform=5f6c8245 name=
[Q SLICE] track=1 index=0 start=0 end=65535
[Q TRACK] track=2 source=0 pitch=42 synth_pitch=42 sample_pitch=60 mute=0 solo=0 start=0 end=65535 reverse=0 mode=0 choke=0 cutoff=0 resonance=0 send=127 slices=1 enabled=0 selected=0 frames=0 waveform=5f6c8245 name=
[Q SLICE] track=2 index=0 start=0 end=65535
[Q TRACK] track=3 source=0 pitch=45 synth_pitch=45 sample_pitch=60 mute=0 solo=0 start=0 end=65535 reverse=0 mode=0 choke=0 cutoff=0 resonance=0 send=127 slices=1 enabled=0 selected=0 frames=0 waveform=5f6c8245 name=
[Q SLICE] track=3 index=0 start=0 end=65535
[Q PATTERN] index=0 length=16 masks=0000,0000,0000
[Q LOCK] pattern=0 step=0 mask=0 slice=0
[Q LOCK] pattern=0 step=1 mask=0 slice=0
[Q LOCK] pattern=0 step=2 mask=0 slice=0
[Q LOCK] pattern=0 step=3 mask=0 slice=0
[Q PATTERN] index=1 length=16 masks=0000,0000,0000
[Q LOCK] pattern=1 step=0 mask=0 slice=0
[Q LOCK] pattern=1 step=1 mask=0 slice=0
[Q LOCK] pattern=1 step=2 mask=0 slice=0
[Q LOCK] pattern=1 step=3 mask=0 slice=0
[Q PATTERN] index=2 length=16 masks=0000,0000,0000
[Q LOCK] pattern=2 step=0 mask=0 slice=0
[Q LOCK] pattern=2 step=1 mask=0 slice=0
[Q LOCK] pattern=2 step=2 mask=0 slice=0
[Q LOCK] pattern=2 step=3 mask=0 slice=0
[Q PATTERN] index=3 length=16 masks=0000,0000,0000
[Q LOCK] pattern=3 step=0 mask=0 slice=0
[Q LOCK] pattern=3 step=1 mask=0 slice=0
[Q LOCK] pattern=3 step=2 mask=0 slice=0
[Q LOCK] pattern=3 step=3 mask=0 slice=0
[Q TRANSIENT] state=3 request=34 progress=100 count=16 stale_discarded=0 apply=1 cancel=16 duration_max_us=67031 chunk_max_us=2492
[Q PROPOSAL] index=0 start=0 end=4356
[Q PROPOSAL] index=1 start=4356 end=8452
[Q PROPOSAL] index=2 start=8452 end=12288
[Q PROPOSAL] index=3 start=12288 end=16384
[Q PROPOSAL] index=4 start=16384 end=20740
[Q PROPOSAL] index=5 start=20740 end=24836
[Q PROPOSAL] index=6 start=24836 end=28672
[Q PROPOSAL] index=7 start=28672 end=33028
[Q PROPOSAL] index=8 start=33028 end=37124
[Q PROPOSAL] index=9 start=37124 end=41220
[Q PROPOSAL] index=10 start=41220 end=45056
[Q PROPOSAL] index=11 start=45056 end=49412
[Q PROPOSAL] index=12 start=49412 end=53508
[Q PROPOSAL] index=13 start=53508 end=57505
[Q PROPOSAL] index=14 start=57505 end=61440
[Q PROPOSAL] index=15 start=61440 end=65535
[Q HEAP] tag=state internal=224388 free=30392872 largest=29884404
[Q PLAYBACK] triggers=13 reverse=0 gate=0 releases=0 chokes=0 retriggers=3 repeat_accepts=0 repeat_hits=0 chain_loops=0

# HOST CMD 80 0 0 0 0
[Q COMMAND] CMD 80 0 0 0 0
[Q ACK] sent=1

# HOST CMD 78 0 520 0 0
[Q COMMAND] CMD 78 0 520 0 0
[Q ACK] sent=1

# HOST STATE
[Q COMMAND] STATE
[Q STATE] bpm=120 swing=50 playing=0 mode=0 chain_length=0 chain_loop=0 project_busy=0 restoring=0 sample_busy=0 project_status=PROJECT READY sample_status=SAMPLE READY
[Q TRACK] track=0 source=1 pitch=67 synth_pitch=43 sample_pitch=67 mute=0 solo=0 start=0 end=65535 reverse=0 mode=0 choke=0 cutoff=0 resonance=0 send=127 slices=8 enabled=1 selected=0 frames=176400 waveform=af245265 name=m19p_kick.wav
[Q SLICE] track=0 index=0 start=0 end=8192
[Q SLICE] track=0 index=1 start=8192 end=16384
[Q SLICE] track=0 index=2 start=16384 end=20480
[Q SLICE] track=0 index=3 start=20480 end=28672
[Q SLICE] track=0 index=4 start=28672 end=32768
[Q SLICE] track=0 index=5 start=32768 end=45056
[Q SLICE] track=0 index=6 start=45056 end=57344
[Q SLICE] track=0 index=7 start=57344 end=65535
[Q TRACK] track=1 source=0 pitch=39 synth_pitch=39 sample_pitch=60 mute=0 solo=0 start=0 end=65535 reverse=0 mode=0 choke=0 cutoff=0 resonance=0 send=127 slices=1 enabled=0 selected=0 frames=0 waveform=5f6c8245 name=
[Q SLICE] track=1 index=0 start=0 end=65535
[Q TRACK] track=2 source=0 pitch=42 synth_pitch=42 sample_pitch=60 mute=0 solo=0 start=0 end=65535 reverse=0 mode=0 choke=0 cutoff=0 resonance=0 send=127 slices=1 enabled=0 selected=0 frames=0 waveform=5f6c8245 name=
[Q SLICE] track=2 index=0 start=0 end=65535
[Q TRACK] track=3 source=0 pitch=45 synth_pitch=45 sample_pitch=60 mute=0 solo=0 start=0 end=65535 reverse=0 mode=0 choke=0 cutoff=0 resonance=0 send=127 slices=1 enabled=0 selected=0 frames=0 waveform=5f6c8245 name=
[Q SLICE] track=3 index=0 start=0 end=65535
[Q PATTERN] index=0 length=16 masks=0000,0000,0000
[Q LOCK] pattern=0 step=0 mask=0 slice=0
[Q LOCK] pattern=0 step=1 mask=0 slice=0
[Q LOCK] pattern=0 step=2 mask=0 slice=0
[Q LOCK] pattern=0 step=3 mask=0 slice=0
[Q PATTERN] index=1 length=16 masks=0000,0000,0000
[Q LOCK] pattern=1 step=0 mask=0 slice=0
[Q LOCK] pattern=1 step=1 mask=0 slice=0
[Q LOCK] pattern=1 step=2 mask=0 slice=0
[Q LOCK] pattern=1 step=3 mask=0 slice=0
[Q PATTERN] index=2 length=16 masks=0000,0000,0000
[Q LOCK] pattern=2 step=0 mask=0 slice=0
[Q LOCK] pattern=2 step=1 mask=0 slice=0
[Q LOCK] pattern=2 step=2 mask=0 slice=0
[Q LOCK] pattern=2 step=3 mask=0 slice=0
[Q PATTERN] index=3 length=16 masks=0000,0000,0000
[Q LOCK] pattern=3 step=0 mask=0 slice=0
[Q LOCK] pattern=3 step=1 mask=0 slice=0
[Q LOCK] pattern=3 step=2 mask=0 slice=0
[Q LOCK] pattern=3 step=3 mask=0 slice=0
[Q TRANSIENT] state=3 request=36 progress=100 count=8 stale_discarded=0 apply=1 cancel=17 duration_max_us=67031 chunk_max_us=2492
[Q PROPOSAL] index=0 start=0 end=4356
[Q PROPOSAL] index=1 start=4356 end=8452
[Q PROPOSAL] index=2 start=8452 end=20740
[Q PROPOSAL] index=3 start=20740 end=37124
[Q PROPOSAL] index=4 start=37124 end=49412
[Q PROPOSAL] index=5 start=49412 end=53508
[Q PROPOSAL] index=6 start=53508 end=61440
[Q PROPOSAL] index=7 start=61440 end=65535
[Q HEAP] tag=state internal=224388 free=30392872 largest=29884404
[Q PLAYBACK] triggers=13 reverse=0 gate=0 releases=0 chokes=0 retriggers=3 repeat_accepts=0 repeat_hits=0 chain_loops=0

# HOST CMD 80 0 0 0 0
[Q COMMAND] CMD 80 0 0 0 0
[Q ACK] sent=1

# HOST CMD 78 0 528 0 0
[Q COMMAND] CMD 78 0 528 0 0
[Q ACK] sent=1

# HOST STATE
[Q COMMAND] STATE
[Q STATE] bpm=120 swing=50 playing=0 mode=0 chain_length=0 chain_loop=0 project_busy=0 restoring=0 sample_busy=0 project_status=PROJECT READY sample_status=SAMPLE READY
[Q TRACK] track=0 source=1 pitch=67 synth_pitch=43 sample_pitch=67 mute=0 solo=0 start=0 end=65535 reverse=0 mode=0 choke=0 cutoff=0 resonance=0 send=127 slices=8 enabled=1 selected=0 frames=176400 waveform=af245265 name=m19p_kick.wav
[Q SLICE] track=0 index=0 start=0 end=8192
[Q SLICE] track=0 index=1 start=8192 end=16384
[Q SLICE] track=0 index=2 start=16384 end=20480
[Q SLICE] track=0 index=3 start=20480 end=28672
[Q SLICE] track=0 index=4 start=28672 end=32768
[Q SLICE] track=0 index=5 start=32768 end=45056
[Q SLICE] track=0 index=6 start=45056 end=57344
[Q SLICE] track=0 index=7 start=57344 end=65535
[Q TRACK] track=1 source=0 pitch=39 synth_pitch=39 sample_pitch=60 mute=0 solo=0 start=0 end=65535 reverse=0 mode=0 choke=0 cutoff=0 resonance=0 send=127 slices=1 enabled=0 selected=0 frames=0 waveform=5f6c8245 name=
[Q SLICE] track=1 index=0 start=0 end=65535
[Q TRACK] track=2 source=0 pitch=42 synth_pitch=42 sample_pitch=60 mute=0 solo=0 start=0 end=65535 reverse=0 mode=0 choke=0 cutoff=0 resonance=0 send=127 slices=1 enabled=0 selected=0 frames=0 waveform=5f6c8245 name=
[Q SLICE] track=2 index=0 start=0 end=65535
[Q TRACK] track=3 source=0 pitch=45 synth_pitch=45 sample_pitch=60 mute=0 solo=0 start=0 end=65535 reverse=0 mode=0 choke=0 cutoff=0 resonance=0 send=127 slices=1 enabled=0 selected=0 frames=0 waveform=5f6c8245 name=
[Q SLICE] track=3 index=0 start=0 end=65535
[Q PATTERN] index=0 length=16 masks=0000,0000,0000
[Q LOCK] pattern=0 step=0 mask=0 slice=0
[Q LOCK] pattern=0 step=1 mask=0 slice=0
[Q LOCK] pattern=0 step=2 mask=0 slice=0
[Q LOCK] pattern=0 step=3 mask=0 slice=0
[Q PATTERN] index=1 length=16 masks=0000,0000,0000
[Q LOCK] pattern=1 step=0 mask=0 slice=0
[Q LOCK] pattern=1 step=1 mask=0 slice=0
[Q LOCK] pattern=1 step=2 mask=0 slice=0
[Q LOCK] pattern=1 step=3 mask=0 slice=0
[Q PATTERN] index=2 length=16 masks=0000,0000,0000
[Q LOCK] pattern=2 step=0 mask=0 slice=0
[Q LOCK] pattern=2 step=1 mask=0 slice=0
[Q LOCK] pattern=2 step=2 mask=0 slice=0
[Q LOCK] pattern=2 step=3 mask=0 slice=0
[Q PATTERN] index=3 length=16 masks=0000,0000,0000
[Q LOCK] pattern=3 step=0 mask=0 slice=0
[Q LOCK] pattern=3 step=1 mask=0 slice=0
[Q LOCK] pattern=3 step=2 mask=0 slice=0
[Q LOCK] pattern=3 step=3 mask=0 slice=0
[Q TRANSIENT] state=3 request=38 progress=100 count=16 stale_discarded=0 apply=1 cancel=18 duration_max_us=67449 chunk_max_us=2522
[Q PROPOSAL] index=0 start=0 end=4356
[Q PROPOSAL] index=1 start=4356 end=8452
[Q PROPOSAL] index=2 start=8452 end=12288
[Q PROPOSAL] index=3 start=12288 end=16384
[Q PROPOSAL] index=4 start=16384 end=20740
[Q PROPOSAL] index=5 start=20740 end=24836
[Q PROPOSAL] index=6 start=24836 end=28672
[Q PROPOSAL] index=7 start=28672 end=33028
[Q PROPOSAL] index=8 start=33028 end=37124
[Q PROPOSAL] index=9 start=37124 end=41220
[Q PROPOSAL] index=10 start=41220 end=45056
[Q PROPOSAL] index=11 start=45056 end=49412
[Q PROPOSAL] index=12 start=49412 end=53508
[Q PROPOSAL] index=13 start=53508 end=57505
[Q PROPOSAL] index=14 start=57505 end=61440
[Q PROPOSAL] index=15 start=61440 end=65535
[Q HEAP] tag=state internal=224388 free=30392872 largest=29884404
[Q PLAYBACK] triggers=13 reverse=0 gate=0 releases=0 chokes=0 retriggers=3 repeat_accepts=0 repeat_hits=0 chain_loops=0

# HOST CMD 80 0 0 0 0
[Q COMMAND] CMD 80 0 0 0 0
[Q ACK] sent=1

# HOST LOAD 0 2
[Q COMMAND] LOAD 0 2
[Q ACK] load=1
[M6 read] bytes=352800 read_us=673010 bytes_per_second=524212 original_channels=1 rate=44100 total_psram=33554432
[M6 load] track=0 file_bytes=352844 pcm_bytes=352800 load_publish_us=1100103 payload=352800 transient=352800 peak_payload=705600 ps_free=30392872 largest=29884404 internal=224388 display=2304000 fx_delay=352800 reserve=4194304
[M6.1 replacement] retired_clear=1 ps_delta=0 status=READY

# HOST CMD 78 0 0 0 0
[Q COMMAND] CMD 78 0 0 0 0
[Q ACK] sent=1

# HOST STATE
[Q COMMAND] STATE
[Q STATE] bpm=120 swing=50 playing=0 mode=0 chain_length=0 chain_loop=0 project_busy=0 restoring=0 sample_busy=0 project_status=PROJECT READY sample_status=SAMPLE READY
[Q TRACK] track=0 source=1 pitch=67 synth_pitch=43 sample_pitch=67 mute=0 solo=0 start=0 end=65535 reverse=0 mode=0 choke=0 cutoff=0 resonance=0 send=127 slices=8 enabled=1 selected=0 frames=176400 waveform=5e370bb2 name=m19p_snare.wav
[Q SLICE] track=0 index=0 start=0 end=8192
[Q SLICE] track=0 index=1 start=8192 end=16384
[Q SLICE] track=0 index=2 start=16384 end=20480
[Q SLICE] track=0 index=3 start=20480 end=28672
[Q SLICE] track=0 index=4 start=28672 end=32768
[Q SLICE] track=0 index=5 start=32768 end=45056
[Q SLICE] track=0 index=6 start=45056 end=57344
[Q SLICE] track=0 index=7 start=57344 end=65535
[Q TRACK] track=1 source=0 pitch=39 synth_pitch=39 sample_pitch=60 mute=0 solo=0 start=0 end=65535 reverse=0 mode=0 choke=0 cutoff=0 resonance=0 send=127 slices=1 enabled=0 selected=0 frames=0 waveform=5f6c8245 name=
[Q SLICE] track=1 index=0 start=0 end=65535
[Q TRACK] track=2 source=0 pitch=42 synth_pitch=42 sample_pitch=60 mute=0 solo=0 start=0 end=65535 reverse=0 mode=0 choke=0 cutoff=0 resonance=0 send=127 slices=1 enabled=0 selected=0 frames=0 waveform=5f6c8245 name=
[Q SLICE] track=2 index=0 start=0 end=65535
[Q TRACK] track=3 source=0 pitch=45 synth_pitch=45 sample_pitch=60 mute=0 solo=0 start=0 end=65535 reverse=0 mode=0 choke=0 cutoff=0 resonance=0 send=127 slices=1 enabled=0 selected=0 frames=0 waveform=5f6c8245 name=
[Q SLICE] track=3 index=0 start=0 end=65535
[Q PATTERN] index=0 length=16 masks=0000,0000,0000
[Q LOCK] pattern=0 step=0 mask=0 slice=0
[Q LOCK] pattern=0 step=1 mask=0 slice=0
[Q LOCK] pattern=0 step=2 mask=0 slice=0
[Q LOCK] pattern=0 step=3 mask=0 slice=0
[Q PATTERN] index=1 length=16 masks=0000,0000,0000
[Q LOCK] pattern=1 step=0 mask=0 slice=0
[Q LOCK] pattern=1 step=1 mask=0 slice=0
[Q LOCK] pattern=1 step=2 mask=0 slice=0
[Q LOCK] pattern=1 step=3 mask=0 slice=0
[Q PATTERN] index=2 length=16 masks=0000,0000,0000
[Q LOCK] pattern=2 step=0 mask=0 slice=0
[Q LOCK] pattern=2 step=1 mask=0 slice=0
[Q LOCK] pattern=2 step=2 mask=0 slice=0
[Q LOCK] pattern=2 step=3 mask=0 slice=0
[Q PATTERN] index=3 length=16 masks=0000,0000,0000
[Q LOCK] pattern=3 step=0 mask=0 slice=0
[Q LOCK] pattern=3 step=1 mask=0 slice=0
[Q LOCK] pattern=3 step=2 mask=0 slice=0
[Q LOCK] pattern=3 step=3 mask=0 slice=0
[Q TRANSIENT] state=3 request=40 progress=100 count=16 stale_discarded=0 apply=1 cancel=19 duration_max_us=67449 chunk_max_us=2522
[Q PROPOSAL] index=0 start=0 end=4096
[Q PROPOSAL] index=1 start=4096 end=8192
[Q PROPOSAL] index=2 start=8192 end=12288
[Q PROPOSAL] index=3 start=12288 end=16384
[Q PROPOSAL] index=4 start=16384 end=20480
[Q PROPOSAL] index=5 start=20480 end=24576
[Q PROPOSAL] index=6 start=24576 end=28672
[Q PROPOSAL] index=7 start=28672 end=32768
[Q PROPOSAL] index=8 start=32768 end=36864
[Q PROPOSAL] index=9 start=36864 end=40960
[Q PROPOSAL] index=10 start=40960 end=45056
[Q PROPOSAL] index=11 start=45056 end=49152
[Q PROPOSAL] index=12 start=49152 end=53248
[Q PROPOSAL] index=13 start=53248 end=57344
[Q PROPOSAL] index=14 start=57344 end=61440
[Q PROPOSAL] index=15 start=61440 end=65535
[Q HEAP] tag=state internal=224388 free=30392872 largest=29884404
[Q PLAYBACK] triggers=13 reverse=0 gate=0 releases=0 chokes=0 retriggers=3 repeat_accepts=0 repeat_hits=0 chain_loops=0

# HOST CMD 80 0 0 0 0
[Q COMMAND] CMD 80 0 0 0 0
[Q ACK] sent=1

# HOST CMD 78 0 8 0 0
[Q COMMAND] CMD 78 0 8 0 0
[Q ACK] sent=1

# HOST STATE
[Q COMMAND] STATE
[Q STATE] bpm=120 swing=50 playing=0 mode=0 chain_length=0 chain_loop=0 project_busy=0 restoring=0 sample_busy=0 project_status=PROJECT READY sample_status=SAMPLE READY
[Q TRACK] track=0 source=1 pitch=67 synth_pitch=43 sample_pitch=67 mute=0 solo=0 start=0 end=65535 reverse=0 mode=0 choke=0 cutoff=0 resonance=0 send=127 slices=8 enabled=1 selected=0 frames=176400 waveform=5e370bb2 name=m19p_snare.wav
[Q SLICE] track=0 index=0 start=0 end=8192
[Q SLICE] track=0 index=1 start=8192 end=16384
[Q SLICE] track=0 index=2 start=16384 end=20480
[Q SLICE] track=0 index=3 start=20480 end=28672
[Q SLICE] track=0 index=4 start=28672 end=32768
[Q SLICE] track=0 index=5 start=32768 end=45056
[Q SLICE] track=0 index=6 start=45056 end=57344
[Q SLICE] track=0 index=7 start=57344 end=65535
[Q TRACK] track=1 source=0 pitch=39 synth_pitch=39 sample_pitch=60 mute=0 solo=0 start=0 end=65535 reverse=0 mode=0 choke=0 cutoff=0 resonance=0 send=127 slices=1 enabled=0 selected=0 frames=0 waveform=5f6c8245 name=
[Q SLICE] track=1 index=0 start=0 end=65535
[Q TRACK] track=2 source=0 pitch=42 synth_pitch=42 sample_pitch=60 mute=0 solo=0 start=0 end=65535 reverse=0 mode=0 choke=0 cutoff=0 resonance=0 send=127 slices=1 enabled=0 selected=0 frames=0 waveform=5f6c8245 name=
[Q SLICE] track=2 index=0 start=0 end=65535
[Q TRACK] track=3 source=0 pitch=45 synth_pitch=45 sample_pitch=60 mute=0 solo=0 start=0 end=65535 reverse=0 mode=0 choke=0 cutoff=0 resonance=0 send=127 slices=1 enabled=0 selected=0 frames=0 waveform=5f6c8245 name=
[Q SLICE] track=3 index=0 start=0 end=65535
[Q PATTERN] index=0 length=16 masks=0000,0000,0000
[Q LOCK] pattern=0 step=0 mask=0 slice=0
[Q LOCK] pattern=0 step=1 mask=0 slice=0
[Q LOCK] pattern=0 step=2 mask=0 slice=0
[Q LOCK] pattern=0 step=3 mask=0 slice=0
[Q PATTERN] index=1 length=16 masks=0000,0000,0000
[Q LOCK] pattern=1 step=0 mask=0 slice=0
[Q LOCK] pattern=1 step=1 mask=0 slice=0
[Q LOCK] pattern=1 step=2 mask=0 slice=0
[Q LOCK] pattern=1 step=3 mask=0 slice=0
[Q PATTERN] index=2 length=16 masks=0000,0000,0000
[Q LOCK] pattern=2 step=0 mask=0 slice=0
[Q LOCK] pattern=2 step=1 mask=0 slice=0
[Q LOCK] pattern=2 step=2 mask=0 slice=0
[Q LOCK] pattern=2 step=3 mask=0 slice=0
[Q PATTERN] index=3 length=16 masks=0000,0000,0000
[Q LOCK] pattern=3 step=0 mask=0 slice=0
[Q LOCK] pattern=3 step=1 mask=0 slice=0
[Q LOCK] pattern=3 step=2 mask=0 slice=0
[Q LOCK] pattern=3 step=3 mask=0 slice=0
[Q TRANSIENT] state=3 request=42 progress=100 count=8 stale_discarded=0 apply=1 cancel=20 duration_max_us=67449 chunk_max_us=2522
[Q PROPOSAL] index=0 start=0 end=4096
[Q PROPOSAL] index=1 start=4096 end=8192
[Q PROPOSAL] index=2 start=8192 end=20480
[Q PROPOSAL] index=3 start=20480 end=28672
[Q PROPOSAL] index=4 start=28672 end=49152
[Q PROPOSAL] index=5 start=49152 end=53248
[Q PROPOSAL] index=6 start=53248 end=61440
[Q PROPOSAL] index=7 start=61440 end=65535
[Q HEAP] tag=state internal=224388 free=30392872 largest=29884404
[Q PLAYBACK] triggers=13 reverse=0 gate=0 releases=0 chokes=0 retriggers=3 repeat_accepts=0 repeat_hits=0 chain_loops=0

# HOST CMD 80 0 0 0 0
[Q COMMAND] CMD 80 0 0 0 0
[Q ACK] sent=1

# HOST CMD 78 0 16 0 0
[Q COMMAND] CMD 78 0 16 0 0
[Q ACK] sent=1

# HOST STATE
[Q COMMAND] STATE
[Q STATE] bpm=120 swing=50 playing=0 mode=0 chain_length=0 chain_loop=0 project_busy=0 restoring=0 sample_busy=0 project_status=PROJECT READY sample_status=SAMPLE READY
[Q TRACK] track=0 source=1 pitch=67 synth_pitch=43 sample_pitch=67 mute=0 solo=0 start=0 end=65535 reverse=0 mode=0 choke=0 cutoff=0 resonance=0 send=127 slices=8 enabled=1 selected=0 frames=176400 waveform=5e370bb2 name=m19p_snare.wav
[Q SLICE] track=0 index=0 start=0 end=8192
[Q SLICE] track=0 index=1 start=8192 end=16384
[Q SLICE] track=0 index=2 start=16384 end=20480
[Q SLICE] track=0 index=3 start=20480 end=28672
[Q SLICE] track=0 index=4 start=28672 end=32768
[Q SLICE] track=0 index=5 start=32768 end=45056
[Q SLICE] track=0 index=6 start=45056 end=57344
[Q SLICE] track=0 index=7 start=57344 end=65535
[Q TRACK] track=1 source=0 pitch=39 synth_pitch=39 sample_pitch=60 mute=0 solo=0 start=0 end=65535 reverse=0 mode=0 choke=0 cutoff=0 resonance=0 send=127 slices=1 enabled=0 selected=0 frames=0 waveform=5f6c8245 name=
[Q SLICE] track=1 index=0 start=0 end=65535
[Q TRACK] track=2 source=0 pitch=42 synth_pitch=42 sample_pitch=60 mute=0 solo=0 start=0 end=65535 reverse=0 mode=0 choke=0 cutoff=0 resonance=0 send=127 slices=1 enabled=0 selected=0 frames=0 waveform=5f6c8245 name=
[Q SLICE] track=2 index=0 start=0 end=65535
[Q TRACK] track=3 source=0 pitch=45 synth_pitch=45 sample_pitch=60 mute=0 solo=0 start=0 end=65535 reverse=0 mode=0 choke=0 cutoff=0 resonance=0 send=127 slices=1 enabled=0 selected=0 frames=0 waveform=5f6c8245 name=
[Q SLICE] track=3 index=0 start=0 end=65535
[Q PATTERN] index=0 length=16 masks=0000,0000,0000
[Q LOCK] pattern=0 step=0 mask=0 slice=0
[Q LOCK] pattern=0 step=1 mask=0 slice=0
[Q LOCK] pattern=0 step=2 mask=0 slice=0
[Q LOCK] pattern=0 step=3 mask=0 slice=0
[Q PATTERN] index=1 length=16 masks=0000,0000,0000
[Q LOCK] pattern=1 step=0 mask=0 slice=0
[Q LOCK] pattern=1 step=1 mask=0 slice=0
[Q LOCK] pattern=1 step=2 mask=0 slice=0
[Q LOCK] pattern=1 step=3 mask=0 slice=0
[Q PATTERN] index=2 length=16 masks=0000,0000,0000
[Q LOCK] pattern=2 step=0 mask=0 slice=0
[Q LOCK] pattern=2 step=1 mask=0 slice=0
[Q LOCK] pattern=2 step=2 mask=0 slice=0
[Q LOCK] pattern=2 step=3 mask=0 slice=0
[Q PATTERN] index=3 length=16 masks=0000,0000,0000
[Q LOCK] pattern=3 step=0 mask=0 slice=0
[Q LOCK] pattern=3 step=1 mask=0 slice=0
[Q LOCK] pattern=3 step=2 mask=0 slice=0
[Q LOCK] pattern=3 step=3 mask=0 slice=0
[Q TRANSIENT] state=3 request=44 progress=100 count=16 stale_discarded=0 apply=1 cancel=21 duration_max_us=67449 chunk_max_us=2522
[Q PROPOSAL] index=0 start=0 end=4096
[Q PROPOSAL] index=1 start=4096 end=8192
[Q PROPOSAL] index=2 start=8192 end=12288
[Q PROPOSAL] index=3 start=12288 end=16384
[Q PROPOSAL] index=4 start=16384 end=20480
[Q PROPOSAL] index=5 start=20480 end=24576
[Q PROPOSAL] index=6 start=24576 end=28672
[Q PROPOSAL] index=7 start=28672 end=32768
[Q PROPOSAL] index=8 start=32768 end=36864
[Q PROPOSAL] index=9 start=36864 end=40960
[Q PROPOSAL] index=10 start=40960 end=45056
[Q PROPOSAL] index=11 start=45056 end=49152
[Q PROPOSAL] index=12 start=49152 end=53248
[Q PROPOSAL] index=13 start=53248 end=57344
[Q PROPOSAL] index=14 start=57344 end=61440
[Q PROPOSAL] index=15 start=61440 end=65535
[Q HEAP] tag=state internal=224388 free=30392872 largest=29884404
[Q PLAYBACK] triggers=13 reverse=0 gate=0 releases=0 chokes=0 retriggers=3 repeat_accepts=0 repeat_hits=0 chain_loops=0

# HOST CMD 80 0 0 0 0
[Q COMMAND] CMD 80 0 0 0 0
[Q ACK] sent=1

# HOST CMD 78 0 256 0 0
[Q COMMAND] CMD 78 0 256 0 0
[Q ACK] sent=1

# HOST STATE
[Q COMMAND] STATE
[Q STATE] bpm=120 swing=50 playing=0 mode=0 chain_length=0 chain_loop=0 project_busy=0 restoring=0 sample_busy=0 project_status=PROJECT READY sample_status=SAMPLE READY
[Q TRACK] track=0 source=1 pitch=67 synth_pitch=43 sample_pitch=67 mute=0 solo=0 start=0 end=65535 reverse=0 mode=0 choke=0 cutoff=0 resonance=0 send=127 slices=8 enabled=1 selected=0 frames=176400 waveform=5e370bb2 name=m19p_snare.wav
[Q SLICE] track=0 index=0 start=0 end=8192
[Q SLICE] track=0 index=1 start=8192 end=16384
[Q SLICE] track=0 index=2 start=16384 end=20480
[Q SLICE] track=0 index=3 start=20480 end=28672
[Q SLICE] track=0 index=4 start=28672 end=32768
[Q SLICE] track=0 index=5 start=32768 end=45056
[Q SLICE] track=0 index=6 start=45056 end=57344
[Q SLICE] track=0 index=7 start=57344 end=65535
[Q TRACK] track=1 source=0 pitch=39 synth_pitch=39 sample_pitch=60 mute=0 solo=0 start=0 end=65535 reverse=0 mode=0 choke=0 cutoff=0 resonance=0 send=127 slices=1 enabled=0 selected=0 frames=0 waveform=5f6c8245 name=
[Q SLICE] track=1 index=0 start=0 end=65535
[Q TRACK] track=2 source=0 pitch=42 synth_pitch=42 sample_pitch=60 mute=0 solo=0 start=0 end=65535 reverse=0 mode=0 choke=0 cutoff=0 resonance=0 send=127 slices=1 enabled=0 selected=0 frames=0 waveform=5f6c8245 name=
[Q SLICE] track=2 index=0 start=0 end=65535
[Q TRACK] track=3 source=0 pitch=45 synth_pitch=45 sample_pitch=60 mute=0 solo=0 start=0 end=65535 reverse=0 mode=0 choke=0 cutoff=0 resonance=0 send=127 slices=1 enabled=0 selected=0 frames=0 waveform=5f6c8245 name=
[Q SLICE] track=3 index=0 start=0 end=65535
[Q PATTERN] index=0 length=16 masks=0000,0000,0000
[Q LOCK] pattern=0 step=0 mask=0 slice=0
[Q LOCK] pattern=0 step=1 mask=0 slice=0
[Q LOCK] pattern=0 step=2 mask=0 slice=0
[Q LOCK] pattern=0 step=3 mask=0 slice=0
[Q PATTERN] index=1 length=16 masks=0000,0000,0000
[Q LOCK] pattern=1 step=0 mask=0 slice=0
[Q LOCK] pattern=1 step=1 mask=0 slice=0
[Q LOCK] pattern=1 step=2 mask=0 slice=0
[Q LOCK] pattern=1 step=3 mask=0 slice=0
[Q PATTERN] index=2 length=16 masks=0000,0000,0000
[Q LOCK] pattern=2 step=0 mask=0 slice=0
[Q LOCK] pattern=2 step=1 mask=0 slice=0
[Q LOCK] pattern=2 step=2 mask=0 slice=0
[Q LOCK] pattern=2 step=3 mask=0 slice=0
[Q PATTERN] index=3 length=16 masks=0000,0000,0000
[Q LOCK] pattern=3 step=0 mask=0 slice=0
[Q LOCK] pattern=3 step=1 mask=0 slice=0
[Q LOCK] pattern=3 step=2 mask=0 slice=0
[Q LOCK] pattern=3 step=3 mask=0 slice=0
[Q TRANSIENT] state=3 request=46 progress=100 count=16 stale_discarded=0 apply=1 cancel=22 duration_max_us=67449 chunk_max_us=2522
[Q PROPOSAL] index=0 start=0 end=4096
[Q PROPOSAL] index=1 start=4096 end=8192
[Q PROPOSAL] index=2 start=8192 end=12288
[Q PROPOSAL] index=3 start=12288 end=16384
[Q PROPOSAL] index=4 start=16384 end=20480
[Q PROPOSAL] index=5 start=20480 end=24576
[Q PROPOSAL] index=6 start=24576 end=28672
[Q PROPOSAL] index=7 start=28672 end=32768
[Q PROPOSAL] index=8 start=32768 end=36864
[Q PROPOSAL] index=9 start=36864 end=40960
[Q PROPOSAL] index=10 start=40960 end=45056
[Q PROPOSAL] index=11 start=45056 end=49152
[Q PROPOSAL] index=12 start=49152 end=53248
[Q PROPOSAL] index=13 start=53248 end=57344
[Q PROPOSAL] index=14 start=57344 end=61440
[Q PROPOSAL] index=15 start=61440 end=65535
[Q HEAP] tag=state internal=224388 free=30392872 largest=29884404
[Q PLAYBACK] triggers=13 reverse=0 gate=0 releases=0 chokes=0 retriggers=3 repeat_accepts=0 repeat_hits=0 chain_loops=0

# HOST CMD 80 0 0 0 0
[Q COMMAND] CMD 80 0 0 0 0
[Q ACK] sent=1

# HOST CMD 78 0 264 0 0
[Q COMMAND] CMD 78 0 264 0 0
[Q ACK] sent=1

# HOST STATE
[Q COMMAND] STATE
[Q STATE] bpm=120 swing=50 playing=0 mode=0 chain_length=0 chain_loop=0 project_busy=0 restoring=0 sample_busy=0 project_status=PROJECT READY sample_status=SAMPLE READY
[Q TRACK] track=0 source=1 pitch=67 synth_pitch=43 sample_pitch=67 mute=0 solo=0 start=0 end=65535 reverse=0 mode=0 choke=0 cutoff=0 resonance=0 send=127 slices=8 enabled=1 selected=0 frames=176400 waveform=5e370bb2 name=m19p_snare.wav
[Q SLICE] track=0 index=0 start=0 end=8192
[Q SLICE] track=0 index=1 start=8192 end=16384
[Q SLICE] track=0 index=2 start=16384 end=20480
[Q SLICE] track=0 index=3 start=20480 end=28672
[Q SLICE] track=0 index=4 start=28672 end=32768
[Q SLICE] track=0 index=5 start=32768 end=45056
[Q SLICE] track=0 index=6 start=45056 end=57344
[Q SLICE] track=0 index=7 start=57344 end=65535
[Q TRACK] track=1 source=0 pitch=39 synth_pitch=39 sample_pitch=60 mute=0 solo=0 start=0 end=65535 reverse=0 mode=0 choke=0 cutoff=0 resonance=0 send=127 slices=1 enabled=0 selected=0 frames=0 waveform=5f6c8245 name=
[Q SLICE] track=1 index=0 start=0 end=65535
[Q TRACK] track=2 source=0 pitch=42 synth_pitch=42 sample_pitch=60 mute=0 solo=0 start=0 end=65535 reverse=0 mode=0 choke=0 cutoff=0 resonance=0 send=127 slices=1 enabled=0 selected=0 frames=0 waveform=5f6c8245 name=
[Q SLICE] track=2 index=0 start=0 end=65535
[Q TRACK] track=3 source=0 pitch=45 synth_pitch=45 sample_pitch=60 mute=0 solo=0 start=0 end=65535 reverse=0 mode=0 choke=0 cutoff=0 resonance=0 send=127 slices=1 enabled=0 selected=0 frames=0 waveform=5f6c8245 name=
[Q SLICE] track=3 index=0 start=0 end=65535
[Q PATTERN] index=0 length=16 masks=0000,0000,0000
[Q LOCK] pattern=0 step=0 mask=0 slice=0
[Q LOCK] pattern=0 step=1 mask=0 slice=0
[Q LOCK] pattern=0 step=2 mask=0 slice=0
[Q LOCK] pattern=0 step=3 mask=0 slice=0
[Q PATTERN] index=1 length=16 masks=0000,0000,0000
[Q LOCK] pattern=1 step=0 mask=0 slice=0
[Q LOCK] pattern=1 step=1 mask=0 slice=0
[Q LOCK] pattern=1 step=2 mask=0 slice=0
[Q LOCK] pattern=1 step=3 mask=0 slice=0
[Q PATTERN] index=2 length=16 masks=0000,0000,0000
[Q LOCK] pattern=2 step=0 mask=0 slice=0
[Q LOCK] pattern=2 step=1 mask=0 slice=0
[Q LOCK] pattern=2 step=2 mask=0 slice=0
[Q LOCK] pattern=2 step=3 mask=0 slice=0
[Q PATTERN] index=3 length=16 masks=0000,0000,0000
[Q LOCK] pattern=3 step=0 mask=0 slice=0
[Q LOCK] pattern=3 step=1 mask=0 slice=0
[Q LOCK] pattern=3 step=2 mask=0 slice=0
[Q LOCK] pattern=3 step=3 mask=0 slice=0
[Q TRANSIENT] state=3 request=48 progress=100 count=8 stale_discarded=0 apply=1 cancel=23 duration_max_us=67449 chunk_max_us=2522
[Q PROPOSAL] index=0 start=0 end=4096
[Q PROPOSAL] index=1 start=4096 end=8192
[Q PROPOSAL] index=2 start=8192 end=20480
[Q PROPOSAL] index=3 start=20480 end=28672
[Q PROPOSAL] index=4 start=28672 end=49152
[Q PROPOSAL] index=5 start=49152 end=53248
[Q PROPOSAL] index=6 start=53248 end=61440
[Q PROPOSAL] index=7 start=61440 end=65535
[Q HEAP] tag=state internal=224388 free=30392872 largest=29884404
[Q PLAYBACK] triggers=13 reverse=0 gate=0 releases=0 chokes=0 retriggers=3 repeat_accepts=0 repeat_hits=0 chain_loops=0

# HOST CMD 80 0 0 0 0
[Q COMMAND] CMD 80 0 0 0 0
[Q ACK] sent=1

# HOST CMD 78 0 272 0 0
[Q COMMAND] CMD 78 0 272 0 0
[Q ACK] sent=1

# HOST STATE
[Q COMMAND] STATE
[Q STATE] bpm=120 swing=50 playing=0 mode=0 chain_length=0 chain_loop=0 project_busy=0 restoring=0 sample_busy=0 project_status=PROJECT READY sample_status=SAMPLE READY
[Q TRACK] track=0 source=1 pitch=67 synth_pitch=43 sample_pitch=67 mute=0 solo=0 start=0 end=65535 reverse=0 mode=0 choke=0 cutoff=0 resonance=0 send=127 slices=8 enabled=1 selected=0 frames=176400 waveform=5e370bb2 name=m19p_snare.wav
[Q SLICE] track=0 index=0 start=0 end=8192
[Q SLICE] track=0 index=1 start=8192 end=16384
[Q SLICE] track=0 index=2 start=16384 end=20480
[Q SLICE] track=0 index=3 start=20480 end=28672
[Q SLICE] track=0 index=4 start=28672 end=32768
[Q SLICE] track=0 index=5 start=32768 end=45056
[Q SLICE] track=0 index=6 start=45056 end=57344
[Q SLICE] track=0 index=7 start=57344 end=65535
[Q TRACK] track=1 source=0 pitch=39 synth_pitch=39 sample_pitch=60 mute=0 solo=0 start=0 end=65535 reverse=0 mode=0 choke=0 cutoff=0 resonance=0 send=127 slices=1 enabled=0 selected=0 frames=0 waveform=5f6c8245 name=
[Q SLICE] track=1 index=0 start=0 end=65535
[Q TRACK] track=2 source=0 pitch=42 synth_pitch=42 sample_pitch=60 mute=0 solo=0 start=0 end=65535 reverse=0 mode=0 choke=0 cutoff=0 resonance=0 send=127 slices=1 enabled=0 selected=0 frames=0 waveform=5f6c8245 name=
[Q SLICE] track=2 index=0 start=0 end=65535
[Q TRACK] track=3 source=0 pitch=45 synth_pitch=45 sample_pitch=60 mute=0 solo=0 start=0 end=65535 reverse=0 mode=0 choke=0 cutoff=0 resonance=0 send=127 slices=1 enabled=0 selected=0 frames=0 waveform=5f6c8245 name=
[Q SLICE] track=3 index=0 start=0 end=65535
[Q PATTERN] index=0 length=16 masks=0000,0000,0000
[Q LOCK] pattern=0 step=0 mask=0 slice=0
[Q LOCK] pattern=0 step=1 mask=0 slice=0
[Q LOCK] pattern=0 step=2 mask=0 slice=0
[Q LOCK] pattern=0 step=3 mask=0 slice=0
[Q PATTERN] index=1 length=16 masks=0000,0000,0000
[Q LOCK] pattern=1 step=0 mask=0 slice=0
[Q LOCK] pattern=1 step=1 mask=0 slice=0
[Q LOCK] pattern=1 step=2 mask=0 slice=0
[Q LOCK] pattern=1 step=3 mask=0 slice=0
[Q PATTERN] index=2 length=16 masks=0000,0000,0000
[Q LOCK] pattern=2 step=0 mask=0 slice=0
[Q LOCK] pattern=2 step=1 mask=0 slice=0
[Q LOCK] pattern=2 step=2 mask=0 slice=0
[Q LOCK] pattern=2 step=3 mask=0 slice=0
[Q PATTERN] index=3 length=16 masks=0000,0000,0000
[Q LOCK] pattern=3 step=0 mask=0 slice=0
[Q LOCK] pattern=3 step=1 mask=0 slice=0
[Q LOCK] pattern=3 step=2 mask=0 slice=0
[Q LOCK] pattern=3 step=3 mask=0 slice=0
[Q TRANSIENT] state=3 request=50 progress=100 count=16 stale_discarded=0 apply=1 cancel=24 duration_max_us=67449 chunk_max_us=2522
[Q PROPOSAL] index=0 start=0 end=4096
[Q PROPOSAL] index=1 start=4096 end=8192
[Q PROPOSAL] index=2 start=8192 end=12288
[Q PROPOSAL] index=3 start=12288 end=16384
[Q PROPOSAL] index=4 start=16384 end=20480
[Q PROPOSAL] index=5 start=20480 end=24576
[Q PROPOSAL] index=6 start=24576 end=28672
[Q PROPOSAL] index=7 start=28672 end=32768
[Q PROPOSAL] index=8 start=32768 end=36864
[Q PROPOSAL] index=9 start=36864 end=40960
[Q PROPOSAL] index=10 start=40960 end=45056
[Q PROPOSAL] index=11 start=45056 end=49152
[Q PROPOSAL] index=12 start=49152 end=53248
[Q PROPOSAL] index=13 start=53248 end=57344
[Q PROPOSAL] index=14 start=57344 end=61440
[Q PROPOSAL] index=15 start=61440 end=65535
[Q HEAP] tag=state internal=224388 free=30392872 largest=29884404
[Q PLAYBACK] triggers=13 reverse=0 gate=0 releases=0 chokes=0 retriggers=3 repeat_accepts=0 repeat_hits=0 chain_loops=0

# HOST CMD 80 0 0 0 0
[Q COMMAND] CMD 80 0 0 0 0
[Q ACK] sent=1

# HOST CMD 78 0 512 0 0
[Q COMMAND] CMD 78 0 512 0 0
[Q ACK] sent=1

# HOST STATE
[Q COMMAND] STATE
[Q STATE] bpm=120 swing=50 playing=0 mode=0 chain_length=0 chain_loop=0 project_busy=0 restoring=0 sample_busy=0 project_status=PROJECT READY sample_status=SAMPLE READY
[Q TRACK] track=0 source=1 pitch=67 synth_pitch=43 sample_pitch=67 mute=0 solo=0 start=0 end=65535 reverse=0 mode=0 choke=0 cutoff=0 resonance=0 send=127 slices=8 enabled=1 selected=0 frames=176400 waveform=5e370bb2 name=m19p_snare.wav
[Q SLICE] track=0 index=0 start=0 end=8192
[Q SLICE] track=0 index=1 start=8192 end=16384
[Q SLICE] track=0 index=2 start=16384 end=20480
[Q SLICE] track=0 index=3 start=20480 end=28672
[Q SLICE] track=0 index=4 start=28672 end=32768
[Q SLICE] track=0 index=5 start=32768 end=45056
[Q SLICE] track=0 index=6 start=45056 end=57344
[Q SLICE] track=0 index=7 start=57344 end=65535
[Q TRACK] track=1 source=0 pitch=39 synth_pitch=39 sample_pitch=60 mute=0 solo=0 start=0 end=65535 reverse=0 mode=0 choke=0 cutoff=0 resonance=0 send=127 slices=1 enabled=0 selected=0 frames=0 waveform=5f6c8245 name=
[Q SLICE] track=1 index=0 start=0 end=65535
[Q TRACK] track=2 source=0 pitch=42 synth_pitch=42 sample_pitch=60 mute=0 solo=0 start=0 end=65535 reverse=0 mode=0 choke=0 cutoff=0 resonance=0 send=127 slices=1 enabled=0 selected=0 frames=0 waveform=5f6c8245 name=
[Q SLICE] track=2 index=0 start=0 end=65535
[Q TRACK] track=3 source=0 pitch=45 synth_pitch=45 sample_pitch=60 mute=0 solo=0 start=0 end=65535 reverse=0 mode=0 choke=0 cutoff=0 resonance=0 send=127 slices=1 enabled=0 selected=0 frames=0 waveform=5f6c8245 name=
[Q SLICE] track=3 index=0 start=0 end=65535
[Q PATTERN] index=0 length=16 masks=0000,0000,0000
[Q LOCK] pattern=0 step=0 mask=0 slice=0
[Q LOCK] pattern=0 step=1 mask=0 slice=0
[Q LOCK] pattern=0 step=2 mask=0 slice=0
[Q LOCK] pattern=0 step=3 mask=0 slice=0
[Q PATTERN] index=1 length=16 masks=0000,0000,0000
[Q LOCK] pattern=1 step=0 mask=0 slice=0
[Q LOCK] pattern=1 step=1 mask=0 slice=0
[Q LOCK] pattern=1 step=2 mask=0 slice=0
[Q LOCK] pattern=1 step=3 mask=0 slice=0
[Q PATTERN] index=2 length=16 masks=0000,0000,0000
[Q LOCK] pattern=2 step=0 mask=0 slice=0
[Q LOCK] pattern=2 step=1 mask=0 slice=0
[Q LOCK] pattern=2 step=2 mask=0 slice=0
[Q LOCK] pattern=2 step=3 mask=0 slice=0
[Q PATTERN] index=3 length=16 masks=0000,0000,0000
[Q LOCK] pattern=3 step=0 mask=0 slice=0
[Q LOCK] pattern=3 step=1 mask=0 slice=0
[Q LOCK] pattern=3 step=2 mask=0 slice=0
[Q LOCK] pattern=3 step=3 mask=0 slice=0
[Q TRANSIENT] state=3 request=52 progress=100 count=16 stale_discarded=0 apply=1 cancel=25 duration_max_us=67449 chunk_max_us=2522
[Q PROPOSAL] index=0 start=0 end=4096
[Q PROPOSAL] index=1 start=4096 end=8192
[Q PROPOSAL] index=2 start=8192 end=12288
[Q PROPOSAL] index=3 start=12288 end=16384
[Q PROPOSAL] index=4 start=16384 end=20480
[Q PROPOSAL] index=5 start=20480 end=24576
[Q PROPOSAL] index=6 start=24576 end=28672
[Q PROPOSAL] index=7 start=28672 end=32768
[Q PROPOSAL] index=8 start=32768 end=36864
[Q PROPOSAL] index=9 start=36864 end=40960
[Q PROPOSAL] index=10 start=40960 end=45056
[Q PROPOSAL] index=11 start=45056 end=49152
[Q PROPOSAL] index=12 start=49152 end=53248
[Q PROPOSAL] index=13 start=53248 end=57344
[Q PROPOSAL] index=14 start=57344 end=61440
[Q PROPOSAL] index=15 start=61440 end=65535
[Q HEAP] tag=state internal=224388 free=30392872 largest=29884404
[Q PLAYBACK] triggers=13 reverse=0 gate=0 releases=0 chokes=0 retriggers=3 repeat_accepts=0 repeat_hits=0 chain_loops=0

# HOST CMD 80 0 0 0 0
[Q COMMAND] CMD 80 0 0 0 0
[Q ACK] sent=1

# HOST CMD 78 0 520 0 0
[Q COMMAND] CMD 78 0 520 0 0
[Q ACK] sent=1

# HOST STATE
[Q COMMAND] STATE
[Q STATE] bpm=120 swing=50 playing=0 mode=0 chain_length=0 chain_loop=0 project_busy=0 restoring=0 sample_busy=0 project_status=PROJECT READY sample_status=SAMPLE READY
[Q TRACK] track=0 source=1 pitch=67 synth_pitch=43 sample_pitch=67 mute=0 solo=0 start=0 end=65535 reverse=0 mode=0 choke=0 cutoff=0 resonance=0 send=127 slices=8 enabled=1 selected=0 frames=176400 waveform=5e370bb2 name=m19p_snare.wav
[Q SLICE] track=0 index=0 start=0 end=8192
[Q SLICE] track=0 index=1 start=8192 end=16384
[Q SLICE] track=0 index=2 start=16384 end=20480
[Q SLICE] track=0 index=3 start=20480 end=28672
[Q SLICE] track=0 index=4 start=28672 end=32768
[Q SLICE] track=0 index=5 start=32768 end=45056
[Q SLICE] track=0 index=6 start=45056 end=57344
[Q SLICE] track=0 index=7 start=57344 end=65535
[Q TRACK] track=1 source=0 pitch=39 synth_pitch=39 sample_pitch=60 mute=0 solo=0 start=0 end=65535 reverse=0 mode=0 choke=0 cutoff=0 resonance=0 send=127 slices=1 enabled=0 selected=0 frames=0 waveform=5f6c8245 name=
[Q SLICE] track=1 index=0 start=0 end=65535
[Q TRACK] track=2 source=0 pitch=42 synth_pitch=42 sample_pitch=60 mute=0 solo=0 start=0 end=65535 reverse=0 mode=0 choke=0 cutoff=0 resonance=0 send=127 slices=1 enabled=0 selected=0 frames=0 waveform=5f6c8245 name=
[Q SLICE] track=2 index=0 start=0 end=65535
[Q TRACK] track=3 source=0 pitch=45 synth_pitch=45 sample_pitch=60 mute=0 solo=0 start=0 end=65535 reverse=0 mode=0 choke=0 cutoff=0 resonance=0 send=127 slices=1 enabled=0 selected=0 frames=0 waveform=5f6c8245 name=
[Q SLICE] track=3 index=0 start=0 end=65535
[Q PATTERN] index=0 length=16 masks=0000,0000,0000
[Q LOCK] pattern=0 step=0 mask=0 slice=0
[Q LOCK] pattern=0 step=1 mask=0 slice=0
[Q LOCK] pattern=0 step=2 mask=0 slice=0
[Q LOCK] pattern=0 step=3 mask=0 slice=0
[Q PATTERN] index=1 length=16 masks=0000,0000,0000
[Q LOCK] pattern=1 step=0 mask=0 slice=0
[Q LOCK] pattern=1 step=1 mask=0 slice=0
[Q LOCK] pattern=1 step=2 mask=0 slice=0
[Q LOCK] pattern=1 step=3 mask=0 slice=0
[Q PATTERN] index=2 length=16 masks=0000,0000,0000
[Q LOCK] pattern=2 step=0 mask=0 slice=0
[Q LOCK] pattern=2 step=1 mask=0 slice=0
[Q LOCK] pattern=2 step=2 mask=0 slice=0
[Q LOCK] pattern=2 step=3 mask=0 slice=0
[Q PATTERN] index=3 length=16 masks=0000,0000,0000
[Q LOCK] pattern=3 step=0 mask=0 slice=0
[Q LOCK] pattern=3 step=1 mask=0 slice=0
[Q LOCK] pattern=3 step=2 mask=0 slice=0
[Q LOCK] pattern=3 step=3 mask=0 slice=0
[Q TRANSIENT] state=3 request=54 progress=100 count=8 stale_discarded=0 apply=1 cancel=26 duration_max_us=67449 chunk_max_us=2522
[Q PROPOSAL] index=0 start=0 end=4096
[Q PROPOSAL] index=1 start=4096 end=8192
[Q PROPOSAL] index=2 start=8192 end=20480
[Q PROPOSAL] index=3 start=20480 end=28672
[Q PROPOSAL] index=4 start=28672 end=49152
[Q PROPOSAL] index=5 start=49152 end=53248
[Q PROPOSAL] index=6 start=53248 end=61440
[Q PROPOSAL] index=7 start=61440 end=65535
[Q HEAP] tag=state internal=224388 free=30392872 largest=29884404
[Q PLAYBACK] triggers=13 reverse=0 gate=0 releases=0 chokes=0 retriggers=3 repeat_accepts=0 repeat_hits=0 chain_loops=0

# HOST CMD 80 0 0 0 0
[Q COMMAND] CMD 80 0 0 0 0
[Q ACK] sent=1

# HOST CMD 78 0 528 0 0
[Q COMMAND] CMD 78 0 528 0 0
[Q ACK] sent=1

# HOST STATE
[Q COMMAND] STATE
[Q STATE] bpm=120 swing=50 playing=0 mode=0 chain_length=0 chain_loop=0 project_busy=0 restoring=0 sample_busy=0 project_status=PROJECT READY sample_status=SAMPLE READY
[Q TRACK] track=0 source=1 pitch=67 synth_pitch=43 sample_pitch=67 mute=0 solo=0 start=0 end=65535 reverse=0 mode=0 choke=0 cutoff=0 resonance=0 send=127 slices=8 enabled=1 selected=0 frames=176400 waveform=5e370bb2 name=m19p_snare.wav
[Q SLICE] track=0 index=0 start=0 end=8192
[Q SLICE] track=0 index=1 start=8192 end=16384
[Q SLICE] track=0 index=2 start=16384 end=20480
[Q SLICE] track=0 index=3 start=20480 end=28672
[Q SLICE] track=0 index=4 start=28672 end=32768
[Q SLICE] track=0 index=5 start=32768 end=45056
[Q SLICE] track=0 index=6 start=45056 end=57344
[Q SLICE] track=0 index=7 start=57344 end=65535
[Q TRACK] track=1 source=0 pitch=39 synth_pitch=39 sample_pitch=60 mute=0 solo=0 start=0 end=65535 reverse=0 mode=0 choke=0 cutoff=0 resonance=0 send=127 slices=1 enabled=0 selected=0 frames=0 waveform=5f6c8245 name=
[Q SLICE] track=1 index=0 start=0 end=65535
[Q TRACK] track=2 source=0 pitch=42 synth_pitch=42 sample_pitch=60 mute=0 solo=0 start=0 end=65535 reverse=0 mode=0 choke=0 cutoff=0 resonance=0 send=127 slices=1 enabled=0 selected=0 frames=0 waveform=5f6c8245 name=
[Q SLICE] track=2 index=0 start=0 end=65535
[Q TRACK] track=3 source=0 pitch=45 synth_pitch=45 sample_pitch=60 mute=0 solo=0 start=0 end=65535 reverse=0 mode=0 choke=0 cutoff=0 resonance=0 send=127 slices=1 enabled=0 selected=0 frames=0 waveform=5f6c8245 name=
[Q SLICE] track=3 index=0 start=0 end=65535
[Q PATTERN] index=0 length=16 masks=0000,0000,0000
[Q LOCK] pattern=0 step=0 mask=0 slice=0
[Q LOCK] pattern=0 step=1 mask=0 slice=0
[Q LOCK] pattern=0 step=2 mask=0 slice=0
[Q LOCK] pattern=0 step=3 mask=0 slice=0
[Q PATTERN] index=1 length=16 masks=0000,0000,0000
[Q LOCK] pattern=1 step=0 mask=0 slice=0
[Q LOCK] pattern=1 step=1 mask=0 slice=0
[Q LOCK] pattern=1 step=2 mask=0 slice=0
[Q LOCK] pattern=1 step=3 mask=0 slice=0
[Q PATTERN] index=2 length=16 masks=0000,0000,0000
[Q LOCK] pattern=2 step=0 mask=0 slice=0
[Q LOCK] pattern=2 step=1 mask=0 slice=0
[Q LOCK] pattern=2 step=2 mask=0 slice=0
[Q LOCK] pattern=2 step=3 mask=0 slice=0
[Q PATTERN] index=3 length=16 masks=0000,0000,0000
[Q LOCK] pattern=3 step=0 mask=0 slice=0
[Q LOCK] pattern=3 step=1 mask=0 slice=0
[Q LOCK] pattern=3 step=2 mask=0 slice=0
[Q LOCK] pattern=3 step=3 mask=0 slice=0
[Q TRANSIENT] state=3 request=56 progress=100 count=16 stale_discarded=0 apply=1 cancel=27 duration_max_us=67449 chunk_max_us=2522
[Q PROPOSAL] index=0 start=0 end=4096
[Q PROPOSAL] index=1 start=4096 end=8192
[Q PROPOSAL] index=2 start=8192 end=12288
[Q PROPOSAL] index=3 start=12288 end=16384
[Q PROPOSAL] index=4 start=16384 end=20480
[Q PROPOSAL] index=5 start=20480 end=24576
[Q PROPOSAL] index=6 start=24576 end=28672
[Q PROPOSAL] index=7 start=28672 end=32768
[Q PROPOSAL] index=8 start=32768 end=36864
[Q PROPOSAL] index=9 start=36864 end=40960
[Q PROPOSAL] index=10 start=40960 end=45056
[Q PROPOSAL] index=11 start=45056 end=49152
[Q PROPOSAL] index=12 start=49152 end=53248
[Q PROPOSAL] index=13 start=53248 end=57344
[Q PROPOSAL] index=14 start=57344 end=61440
[Q PROPOSAL] index=15 start=61440 end=65535
[Q HEAP] tag=state internal=224388 free=30392872 largest=29884404
[Q PLAYBACK] triggers=13 reverse=0 gate=0 releases=0 chokes=0 retriggers=3 repeat_accepts=0 repeat_hits=0 chain_loops=0

# HOST CMD 80 0 0 0 0
[Q COMMAND] CMD 80 0 0 0 0
[Q ACK] sent=1

# HOST LOAD 0 3
[Q COMMAND] LOAD 0 3
[Q ACK] load=1
[M6 read] bytes=352800 read_us=692395 bytes_per_second=509535 original_channels=1 rate=44100 total_psram=33554432
[M6 load] track=0 file_bytes=352844 pcm_bytes=352800 load_publish_us=1119422 payload=352800 transient=352800 peak_payload=705600 ps_free=30392872 largest=29884404 internal=224388 display=2304000 fx_delay=352800 reserve=4194304
[M6.1 replacement] retired_clear=1 ps_delta=0 status=READY

# HOST CMD 78 0 0 0 0
[Q COMMAND] CMD 78 0 0 0 0
[Q ACK] sent=1

# HOST STATE
[Q COMMAND] STATE
[Q STATE] bpm=120 swing=50 playing=0 mode=0 chain_length=0 chain_loop=0 project_busy=0 restoring=0 sample_busy=0 project_status=PROJECT READY sample_status=SAMPLE READY
[Q TRACK] track=0 source=1 pitch=67 synth_pitch=43 sample_pitch=67 mute=0 solo=0 start=0 end=65535 reverse=0 mode=0 choke=0 cutoff=0 resonance=0 send=127 slices=8 enabled=1 selected=0 frames=176400 waveform=0720701a name=m19p_mixed.wav
[Q SLICE] track=0 index=0 start=0 end=8192
[Q SLICE] track=0 index=1 start=8192 end=16384
[Q SLICE] track=0 index=2 start=16384 end=20480
[Q SLICE] track=0 index=3 start=20480 end=28672
[Q SLICE] track=0 index=4 start=28672 end=32768
[Q SLICE] track=0 index=5 start=32768 end=45056
[Q SLICE] track=0 index=6 start=45056 end=57344
[Q SLICE] track=0 index=7 start=57344 end=65535
[Q TRACK] track=1 source=0 pitch=39 synth_pitch=39 sample_pitch=60 mute=0 solo=0 start=0 end=65535 reverse=0 mode=0 choke=0 cutoff=0 resonance=0 send=127 slices=1 enabled=0 selected=0 frames=0 waveform=5f6c8245 name=
[Q SLICE] track=1 index=0 start=0 end=65535
[Q TRACK] track=2 source=0 pitch=42 synth_pitch=42 sample_pitch=60 mute=0 solo=0 start=0 end=65535 reverse=0 mode=0 choke=0 cutoff=0 resonance=0 send=127 slices=1 enabled=0 selected=0 frames=0 waveform=5f6c8245 name=
[Q SLICE] track=2 index=0 start=0 end=65535
[Q TRACK] track=3 source=0 pitch=45 synth_pitch=45 sample_pitch=60 mute=0 solo=0 start=0 end=65535 reverse=0 mode=0 choke=0 cutoff=0 resonance=0 send=127 slices=1 enabled=0 selected=0 frames=0 waveform=5f6c8245 name=
[Q SLICE] track=3 index=0 start=0 end=65535
[Q PATTERN] index=0 length=16 masks=0000,0000,0000
[Q LOCK] pattern=0 step=0 mask=0 slice=0
[Q LOCK] pattern=0 step=1 mask=0 slice=0
[Q LOCK] pattern=0 step=2 mask=0 slice=0
[Q LOCK] pattern=0 step=3 mask=0 slice=0
[Q PATTERN] index=1 length=16 masks=0000,0000,0000
[Q LOCK] pattern=1 step=0 mask=0 slice=0
[Q LOCK] pattern=1 step=1 mask=0 slice=0
[Q LOCK] pattern=1 step=2 mask=0 slice=0
[Q LOCK] pattern=1 step=3 mask=0 slice=0
[Q PATTERN] index=2 length=16 masks=0000,0000,0000
[Q LOCK] pattern=2 step=0 mask=0 slice=0
[Q LOCK] pattern=2 step=1 mask=0 slice=0
[Q LOCK] pattern=2 step=2 mask=0 slice=0
[Q LOCK] pattern=2 step=3 mask=0 slice=0
[Q PATTERN] index=3 length=16 masks=0000,0000,0000
[Q LOCK] pattern=3 step=0 mask=0 slice=0
[Q LOCK] pattern=3 step=1 mask=0 slice=0
[Q LOCK] pattern=3 step=2 mask=0 slice=0
[Q LOCK] pattern=3 step=3 mask=0 slice=0
[Q TRANSIENT] state=3 request=58 progress=100 count=16 stale_discarded=0 apply=1 cancel=28 duration_max_us=67449 chunk_max_us=2522
[Q PROPOSAL] index=0 start=0 end=4096
[Q PROPOSAL] index=1 start=4096 end=8192
[Q PROPOSAL] index=2 start=8192 end=12288
[Q PROPOSAL] index=3 start=12288 end=16384
[Q PROPOSAL] index=4 start=16384 end=20480
[Q PROPOSAL] index=5 start=20480 end=24576
[Q PROPOSAL] index=6 start=24576 end=28672
[Q PROPOSAL] index=7 start=28672 end=32768
[Q PROPOSAL] index=8 start=32768 end=36864
[Q PROPOSAL] index=9 start=36864 end=40960
[Q PROPOSAL] index=10 start=40960 end=45056
[Q PROPOSAL] index=11 start=45056 end=49152
[Q PROPOSAL] index=12 start=49152 end=53248
[Q PROPOSAL] index=13 start=53248 end=57344
[Q PROPOSAL] index=14 start=57344 end=61440
[Q PROPOSAL] index=15 start=61440 end=65535
[Q HEAP] tag=state internal=224388 free=30392872 largest=29884404
[Q PLAYBACK] triggers=13 reverse=0 gate=0 releases=0 chokes=0 retriggers=3 repeat_accepts=0 repeat_hits=0 chain_loops=0

# HOST CMD 80 0 0 0 0
[Q COMMAND] CMD 80 0 0 0 0
[Q ACK] sent=1

# HOST CMD 78 0 8 0 0
[Q COMMAND] CMD 78 0 8 0 0
[Q ACK] sent=1

# HOST STATE
[Q COMMAND] STATE
[Q STATE] bpm=120 swing=50 playing=0 mode=0 chain_length=0 chain_loop=0 project_busy=0 restoring=0 sample_busy=0 project_status=PROJECT READY sample_status=SAMPLE READY
[Q TRACK] track=0 source=1 pitch=67 synth_pitch=43 sample_pitch=67 mute=0 solo=0 start=0 end=65535 reverse=0 mode=0 choke=0 cutoff=0 resonance=0 send=127 slices=8 enabled=1 selected=0 frames=176400 waveform=0720701a name=m19p_mixed.wav
[Q SLICE] track=0 index=0 start=0 end=8192
[Q SLICE] track=0 index=1 start=8192 end=16384
[Q SLICE] track=0 index=2 start=16384 end=20480
[Q SLICE] track=0 index=3 start=20480 end=28672
[Q SLICE] track=0 index=4 start=28672 end=32768
[Q SLICE] track=0 index=5 start=32768 end=45056
[Q SLICE] track=0 index=6 start=45056 end=57344
[Q SLICE] track=0 index=7 start=57344 end=65535
[Q TRACK] track=1 source=0 pitch=39 synth_pitch=39 sample_pitch=60 mute=0 solo=0 start=0 end=65535 reverse=0 mode=0 choke=0 cutoff=0 resonance=0 send=127 slices=1 enabled=0 selected=0 frames=0 waveform=5f6c8245 name=
[Q SLICE] track=1 index=0 start=0 end=65535
[Q TRACK] track=2 source=0 pitch=42 synth_pitch=42 sample_pitch=60 mute=0 solo=0 start=0 end=65535 reverse=0 mode=0 choke=0 cutoff=0 resonance=0 send=127 slices=1 enabled=0 selected=0 frames=0 waveform=5f6c8245 name=
[Q SLICE] track=2 index=0 start=0 end=65535
[Q TRACK] track=3 source=0 pitch=45 synth_pitch=45 sample_pitch=60 mute=0 solo=0 start=0 end=65535 reverse=0 mode=0 choke=0 cutoff=0 resonance=0 send=127 slices=1 enabled=0 selected=0 frames=0 waveform=5f6c8245 name=
[Q SLICE] track=3 index=0 start=0 end=65535
[Q PATTERN] index=0 length=16 masks=0000,0000,0000
[Q LOCK] pattern=0 step=0 mask=0 slice=0
[Q LOCK] pattern=0 step=1 mask=0 slice=0
[Q LOCK] pattern=0 step=2 mask=0 slice=0
[Q LOCK] pattern=0 step=3 mask=0 slice=0
[Q PATTERN] index=1 length=16 masks=0000,0000,0000
[Q LOCK] pattern=1 step=0 mask=0 slice=0
[Q LOCK] pattern=1 step=1 mask=0 slice=0
[Q LOCK] pattern=1 step=2 mask=0 slice=0
[Q LOCK] pattern=1 step=3 mask=0 slice=0
[Q PATTERN] index=2 length=16 masks=0000,0000,0000
[Q LOCK] pattern=2 step=0 mask=0 slice=0
[Q LOCK] pattern=2 step=1 mask=0 slice=0
[Q LOCK] pattern=2 step=2 mask=0 slice=0
[Q LOCK] pattern=2 step=3 mask=0 slice=0
[Q PATTERN] index=3 length=16 masks=0000,0000,0000
[Q LOCK] pattern=3 step=0 mask=0 slice=0
[Q LOCK] pattern=3 step=1 mask=0 slice=0
[Q LOCK] pattern=3 step=2 mask=0 slice=0
[Q LOCK] pattern=3 step=3 mask=0 slice=0
[Q TRANSIENT] state=3 request=60 progress=100 count=8 stale_discarded=0 apply=1 cancel=29 duration_max_us=67449 chunk_max_us=2522
[Q PROPOSAL] index=0 start=0 end=8192
[Q PROPOSAL] index=1 start=8192 end=16384
[Q PROPOSAL] index=2 start=16384 end=20480
[Q PROPOSAL] index=3 start=20480 end=28672
[Q PROPOSAL] index=4 start=28672 end=32768
[Q PROPOSAL] index=5 start=32768 end=45056
[Q PROPOSAL] index=6 start=45056 end=57344
[Q PROPOSAL] index=7 start=57344 end=65535
[Q HEAP] tag=state internal=224388 free=30392872 largest=29884404
[Q PLAYBACK] triggers=13 reverse=0 gate=0 releases=0 chokes=0 retriggers=3 repeat_accepts=0 repeat_hits=0 chain_loops=0

# HOST CMD 80 0 0 0 0
[Q COMMAND] CMD 80 0 0 0 0
[Q ACK] sent=1

# HOST CMD 78 0 16 0 0
[Q COMMAND] CMD 78 0 16 0 0
[Q ACK] sent=1

# HOST STATE
[Q COMMAND] STATE
[Q STATE] bpm=120 swing=50 playing=0 mode=0 chain_length=0 chain_loop=0 project_busy=0 restoring=0 sample_busy=0 project_status=PROJECT READY sample_status=SAMPLE READY
[Q TRACK] track=0 source=1 pitch=67 synth_pitch=43 sample_pitch=67 mute=0 solo=0 start=0 end=65535 reverse=0 mode=0 choke=0 cutoff=0 resonance=0 send=127 slices=8 enabled=1 selected=0 frames=176400 waveform=0720701a name=m19p_mixed.wav
[Q SLICE] track=0 index=0 start=0 end=8192
[Q SLICE] track=0 index=1 start=8192 end=16384
[Q SLICE] track=0 index=2 start=16384 end=20480
[Q SLICE] track=0 index=3 start=20480 end=28672
[Q SLICE] track=0 index=4 start=28672 end=32768
[Q SLICE] track=0 index=5 start=32768 end=45056
[Q SLICE] track=0 index=6 start=45056 end=57344
[Q SLICE] track=0 index=7 start=57344 end=65535
[Q TRACK] track=1 source=0 pitch=39 synth_pitch=39 sample_pitch=60 mute=0 solo=0 start=0 end=65535 reverse=0 mode=0 choke=0 cutoff=0 resonance=0 send=127 slices=1 enabled=0 selected=0 frames=0 waveform=5f6c8245 name=
[Q SLICE] track=1 index=0 start=0 end=65535
[Q TRACK] track=2 source=0 pitch=42 synth_pitch=42 sample_pitch=60 mute=0 solo=0 start=0 end=65535 reverse=0 mode=0 choke=0 cutoff=0 resonance=0 send=127 slices=1 enabled=0 selected=0 frames=0 waveform=5f6c8245 name=
[Q SLICE] track=2 index=0 start=0 end=65535
[Q TRACK] track=3 source=0 pitch=45 synth_pitch=45 sample_pitch=60 mute=0 solo=0 start=0 end=65535 reverse=0 mode=0 choke=0 cutoff=0 resonance=0 send=127 slices=1 enabled=0 selected=0 frames=0 waveform=5f6c8245 name=
[Q SLICE] track=3 index=0 start=0 end=65535
[Q PATTERN] index=0 length=16 masks=0000,0000,0000
[Q LOCK] pattern=0 step=0 mask=0 slice=0
[Q LOCK] pattern=0 step=1 mask=0 slice=0
[Q LOCK] pattern=0 step=2 mask=0 slice=0
[Q LOCK] pattern=0 step=3 mask=0 slice=0
[Q PATTERN] index=1 length=16 masks=0000,0000,0000
[Q LOCK] pattern=1 step=0 mask=0 slice=0
[Q LOCK] pattern=1 step=1 mask=0 slice=0
[Q LOCK] pattern=1 step=2 mask=0 slice=0
[Q LOCK] pattern=1 step=3 mask=0 slice=0
[Q PATTERN] index=2 length=16 masks=0000,0000,0000
[Q LOCK] pattern=2 step=0 mask=0 slice=0
[Q LOCK] pattern=2 step=1 mask=0 slice=0
[Q LOCK] pattern=2 step=2 mask=0 slice=0
[Q LOCK] pattern=2 step=3 mask=0 slice=0
[Q PATTERN] index=3 length=16 masks=0000,0000,0000
[Q LOCK] pattern=3 step=0 mask=0 slice=0
[Q LOCK] pattern=3 step=1 mask=0 slice=0
[Q LOCK] pattern=3 step=2 mask=0 slice=0
[Q LOCK] pattern=3 step=3 mask=0 slice=0
[Q TRANSIENT] state=3 request=62 progress=100 count=16 stale_discarded=0 apply=1 cancel=30 duration_max_us=67449 chunk_max_us=2522
[Q PROPOSAL] index=0 start=0 end=4096
[Q PROPOSAL] index=1 start=4096 end=8192
[Q PROPOSAL] index=2 start=8192 end=12288
[Q PROPOSAL] index=3 start=12288 end=16384
[Q PROPOSAL] index=4 start=16384 end=20480
[Q PROPOSAL] index=5 start=20480 end=24576
[Q PROPOSAL] index=6 start=24576 end=28672
[Q PROPOSAL] index=7 start=28672 end=32768
[Q PROPOSAL] index=8 start=32768 end=36864
[Q PROPOSAL] index=9 start=36864 end=40960
[Q PROPOSAL] index=10 start=40960 end=45056
[Q PROPOSAL] index=11 start=45056 end=49152
[Q PROPOSAL] index=12 start=49152 end=53248
[Q PROPOSAL] index=13 start=53248 end=57344
[Q PROPOSAL] index=14 start=57344 end=61440
[Q PROPOSAL] index=15 start=61440 end=65535
[Q HEAP] tag=state internal=224388 free=30392872 largest=29884404
[Q PLAYBACK] triggers=13 reverse=0 gate=0 releases=0 chokes=0 retriggers=3 repeat_accepts=0 repeat_hits=0 chain_loops=0

# HOST CMD 80 0 0 0 0
[Q COMMAND] CMD 80 0 0 0 0
[Q ACK] sent=1

# HOST CMD 78 0 256 0 0
[Q COMMAND] CMD 78 0 256 0 0
[Q ACK] sent=1

# HOST STATE
[Q COMMAND] STATE
[Q STATE] bpm=120 swing=50 playing=0 mode=0 chain_length=0 chain_loop=0 project_busy=0 restoring=0 sample_busy=0 project_status=PROJECT READY sample_status=SAMPLE READY
[Q TRACK] track=0 source=1 pitch=67 synth_pitch=43 sample_pitch=67 mute=0 solo=0 start=0 end=65535 reverse=0 mode=0 choke=0 cutoff=0 resonance=0 send=127 slices=8 enabled=1 selected=0 frames=176400 waveform=0720701a name=m19p_mixed.wav
[Q SLICE] track=0 index=0 start=0 end=8192
[Q SLICE] track=0 index=1 start=8192 end=16384
[Q SLICE] track=0 index=2 start=16384 end=20480
[Q SLICE] track=0 index=3 start=20480 end=28672
[Q SLICE] track=0 index=4 start=28672 end=32768
[Q SLICE] track=0 index=5 start=32768 end=45056
[Q SLICE] track=0 index=6 start=45056 end=57344
[Q SLICE] track=0 index=7 start=57344 end=65535
[Q TRACK] track=1 source=0 pitch=39 synth_pitch=39 sample_pitch=60 mute=0 solo=0 start=0 end=65535 reverse=0 mode=0 choke=0 cutoff=0 resonance=0 send=127 slices=1 enabled=0 selected=0 frames=0 waveform=5f6c8245 name=
[Q SLICE] track=1 index=0 start=0 end=65535
[Q TRACK] track=2 source=0 pitch=42 synth_pitch=42 sample_pitch=60 mute=0 solo=0 start=0 end=65535 reverse=0 mode=0 choke=0 cutoff=0 resonance=0 send=127 slices=1 enabled=0 selected=0 frames=0 waveform=5f6c8245 name=
[Q SLICE] track=2 index=0 start=0 end=65535
[Q TRACK] track=3 source=0 pitch=45 synth_pitch=45 sample_pitch=60 mute=0 solo=0 start=0 end=65535 reverse=0 mode=0 choke=0 cutoff=0 resonance=0 send=127 slices=1 enabled=0 selected=0 frames=0 waveform=5f6c8245 name=
[Q SLICE] track=3 index=0 start=0 end=65535
[Q PATTERN] index=0 length=16 masks=0000,0000,0000
[Q LOCK] pattern=0 step=0 mask=0 slice=0
[Q LOCK] pattern=0 step=1 mask=0 slice=0
[Q LOCK] pattern=0 step=2 mask=0 slice=0
[Q LOCK] pattern=0 step=3 mask=0 slice=0
[Q PATTERN] index=1 length=16 masks=0000,0000,0000
[Q LOCK] pattern=1 step=0 mask=0 slice=0
[Q LOCK] pattern=1 step=1 mask=0 slice=0
[Q LOCK] pattern=1 step=2 mask=0 slice=0
[Q LOCK] pattern=1 step=3 mask=0 slice=0
[Q PATTERN] index=2 length=16 masks=0000,0000,0000
[Q LOCK] pattern=2 step=0 mask=0 slice=0
[Q LOCK] pattern=2 step=1 mask=0 slice=0
[Q LOCK] pattern=2 step=2 mask=0 slice=0
[Q LOCK] pattern=2 step=3 mask=0 slice=0
[Q PATTERN] index=3 length=16 masks=0000,0000,0000
[Q LOCK] pattern=3 step=0 mask=0 slice=0
[Q LOCK] pattern=3 step=1 mask=0 slice=0
[Q LOCK] pattern=3 step=2 mask=0 slice=0
[Q LOCK] pattern=3 step=3 mask=0 slice=0
[Q TRANSIENT] state=3 request=64 progress=100 count=16 stale_discarded=0 apply=1 cancel=31 duration_max_us=67449 chunk_max_us=2522
[Q PROPOSAL] index=0 start=0 end=4096
[Q PROPOSAL] index=1 start=4096 end=8192
[Q PROPOSAL] index=2 start=8192 end=12288
[Q PROPOSAL] index=3 start=12288 end=16384
[Q PROPOSAL] index=4 start=16384 end=20480
[Q PROPOSAL] index=5 start=20480 end=24576
[Q PROPOSAL] index=6 start=24576 end=28672
[Q PROPOSAL] index=7 start=28672 end=32768
[Q PROPOSAL] index=8 start=32768 end=36864
[Q PROPOSAL] index=9 start=36864 end=40960
[Q PROPOSAL] index=10 start=40960 end=45056
[Q PROPOSAL] index=11 start=45056 end=49152
[Q PROPOSAL] index=12 start=49152 end=53248
[Q PROPOSAL] index=13 start=53248 end=57344
[Q PROPOSAL] index=14 start=57344 end=61440
[Q PROPOSAL] index=15 start=61440 end=65535
[Q HEAP] tag=state internal=224388 free=30392872 largest=29884404
[Q PLAYBACK] triggers=13 reverse=0 gate=0 releases=0 chokes=0 retriggers=3 repeat_accepts=0 repeat_hits=0 chain_loops=0

# HOST CMD 80 0 0 0 0
[Q COMMAND] CMD 80 0 0 0 0
[Q ACK] sent=1

# HOST CMD 78 0 264 0 0
[Q COMMAND] CMD 78 0 264 0 0
[Q ACK] sent=1

# HOST STATE
[Q COMMAND] STATE
[Q STATE] bpm=120 swing=50 playing=0 mode=0 chain_length=0 chain_loop=0 project_busy=0 restoring=0 sample_busy=0 project_status=PROJECT READY sample_status=SAMPLE READY
[Q TRACK] track=0 source=1 pitch=67 synth_pitch=43 sample_pitch=67 mute=0 solo=0 start=0 end=65535 reverse=0 mode=0 choke=0 cutoff=0 resonance=0 send=127 slices=8 enabled=1 selected=0 frames=176400 waveform=0720701a name=m19p_mixed.wav
[Q SLICE] track=0 index=0 start=0 end=8192
[Q SLICE] track=0 index=1 start=8192 end=16384
[Q SLICE] track=0 index=2 start=16384 end=20480
[Q SLICE] track=0 index=3 start=20480 end=28672
[Q SLICE] track=0 index=4 start=28672 end=32768
[Q SLICE] track=0 index=5 start=32768 end=45056
[Q SLICE] track=0 index=6 start=45056 end=57344
[Q SLICE] track=0 index=7 start=57344 end=65535
[Q TRACK] track=1 source=0 pitch=39 synth_pitch=39 sample_pitch=60 mute=0 solo=0 start=0 end=65535 reverse=0 mode=0 choke=0 cutoff=0 resonance=0 send=127 slices=1 enabled=0 selected=0 frames=0 waveform=5f6c8245 name=
[Q SLICE] track=1 index=0 start=0 end=65535
[Q TRACK] track=2 source=0 pitch=42 synth_pitch=42 sample_pitch=60 mute=0 solo=0 start=0 end=65535 reverse=0 mode=0 choke=0 cutoff=0 resonance=0 send=127 slices=1 enabled=0 selected=0 frames=0 waveform=5f6c8245 name=
[Q SLICE] track=2 index=0 start=0 end=65535
[Q TRACK] track=3 source=0 pitch=45 synth_pitch=45 sample_pitch=60 mute=0 solo=0 start=0 end=65535 reverse=0 mode=0 choke=0 cutoff=0 resonance=0 send=127 slices=1 enabled=0 selected=0 frames=0 waveform=5f6c8245 name=
[Q SLICE] track=3 index=0 start=0 end=65535
[Q PATTERN] index=0 length=16 masks=0000,0000,0000
[Q LOCK] pattern=0 step=0 mask=0 slice=0
[Q LOCK] pattern=0 step=1 mask=0 slice=0
[Q LOCK] pattern=0 step=2 mask=0 slice=0
[Q LOCK] pattern=0 step=3 mask=0 slice=0
[Q PATTERN] index=1 length=16 masks=0000,0000,0000
[Q LOCK] pattern=1 step=0 mask=0 slice=0
[Q LOCK] pattern=1 step=1 mask=0 slice=0
[Q LOCK] pattern=1 step=2 mask=0 slice=0
[Q LOCK] pattern=1 step=3 mask=0 slice=0
[Q PATTERN] index=2 length=16 masks=0000,0000,0000
[Q LOCK] pattern=2 step=0 mask=0 slice=0
[Q LOCK] pattern=2 step=1 mask=0 slice=0
[Q LOCK] pattern=2 step=2 mask=0 slice=0
[Q LOCK] pattern=2 step=3 mask=0 slice=0
[Q PATTERN] index=3 length=16 masks=0000,0000,0000
[Q LOCK] pattern=3 step=0 mask=0 slice=0
[Q LOCK] pattern=3 step=1 mask=0 slice=0
[Q LOCK] pattern=3 step=2 mask=0 slice=0
[Q LOCK] pattern=3 step=3 mask=0 slice=0
[Q TRANSIENT] state=3 request=66 progress=100 count=8 stale_discarded=0 apply=1 cancel=32 duration_max_us=67449 chunk_max_us=2522
[Q PROPOSAL] index=0 start=0 end=8192
[Q PROPOSAL] index=1 start=8192 end=16384
[Q PROPOSAL] index=2 start=16384 end=20480
[Q PROPOSAL] index=3 start=20480 end=28672
[Q PROPOSAL] index=4 start=28672 end=32768
[Q PROPOSAL] index=5 start=32768 end=45056
[Q PROPOSAL] index=6 start=45056 end=57344
[Q PROPOSAL] index=7 start=57344 end=65535
[Q HEAP] tag=state internal=224388 free=30392872 largest=29884404
[Q PLAYBACK] triggers=13 reverse=0 gate=0 releases=0 chokes=0 retriggers=3 repeat_accepts=0 repeat_hits=0 chain_loops=0

# HOST CMD 80 0 0 0 0
[Q COMMAND] CMD 80 0 0 0 0
[Q ACK] sent=1

# HOST CMD 78 0 272 0 0
[Q COMMAND] CMD 78 0 272 0 0
[Q ACK] sent=1

# HOST STATE
[Q COMMAND] STATE
[Q STATE] bpm=120 swing=50 playing=0 mode=0 chain_length=0 chain_loop=0 project_busy=0 restoring=0 sample_busy=0 project_status=PROJECT READY sample_status=SAMPLE READY
[Q TRACK] track=0 source=1 pitch=67 synth_pitch=43 sample_pitch=67 mute=0 solo=0 start=0 end=65535 reverse=0 mode=0 choke=0 cutoff=0 resonance=0 send=127 slices=8 enabled=1 selected=0 frames=176400 waveform=0720701a name=m19p_mixed.wav
[Q SLICE] track=0 index=0 start=0 end=8192
[Q SLICE] track=0 index=1 start=8192 end=16384
[Q SLICE] track=0 index=2 start=16384 end=20480
[Q SLICE] track=0 index=3 start=20480 end=28672
[Q SLICE] track=0 index=4 start=28672 end=32768
[Q SLICE] track=0 index=5 start=32768 end=45056
[Q SLICE] track=0 index=6 start=45056 end=57344
[Q SLICE] track=0 index=7 start=57344 end=65535
[Q TRACK] track=1 source=0 pitch=39 synth_pitch=39 sample_pitch=60 mute=0 solo=0 start=0 end=65535 reverse=0 mode=0 choke=0 cutoff=0 resonance=0 send=127 slices=1 enabled=0 selected=0 frames=0 waveform=5f6c8245 name=
[Q SLICE] track=1 index=0 start=0 end=65535
[Q TRACK] track=2 source=0 pitch=42 synth_pitch=42 sample_pitch=60 mute=0 solo=0 start=0 end=65535 reverse=0 mode=0 choke=0 cutoff=0 resonance=0 send=127 slices=1 enabled=0 selected=0 frames=0 waveform=5f6c8245 name=
[Q SLICE] track=2 index=0 start=0 end=65535
[Q TRACK] track=3 source=0 pitch=45 synth_pitch=45 sample_pitch=60 mute=0 solo=0 start=0 end=65535 reverse=0 mode=0 choke=0 cutoff=0 resonance=0 send=127 slices=1 enabled=0 selected=0 frames=0 waveform=5f6c8245 name=
[Q SLICE] track=3 index=0 start=0 end=65535
[Q PATTERN] index=0 length=16 masks=0000,0000,0000
[Q LOCK] pattern=0 step=0 mask=0 slice=0
[Q LOCK] pattern=0 step=1 mask=0 slice=0
[Q LOCK] pattern=0 step=2 mask=0 slice=0
[Q LOCK] pattern=0 step=3 mask=0 slice=0
[Q PATTERN] index=1 length=16 masks=0000,0000,0000
[Q LOCK] pattern=1 step=0 mask=0 slice=0
[Q LOCK] pattern=1 step=1 mask=0 slice=0
[Q LOCK] pattern=1 step=2 mask=0 slice=0
[Q LOCK] pattern=1 step=3 mask=0 slice=0
[Q PATTERN] index=2 length=16 masks=0000,0000,0000
[Q LOCK] pattern=2 step=0 mask=0 slice=0
[Q LOCK] pattern=2 step=1 mask=0 slice=0
[Q LOCK] pattern=2 step=2 mask=0 slice=0
[Q LOCK] pattern=2 step=3 mask=0 slice=0
[Q PATTERN] index=3 length=16 masks=0000,0000,0000
[Q LOCK] pattern=3 step=0 mask=0 slice=0
[Q LOCK] pattern=3 step=1 mask=0 slice=0
[Q LOCK] pattern=3 step=2 mask=0 slice=0
[Q LOCK] pattern=3 step=3 mask=0 slice=0
[Q TRANSIENT] state=3 request=68 progress=100 count=16 stale_discarded=0 apply=1 cancel=33 duration_max_us=67449 chunk_max_us=2522
[Q PROPOSAL] index=0 start=0 end=4096
[Q PROPOSAL] index=1 start=4096 end=8192
[Q PROPOSAL] index=2 start=8192 end=12288
[Q PROPOSAL] index=3 start=12288 end=16384
[Q PROPOSAL] index=4 start=16384 end=20480
[Q PROPOSAL] index=5 start=20480 end=24576
[Q PROPOSAL] index=6 start=24576 end=28672
[Q PROPOSAL] index=7 start=28672 end=32768
[Q PROPOSAL] index=8 start=32768 end=36864
[Q PROPOSAL] index=9 start=36864 end=40960
[Q PROPOSAL] index=10 start=40960 end=45056
[Q PROPOSAL] index=11 start=45056 end=49152
[Q PROPOSAL] index=12 start=49152 end=53248
[Q PROPOSAL] index=13 start=53248 end=57344
[Q PROPOSAL] index=14 start=57344 end=61440
[Q PROPOSAL] index=15 start=61440 end=65535
[Q HEAP] tag=state internal=224388 free=30392872 largest=29884404
[Q PLAYBACK] triggers=13 reverse=0 gate=0 releases=0 chokes=0 retriggers=3 repeat_accepts=0 repeat_hits=0 chain_loops=0

# HOST CMD 80 0 0 0 0
[Q COMMAND] CMD 80 0 0 0 0
[Q ACK] sent=1

# HOST CMD 78 0 512 0 0
[Q COMMAND] CMD 78 0 512 0 0
[Q ACK] sent=1

# HOST STATE
[Q COMMAND] STATE
[Q STATE] bpm=120 swing=50 playing=0 mode=0 chain_length=0 chain_loop=0 project_busy=0 restoring=0 sample_busy=0 project_status=PROJECT READY sample_status=SAMPLE READY
[Q TRACK] track=0 source=1 pitch=67 synth_pitch=43 sample_pitch=67 mute=0 solo=0 start=0 end=65535 reverse=0 mode=0 choke=0 cutoff=0 resonance=0 send=127 slices=8 enabled=1 selected=0 frames=176400 waveform=0720701a name=m19p_mixed.wav
[Q SLICE] track=0 index=0 start=0 end=8192
[Q SLICE] track=0 index=1 start=8192 end=16384
[Q SLICE] track=0 index=2 start=16384 end=20480
[Q SLICE] track=0 index=3 start=20480 end=28672
[Q SLICE] track=0 index=4 start=28672 end=32768
[Q SLICE] track=0 index=5 start=32768 end=45056
[Q SLICE] track=0 index=6 start=45056 end=57344
[Q SLICE] track=0 index=7 start=57344 end=65535
[Q TRACK] track=1 source=0 pitch=39 synth_pitch=39 sample_pitch=60 mute=0 solo=0 start=0 end=65535 reverse=0 mode=0 choke=0 cutoff=0 resonance=0 send=127 slices=1 enabled=0 selected=0 frames=0 waveform=5f6c8245 name=
[Q SLICE] track=1 index=0 start=0 end=65535
[Q TRACK] track=2 source=0 pitch=42 synth_pitch=42 sample_pitch=60 mute=0 solo=0 start=0 end=65535 reverse=0 mode=0 choke=0 cutoff=0 resonance=0 send=127 slices=1 enabled=0 selected=0 frames=0 waveform=5f6c8245 name=
[Q SLICE] track=2 index=0 start=0 end=65535
[Q TRACK] track=3 source=0 pitch=45 synth_pitch=45 sample_pitch=60 mute=0 solo=0 start=0 end=65535 reverse=0 mode=0 choke=0 cutoff=0 resonance=0 send=127 slices=1 enabled=0 selected=0 frames=0 waveform=5f6c8245 name=
[Q SLICE] track=3 index=0 start=0 end=65535
[Q PATTERN] index=0 length=16 masks=0000,0000,0000
[Q LOCK] pattern=0 step=0 mask=0 slice=0
[Q LOCK] pattern=0 step=1 mask=0 slice=0
[Q LOCK] pattern=0 step=2 mask=0 slice=0
[Q LOCK] pattern=0 step=3 mask=0 slice=0
[Q PATTERN] index=1 length=16 masks=0000,0000,0000
[Q LOCK] pattern=1 step=0 mask=0 slice=0
[Q LOCK] pattern=1 step=1 mask=0 slice=0
[Q LOCK] pattern=1 step=2 mask=0 slice=0
[Q LOCK] pattern=1 step=3 mask=0 slice=0
[Q PATTERN] index=2 length=16 masks=0000,0000,0000
[Q LOCK] pattern=2 step=0 mask=0 slice=0
[Q LOCK] pattern=2 step=1 mask=0 slice=0
[Q LOCK] pattern=2 step=2 mask=0 slice=0
[Q LOCK] pattern=2 step=3 mask=0 slice=0
[Q PATTERN] index=3 length=16 masks=0000,0000,0000
[Q LOCK] pattern=3 step=0 mask=0 slice=0
[Q LOCK] pattern=3 step=1 mask=0 slice=0
[Q LOCK] pattern=3 step=2 mask=0 slice=0
[Q LOCK] pattern=3 step=3 mask=0 slice=0
[Q TRANSIENT] state=3 request=70 progress=100 count=16 stale_discarded=0 apply=1 cancel=34 duration_max_us=67449 chunk_max_us=2522
[Q PROPOSAL] index=0 start=0 end=4356
[Q PROPOSAL] index=1 start=4356 end=8192
[Q PROPOSAL] index=2 start=8192 end=12288
[Q PROPOSAL] index=3 start=12288 end=16384
[Q PROPOSAL] index=4 start=16384 end=20480
[Q PROPOSAL] index=5 start=20480 end=24576
[Q PROPOSAL] index=6 start=24576 end=28672
[Q PROPOSAL] index=7 start=28672 end=32768
[Q PROPOSAL] index=8 start=32768 end=36864
[Q PROPOSAL] index=9 start=36864 end=41220
[Q PROPOSAL] index=10 start=41220 end=45056
[Q PROPOSAL] index=11 start=45056 end=49152
[Q PROPOSAL] index=12 start=49152 end=53508
[Q PROPOSAL] index=13 start=53508 end=57344
[Q PROPOSAL] index=14 start=57344 end=61440
[Q PROPOSAL] index=15 start=61440 end=65535
[Q HEAP] tag=state internal=224388 free=30392872 largest=29884404
[Q PLAYBACK] triggers=13 reverse=0 gate=0 releases=0 chokes=0 retriggers=3 repeat_accepts=0 repeat_hits=0 chain_loops=0

# HOST CMD 80 0 0 0 0
[Q COMMAND] CMD 80 0 0 0 0
[Q ACK] sent=1

# HOST CMD 78 0 520 0 0
[Q COMMAND] CMD 78 0 520 0 0
[Q ACK] sent=1

# HOST STATE
[Q COMMAND] STATE
[Q STATE] bpm=120 swing=50 playing=0 mode=0 chain_length=0 chain_loop=0 project_busy=0 restoring=0 sample_busy=0 project_status=PROJECT READY sample_status=SAMPLE READY
[Q TRACK] track=0 source=1 pitch=67 synth_pitch=43 sample_pitch=67 mute=0 solo=0 start=0 end=65535 reverse=0 mode=0 choke=0 cutoff=0 resonance=0 send=127 slices=8 enabled=1 selected=0 frames=176400 waveform=0720701a name=m19p_mixed.wav
[Q SLICE] track=0 index=0 start=0 end=8192
[Q SLICE] track=0 index=1 start=8192 end=16384
[Q SLICE] track=0 index=2 start=16384 end=20480
[Q SLICE] track=0 index=3 start=20480 end=28672
[Q SLICE] track=0 index=4 start=28672 end=32768
[Q SLICE] track=0 index=5 start=32768 end=45056
[Q SLICE] track=0 index=6 start=45056 end=57344
[Q SLICE] track=0 index=7 start=57344 end=65535
[Q TRACK] track=1 source=0 pitch=39 synth_pitch=39 sample_pitch=60 mute=0 solo=0 start=0 end=65535 reverse=0 mode=0 choke=0 cutoff=0 resonance=0 send=127 slices=1 enabled=0 selected=0 frames=0 waveform=5f6c8245 name=
[Q SLICE] track=1 index=0 start=0 end=65535
[Q TRACK] track=2 source=0 pitch=42 synth_pitch=42 sample_pitch=60 mute=0 solo=0 start=0 end=65535 reverse=0 mode=0 choke=0 cutoff=0 resonance=0 send=127 slices=1 enabled=0 selected=0 frames=0 waveform=5f6c8245 name=
[Q SLICE] track=2 index=0 start=0 end=65535
[Q TRACK] track=3 source=0 pitch=45 synth_pitch=45 sample_pitch=60 mute=0 solo=0 start=0 end=65535 reverse=0 mode=0 choke=0 cutoff=0 resonance=0 send=127 slices=1 enabled=0 selected=0 frames=0 waveform=5f6c8245 name=
[Q SLICE] track=3 index=0 start=0 end=65535
[Q PATTERN] index=0 length=16 masks=0000,0000,0000
[Q LOCK] pattern=0 step=0 mask=0 slice=0
[Q LOCK] pattern=0 step=1 mask=0 slice=0
[Q LOCK] pattern=0 step=2 mask=0 slice=0
[Q LOCK] pattern=0 step=3 mask=0 slice=0
[Q PATTERN] index=1 length=16 masks=0000,0000,0000
[Q LOCK] pattern=1 step=0 mask=0 slice=0
[Q LOCK] pattern=1 step=1 mask=0 slice=0
[Q LOCK] pattern=1 step=2 mask=0 slice=0
[Q LOCK] pattern=1 step=3 mask=0 slice=0
[Q PATTERN] index=2 length=16 masks=0000,0000,0000
[Q LOCK] pattern=2 step=0 mask=0 slice=0
[Q LOCK] pattern=2 step=1 mask=0 slice=0
[Q LOCK] pattern=2 step=2 mask=0 slice=0
[Q LOCK] pattern=2 step=3 mask=0 slice=0
[Q PATTERN] index=3 length=16 masks=0000,0000,0000
[Q LOCK] pattern=3 step=0 mask=0 slice=0
[Q LOCK] pattern=3 step=1 mask=0 slice=0
[Q LOCK] pattern=3 step=2 mask=0 slice=0
[Q LOCK] pattern=3 step=3 mask=0 slice=0
[Q TRANSIENT] state=3 request=72 progress=100 count=8 stale_discarded=0 apply=1 cancel=35 duration_max_us=67449 chunk_max_us=2522
[Q PROPOSAL] index=0 start=0 end=4356
[Q PROPOSAL] index=1 start=4356 end=8192
[Q PROPOSAL] index=2 start=8192 end=20480
[Q PROPOSAL] index=3 start=20480 end=32768
[Q PROPOSAL] index=4 start=32768 end=45056
[Q PROPOSAL] index=5 start=45056 end=53508
[Q PROPOSAL] index=6 start=53508 end=57344
[Q PROPOSAL] index=7 start=57344 end=65535
[Q HEAP] tag=state internal=224388 free=30392872 largest=29884404
[Q PLAYBACK] triggers=13 reverse=0 gate=0 releases=0 chokes=0 retriggers=3 repeat_accepts=0 repeat_hits=0 chain_loops=0

# HOST CMD 80 0 0 0 0
[Q COMMAND] CMD 80 0 0 0 0
[Q ACK] sent=1

# HOST CMD 78 0 528 0 0
[Q COMMAND] CMD 78 0 528 0 0
[Q ACK] sent=1

# HOST STATE
[Q COMMAND] STATE
[Q STATE] bpm=120 swing=50 playing=0 mode=0 chain_length=0 chain_loop=0 project_busy=0 restoring=0 sample_busy=0 project_status=PROJECT READY sample_status=SAMPLE READY
[Q TRACK] track=0 source=1 pitch=67 synth_pitch=43 sample_pitch=67 mute=0 solo=0 start=0 end=65535 reverse=0 mode=0 choke=0 cutoff=0 resonance=0 send=127 slices=8 enabled=1 selected=0 frames=176400 waveform=0720701a name=m19p_mixed.wav
[Q SLICE] track=0 index=0 start=0 end=8192
[Q SLICE] track=0 index=1 start=8192 end=16384
[Q SLICE] track=0 index=2 start=16384 end=20480
[Q SLICE] track=0 index=3 start=20480 end=28672
[Q SLICE] track=0 index=4 start=28672 end=32768
[Q SLICE] track=0 index=5 start=32768 end=45056
[Q SLICE] track=0 index=6 start=45056 end=57344
[Q SLICE] track=0 index=7 start=57344 end=65535
[Q TRACK] track=1 source=0 pitch=39 synth_pitch=39 sample_pitch=60 mute=0 solo=0 start=0 end=65535 reverse=0 mode=0 choke=0 cutoff=0 resonance=0 send=127 slices=1 enabled=0 selected=0 frames=0 waveform=5f6c8245 name=
[Q SLICE] track=1 index=0 start=0 end=65535
[Q TRACK] track=2 source=0 pitch=42 synth_pitch=42 sample_pitch=60 mute=0 solo=0 start=0 end=65535 reverse=0 mode=0 choke=0 cutoff=0 resonance=0 send=127 slices=1 enabled=0 selected=0 frames=0 waveform=5f6c8245 name=
[Q SLICE] track=2 index=0 start=0 end=65535
[Q TRACK] track=3 source=0 pitch=45 synth_pitch=45 sample_pitch=60 mute=0 solo=0 start=0 end=65535 reverse=0 mode=0 choke=0 cutoff=0 resonance=0 send=127 slices=1 enabled=0 selected=0 frames=0 waveform=5f6c8245 name=
[Q SLICE] track=3 index=0 start=0 end=65535
[Q PATTERN] index=0 length=16 masks=0000,0000,0000
[Q LOCK] pattern=0 step=0 mask=0 slice=0
[Q LOCK] pattern=0 step=1 mask=0 slice=0
[Q LOCK] pattern=0 step=2 mask=0 slice=0
[Q LOCK] pattern=0 step=3 mask=0 slice=0
[Q PATTERN] index=1 length=16 masks=0000,0000,0000
[Q LOCK] pattern=1 step=0 mask=0 slice=0
[Q LOCK] pattern=1 step=1 mask=0 slice=0
[Q LOCK] pattern=1 step=2 mask=0 slice=0
[Q LOCK] pattern=1 step=3 mask=0 slice=0
[Q PATTERN] index=2 length=16 masks=0000,0000,0000
[Q LOCK] pattern=2 step=0 mask=0 slice=0
[Q LOCK] pattern=2 step=1 mask=0 slice=0
[Q LOCK] pattern=2 step=2 mask=0 slice=0
[Q LOCK] pattern=2 step=3 mask=0 slice=0
[Q PATTERN] index=3 length=16 masks=0000,0000,0000
[Q LOCK] pattern=3 step=0 mask=0 slice=0
[Q LOCK] pattern=3 step=1 mask=0 slice=0
[Q LOCK] pattern=3 step=2 mask=0 slice=0
[Q LOCK] pattern=3 step=3 mask=0 slice=0
[Q TRANSIENT] state=3 request=74 progress=100 count=16 stale_discarded=0 apply=1 cancel=36 duration_max_us=67449 chunk_max_us=2522
[Q PROPOSAL] index=0 start=0 end=4356
[Q PROPOSAL] index=1 start=4356 end=8192
[Q PROPOSAL] index=2 start=8192 end=12288
[Q PROPOSAL] index=3 start=12288 end=16384
[Q PROPOSAL] index=4 start=16384 end=20480
[Q PROPOSAL] index=5 start=20480 end=24576
[Q PROPOSAL] index=6 start=24576 end=28672
[Q PROPOSAL] index=7 start=28672 end=32768
[Q PROPOSAL] index=8 start=32768 end=36864
[Q PROPOSAL] index=9 start=36864 end=41220
[Q PROPOSAL] index=10 start=41220 end=45056
[Q PROPOSAL] index=11 start=45056 end=49152
[Q PROPOSAL] index=12 start=49152 end=53508
[Q PROPOSAL] index=13 start=53508 end=57344
[Q PROPOSAL] index=14 start=57344 end=61440
[Q PROPOSAL] index=15 start=61440 end=65535
[Q HEAP] tag=state internal=224388 free=30392872 largest=29884404
[Q PLAYBACK] triggers=13 reverse=0 gate=0 releases=0 chokes=0 retriggers=3 repeat_accepts=0 repeat_hits=0 chain_loops=0

# HOST CMD 80 0 0 0 0
[Q COMMAND] CMD 80 0 0 0 0
[Q ACK] sent=1

# HOST LOAD 0 4
[Q COMMAND] LOAD 0 4
[Q ACK] load=1
[M6 read] bytes=705600 read_us=1186145 bytes_per_second=594868 original_channels=2 rate=44100 total_psram=33554432
[M6 load] track=0 file_bytes=705644 pcm_bytes=352800 load_publish_us=1612492 payload=352800 transient=352800 peak_payload=705600 ps_free=30392872 largest=29884404 internal=224388 display=2304000 fx_delay=352800 reserve=4194304
[M6.1 replacement] retired_clear=1 ps_delta=0 status=READY

# HOST CMD 78 0 0 0 0
[Q COMMAND] CMD 78 0 0 0 0
[Q ACK] sent=1

# HOST STATE
[Q COMMAND] STATE
[Q STATE] bpm=120 swing=50 playing=0 mode=0 chain_length=0 chain_loop=0 project_busy=0 restoring=0 sample_busy=0 project_status=PROJECT READY sample_status=SAMPLE READY
[Q TRACK] track=0 source=1 pitch=67 synth_pitch=43 sample_pitch=67 mute=0 solo=0 start=0 end=65535 reverse=0 mode=0 choke=0 cutoff=0 resonance=0 send=127 slices=8 enabled=1 selected=0 frames=176400 waveform=595ef306 name=m19p_stereo.wav
[Q SLICE] track=0 index=0 start=0 end=8192
[Q SLICE] track=0 index=1 start=8192 end=16384
[Q SLICE] track=0 index=2 start=16384 end=20480
[Q SLICE] track=0 index=3 start=20480 end=28672
[Q SLICE] track=0 index=4 start=28672 end=32768
[Q SLICE] track=0 index=5 start=32768 end=45056
[Q SLICE] track=0 index=6 start=45056 end=57344
[Q SLICE] track=0 index=7 start=57344 end=65535
[Q TRACK] track=1 source=0 pitch=39 synth_pitch=39 sample_pitch=60 mute=0 solo=0 start=0 end=65535 reverse=0 mode=0 choke=0 cutoff=0 resonance=0 send=127 slices=1 enabled=0 selected=0 frames=0 waveform=5f6c8245 name=
[Q SLICE] track=1 index=0 start=0 end=65535
[Q TRACK] track=2 source=0 pitch=42 synth_pitch=42 sample_pitch=60 mute=0 solo=0 start=0 end=65535 reverse=0 mode=0 choke=0 cutoff=0 resonance=0 send=127 slices=1 enabled=0 selected=0 frames=0 waveform=5f6c8245 name=
[Q SLICE] track=2 index=0 start=0 end=65535
[Q TRACK] track=3 source=0 pitch=45 synth_pitch=45 sample_pitch=60 mute=0 solo=0 start=0 end=65535 reverse=0 mode=0 choke=0 cutoff=0 resonance=0 send=127 slices=1 enabled=0 selected=0 frames=0 waveform=5f6c8245 name=
[Q SLICE] track=3 index=0 start=0 end=65535
[Q PATTERN] index=0 length=16 masks=0000,0000,0000
[Q LOCK] pattern=0 step=0 mask=0 slice=0
[Q LOCK] pattern=0 step=1 mask=0 slice=0
[Q LOCK] pattern=0 step=2 mask=0 slice=0
[Q LOCK] pattern=0 step=3 mask=0 slice=0
[Q PATTERN] index=1 length=16 masks=0000,0000,0000
[Q LOCK] pattern=1 step=0 mask=0 slice=0
[Q LOCK] pattern=1 step=1 mask=0 slice=0
[Q LOCK] pattern=1 step=2 mask=0 slice=0
[Q LOCK] pattern=1 step=3 mask=0 slice=0
[Q PATTERN] index=2 length=16 masks=0000,0000,0000
[Q LOCK] pattern=2 step=0 mask=0 slice=0
[Q LOCK] pattern=2 step=1 mask=0 slice=0
[Q LOCK] pattern=2 step=2 mask=0 slice=0
[Q LOCK] pattern=2 step=3 mask=0 slice=0
[Q PATTERN] index=3 length=16 masks=0000,0000,0000
[Q LOCK] pattern=3 step=0 mask=0 slice=0
[Q LOCK] pattern=3 step=1 mask=0 slice=0
[Q LOCK] pattern=3 step=2 mask=0 slice=0
[Q LOCK] pattern=3 step=3 mask=0 slice=0
[Q TRANSIENT] state=3 request=76 progress=100 count=16 stale_discarded=0 apply=1 cancel=37 duration_max_us=67449 chunk_max_us=2522
[Q PROPOSAL] index=0 start=0 end=4096
[Q PROPOSAL] index=1 start=4096 end=8192
[Q PROPOSAL] index=2 start=8192 end=12288
[Q PROPOSAL] index=3 start=12288 end=16384
[Q PROPOSAL] index=4 start=16384 end=20480
[Q PROPOSAL] index=5 start=20480 end=24576
[Q PROPOSAL] index=6 start=24576 end=28672
[Q PROPOSAL] index=7 start=28672 end=32768
[Q PROPOSAL] index=8 start=32768 end=36864
[Q PROPOSAL] index=9 start=36864 end=40960
[Q PROPOSAL] index=10 start=40960 end=45056
[Q PROPOSAL] index=11 start=45056 end=49152
[Q PROPOSAL] index=12 start=49152 end=53248
[Q PROPOSAL] index=13 start=53248 end=57344
[Q PROPOSAL] index=14 start=57344 end=61440
[Q PROPOSAL] index=15 start=61440 end=65535
[Q HEAP] tag=state internal=224388 free=30392872 largest=29884404
[Q PLAYBACK] triggers=13 reverse=0 gate=0 releases=0 chokes=0 retriggers=3 repeat_accepts=0 repeat_hits=0 chain_loops=0

# HOST CMD 80 0 0 0 0
[Q COMMAND] CMD 80 0 0 0 0
[Q ACK] sent=1

# HOST CMD 78 0 8 0 0
[Q COMMAND] CMD 78 0 8 0 0
[Q ACK] sent=1

# HOST STATE
[Q COMMAND] STATE
[Q STATE] bpm=120 swing=50 playing=0 mode=0 chain_length=0 chain_loop=0 project_busy=0 restoring=0 sample_busy=0 project_status=PROJECT READY sample_status=SAMPLE READY
[Q TRACK] track=0 source=1 pitch=67 synth_pitch=43 sample_pitch=67 mute=0 solo=0 start=0 end=65535 reverse=0 mode=0 choke=0 cutoff=0 resonance=0 send=127 slices=8 enabled=1 selected=0 frames=176400 waveform=595ef306 name=m19p_stereo.wav
[Q SLICE] track=0 index=0 start=0 end=8192
[Q SLICE] track=0 index=1 start=8192 end=16384
[Q SLICE] track=0 index=2 start=16384 end=20480
[Q SLICE] track=0 index=3 start=20480 end=28672
[Q SLICE] track=0 index=4 start=28672 end=32768
[Q SLICE] track=0 index=5 start=32768 end=45056
[Q SLICE] track=0 index=6 start=45056 end=57344
[Q SLICE] track=0 index=7 start=57344 end=65535
[Q TRACK] track=1 source=0 pitch=39 synth_pitch=39 sample_pitch=60 mute=0 solo=0 start=0 end=65535 reverse=0 mode=0 choke=0 cutoff=0 resonance=0 send=127 slices=1 enabled=0 selected=0 frames=0 waveform=5f6c8245 name=
[Q SLICE] track=1 index=0 start=0 end=65535
[Q TRACK] track=2 source=0 pitch=42 synth_pitch=42 sample_pitch=60 mute=0 solo=0 start=0 end=65535 reverse=0 mode=0 choke=0 cutoff=0 resonance=0 send=127 slices=1 enabled=0 selected=0 frames=0 waveform=5f6c8245 name=
[Q SLICE] track=2 index=0 start=0 end=65535
[Q TRACK] track=3 source=0 pitch=45 synth_pitch=45 sample_pitch=60 mute=0 solo=0 start=0 end=65535 reverse=0 mode=0 choke=0 cutoff=0 resonance=0 send=127 slices=1 enabled=0 selected=0 frames=0 waveform=5f6c8245 name=
[Q SLICE] track=3 index=0 start=0 end=65535
[Q PATTERN] index=0 length=16 masks=0000,0000,0000
[Q LOCK] pattern=0 step=0 mask=0 slice=0
[Q LOCK] pattern=0 step=1 mask=0 slice=0
[Q LOCK] pattern=0 step=2 mask=0 slice=0
[Q LOCK] pattern=0 step=3 mask=0 slice=0
[Q PATTERN] index=1 length=16 masks=0000,0000,0000
[Q LOCK] pattern=1 step=0 mask=0 slice=0
[Q LOCK] pattern=1 step=1 mask=0 slice=0
[Q LOCK] pattern=1 step=2 mask=0 slice=0
[Q LOCK] pattern=1 step=3 mask=0 slice=0
[Q PATTERN] index=2 length=16 masks=0000,0000,0000
[Q LOCK] pattern=2 step=0 mask=0 slice=0
[Q LOCK] pattern=2 step=1 mask=0 slice=0
[Q LOCK] pattern=2 step=2 mask=0 slice=0
[Q LOCK] pattern=2 step=3 mask=0 slice=0
[Q PATTERN] index=3 length=16 masks=0000,0000,0000
[Q LOCK] pattern=3 step=0 mask=0 slice=0
[Q LOCK] pattern=3 step=1 mask=0 slice=0
[Q LOCK] pattern=3 step=2 mask=0 slice=0
[Q LOCK] pattern=3 step=3 mask=0 slice=0
[Q TRANSIENT] state=3 request=78 progress=100 count=8 stale_discarded=0 apply=1 cancel=38 duration_max_us=67449 chunk_max_us=2522
[Q PROPOSAL] index=0 start=0 end=8192
[Q PROPOSAL] index=1 start=8192 end=16384
[Q PROPOSAL] index=2 start=16384 end=20480
[Q PROPOSAL] index=3 start=20480 end=28672
[Q PROPOSAL] index=4 start=28672 end=32768
[Q PROPOSAL] index=5 start=32768 end=45056
[Q PROPOSAL] index=6 start=45056 end=57344
[Q PROPOSAL] index=7 start=57344 end=65535
[Q HEAP] tag=state internal=224388 free=30392872 largest=29884404
[Q PLAYBACK] triggers=13 reverse=0 gate=0 releases=0 chokes=0 retriggers=3 repeat_accepts=0 repeat_hits=0 chain_loops=0

# HOST CMD 80 0 0 0 0
[Q COMMAND] CMD 80 0 0 0 0
[Q ACK] sent=1

# HOST CMD 78 0 16 0 0
[Q COMMAND] CMD 78 0 16 0 0
[Q ACK] sent=1

# HOST STATE
[Q COMMAND] STATE
[Q STATE] bpm=120 swing=50 playing=0 mode=0 chain_length=0 chain_loop=0 project_busy=0 restoring=0 sample_busy=0 project_status=PROJECT READY sample_status=SAMPLE READY
[Q TRACK] track=0 source=1 pitch=67 synth_pitch=43 sample_pitch=67 mute=0 solo=0 start=0 end=65535 reverse=0 mode=0 choke=0 cutoff=0 resonance=0 send=127 slices=8 enabled=1 selected=0 frames=176400 waveform=595ef306 name=m19p_stereo.wav
[Q SLICE] track=0 index=0 start=0 end=8192
[Q SLICE] track=0 index=1 start=8192 end=16384
[Q SLICE] track=0 index=2 start=16384 end=20480
[Q SLICE] track=0 index=3 start=20480 end=28672
[Q SLICE] track=0 index=4 start=28672 end=32768
[Q SLICE] track=0 index=5 start=32768 end=45056
[Q SLICE] track=0 index=6 start=45056 end=57344
[Q SLICE] track=0 index=7 start=57344 end=65535
[Q TRACK] track=1 source=0 pitch=39 synth_pitch=39 sample_pitch=60 mute=0 solo=0 start=0 end=65535 reverse=0 mode=0 choke=0 cutoff=0 resonance=0 send=127 slices=1 enabled=0 selected=0 frames=0 waveform=5f6c8245 name=
[Q SLICE] track=1 index=0 start=0 end=65535
[Q TRACK] track=2 source=0 pitch=42 synth_pitch=42 sample_pitch=60 mute=0 solo=0 start=0 end=65535 reverse=0 mode=0 choke=0 cutoff=0 resonance=0 send=127 slices=1 enabled=0 selected=0 frames=0 waveform=5f6c8245 name=
[Q SLICE] track=2 index=0 start=0 end=65535
[Q TRACK] track=3 source=0 pitch=45 synth_pitch=45 sample_pitch=60 mute=0 solo=0 start=0 end=65535 reverse=0 mode=0 choke=0 cutoff=0 resonance=0 send=127 slices=1 enabled=0 selected=0 frames=0 waveform=5f6c8245 name=
[Q SLICE] track=3 index=0 start=0 end=65535
[Q PATTERN] index=0 length=16 masks=0000,0000,0000
[Q LOCK] pattern=0 step=0 mask=0 slice=0
[Q LOCK] pattern=0 step=1 mask=0 slice=0
[Q LOCK] pattern=0 step=2 mask=0 slice=0
[Q LOCK] pattern=0 step=3 mask=0 slice=0
[Q PATTERN] index=1 length=16 masks=0000,0000,0000
[Q LOCK] pattern=1 step=0 mask=0 slice=0
[Q LOCK] pattern=1 step=1 mask=0 slice=0
[Q LOCK] pattern=1 step=2 mask=0 slice=0
[Q LOCK] pattern=1 step=3 mask=0 slice=0
[Q PATTERN] index=2 length=16 masks=0000,0000,0000
[Q LOCK] pattern=2 step=0 mask=0 slice=0
[Q LOCK] pattern=2 step=1 mask=0 slice=0
[Q LOCK] pattern=2 step=2 mask=0 slice=0
[Q LOCK] pattern=2 step=3 mask=0 slice=0
[Q PATTERN] index=3 length=16 masks=0000,0000,0000
[Q LOCK] pattern=3 step=0 mask=0 slice=0
[Q LOCK] pattern=3 step=1 mask=0 slice=0
[Q LOCK] pattern=3 step=2 mask=0 slice=0
[Q LOCK] pattern=3 step=3 mask=0 slice=0
[Q TRANSIENT] state=3 request=80 progress=100 count=16 stale_discarded=0 apply=1 cancel=39 duration_max_us=67449 chunk_max_us=2522
[Q PROPOSAL] index=0 start=0 end=4096
[Q PROPOSAL] index=1 start=4096 end=8192
[Q PROPOSAL] index=2 start=8192 end=12288
[Q PROPOSAL] index=3 start=12288 end=16384
[Q PROPOSAL] index=4 start=16384 end=20480
[Q PROPOSAL] index=5 start=20480 end=24576
[Q PROPOSAL] index=6 start=24576 end=28672
[Q PROPOSAL] index=7 start=28672 end=32768
[Q PROPOSAL] index=8 start=32768 end=36864
[Q PROPOSAL] index=9 start=36864 end=40960
[Q PROPOSAL] index=10 start=40960 end=45056
[Q PROPOSAL] index=11 start=45056 end=49152
[Q PROPOSAL] index=12 start=49152 end=53248
[Q PROPOSAL] index=13 start=53248 end=57344
[Q PROPOSAL] index=14 start=57344 end=61440
[Q PROPOSAL] index=15 start=61440 end=65535
[Q HEAP] tag=state internal=224388 free=30392872 largest=29884404
[Q PLAYBACK] triggers=13 reverse=0 gate=0 releases=0 chokes=0 retriggers=3 repeat_accepts=0 repeat_hits=0 chain_loops=0

# HOST CMD 80 0 0 0 0
[Q COMMAND] CMD 80 0 0 0 0
[Q ACK] sent=1

# HOST CMD 78 0 256 0 0
[Q COMMAND] CMD 78 0 256 0 0
[Q ACK] sent=1

# HOST STATE
[Q COMMAND] STATE
[Q STATE] bpm=120 swing=50 playing=0 mode=0 chain_length=0 chain_loop=0 project_busy=0 restoring=0 sample_busy=0 project_status=PROJECT READY sample_status=SAMPLE READY
[Q TRACK] track=0 source=1 pitch=67 synth_pitch=43 sample_pitch=67 mute=0 solo=0 start=0 end=65535 reverse=0 mode=0 choke=0 cutoff=0 resonance=0 send=127 slices=8 enabled=1 selected=0 frames=176400 waveform=595ef306 name=m19p_stereo.wav
[Q SLICE] track=0 index=0 start=0 end=8192
[Q SLICE] track=0 index=1 start=8192 end=16384
[Q SLICE] track=0 index=2 start=16384 end=20480
[Q SLICE] track=0 index=3 start=20480 end=28672
[Q SLICE] track=0 index=4 start=28672 end=32768
[Q SLICE] track=0 index=5 start=32768 end=45056
[Q SLICE] track=0 index=6 start=45056 end=57344
[Q SLICE] track=0 index=7 start=57344 end=65535
[Q TRACK] track=1 source=0 pitch=39 synth_pitch=39 sample_pitch=60 mute=0 solo=0 start=0 end=65535 reverse=0 mode=0 choke=0 cutoff=0 resonance=0 send=127 slices=1 enabled=0 selected=0 frames=0 waveform=5f6c8245 name=
[Q SLICE] track=1 index=0 start=0 end=65535
[Q TRACK] track=2 source=0 pitch=42 synth_pitch=42 sample_pitch=60 mute=0 solo=0 start=0 end=65535 reverse=0 mode=0 choke=0 cutoff=0 resonance=0 send=127 slices=1 enabled=0 selected=0 frames=0 waveform=5f6c8245 name=
[Q SLICE] track=2 index=0 start=0 end=65535
[Q TRACK] track=3 source=0 pitch=45 synth_pitch=45 sample_pitch=60 mute=0 solo=0 start=0 end=65535 reverse=0 mode=0 choke=0 cutoff=0 resonance=0 send=127 slices=1 enabled=0 selected=0 frames=0 waveform=5f6c8245 name=
[Q SLICE] track=3 index=0 start=0 end=65535
[Q PATTERN] index=0 length=16 masks=0000,0000,0000
[Q LOCK] pattern=0 step=0 mask=0 slice=0
[Q LOCK] pattern=0 step=1 mask=0 slice=0
[Q LOCK] pattern=0 step=2 mask=0 slice=0
[Q LOCK] pattern=0 step=3 mask=0 slice=0
[Q PATTERN] index=1 length=16 masks=0000,0000,0000
[Q LOCK] pattern=1 step=0 mask=0 slice=0
[Q LOCK] pattern=1 step=1 mask=0 slice=0
[Q LOCK] pattern=1 step=2 mask=0 slice=0
[Q LOCK] pattern=1 step=3 mask=0 slice=0
[Q PATTERN] index=2 length=16 masks=0000,0000,0000
[Q LOCK] pattern=2 step=0 mask=0 slice=0
[Q LOCK] pattern=2 step=1 mask=0 slice=0
[Q LOCK] pattern=2 step=2 mask=0 slice=0
[Q LOCK] pattern=2 step=3 mask=0 slice=0
[Q PATTERN] index=3 length=16 masks=0000,0000,0000
[Q LOCK] pattern=3 step=0 mask=0 slice=0
[Q LOCK] pattern=3 step=1 mask=0 slice=0
[Q LOCK] pattern=3 step=2 mask=0 slice=0
[Q LOCK] pattern=3 step=3 mask=0 slice=0
[Q TRANSIENT] state=3 request=82 progress=100 count=16 stale_discarded=0 apply=1 cancel=40 duration_max_us=67449 chunk_max_us=2522
[Q PROPOSAL] index=0 start=0 end=4096
[Q PROPOSAL] index=1 start=4096 end=8192
[Q PROPOSAL] index=2 start=8192 end=12288
[Q PROPOSAL] index=3 start=12288 end=16384
[Q PROPOSAL] index=4 start=16384 end=20480
[Q PROPOSAL] index=5 start=20480 end=24576
[Q PROPOSAL] index=6 start=24576 end=28672
[Q PROPOSAL] index=7 start=28672 end=32768
[Q PROPOSAL] index=8 start=32768 end=36864
[Q PROPOSAL] index=9 start=36864 end=40960
[Q PROPOSAL] index=10 start=40960 end=45056
[Q PROPOSAL] index=11 start=45056 end=49152
[Q PROPOSAL] index=12 start=49152 end=53248
[Q PROPOSAL] index=13 start=53248 end=57344
[Q PROPOSAL] index=14 start=57344 end=61440
[Q PROPOSAL] index=15 start=61440 end=65535
[Q HEAP] tag=state internal=224388 free=30392872 largest=29884404
[Q PLAYBACK] triggers=13 reverse=0 gate=0 releases=0 chokes=0 retriggers=3 repeat_accepts=0 repeat_hits=0 chain_loops=0

# HOST CMD 80 0 0 0 0
[Q COMMAND] CMD 80 0 0 0 0
[Q ACK] sent=1

# HOST CMD 78 0 264 0 0
[Q COMMAND] CMD 78 0 264 0 0
[Q ACK] sent=1

# HOST STATE
[Q COMMAND] STATE
[Q STATE] bpm=120 swing=50 playing=0 mode=0 chain_length=0 chain_loop=0 project_busy=0 restoring=0 sample_busy=0 project_status=PROJECT READY sample_status=SAMPLE READY
[Q TRACK] track=0 source=1 pitch=67 synth_pitch=43 sample_pitch=67 mute=0 solo=0 start=0 end=65535 reverse=0 mode=0 choke=0 cutoff=0 resonance=0 send=127 slices=8 enabled=1 selected=0 frames=176400 waveform=595ef306 name=m19p_stereo.wav
[Q SLICE] track=0 index=0 start=0 end=8192
[Q SLICE] track=0 index=1 start=8192 end=16384
[Q SLICE] track=0 index=2 start=16384 end=20480
[Q SLICE] track=0 index=3 start=20480 end=28672
[Q SLICE] track=0 index=4 start=28672 end=32768
[Q SLICE] track=0 index=5 start=32768 end=45056
[Q SLICE] track=0 index=6 start=45056 end=57344
[Q SLICE] track=0 index=7 start=57344 end=65535
[Q TRACK] track=1 source=0 pitch=39 synth_pitch=39 sample_pitch=60 mute=0 solo=0 start=0 end=65535 reverse=0 mode=0 choke=0 cutoff=0 resonance=0 send=127 slices=1 enabled=0 selected=0 frames=0 waveform=5f6c8245 name=
[Q SLICE] track=1 index=0 start=0 end=65535
[Q TRACK] track=2 source=0 pitch=42 synth_pitch=42 sample_pitch=60 mute=0 solo=0 start=0 end=65535 reverse=0 mode=0 choke=0 cutoff=0 resonance=0 send=127 slices=1 enabled=0 selected=0 frames=0 waveform=5f6c8245 name=
[Q SLICE] track=2 index=0 start=0 end=65535
[Q TRACK] track=3 source=0 pitch=45 synth_pitch=45 sample_pitch=60 mute=0 solo=0 start=0 end=65535 reverse=0 mode=0 choke=0 cutoff=0 resonance=0 send=127 slices=1 enabled=0 selected=0 frames=0 waveform=5f6c8245 name=
[Q SLICE] track=3 index=0 start=0 end=65535
[Q PATTERN] index=0 length=16 masks=0000,0000,0000
[Q LOCK] pattern=0 step=0 mask=0 slice=0
[Q LOCK] pattern=0 step=1 mask=0 slice=0
[Q LOCK] pattern=0 step=2 mask=0 slice=0
[Q LOCK] pattern=0 step=3 mask=0 slice=0
[Q PATTERN] index=1 length=16 masks=0000,0000,0000
[Q LOCK] pattern=1 step=0 mask=0 slice=0
[Q LOCK] pattern=1 step=1 mask=0 slice=0
[Q LOCK] pattern=1 step=2 mask=0 slice=0
[Q LOCK] pattern=1 step=3 mask=0 slice=0
[Q PATTERN] index=2 length=16 masks=0000,0000,0000
[Q LOCK] pattern=2 step=0 mask=0 slice=0
[Q LOCK] pattern=2 step=1 mask=0 slice=0
[Q LOCK] pattern=2 step=2 mask=0 slice=0
[Q LOCK] pattern=2 step=3 mask=0 slice=0
[Q PATTERN] index=3 length=16 masks=0000,0000,0000
[Q LOCK] pattern=3 step=0 mask=0 slice=0
[Q LOCK] pattern=3 step=1 mask=0 slice=0
[Q LOCK] pattern=3 step=2 mask=0 slice=0
[Q LOCK] pattern=3 step=3 mask=0 slice=0
[Q TRANSIENT] state=3 request=84 progress=100 count=8 stale_discarded=0 apply=1 cancel=41 duration_max_us=67449 chunk_max_us=2522
[Q PROPOSAL] index=0 start=0 end=8192
[Q PROPOSAL] index=1 start=8192 end=16384
[Q PROPOSAL] index=2 start=16384 end=20480
[Q PROPOSAL] index=3 start=20480 end=28672
[Q PROPOSAL] index=4 start=28672 end=32768
[Q PROPOSAL] index=5 start=32768 end=45056
[Q PROPOSAL] index=6 start=45056 end=57344
[Q PROPOSAL] index=7 start=57344 end=65535
[Q HEAP] tag=state internal=224388 free=30392872 largest=29884404
[Q PLAYBACK] triggers=13 reverse=0 gate=0 releases=0 chokes=0 retriggers=3 repeat_accepts=0 repeat_hits=0 chain_loops=0

# HOST CMD 80 0 0 0 0
[Q COMMAND] CMD 80 0 0 0 0
[Q ACK] sent=1

# HOST CMD 78 0 272 0 0
[Q COMMAND] CMD 78 0 272 0 0
[Q ACK] sent=1

# HOST STATE
[Q COMMAND] STATE
[Q STATE] bpm=120 swing=50 playing=0 mode=0 chain_length=0 chain_loop=0 project_busy=0 restoring=0 sample_busy=0 project_status=PROJECT READY sample_status=SAMPLE READY
[Q TRACK] track=0 source=1 pitch=67 synth_pitch=43 sample_pitch=67 mute=0 solo=0 start=0 end=65535 reverse=0 mode=0 choke=0 cutoff=0 resonance=0 send=127 slices=8 enabled=1 selected=0 frames=176400 waveform=595ef306 name=m19p_stereo.wav
[Q SLICE] track=0 index=0 start=0 end=8192
[Q SLICE] track=0 index=1 start=8192 end=16384
[Q SLICE] track=0 index=2 start=16384 end=20480
[Q SLICE] track=0 index=3 start=20480 end=28672
[Q SLICE] track=0 index=4 start=28672 end=32768
[Q SLICE] track=0 index=5 start=32768 end=45056
[Q SLICE] track=0 index=6 start=45056 end=57344
[Q SLICE] track=0 index=7 start=57344 end=65535
[Q TRACK] track=1 source=0 pitch=39 synth_pitch=39 sample_pitch=60 mute=0 solo=0 start=0 end=65535 reverse=0 mode=0 choke=0 cutoff=0 resonance=0 send=127 slices=1 enabled=0 selected=0 frames=0 waveform=5f6c8245 name=
[Q SLICE] track=1 index=0 start=0 end=65535
[Q TRACK] track=2 source=0 pitch=42 synth_pitch=42 sample_pitch=60 mute=0 solo=0 start=0 end=65535 reverse=0 mode=0 choke=0 cutoff=0 resonance=0 send=127 slices=1 enabled=0 selected=0 frames=0 waveform=5f6c8245 name=
[Q SLICE] track=2 index=0 start=0 end=65535
[Q TRACK] track=3 source=0 pitch=45 synth_pitch=45 sample_pitch=60 mute=0 solo=0 start=0 end=65535 reverse=0 mode=0 choke=0 cutoff=0 resonance=0 send=127 slices=1 enabled=0 selected=0 frames=0 waveform=5f6c8245 name=
[Q SLICE] track=3 index=0 start=0 end=65535
[Q PATTERN] index=0 length=16 masks=0000,0000,0000
[Q LOCK] pattern=0 step=0 mask=0 slice=0
[Q LOCK] pattern=0 step=1 mask=0 slice=0
[Q LOCK] pattern=0 step=2 mask=0 slice=0
[Q LOCK] pattern=0 step=3 mask=0 slice=0
[Q PATTERN] index=1 length=16 masks=0000,0000,0000
[Q LOCK] pattern=1 step=0 mask=0 slice=0
[Q LOCK] pattern=1 step=1 mask=0 slice=0
[Q LOCK] pattern=1 step=2 mask=0 slice=0
[Q LOCK] pattern=1 step=3 mask=0 slice=0
[Q PATTERN] index=2 length=16 masks=0000,0000,0000
[Q LOCK] pattern=2 step=0 mask=0 slice=0
[Q LOCK] pattern=2 step=1 mask=0 slice=0
[Q LOCK] pattern=2 step=2 mask=0 slice=0
[Q LOCK] pattern=2 step=3 mask=0 slice=0
[Q PATTERN] index=3 length=16 masks=0000,0000,0000
[Q LOCK] pattern=3 step=0 mask=0 slice=0
[Q LOCK] pattern=3 step=1 mask=0 slice=0
[Q LOCK] pattern=3 step=2 mask=0 slice=0
[Q LOCK] pattern=3 step=3 mask=0 slice=0
[Q TRANSIENT] state=3 request=86 progress=100 count=16 stale_discarded=0 apply=1 cancel=42 duration_max_us=67449 chunk_max_us=2522
[Q PROPOSAL] index=0 start=0 end=4096
[Q PROPOSAL] index=1 start=4096 end=8192
[Q PROPOSAL] index=2 start=8192 end=12288
[Q PROPOSAL] index=3 start=12288 end=16384
[Q PROPOSAL] index=4 start=16384 end=20480
[Q PROPOSAL] index=5 start=20480 end=24576
[Q PROPOSAL] index=6 start=24576 end=28672
[Q PROPOSAL] index=7 start=28672 end=32768
[Q PROPOSAL] index=8 start=32768 end=36864
[Q PROPOSAL] index=9 start=36864 end=40960
[Q PROPOSAL] index=10 start=40960 end=45056
[Q PROPOSAL] index=11 start=45056 end=49152
[Q PROPOSAL] index=12 start=49152 end=53248
[Q PROPOSAL] index=13 start=53248 end=57344
[Q PROPOSAL] index=14 start=57344 end=61440
[Q PROPOSAL] index=15 start=61440 end=65535
[Q HEAP] tag=state internal=224388 free=30392872 largest=29884404
[Q PLAYBACK] triggers=13 reverse=0 gate=0 releases=0 chokes=0 retriggers=3 repeat_accepts=0 repeat_hits=0 chain_loops=0

# HOST CMD 80 0 0 0 0
[Q COMMAND] CMD 80 0 0 0 0
[Q ACK] sent=1

# HOST CMD 78 0 512 0 0
[Q COMMAND] CMD 78 0 512 0 0
[Q ACK] sent=1

# HOST STATE
[Q COMMAND] STATE
[Q STATE] bpm=120 swing=50 playing=0 mode=0 chain_length=0 chain_loop=0 project_busy=0 restoring=0 sample_busy=0 project_status=PROJECT READY sample_status=SAMPLE READY
[Q TRACK] track=0 source=1 pitch=67 synth_pitch=43 sample_pitch=67 mute=0 solo=0 start=0 end=65535 reverse=0 mode=0 choke=0 cutoff=0 resonance=0 send=127 slices=8 enabled=1 selected=0 frames=176400 waveform=595ef306 name=m19p_stereo.wav
[Q SLICE] track=0 index=0 start=0 end=8192
[Q SLICE] track=0 index=1 start=8192 end=16384
[Q SLICE] track=0 index=2 start=16384 end=20480
[Q SLICE] track=0 index=3 start=20480 end=28672
[Q SLICE] track=0 index=4 start=28672 end=32768
[Q SLICE] track=0 index=5 start=32768 end=45056
[Q SLICE] track=0 index=6 start=45056 end=57344
[Q SLICE] track=0 index=7 start=57344 end=65535
[Q TRACK] track=1 source=0 pitch=39 synth_pitch=39 sample_pitch=60 mute=0 solo=0 start=0 end=65535 reverse=0 mode=0 choke=0 cutoff=0 resonance=0 send=127 slices=1 enabled=0 selected=0 frames=0 waveform=5f6c8245 name=
[Q SLICE] track=1 index=0 start=0 end=65535
[Q TRACK] track=2 source=0 pitch=42 synth_pitch=42 sample_pitch=60 mute=0 solo=0 start=0 end=65535 reverse=0 mode=0 choke=0 cutoff=0 resonance=0 send=127 slices=1 enabled=0 selected=0 frames=0 waveform=5f6c8245 name=
[Q SLICE] track=2 index=0 start=0 end=65535
[Q TRACK] track=3 source=0 pitch=45 synth_pitch=45 sample_pitch=60 mute=0 solo=0 start=0 end=65535 reverse=0 mode=0 choke=0 cutoff=0 resonance=0 send=127 slices=1 enabled=0 selected=0 frames=0 waveform=5f6c8245 name=
[Q SLICE] track=3 index=0 start=0 end=65535
[Q PATTERN] index=0 length=16 masks=0000,0000,0000
[Q LOCK] pattern=0 step=0 mask=0 slice=0
[Q LOCK] pattern=0 step=1 mask=0 slice=0
[Q LOCK] pattern=0 step=2 mask=0 slice=0
[Q LOCK] pattern=0 step=3 mask=0 slice=0
[Q PATTERN] index=1 length=16 masks=0000,0000,0000
[Q LOCK] pattern=1 step=0 mask=0 slice=0
[Q LOCK] pattern=1 step=1 mask=0 slice=0
[Q LOCK] pattern=1 step=2 mask=0 slice=0
[Q LOCK] pattern=1 step=3 mask=0 slice=0
[Q PATTERN] index=2 length=16 masks=0000,0000,0000
[Q LOCK] pattern=2 step=0 mask=0 slice=0
[Q LOCK] pattern=2 step=1 mask=0 slice=0
[Q LOCK] pattern=2 step=2 mask=0 slice=0
[Q LOCK] pattern=2 step=3 mask=0 slice=0
[Q PATTERN] index=3 length=16 masks=0000,0000,0000
[Q LOCK] pattern=3 step=0 mask=0 slice=0
[Q LOCK] pattern=3 step=1 mask=0 slice=0
[Q LOCK] pattern=3 step=2 mask=0 slice=0
[Q LOCK] pattern=3 step=3 mask=0 slice=0
[Q TRANSIENT] state=3 request=88 progress=100 count=16 stale_discarded=0 apply=1 cancel=43 duration_max_us=67449 chunk_max_us=2522
[Q PROPOSAL] index=0 start=0 end=4356
[Q PROPOSAL] index=1 start=4356 end=8192
[Q PROPOSAL] index=2 start=8192 end=12288
[Q PROPOSAL] index=3 start=12288 end=16384
[Q PROPOSAL] index=4 start=16384 end=20480
[Q PROPOSAL] index=5 start=20480 end=24576
[Q PROPOSAL] index=6 start=24576 end=28672
[Q PROPOSAL] index=7 start=28672 end=32768
[Q PROPOSAL] index=8 start=32768 end=36864
[Q PROPOSAL] index=9 start=36864 end=41220
[Q PROPOSAL] index=10 start=41220 end=45056
[Q PROPOSAL] index=11 start=45056 end=49152
[Q PROPOSAL] index=12 start=49152 end=53508
[Q PROPOSAL] index=13 start=53508 end=57344
[Q PROPOSAL] index=14 start=57344 end=61440
[Q PROPOSAL] index=15 start=61440 end=65535
[Q HEAP] tag=state internal=224388 free=30392872 largest=29884404
[Q PLAYBACK] triggers=13 reverse=0 gate=0 releases=0 chokes=0 retriggers=3 repeat_accepts=0 repeat_hits=0 chain_loops=0

# HOST CMD 80 0 0 0 0
[Q COMMAND] CMD 80 0 0 0 0
[Q ACK] sent=1

# HOST CMD 78 0 520 0 0
[Q COMMAND] CMD 78 0 520 0 0
[Q ACK] sent=1

# HOST STATE
[Q COMMAND] STATE
[Q STATE] bpm=120 swing=50 playing=0 mode=0 chain_length=0 chain_loop=0 project_busy=0 restoring=0 sample_busy=0 project_status=PROJECT READY sample_status=SAMPLE READY
[Q TRACK] track=0 source=1 pitch=67 synth_pitch=43 sample_pitch=67 mute=0 solo=0 start=0 end=65535 reverse=0 mode=0 choke=0 cutoff=0 resonance=0 send=127 slices=8 enabled=1 selected=0 frames=176400 waveform=595ef306 name=m19p_stereo.wav
[Q SLICE] track=0 index=0 start=0 end=8192
[Q SLICE] track=0 index=1 start=8192 end=16384
[Q SLICE] track=0 index=2 start=16384 end=20480
[Q SLICE] track=0 index=3 start=20480 end=28672
[Q SLICE] track=0 index=4 start=28672 end=32768
[Q SLICE] track=0 index=5 start=32768 end=45056
[Q SLICE] track=0 index=6 start=45056 end=57344
[Q SLICE] track=0 index=7 start=57344 end=65535
[Q TRACK] track=1 source=0 pitch=39 synth_pitch=39 sample_pitch=60 mute=0 solo=0 start=0 end=65535 reverse=0 mode=0 choke=0 cutoff=0 resonance=0 send=127 slices=1 enabled=0 selected=0 frames=0 waveform=5f6c8245 name=
[Q SLICE] track=1 index=0 start=0 end=65535
[Q TRACK] track=2 source=0 pitch=42 synth_pitch=42 sample_pitch=60 mute=0 solo=0 start=0 end=65535 reverse=0 mode=0 choke=0 cutoff=0 resonance=0 send=127 slices=1 enabled=0 selected=0 frames=0 waveform=5f6c8245 name=
[Q SLICE] track=2 index=0 start=0 end=65535
[Q TRACK] track=3 source=0 pitch=45 synth_pitch=45 sample_pitch=60 mute=0 solo=0 start=0 end=65535 reverse=0 mode=0 choke=0 cutoff=0 resonance=0 send=127 slices=1 enabled=0 selected=0 frames=0 waveform=5f6c8245 name=
[Q SLICE] track=3 index=0 start=0 end=65535
[Q PATTERN] index=0 length=16 masks=0000,0000,0000
[Q LOCK] pattern=0 step=0 mask=0 slice=0
[Q LOCK] pattern=0 step=1 mask=0 slice=0
[Q LOCK] pattern=0 step=2 mask=0 slice=0
[Q LOCK] pattern=0 step=3 mask=0 slice=0
[Q PATTERN] index=1 length=16 masks=0000,0000,0000
[Q LOCK] pattern=1 step=0 mask=0 slice=0
[Q LOCK] pattern=1 step=1 mask=0 slice=0
[Q LOCK] pattern=1 step=2 mask=0 slice=0
[Q LOCK] pattern=1 step=3 mask=0 slice=0
[Q PATTERN] index=2 length=16 masks=0000,0000,0000
[Q LOCK] pattern=2 step=0 mask=0 slice=0
[Q LOCK] pattern=2 step=1 mask=0 slice=0
[Q LOCK] pattern=2 step=2 mask=0 slice=0
[Q LOCK] pattern=2 step=3 mask=0 slice=0
[Q PATTERN] index=3 length=16 masks=0000,0000,0000
[Q LOCK] pattern=3 step=0 mask=0 slice=0
[Q LOCK] pattern=3 step=1 mask=0 slice=0
[Q LOCK] pattern=3 step=2 mask=0 slice=0
[Q LOCK] pattern=3 step=3 mask=0 slice=0
[Q TRANSIENT] state=3 request=90 progress=100 count=8 stale_discarded=0 apply=1 cancel=44 duration_max_us=67449 chunk_max_us=2522
[Q PROPOSAL] index=0 start=0 end=4356
[Q PROPOSAL] index=1 start=4356 end=8192
[Q PROPOSAL] index=2 start=8192 end=20480
[Q PROPOSAL] index=3 start=20480 end=32768
[Q PROPOSAL] index=4 start=32768 end=45056
[Q PROPOSAL] index=5 start=45056 end=53508
[Q PROPOSAL] index=6 start=53508 end=57344
[Q PROPOSAL] index=7 start=57344 end=65535
[Q HEAP] tag=state internal=224388 free=30392872 largest=29884404
[Q PLAYBACK] triggers=13 reverse=0 gate=0 releases=0 chokes=0 retriggers=3 repeat_accepts=0 repeat_hits=0 chain_loops=0

# HOST CMD 80 0 0 0 0
[Q COMMAND] CMD 80 0 0 0 0
[Q ACK] sent=1

# HOST CMD 78 0 528 0 0
[Q COMMAND] CMD 78 0 528 0 0
[Q ACK] sent=1

# HOST STATE
[Q COMMAND] STATE
[Q STATE] bpm=120 swing=50 playing=0 mode=0 chain_length=0 chain_loop=0 project_busy=0 restoring=0 sample_busy=0 project_status=PROJECT READY sample_status=SAMPLE READY
[Q TRACK] track=0 source=1 pitch=67 synth_pitch=43 sample_pitch=67 mute=0 solo=0 start=0 end=65535 reverse=0 mode=0 choke=0 cutoff=0 resonance=0 send=127 slices=8 enabled=1 selected=0 frames=176400 waveform=595ef306 name=m19p_stereo.wav
[Q SLICE] track=0 index=0 start=0 end=8192
[Q SLICE] track=0 index=1 start=8192 end=16384
[Q SLICE] track=0 index=2 start=16384 end=20480
[Q SLICE] track=0 index=3 start=20480 end=28672
[Q SLICE] track=0 index=4 start=28672 end=32768
[Q SLICE] track=0 index=5 start=32768 end=45056
[Q SLICE] track=0 index=6 start=45056 end=57344
[Q SLICE] track=0 index=7 start=57344 end=65535
[Q TRACK] track=1 source=0 pitch=39 synth_pitch=39 sample_pitch=60 mute=0 solo=0 start=0 end=65535 reverse=0 mode=0 choke=0 cutoff=0 resonance=0 send=127 slices=1 enabled=0 selected=0 frames=0 waveform=5f6c8245 name=
[Q SLICE] track=1 index=0 start=0 end=65535
[Q TRACK] track=2 source=0 pitch=42 synth_pitch=42 sample_pitch=60 mute=0 solo=0 start=0 end=65535 reverse=0 mode=0 choke=0 cutoff=0 resonance=0 send=127 slices=1 enabled=0 selected=0 frames=0 waveform=5f6c8245 name=
[Q SLICE] track=2 index=0 start=0 end=65535
[Q TRACK] track=3 source=0 pitch=45 synth_pitch=45 sample_pitch=60 mute=0 solo=0 start=0 end=65535 reverse=0 mode=0 choke=0 cutoff=0 resonance=0 send=127 slices=1 enabled=0 selected=0 frames=0 waveform=5f6c8245 name=
[Q SLICE] track=3 index=0 start=0 end=65535
[Q PATTERN] index=0 length=16 masks=0000,0000,0000
[Q LOCK] pattern=0 step=0 mask=0 slice=0
[Q LOCK] pattern=0 step=1 mask=0 slice=0
[Q LOCK] pattern=0 step=2 mask=0 slice=0
[Q LOCK] pattern=0 step=3 mask=0 slice=0
[Q PATTERN] index=1 length=16 masks=0000,0000,0000
[Q LOCK] pattern=1 step=0 mask=0 slice=0
[Q LOCK] pattern=1 step=1 mask=0 slice=0
[Q LOCK] pattern=1 step=2 mask=0 slice=0
[Q LOCK] pattern=1 step=3 mask=0 slice=0
[Q PATTERN] index=2 length=16 masks=0000,0000,0000
[Q LOCK] pattern=2 step=0 mask=0 slice=0
[Q LOCK] pattern=2 step=1 mask=0 slice=0
[Q LOCK] pattern=2 step=2 mask=0 slice=0
[Q LOCK] pattern=2 step=3 mask=0 slice=0
[Q PATTERN] index=3 length=16 masks=0000,0000,0000
[Q LOCK] pattern=3 step=0 mask=0 slice=0
[Q LOCK] pattern=3 step=1 mask=0 slice=0
[Q LOCK] pattern=3 step=2 mask=0 slice=0
[Q LOCK] pattern=3 step=3 mask=0 slice=0
[Q TRANSIENT] state=3 request=92 progress=100 count=16 stale_discarded=0 apply=1 cancel=45 duration_max_us=67449 chunk_max_us=2522
[Q PROPOSAL] index=0 start=0 end=4356
[Q PROPOSAL] index=1 start=4356 end=8192
[Q PROPOSAL] index=2 start=8192 end=12288
[Q PROPOSAL] index=3 start=12288 end=16384
[Q PROPOSAL] index=4 start=16384 end=20480
[Q PROPOSAL] index=5 start=20480 end=24576
[Q PROPOSAL] index=6 start=24576 end=28672
[Q PROPOSAL] index=7 start=28672 end=32768
[Q PROPOSAL] index=8 start=32768 end=36864
[Q PROPOSAL] index=9 start=36864 end=41220
[Q PROPOSAL] index=10 start=41220 end=45056
[Q PROPOSAL] index=11 start=45056 end=49152
[Q PROPOSAL] index=12 start=49152 end=53508
[Q PROPOSAL] index=13 start=53508 end=57344
[Q PROPOSAL] index=14 start=57344 end=61440
[Q PROPOSAL] index=15 start=61440 end=65535
[Q HEAP] tag=state internal=224388 free=30392872 largest=29884404
[Q PLAYBACK] triggers=13 reverse=0 gate=0 releases=0 chokes=0 retriggers=3 repeat_accepts=0 repeat_hits=0 chain_loops=0

# HOST CMD 80 0 0 0 0
[Q COMMAND] CMD 80 0 0 0 0
[Q ACK] sent=1

# HOST LOAD 0 8
[Q COMMAND] LOAD 0 8
[Q ACK] load=1
[M6 read] bytes=44100 read_us=84028 bytes_per_second=524825 original_channels=1 rate=44100 total_psram=33554432
[M6 load] track=0 file_bytes=44144 pcm_bytes=44100 load_publish_us=504607 payload=44100 transient=44100 peak_payload=396900 ps_free=30708264 largest=30408692 internal=224388 display=2304000 fx_delay=352800 reserve=4194304
[M6.1 replacement] retired_clear=1 ps_delta=-315392 status=READY

# HOST CMD 78 0 0 0 0
[Q COMMAND] CMD 78 0 0 0 0
[Q ACK] sent=1

# HOST STATE
[Q COMMAND] STATE
[Q STATE] bpm=120 swing=50 playing=0 mode=0 chain_length=0 chain_loop=0 project_busy=0 restoring=0 sample_busy=0 project_status=PROJECT READY sample_status=SAMPLE READY
[Q TRACK] track=0 source=1 pitch=67 synth_pitch=43 sample_pitch=67 mute=0 solo=0 start=0 end=65535 reverse=0 mode=0 choke=0 cutoff=0 resonance=0 send=127 slices=8 enabled=1 selected=0 frames=22050 waveform=0ee7dbac name=m19p_oneshot.wav
[Q SLICE] track=0 index=0 start=0 end=8192
[Q SLICE] track=0 index=1 start=8192 end=16384
[Q SLICE] track=0 index=2 start=16384 end=20480
[Q SLICE] track=0 index=3 start=20480 end=28672
[Q SLICE] track=0 index=4 start=28672 end=32768
[Q SLICE] track=0 index=5 start=32768 end=45056
[Q SLICE] track=0 index=6 start=45056 end=57344
[Q SLICE] track=0 index=7 start=57344 end=65535
[Q TRACK] track=1 source=0 pitch=39 synth_pitch=39 sample_pitch=60 mute=0 solo=0 start=0 end=65535 reverse=0 mode=0 choke=0 cutoff=0 resonance=0 send=127 slices=1 enabled=0 selected=0 frames=0 waveform=5f6c8245 name=
[Q SLICE] track=1 index=0 start=0 end=65535
[Q TRACK] track=2 source=0 pitch=42 synth_pitch=42 sample_pitch=60 mute=0 solo=0 start=0 end=65535 reverse=0 mode=0 choke=0 cutoff=0 resonance=0 send=127 slices=1 enabled=0 selected=0 frames=0 waveform=5f6c8245 name=
[Q SLICE] track=2 index=0 start=0 end=65535
[Q TRACK] track=3 source=0 pitch=45 synth_pitch=45 sample_pitch=60 mute=0 solo=0 start=0 end=65535 reverse=0 mode=0 choke=0 cutoff=0 resonance=0 send=127 slices=1 enabled=0 selected=0 frames=0 waveform=5f6c8245 name=
[Q SLICE] track=3 index=0 start=0 end=65535
[Q PATTERN] index=0 length=16 masks=0000,0000,0000
[Q LOCK] pattern=0 step=0 mask=0 slice=0
[Q LOCK] pattern=0 step=1 mask=0 slice=0
[Q LOCK] pattern=0 step=2 mask=0 slice=0
[Q LOCK] pattern=0 step=3 mask=0 slice=0
[Q PATTERN] index=1 length=16 masks=0000,0000,0000
[Q LOCK] pattern=1 step=0 mask=0 slice=0
[Q LOCK] pattern=1 step=1 mask=0 slice=0
[Q LOCK] pattern=1 step=2 mask=0 slice=0
[Q LOCK] pattern=1 step=3 mask=0 slice=0
[Q PATTERN] index=2 length=16 masks=0000,0000,0000
[Q LOCK] pattern=2 step=0 mask=0 slice=0
[Q LOCK] pattern=2 step=1 mask=0 slice=0
[Q LOCK] pattern=2 step=2 mask=0 slice=0
[Q LOCK] pattern=2 step=3 mask=0 slice=0
[Q PATTERN] index=3 length=16 masks=0000,0000,0000
[Q LOCK] pattern=3 step=0 mask=0 slice=0
[Q LOCK] pattern=3 step=1 mask=0 slice=0
[Q LOCK] pattern=3 step=2 mask=0 slice=0
[Q LOCK] pattern=3 step=3 mask=0 slice=0
[Q TRANSIENT] state=3 request=94 progress=100 count=1 stale_discarded=0 apply=1 cancel=46 duration_max_us=67449 chunk_max_us=2522
[Q PROPOSAL] index=0 start=0 end=65535
[Q HEAP] tag=state internal=224388 free=30708264 largest=30408692
[Q PLAYBACK] triggers=13 reverse=0 gate=0 releases=0 chokes=0 retriggers=3 repeat_accepts=0 repeat_hits=0 chain_loops=0

# HOST CMD 80 0 0 0 0
[Q COMMAND] CMD 80 0 0 0 0
[Q ACK] sent=1

# HOST CMD 78 0 8 0 0
[Q COMMAND] CMD 78 0 8 0 0
[Q ACK] sent=1

# HOST STATE
[Q COMMAND] STATE
[Q STATE] bpm=120 swing=50 playing=0 mode=0 chain_length=0 chain_loop=0 project_busy=0 restoring=0 sample_busy=0 project_status=PROJECT READY sample_status=SAMPLE READY
[Q TRACK] track=0 source=1 pitch=67 synth_pitch=43 sample_pitch=67 mute=0 solo=0 start=0 end=65535 reverse=0 mode=0 choke=0 cutoff=0 resonance=0 send=127 slices=8 enabled=1 selected=0 frames=22050 waveform=0ee7dbac name=m19p_oneshot.wav
[Q SLICE] track=0 index=0 start=0 end=8192
[Q SLICE] track=0 index=1 start=8192 end=16384
[Q SLICE] track=0 index=2 start=16384 end=20480
[Q SLICE] track=0 index=3 start=20480 end=28672
[Q SLICE] track=0 index=4 start=28672 end=32768
[Q SLICE] track=0 index=5 start=32768 end=45056
[Q SLICE] track=0 index=6 start=45056 end=57344
[Q SLICE] track=0 index=7 start=57344 end=65535
[Q TRACK] track=1 source=0 pitch=39 synth_pitch=39 sample_pitch=60 mute=0 solo=0 start=0 end=65535 reverse=0 mode=0 choke=0 cutoff=0 resonance=0 send=127 slices=1 enabled=0 selected=0 frames=0 waveform=5f6c8245 name=
[Q SLICE] track=1 index=0 start=0 end=65535
[Q TRACK] track=2 source=0 pitch=42 synth_pitch=42 sample_pitch=60 mute=0 solo=0 start=0 end=65535 reverse=0 mode=0 choke=0 cutoff=0 resonance=0 send=127 slices=1 enabled=0 selected=0 frames=0 waveform=5f6c8245 name=
[Q SLICE] track=2 index=0 start=0 end=65535
[Q TRACK] track=3 source=0 pitch=45 synth_pitch=45 sample_pitch=60 mute=0 solo=0 start=0 end=65535 reverse=0 mode=0 choke=0 cutoff=0 resonance=0 send=127 slices=1 enabled=0 selected=0 frames=0 waveform=5f6c8245 name=
[Q SLICE] track=3 index=0 start=0 end=65535
[Q PATTERN] index=0 length=16 masks=0000,0000,0000
[Q LOCK] pattern=0 step=0 mask=0 slice=0
[Q LOCK] pattern=0 step=1 mask=0 slice=0
[Q LOCK] pattern=0 step=2 mask=0 slice=0
[Q LOCK] pattern=0 step=3 mask=0 slice=0
[Q PATTERN] index=1 length=16 masks=0000,0000,0000
[Q LOCK] pattern=1 step=0 mask=0 slice=0
[Q LOCK] pattern=1 step=1 mask=0 slice=0
[Q LOCK] pattern=1 step=2 mask=0 slice=0
[Q LOCK] pattern=1 step=3 mask=0 slice=0
[Q PATTERN] index=2 length=16 masks=0000,0000,0000
[Q LOCK] pattern=2 step=0 mask=0 slice=0
[Q LOCK] pattern=2 step=1 mask=0 slice=0
[Q LOCK] pattern=2 step=2 mask=0 slice=0
[Q LOCK] pattern=2 step=3 mask=0 slice=0
[Q PATTERN] index=3 length=16 masks=0000,0000,0000
[Q LOCK] pattern=3 step=0 mask=0 slice=0
[Q LOCK] pattern=3 step=1 mask=0 slice=0
[Q LOCK] pattern=3 step=2 mask=0 slice=0
[Q LOCK] pattern=3 step=3 mask=0 slice=0
[Q TRANSIENT] state=3 request=96 progress=100 count=1 stale_discarded=0 apply=1 cancel=47 duration_max_us=67449 chunk_max_us=2522
[Q PROPOSAL] index=0 start=0 end=65535
[Q HEAP] tag=state internal=224388 free=30708264 largest=30408692
[Q PLAYBACK] triggers=13 reverse=0 gate=0 releases=0 chokes=0 retriggers=3 repeat_accepts=0 repeat_hits=0 chain_loops=0

# HOST CMD 80 0 0 0 0
[Q COMMAND] CMD 80 0 0 0 0
[Q ACK] sent=1

# HOST CMD 78 0 16 0 0
[Q COMMAND] CMD 78 0 16 0 0
[Q ACK] sent=1

# HOST STATE
[Q COMMAND] STATE
[Q STATE] bpm=120 swing=50 playing=0 mode=0 chain_length=0 chain_loop=0 project_busy=0 restoring=0 sample_busy=0 project_status=PROJECT READY sample_status=SAMPLE READY
[Q TRACK] track=0 source=1 pitch=67 synth_pitch=43 sample_pitch=67 mute=0 solo=0 start=0 end=65535 reverse=0 mode=0 choke=0 cutoff=0 resonance=0 send=127 slices=8 enabled=1 selected=0 frames=22050 waveform=0ee7dbac name=m19p_oneshot.wav
[Q SLICE] track=0 index=0 start=0 end=8192
[Q SLICE] track=0 index=1 start=8192 end=16384
[Q SLICE] track=0 index=2 start=16384 end=20480
[Q SLICE] track=0 index=3 start=20480 end=28672
[Q SLICE] track=0 index=4 start=28672 end=32768
[Q SLICE] track=0 index=5 start=32768 end=45056
[Q SLICE] track=0 index=6 start=45056 end=57344
[Q SLICE] track=0 index=7 start=57344 end=65535
[Q TRACK] track=1 source=0 pitch=39 synth_pitch=39 sample_pitch=60 mute=0 solo=0 start=0 end=65535 reverse=0 mode=0 choke=0 cutoff=0 resonance=0 send=127 slices=1 enabled=0 selected=0 frames=0 waveform=5f6c8245 name=
[Q SLICE] track=1 index=0 start=0 end=65535
[Q TRACK] track=2 source=0 pitch=42 synth_pitch=42 sample_pitch=60 mute=0 solo=0 start=0 end=65535 reverse=0 mode=0 choke=0 cutoff=0 resonance=0 send=127 slices=1 enabled=0 selected=0 frames=0 waveform=5f6c8245 name=
[Q SLICE] track=2 index=0 start=0 end=65535
[Q TRACK] track=3 source=0 pitch=45 synth_pitch=45 sample_pitch=60 mute=0 solo=0 start=0 end=65535 reverse=0 mode=0 choke=0 cutoff=0 resonance=0 send=127 slices=1 enabled=0 selected=0 frames=0 waveform=5f6c8245 name=
[Q SLICE] track=3 index=0 start=0 end=65535
[Q PATTERN] index=0 length=16 masks=0000,0000,0000
[Q LOCK] pattern=0 step=0 mask=0 slice=0
[Q LOCK] pattern=0 step=1 mask=0 slice=0
[Q LOCK] pattern=0 step=2 mask=0 slice=0
[Q LOCK] pattern=0 step=3 mask=0 slice=0
[Q PATTERN] index=1 length=16 masks=0000,0000,0000
[Q LOCK] pattern=1 step=0 mask=0 slice=0
[Q LOCK] pattern=1 step=1 mask=0 slice=0
[Q LOCK] pattern=1 step=2 mask=0 slice=0
[Q LOCK] pattern=1 step=3 mask=0 slice=0
[Q PATTERN] index=2 length=16 masks=0000,0000,0000
[Q LOCK] pattern=2 step=0 mask=0 slice=0
[Q LOCK] pattern=2 step=1 mask=0 slice=0
[Q LOCK] pattern=2 step=2 mask=0 slice=0
[Q LOCK] pattern=2 step=3 mask=0 slice=0
[Q PATTERN] index=3 length=16 masks=0000,0000,0000
[Q LOCK] pattern=3 step=0 mask=0 slice=0
[Q LOCK] pattern=3 step=1 mask=0 slice=0
[Q LOCK] pattern=3 step=2 mask=0 slice=0
[Q LOCK] pattern=3 step=3 mask=0 slice=0
[Q TRANSIENT] state=3 request=98 progress=100 count=1 stale_discarded=0 apply=1 cancel=48 duration_max_us=67449 chunk_max_us=2522
[Q PROPOSAL] index=0 start=0 end=65535
[Q HEAP] tag=state internal=224388 free=30708264 largest=30408692
[Q PLAYBACK] triggers=13 reverse=0 gate=0 releases=0 chokes=0 retriggers=3 repeat_accepts=0 repeat_hits=0 chain_loops=0

# HOST CMD 80 0 0 0 0
[Q COMMAND] CMD 80 0 0 0 0
[Q ACK] sent=1

# HOST CMD 78 0 256 0 0
[Q COMMAND] CMD 78 0 256 0 0
[Q ACK] sent=1

# HOST STATE
[Q COMMAND] STATE
[Q STATE] bpm=120 swing=50 playing=0 mode=0 chain_length=0 chain_loop=0 project_busy=0 restoring=0 sample_busy=0 project_status=PROJECT READY sample_status=SAMPLE READY
[Q TRACK] track=0 source=1 pitch=67 synth_pitch=43 sample_pitch=67 mute=0 solo=0 start=0 end=65535 reverse=0 mode=0 choke=0 cutoff=0 resonance=0 send=127 slices=8 enabled=1 selected=0 frames=22050 waveform=0ee7dbac name=m19p_oneshot.wav
[Q SLICE] track=0 index=0 start=0 end=8192
[Q SLICE] track=0 index=1 start=8192 end=16384
[Q SLICE] track=0 index=2 start=16384 end=20480
[Q SLICE] track=0 index=3 start=20480 end=28672
[Q SLICE] track=0 index=4 start=28672 end=32768
[Q SLICE] track=0 index=5 start=32768 end=45056
[Q SLICE] track=0 index=6 start=45056 end=57344
[Q SLICE] track=0 index=7 start=57344 end=65535
[Q TRACK] track=1 source=0 pitch=39 synth_pitch=39 sample_pitch=60 mute=0 solo=0 start=0 end=65535 reverse=0 mode=0 choke=0 cutoff=0 resonance=0 send=127 slices=1 enabled=0 selected=0 frames=0 waveform=5f6c8245 name=
[Q SLICE] track=1 index=0 start=0 end=65535
[Q TRACK] track=2 source=0 pitch=42 synth_pitch=42 sample_pitch=60 mute=0 solo=0 start=0 end=65535 reverse=0 mode=0 choke=0 cutoff=0 resonance=0 send=127 slices=1 enabled=0 selected=0 frames=0 waveform=5f6c8245 name=
[Q SLICE] track=2 index=0 start=0 end=65535
[Q TRACK] track=3 source=0 pitch=45 synth_pitch=45 sample_pitch=60 mute=0 solo=0 start=0 end=65535 reverse=0 mode=0 choke=0 cutoff=0 resonance=0 send=127 slices=1 enabled=0 selected=0 frames=0 waveform=5f6c8245 name=
[Q SLICE] track=3 index=0 start=0 end=65535
[Q PATTERN] index=0 length=16 masks=0000,0000,0000
[Q LOCK] pattern=0 step=0 mask=0 slice=0
[Q LOCK] pattern=0 step=1 mask=0 slice=0
[Q LOCK] pattern=0 step=2 mask=0 slice=0
[Q LOCK] pattern=0 step=3 mask=0 slice=0
[Q PATTERN] index=1 length=16 masks=0000,0000,0000
[Q LOCK] pattern=1 step=0 mask=0 slice=0
[Q LOCK] pattern=1 step=1 mask=0 slice=0
[Q LOCK] pattern=1 step=2 mask=0 slice=0
[Q LOCK] pattern=1 step=3 mask=0 slice=0
[Q PATTERN] index=2 length=16 masks=0000,0000,0000
[Q LOCK] pattern=2 step=0 mask=0 slice=0
[Q LOCK] pattern=2 step=1 mask=0 slice=0
[Q LOCK] pattern=2 step=2 mask=0 slice=0
[Q LOCK] pattern=2 step=3 mask=0 slice=0
[Q PATTERN] index=3 length=16 masks=0000,0000,0000
[Q LOCK] pattern=3 step=0 mask=0 slice=0
[Q LOCK] pattern=3 step=1 mask=0 slice=0
[Q LOCK] pattern=3 step=2 mask=0 slice=0
[Q LOCK] pattern=3 step=3 mask=0 slice=0
[Q TRANSIENT] state=3 request=100 progress=100 count=1 stale_discarded=0 apply=1 cancel=49 duration_max_us=67449 chunk_max_us=2522
[Q PROPOSAL] index=0 start=0 end=65535
[Q HEAP] tag=state internal=224388 free=30708264 largest=30408692
[Q PLAYBACK] triggers=13 reverse=0 gate=0 releases=0 chokes=0 retriggers=3 repeat_accepts=0 repeat_hits=0 chain_loops=0

# HOST CMD 80 0 0 0 0
[Q COMMAND] CMD 80 0 0 0 0
[Q ACK] sent=1

# HOST CMD 78 0 264 0 0
[Q COMMAND] CMD 78 0 264 0 0
[Q ACK] sent=1

# HOST STATE
[Q COMMAND] STATE
[Q STATE] bpm=120 swing=50 playing=0 mode=0 chain_length=0 chain_loop=0 project_busy=0 restoring=0 sample_busy=0 project_status=PROJECT READY sample_status=SAMPLE READY
[Q TRACK] track=0 source=1 pitch=67 synth_pitch=43 sample_pitch=67 mute=0 solo=0 start=0 end=65535 reverse=0 mode=0 choke=0 cutoff=0 resonance=0 send=127 slices=8 enabled=1 selected=0 frames=22050 waveform=0ee7dbac name=m19p_oneshot.wav
[Q SLICE] track=0 index=0 start=0 end=8192
[Q SLICE] track=0 index=1 start=8192 end=16384
[Q SLICE] track=0 index=2 start=16384 end=20480
[Q SLICE] track=0 index=3 start=20480 end=28672
[Q SLICE] track=0 index=4 start=28672 end=32768
[Q SLICE] track=0 index=5 start=32768 end=45056
[Q SLICE] track=0 index=6 start=45056 end=57344
[Q SLICE] track=0 index=7 start=57344 end=65535
[Q TRACK] track=1 source=0 pitch=39 synth_pitch=39 sample_pitch=60 mute=0 solo=0 start=0 end=65535 reverse=0 mode=0 choke=0 cutoff=0 resonance=0 send=127 slices=1 enabled=0 selected=0 frames=0 waveform=5f6c8245 name=
[Q SLICE] track=1 index=0 start=0 end=65535
[Q TRACK] track=2 source=0 pitch=42 synth_pitch=42 sample_pitch=60 mute=0 solo=0 start=0 end=65535 reverse=0 mode=0 choke=0 cutoff=0 resonance=0 send=127 slices=1 enabled=0 selected=0 frames=0 waveform=5f6c8245 name=
[Q SLICE] track=2 index=0 start=0 end=65535
[Q TRACK] track=3 source=0 pitch=45 synth_pitch=45 sample_pitch=60 mute=0 solo=0 start=0 end=65535 reverse=0 mode=0 choke=0 cutoff=0 resonance=0 send=127 slices=1 enabled=0 selected=0 frames=0 waveform=5f6c8245 name=
[Q SLICE] track=3 index=0 start=0 end=65535
[Q PATTERN] index=0 length=16 masks=0000,0000,0000
[Q LOCK] pattern=0 step=0 mask=0 slice=0
[Q LOCK] pattern=0 step=1 mask=0 slice=0
[Q LOCK] pattern=0 step=2 mask=0 slice=0
[Q LOCK] pattern=0 step=3 mask=0 slice=0
[Q PATTERN] index=1 length=16 masks=0000,0000,0000
[Q LOCK] pattern=1 step=0 mask=0 slice=0
[Q LOCK] pattern=1 step=1 mask=0 slice=0
[Q LOCK] pattern=1 step=2 mask=0 slice=0
[Q LOCK] pattern=1 step=3 mask=0 slice=0
[Q PATTERN] index=2 length=16 masks=0000,0000,0000
[Q LOCK] pattern=2 step=0 mask=0 slice=0
[Q LOCK] pattern=2 step=1 mask=0 slice=0
[Q LOCK] pattern=2 step=2 mask=0 slice=0
[Q LOCK] pattern=2 step=3 mask=0 slice=0
[Q PATTERN] index=3 length=16 masks=0000,0000,0000
[Q LOCK] pattern=3 step=0 mask=0 slice=0
[Q LOCK] pattern=3 step=1 mask=0 slice=0
[Q LOCK] pattern=3 step=2 mask=0 slice=0
[Q LOCK] pattern=3 step=3 mask=0 slice=0
[Q TRANSIENT] state=3 request=102 progress=100 count=1 stale_discarded=0 apply=1 cancel=50 duration_max_us=67449 chunk_max_us=2522
[Q PROPOSAL] index=0 start=0 end=65535
[Q HEAP] tag=state internal=224388 free=30708264 largest=30408692
[Q PLAYBACK] triggers=13 reverse=0 gate=0 releases=0 chokes=0 retriggers=3 repeat_accepts=0 repeat_hits=0 chain_loops=0

# HOST CMD 80 0 0 0 0
[Q COMMAND] CMD 80 0 0 0 0
[Q ACK] sent=1

# HOST CMD 78 0 272 0 0
[Q COMMAND] CMD 78 0 272 0 0
[Q ACK] sent=1

# HOST STATE
[Q COMMAND] STATE
[Q STATE] bpm=120 swing=50 playing=0 mode=0 chain_length=0 chain_loop=0 project_busy=0 restoring=0 sample_busy=0 project_status=PROJECT READY sample_status=SAMPLE READY
[Q TRACK] track=0 source=1 pitch=67 synth_pitch=43 sample_pitch=67 mute=0 solo=0 start=0 end=65535 reverse=0 mode=0 choke=0 cutoff=0 resonance=0 send=127 slices=8 enabled=1 selected=0 frames=22050 waveform=0ee7dbac name=m19p_oneshot.wav
[Q SLICE] track=0 index=0 start=0 end=8192
[Q SLICE] track=0 index=1 start=8192 end=16384
[Q SLICE] track=0 index=2 start=16384 end=20480
[Q SLICE] track=0 index=3 start=20480 end=28672
[Q SLICE] track=0 index=4 start=28672 end=32768
[Q SLICE] track=0 index=5 start=32768 end=45056
[Q SLICE] track=0 index=6 start=45056 end=57344
[Q SLICE] track=0 index=7 start=57344 end=65535
[Q TRACK] track=1 source=0 pitch=39 synth_pitch=39 sample_pitch=60 mute=0 solo=0 start=0 end=65535 reverse=0 mode=0 choke=0 cutoff=0 resonance=0 send=127 slices=1 enabled=0 selected=0 frames=0 waveform=5f6c8245 name=
[Q SLICE] track=1 index=0 start=0 end=65535
[Q TRACK] track=2 source=0 pitch=42 synth_pitch=42 sample_pitch=60 mute=0 solo=0 start=0 end=65535 reverse=0 mode=0 choke=0 cutoff=0 resonance=0 send=127 slices=1 enabled=0 selected=0 frames=0 waveform=5f6c8245 name=
[Q SLICE] track=2 index=0 start=0 end=65535
[Q TRACK] track=3 source=0 pitch=45 synth_pitch=45 sample_pitch=60 mute=0 solo=0 start=0 end=65535 reverse=0 mode=0 choke=0 cutoff=0 resonance=0 send=127 slices=1 enabled=0 selected=0 frames=0 waveform=5f6c8245 name=
[Q SLICE] track=3 index=0 start=0 end=65535
[Q PATTERN] index=0 length=16 masks=0000,0000,0000
[Q LOCK] pattern=0 step=0 mask=0 slice=0
[Q LOCK] pattern=0 step=1 mask=0 slice=0
[Q LOCK] pattern=0 step=2 mask=0 slice=0
[Q LOCK] pattern=0 step=3 mask=0 slice=0
[Q PATTERN] index=1 length=16 masks=0000,0000,0000
[Q LOCK] pattern=1 step=0 mask=0 slice=0
[Q LOCK] pattern=1 step=1 mask=0 slice=0
[Q LOCK] pattern=1 step=2 mask=0 slice=0
[Q LOCK] pattern=1 step=3 mask=0 slice=0
[Q PATTERN] index=2 length=16 masks=0000,0000,0000
[Q LOCK] pattern=2 step=0 mask=0 slice=0
[Q LOCK] pattern=2 step=1 mask=0 slice=0
[Q LOCK] pattern=2 step=2 mask=0 slice=0
[Q LOCK] pattern=2 step=3 mask=0 slice=0
[Q PATTERN] index=3 length=16 masks=0000,0000,0000
[Q LOCK] pattern=3 step=0 mask=0 slice=0
[Q LOCK] pattern=3 step=1 mask=0 slice=0
[Q LOCK] pattern=3 step=2 mask=0 slice=0
[Q LOCK] pattern=3 step=3 mask=0 slice=0
[Q TRANSIENT] state=3 request=104 progress=100 count=1 stale_discarded=0 apply=1 cancel=51 duration_max_us=67449 chunk_max_us=2522
[Q PROPOSAL] index=0 start=0 end=65535
[Q HEAP] tag=state internal=224388 free=30708264 largest=30408692
[Q PLAYBACK] triggers=13 reverse=0 gate=0 releases=0 chokes=0 retriggers=3 repeat_accepts=0 repeat_hits=0 chain_loops=0

# HOST CMD 80 0 0 0 0
[Q COMMAND] CMD 80 0 0 0 0
[Q ACK] sent=1

# HOST CMD 78 0 512 0 0
[Q COMMAND] CMD 78 0 512 0 0
[Q ACK] sent=1

# HOST STATE
[Q COMMAND] STATE
[Q STATE] bpm=120 swing=50 playing=0 mode=0 chain_length=0 chain_loop=0 project_busy=0 restoring=0 sample_busy=0 project_status=PROJECT READY sample_status=SAMPLE READY
[Q TRACK] track=0 source=1 pitch=67 synth_pitch=43 sample_pitch=67 mute=0 solo=0 start=0 end=65535 reverse=0 mode=0 choke=0 cutoff=0 resonance=0 send=127 slices=8 enabled=1 selected=0 frames=22050 waveform=0ee7dbac name=m19p_oneshot.wav
[Q SLICE] track=0 index=0 start=0 end=8192
[Q SLICE] track=0 index=1 start=8192 end=16384
[Q SLICE] track=0 index=2 start=16384 end=20480
[Q SLICE] track=0 index=3 start=20480 end=28672
[Q SLICE] track=0 index=4 start=28672 end=32768
[Q SLICE] track=0 index=5 start=32768 end=45056
[Q SLICE] track=0 index=6 start=45056 end=57344
[Q SLICE] track=0 index=7 start=57344 end=65535
[Q TRACK] track=1 source=0 pitch=39 synth_pitch=39 sample_pitch=60 mute=0 solo=0 start=0 end=65535 reverse=0 mode=0 choke=0 cutoff=0 resonance=0 send=127 slices=1 enabled=0 selected=0 frames=0 waveform=5f6c8245 name=
[Q SLICE] track=1 index=0 start=0 end=65535
[Q TRACK] track=2 source=0 pitch=42 synth_pitch=42 sample_pitch=60 mute=0 solo=0 start=0 end=65535 reverse=0 mode=0 choke=0 cutoff=0 resonance=0 send=127 slices=1 enabled=0 selected=0 frames=0 waveform=5f6c8245 name=
[Q SLICE] track=2 index=0 start=0 end=65535
[Q TRACK] track=3 source=0 pitch=45 synth_pitch=45 sample_pitch=60 mute=0 solo=0 start=0 end=65535 reverse=0 mode=0 choke=0 cutoff=0 resonance=0 send=127 slices=1 enabled=0 selected=0 frames=0 waveform=5f6c8245 name=
[Q SLICE] track=3 index=0 start=0 end=65535
[Q PATTERN] index=0 length=16 masks=0000,0000,0000
[Q LOCK] pattern=0 step=0 mask=0 slice=0
[Q LOCK] pattern=0 step=1 mask=0 slice=0
[Q LOCK] pattern=0 step=2 mask=0 slice=0
[Q LOCK] pattern=0 step=3 mask=0 slice=0
[Q PATTERN] index=1 length=16 masks=0000,0000,0000
[Q LOCK] pattern=1 step=0 mask=0 slice=0
[Q LOCK] pattern=1 step=1 mask=0 slice=0
[Q LOCK] pattern=1 step=2 mask=0 slice=0
[Q LOCK] pattern=1 step=3 mask=0 slice=0
[Q PATTERN] index=2 length=16 masks=0000,0000,0000
[Q LOCK] pattern=2 step=0 mask=0 slice=0
[Q LOCK] pattern=2 step=1 mask=0 slice=0
[Q LOCK] pattern=2 step=2 mask=0 slice=0
[Q LOCK] pattern=2 step=3 mask=0 slice=0
[Q PATTERN] index=3 length=16 masks=0000,0000,0000
[Q LOCK] pattern=3 step=0 mask=0 slice=0
[Q LOCK] pattern=3 step=1 mask=0 slice=0
[Q LOCK] pattern=3 step=2 mask=0 slice=0
[Q LOCK] pattern=3 step=3 mask=0 slice=0
[Q TRANSIENT] state=3 request=106 progress=100 count=1 stale_discarded=0 apply=1 cancel=52 duration_max_us=67449 chunk_max_us=2522
[Q PROPOSAL] index=0 start=0 end=65535
[Q HEAP] tag=state internal=224388 free=30708264 largest=30408692
[Q PLAYBACK] triggers=13 reverse=0 gate=0 releases=0 chokes=0 retriggers=3 repeat_accepts=0 repeat_hits=0 chain_loops=0

# HOST CMD 80 0 0 0 0
[Q COMMAND] CMD 80 0 0 0 0
[Q ACK] sent=1

# HOST CMD 78 0 520 0 0
[Q COMMAND] CMD 78 0 520 0 0
[Q ACK] sent=1

# HOST STATE
[Q COMMAND] STATE
[Q STATE] bpm=120 swing=50 playing=0 mode=0 chain_length=0 chain_loop=0 project_busy=0 restoring=0 sample_busy=0 project_status=PROJECT READY sample_status=SAMPLE READY
[Q TRACK] track=0 source=1 pitch=67 synth_pitch=43 sample_pitch=67 mute=0 solo=0 start=0 end=65535 reverse=0 mode=0 choke=0 cutoff=0 resonance=0 send=127 slices=8 enabled=1 selected=0 frames=22050 waveform=0ee7dbac name=m19p_oneshot.wav
[Q SLICE] track=0 index=0 start=0 end=8192
[Q SLICE] track=0 index=1 start=8192 end=16384
[Q SLICE] track=0 index=2 start=16384 end=20480
[Q SLICE] track=0 index=3 start=20480 end=28672
[Q SLICE] track=0 index=4 start=28672 end=32768
[Q SLICE] track=0 index=5 start=32768 end=45056
[Q SLICE] track=0 index=6 start=45056 end=57344
[Q SLICE] track=0 index=7 start=57344 end=65535
[Q TRACK] track=1 source=0 pitch=39 synth_pitch=39 sample_pitch=60 mute=0 solo=0 start=0 end=65535 reverse=0 mode=0 choke=0 cutoff=0 resonance=0 send=127 slices=1 enabled=0 selected=0 frames=0 waveform=5f6c8245 name=
[Q SLICE] track=1 index=0 start=0 end=65535
[Q TRACK] track=2 source=0 pitch=42 synth_pitch=42 sample_pitch=60 mute=0 solo=0 start=0 end=65535 reverse=0 mode=0 choke=0 cutoff=0 resonance=0 send=127 slices=1 enabled=0 selected=0 frames=0 waveform=5f6c8245 name=
[Q SLICE] track=2 index=0 start=0 end=65535
[Q TRACK] track=3 source=0 pitch=45 synth_pitch=45 sample_pitch=60 mute=0 solo=0 start=0 end=65535 reverse=0 mode=0 choke=0 cutoff=0 resonance=0 send=127 slices=1 enabled=0 selected=0 frames=0 waveform=5f6c8245 name=
[Q SLICE] track=3 index=0 start=0 end=65535
[Q PATTERN] index=0 length=16 masks=0000,0000,0000
[Q LOCK] pattern=0 step=0 mask=0 slice=0
[Q LOCK] pattern=0 step=1 mask=0 slice=0
[Q LOCK] pattern=0 step=2 mask=0 slice=0
[Q LOCK] pattern=0 step=3 mask=0 slice=0
[Q PATTERN] index=1 length=16 masks=0000,0000,0000
[Q LOCK] pattern=1 step=0 mask=0 slice=0
[Q LOCK] pattern=1 step=1 mask=0 slice=0
[Q LOCK] pattern=1 step=2 mask=0 slice=0
[Q LOCK] pattern=1 step=3 mask=0 slice=0
[Q PATTERN] index=2 length=16 masks=0000,0000,0000
[Q LOCK] pattern=2 step=0 mask=0 slice=0
[Q LOCK] pattern=2 step=1 mask=0 slice=0
[Q LOCK] pattern=2 step=2 mask=0 slice=0
[Q LOCK] pattern=2 step=3 mask=0 slice=0
[Q PATTERN] index=3 length=16 masks=0000,0000,0000
[Q LOCK] pattern=3 step=0 mask=0 slice=0
[Q LOCK] pattern=3 step=1 mask=0 slice=0
[Q LOCK] pattern=3 step=2 mask=0 slice=0
[Q LOCK] pattern=3 step=3 mask=0 slice=0
[Q TRANSIENT] state=3 request=108 progress=100 count=1 stale_discarded=0 apply=1 cancel=53 duration_max_us=67449 chunk_max_us=2522
[Q PROPOSAL] index=0 start=0 end=65535
[Q HEAP] tag=state internal=224388 free=30708264 largest=30408692
[Q PLAYBACK] triggers=13 reverse=0 gate=0 releases=0 chokes=0 retriggers=3 repeat_accepts=0 repeat_hits=0 chain_loops=0

# HOST CMD 80 0 0 0 0
[Q COMMAND] CMD 80 0 0 0 0
[Q ACK] sent=1

# HOST CMD 78 0 528 0 0
[Q COMMAND] CMD 78 0 528 0 0
[Q ACK] sent=1

# HOST STATE
[Q COMMAND] STATE
[Q STATE] bpm=120 swing=50 playing=0 mode=0 chain_length=0 chain_loop=0 project_busy=0 restoring=0 sample_busy=0 project_status=PROJECT READY sample_status=SAMPLE READY
[Q TRACK] track=0 source=1 pitch=67 synth_pitch=43 sample_pitch=67 mute=0 solo=0 start=0 end=65535 reverse=0 mode=0 choke=0 cutoff=0 resonance=0 send=127 slices=8 enabled=1 selected=0 frames=22050 waveform=0ee7dbac name=m19p_oneshot.wav
[Q SLICE] track=0 index=0 start=0 end=8192
[Q SLICE] track=0 index=1 start=8192 end=16384
[Q SLICE] track=0 index=2 start=16384 end=20480
[Q SLICE] track=0 index=3 start=20480 end=28672
[Q SLICE] track=0 index=4 start=28672 end=32768
[Q SLICE] track=0 index=5 start=32768 end=45056
[Q SLICE] track=0 index=6 start=45056 end=57344
[Q SLICE] track=0 index=7 start=57344 end=65535
[Q TRACK] track=1 source=0 pitch=39 synth_pitch=39 sample_pitch=60 mute=0 solo=0 start=0 end=65535 reverse=0 mode=0 choke=0 cutoff=0 resonance=0 send=127 slices=1 enabled=0 selected=0 frames=0 waveform=5f6c8245 name=
[Q SLICE] track=1 index=0 start=0 end=65535
[Q TRACK] track=2 source=0 pitch=42 synth_pitch=42 sample_pitch=60 mute=0 solo=0 start=0 end=65535 reverse=0 mode=0 choke=0 cutoff=0 resonance=0 send=127 slices=1 enabled=0 selected=0 frames=0 waveform=5f6c8245 name=
[Q SLICE] track=2 index=0 start=0 end=65535
[Q TRACK] track=3 source=0 pitch=45 synth_pitch=45 sample_pitch=60 mute=0 solo=0 start=0 end=65535 reverse=0 mode=0 choke=0 cutoff=0 resonance=0 send=127 slices=1 enabled=0 selected=0 frames=0 waveform=5f6c8245 name=
[Q SLICE] track=3 index=0 start=0 end=65535
[Q PATTERN] index=0 length=16 masks=0000,0000,0000
[Q LOCK] pattern=0 step=0 mask=0 slice=0
[Q LOCK] pattern=0 step=1 mask=0 slice=0
[Q LOCK] pattern=0 step=2 mask=0 slice=0
[Q LOCK] pattern=0 step=3 mask=0 slice=0
[Q PATTERN] index=1 length=16 masks=0000,0000,0000
[Q LOCK] pattern=1 step=0 mask=0 slice=0
[Q LOCK] pattern=1 step=1 mask=0 slice=0
[Q LOCK] pattern=1 step=2 mask=0 slice=0
[Q LOCK] pattern=1 step=3 mask=0 slice=0
[Q PATTERN] index=2 length=16 masks=0000,0000,0000
[Q LOCK] pattern=2 step=0 mask=0 slice=0
[Q LOCK] pattern=2 step=1 mask=0 slice=0
[Q LOCK] pattern=2 step=2 mask=0 slice=0
[Q LOCK] pattern=2 step=3 mask=0 slice=0
[Q PATTERN] index=3 length=16 masks=0000,0000,0000
[Q LOCK] pattern=3 step=0 mask=0 slice=0
[Q LOCK] pattern=3 step=1 mask=0 slice=0
[Q LOCK] pattern=3 step=2 mask=0 slice=0
[Q LOCK] pattern=3 step=3 mask=0 slice=0
[Q TRANSIENT] state=3 request=110 progress=100 count=1 stale_discarded=0 apply=1 cancel=54 duration_max_us=67449 chunk_max_us=2522
[Q PROPOSAL] index=0 start=0 end=65535
[Q HEAP] tag=state internal=224388 free=30708264 largest=30408692
[Q PLAYBACK] triggers=13 reverse=0 gate=0 releases=0 chokes=0 retriggers=3 repeat_accepts=0 repeat_hits=0 chain_loops=0

# HOST CMD 80 0 0 0 0
[Q COMMAND] CMD 80 0 0 0 0
[Q ACK] sent=1
