# M19P firmware checks, UTC 2026-10-07T21:45:00.269880+00:00

[1/23] guition_boot
Processing guition_boot (platform: https://github.com/pioarduino/platform-espressif32/releases/download/55.03.36-1/platform-espressif32.zip; board: jc4880p4; framework: arduino)
--------------------------------------------------------------------------------
Verbose mode can be enabled via `-v, --verbose` option
CONFIGURATION: https://docs.platformio.org/page/boards/espressif32/jc4880p4.html
PLATFORM: Espressif 32 (55.3.36) > Guition JC4880P443C_I_W (JC-ESP32P4-M3, ESP32-P4 ES + C6)
HARDWARE: ESP32P4 360MHz, 320KB RAM, 16MB Flash
DEBUG: Current (cmsis-dap) External (cmsis-dap, esp-bridge, esp-builtin, esp-prog, iot-bus-jtag, jlink, minimodule, olimex-arm-usb-ocd, olimex-arm-usb-ocd-h, olimex-arm-usb-tiny-h, olimex-jtag-tiny, tumpa)
PACKAGES: 
 - contrib-piohome @ 3.4.4 
 - framework-arduinoespressif32 @ 3.3.6 
 - framework-arduinoespressif32-libs @ 5.5.0+sha.f56bea3d1f 
 - tool-esptoolpy @ 5.1.0 
 - toolchain-riscv32-esp @ 14.2.0+20251107
LDF: Library Dependency Finder -> https://bit.ly/configure-pio-ldf
LDF Modes: Finder ~ chain, Compatibility ~ soft
Found 44 compatible libraries
Scanning dependencies...
Dependency Graph
|-- p4sdm-es8311 @ 1.0.0
|-- SD_MMC @ 3.3.6
Building in release mode
Compiling .pio\build\guition_boot\lib94c\es8311\es8311.c.o
Compiling .pio\build\guition_boot\lib7fe\FS\FS.cpp.o
Compiling .pio\build\guition_boot\lib7fe\FS\vfs_api.cpp.o
Compiling .pio\build\guition_boot\liba11\SD_MMC\SD_MMC.cpp.o
Compiling .pio\build\guition_boot\src\audio_diagnostic.cpp.o
Compiling .pio\build\guition_boot\src\hal\audio_hal.cpp.o
Compiling .pio\build\guition_boot\src\hal\display_hal.cpp.o
Compiling .pio\build\guition_boot\src\hal\guition_board.cpp.o
Compiling .pio\build\guition_boot\src\hal\storage_hal.cpp.o
Compiling .pio\build\guition_boot\src\hal\touch_hal.cpp.o
Building .pio\build\guition_boot\bootloader.bin
Generating partitions .pio\build\guition_boot\partitions.bin
Compiling .pio\build\guition_boot\FrameworkArduino\ColorFormat.c.o
Compiling .pio\build\guition_boot\FrameworkArduino\Esp.cpp.o
Compiling .pio\build\guition_boot\FrameworkArduino\FirmwareMSC.cpp.o
Compiling .pio\build\guition_boot\FrameworkArduino\FunctionalInterrupt.cpp.o
Compiling .pio\build\guition_boot\FrameworkArduino\HEXBuilder.cpp.o
Compiling .pio\build\guition_boot\FrameworkArduino\HWCDC.cpp.o
esptool v5.1.0
Creating ESP32P4 image...
Merged 2 ELF sections.
Successfully created ESP32P4 image.
Compiling .pio\build\guition_boot\FrameworkArduino\HardwareSerial.cpp.o
Compiling .pio\build\guition_boot\FrameworkArduino\HashBuilder.cpp.o
Compiling .pio\build\guition_boot\FrameworkArduino\IPAddress.cpp.o
In file included from C:/.platformio/packages/framework-arduinoespressif32-libs/esp32p4_es/include/esp_hw_support/include/esp_private/regi2c_ctrl.h:15,
                 from C:/.platformio/packages/framework-arduinoespressif32-libs/esp32p4_es/include/hal/platform_port/include/hal/regi2c_ctrl.h:17,
                 from C:/.platformio/packages/framework-arduinoespressif32-libs/esp32p4_es/include/hal/esp32p4/include/hal/clk_tree_ll.h:19,
                 from C:/.platformio/packages/framework-arduinoespressif32-libs/esp32p4_es/include/hal/esp32p4/include/hal/spimem_flash_ll.h:32,
                 from C:/.platformio/packages/framework-arduinoespressif32-libs/esp32p4_es/include/hal/esp32p4/include/hal/spi_flash_ll.h:18,
                 from C:/.platformio/packages/framework-arduinoespressif32/cores/esp32/Esp.cpp:41:
C:/.platformio/packages/framework-arduinoespressif32-libs/esp32p4_es/include/esp_hw_support/include/esp_private/periph_ctrl.h:87:64: warning: invalid suffix on literal; C++11 requires a space between literal and string macro [-Wliteral-suffix]
   87 | #define __PERIPH_CTRL_DEPRECATE_ATTR __attribute__((deprecated("This function is not functional on "CONFIG_IDF_TARGET)))
      |                                                                ^
Compiling .pio\build\guition_boot\FrameworkArduino\MD5Builder.cpp.o
Compiling .pio\build\guition_boot\FrameworkArduino\MacAddress.cpp.o
Compiling .pio\build\guition_boot\FrameworkArduino\Print.cpp.o
Compiling .pio\build\guition_boot\FrameworkArduino\Stream.cpp.o
Compiling .pio\build\guition_boot\FrameworkArduino\StreamString.cpp.o
Compiling .pio\build\guition_boot\FrameworkArduino\Tone.cpp.o
Compiling .pio\build\guition_boot\FrameworkArduino\USB.cpp.o
Compiling .pio\build\guition_boot\FrameworkArduino\USBCDC.cpp.o
Compiling .pio\build\guition_boot\FrameworkArduino\USBMSC.cpp.o
Compiling .pio\build\guition_boot\FrameworkArduino\WMath.cpp.o
Compiling .pio\build\guition_boot\FrameworkArduino\WString.cpp.o
Compiling .pio\build\guition_boot\FrameworkArduino\base64.cpp.o
Compiling .pio\build\guition_boot\FrameworkArduino\cbuf.cpp.o
Compiling .pio\build\guition_boot\FrameworkArduino\chip-debug-report.cpp.o
Compiling .pio\build\guition_boot\FrameworkArduino\esp32-hal-adc.c.o
Compiling .pio\build\guition_boot\FrameworkArduino\esp32-hal-bt.c.o
Compiling .pio\build\guition_boot\FrameworkArduino\esp32-hal-cpu.c.o
Compiling .pio\build\guition_boot\FrameworkArduino\esp32-hal-dac.c.o
Compiling .pio\build\guition_boot\FrameworkArduino\esp32-hal-gpio.c.o
Compiling .pio\build\guition_boot\FrameworkArduino\esp32-hal-hosted.c.o
Compiling .pio\build\guition_boot\FrameworkArduino\esp32-hal-i2c-ng.c.o
Compiling .pio\build\guition_boot\FrameworkArduino\esp32-hal-i2c-slave.c.o
Compiling .pio\build\guition_boot\FrameworkArduino\esp32-hal-i2c.c.o
Compiling .pio\build\guition_boot\FrameworkArduino\esp32-hal-ledc.c.o
Compiling .pio\build\guition_boot\FrameworkArduino\esp32-hal-log-wrapper.c.o
Compiling .pio\build\guition_boot\FrameworkArduino\esp32-hal-matrix.c.o
Compiling .pio\build\guition_boot\FrameworkArduino\esp32-hal-misc.c.o
Compiling .pio\build\guition_boot\FrameworkArduino\esp32-hal-periman.c.o
Compiling .pio\build\guition_boot\FrameworkArduino\esp32-hal-psram.c.o
Compiling .pio\build\guition_boot\FrameworkArduino\esp32-hal-rgb-led.c.o
Compiling .pio\build\guition_boot\FrameworkArduino\esp32-hal-rmt.c.o
Compiling .pio\build\guition_boot\FrameworkArduino\esp32-hal-sigmadelta.c.o
Compiling .pio\build\guition_boot\FrameworkArduino\esp32-hal-spi.c.o
Compiling .pio\build\guition_boot\FrameworkArduino\esp32-hal-time.c.o
Compiling .pio\build\guition_boot\FrameworkArduino\esp32-hal-timer.c.o
Compiling .pio\build\guition_boot\FrameworkArduino\esp32-hal-tinyusb.c.o
Compiling .pio\build\guition_boot\FrameworkArduino\esp32-hal-touch-ng.c.o
Compiling .pio\build\guition_boot\FrameworkArduino\esp32-hal-touch.c.o
Compiling .pio\build\guition_boot\FrameworkArduino\esp32-hal-uart.c.o
Compiling .pio\build\guition_boot\FrameworkArduino\firmware_msc_fat.c.o
Compiling .pio\build\guition_boot\FrameworkArduino\freertos_stats.cpp.o
Compiling .pio\build\guition_boot\FrameworkArduino\libb64\cdecode.c.o
In file included from C:/.platformio/packages/framework-arduinoespressif32/cores/esp32/esp32-hal-spi.c:65:
C:/.platformio/packages/framework-arduinoespressif32/cores/esp32/esp32-hal-spi.c: In function '_spiSetClockDivInternal':
C:/.platformio/packages/framework-arduinoespressif32/cores/esp32/esp32-hal-spi.c:582:32: warning: passing argument 1 of 'spi_ll_set_clk_source' discards 'volatile' qualifier from pointer target type [-Wdiscarded-qualifiers]
  582 |       spi_ll_set_clk_source(spi->dev, new_clk_src ? SPI_CLK_SRC_SPLL : SPI_CLK_SRC_XTAL);
      |                             ~~~^~~~~
C:/.platformio/packages/framework-arduinoespressif32-libs/esp32p4_es/include/hal/esp32p4/include/hal/spi_ll.h:203:90: note: in definition of macro 'spi_ll_set_clk_source'
  203 | #define spi_ll_set_clk_source(...) (void)__DECLARE_RCC_ATOMIC_ENV; spi_ll_set_clk_source(__VA_ARGS__)
      |                                                                                          ^~~~~~~~~~~
C:/.platformio/packages/framework-arduinoespressif32-libs/esp32p4_es/include/hal/esp32p4/include/hal/spi_ll.h:177:53: note: expected 'spi_dev_t *' but argument is of type 'volatile spi_dev_t *'
  177 | static inline void spi_ll_set_clk_source(spi_dev_t *hw, spi_clock_source_t clk_source)
      |                                          ~~~~~~~~~~~^~
Compiling .pio\build\guition_boot\FrameworkArduino\libb64\cencode.c.o
Compiling .pio\build\guition_boot\FrameworkArduino\main.cpp.o
Compiling .pio\build\guition_boot\FrameworkArduino\stdlib_noniso.c.o
Compiling .pio\build\guition_boot\FrameworkArduino\wiring_pulse.c.o
Compiling .pio\build\guition_boot\FrameworkArduino\wiring_shift.c.o
Archiving .pio\build\guition_boot\libFrameworkArduino.a
Indexing .pio\build\guition_boot\libFrameworkArduino.a
Linking .pio\build\guition_boot\firmware.elf
Firmware metrics can not be shown. Set the terminal codepage to "utf-8" or "cp65001" on Windows.
Retrieving maximum program size .pio\build\guition_boot\firmware.elf
Checking size .pio\build\guition_boot\firmware.elf
Advanced Memory Usage is available via "PlatformIO Home > Project Inspect"
RAM:   [=         ]   6.8% (used 22312 bytes from 327680 bytes)
Flash: [=         ]   5.1% (used 333890 bytes from 6553600 bytes)
Building .pio\build\guition_boot\firmware.bin
esptool v5.1.0
Creating ESP32P4 image...
Merged 4 ELF sections.
Successfully created ESP32P4 image.
======================== [SUCCESS] Took 104.20 seconds ========================

Environment    Status    Duration
-------------  --------  ------------
guition_boot   SUCCESS   00:01:44.201
========================= 1 succeeded in 00:01:44.201 =========================
Processing guition_boot (platform: https://github.com/pioarduino/platform-espressif32/releases/download/55.03.36-1/platform-espressif32.zip; board: jc4880p4; framework: arduino)
--------------------------------------------------------------------------------
Verbose mode can be enabled via `-v, --verbose` option
Removing .pio\build\guition_boot
Done cleaning
========================= [SUCCESS] Took 24.74 seconds =========================

Environment    Status    Duration
-------------  --------  ------------
guition_boot   SUCCESS   00:00:24.735
========================= 1 succeeded in 00:00:24.735 =========================
CHECK_EXIT=0

[2/23] guition_audio
Processing guition_audio (platform: https://github.com/pioarduino/platform-espressif32/releases/download/55.03.36-1/platform-espressif32.zip; board: jc4880p4; framework: arduino)
--------------------------------------------------------------------------------
Verbose mode can be enabled via `-v, --verbose` option
CONFIGURATION: https://docs.platformio.org/page/boards/espressif32/jc4880p4.html
PLATFORM: Espressif 32 (55.3.36) > Guition JC4880P443C_I_W (JC-ESP32P4-M3, ESP32-P4 ES + C6)
HARDWARE: ESP32P4 360MHz, 320KB RAM, 16MB Flash
DEBUG: Current (cmsis-dap) External (cmsis-dap, esp-bridge, esp-builtin, esp-prog, iot-bus-jtag, jlink, minimodule, olimex-arm-usb-ocd, olimex-arm-usb-ocd-h, olimex-arm-usb-tiny-h, olimex-jtag-tiny, tumpa)
PACKAGES: 
 - contrib-piohome @ 3.4.4 
 - framework-arduinoespressif32 @ 3.3.6 
 - framework-arduinoespressif32-libs @ 5.5.0+sha.f56bea3d1f 
 - tool-esptoolpy @ 5.1.0 
 - toolchain-riscv32-esp @ 14.2.0+20251107
LDF: Library Dependency Finder -> https://bit.ly/configure-pio-ldf
LDF Modes: Finder ~ chain, Compatibility ~ soft
Found 44 compatible libraries
Scanning dependencies...
Dependency Graph
|-- p4sdm-es8311 @ 1.0.0
|-- SD_MMC @ 3.3.6
Building in release mode
Compiling .pio\build\guition_audio\lib94c\es8311\es8311.c.o
Compiling .pio\build\guition_audio\lib7fe\FS\FS.cpp.o
Compiling .pio\build\guition_audio\lib7fe\FS\vfs_api.cpp.o
Compiling .pio\build\guition_audio\liba11\SD_MMC\SD_MMC.cpp.o
Compiling .pio\build\guition_audio\src\audio_diagnostic.cpp.o
Compiling .pio\build\guition_audio\src\hal\audio_hal.cpp.o
Compiling .pio\build\guition_audio\src\hal\display_hal.cpp.o
Compiling .pio\build\guition_audio\src\hal\guition_board.cpp.o
Compiling .pio\build\guition_audio\src\hal\storage_hal.cpp.o
Compiling .pio\build\guition_audio\src\hal\touch_hal.cpp.o
Building .pio\build\guition_audio\bootloader.bin
Generating partitions .pio\build\guition_audio\partitions.bin
Compiling .pio\build\guition_audio\FrameworkArduino\ColorFormat.c.o
Compiling .pio\build\guition_audio\FrameworkArduino\Esp.cpp.o
Compiling .pio\build\guition_audio\FrameworkArduino\FirmwareMSC.cpp.o
Compiling .pio\build\guition_audio\FrameworkArduino\FunctionalInterrupt.cpp.o
Compiling .pio\build\guition_audio\FrameworkArduino\HEXBuilder.cpp.o
Compiling .pio\build\guition_audio\FrameworkArduino\HWCDC.cpp.o
esptool v5.1.0
Creating ESP32P4 image...
Merged 2 ELF sections.
Successfully created ESP32P4 image.
Compiling .pio\build\guition_audio\FrameworkArduino\HardwareSerial.cpp.o
Compiling .pio\build\guition_audio\FrameworkArduino\HashBuilder.cpp.o
Compiling .pio\build\guition_audio\FrameworkArduino\IPAddress.cpp.o
Compiling .pio\build\guition_audio\FrameworkArduino\MD5Builder.cpp.o
In file included from C:/.platformio/packages/framework-arduinoespressif32-libs/esp32p4_es/include/esp_hw_support/include/esp_private/regi2c_ctrl.h:15,
                 from C:/.platformio/packages/framework-arduinoespressif32-libs/esp32p4_es/include/hal/platform_port/include/hal/regi2c_ctrl.h:17,
                 from C:/.platformio/packages/framework-arduinoespressif32-libs/esp32p4_es/include/hal/esp32p4/include/hal/clk_tree_ll.h:19,
                 from C:/.platformio/packages/framework-arduinoespressif32-libs/esp32p4_es/include/hal/esp32p4/include/hal/spimem_flash_ll.h:32,
                 from C:/.platformio/packages/framework-arduinoespressif32-libs/esp32p4_es/include/hal/esp32p4/include/hal/spi_flash_ll.h:18,
                 from C:/.platformio/packages/framework-arduinoespressif32/cores/esp32/Esp.cpp:41:
C:/.platformio/packages/framework-arduinoespressif32-libs/esp32p4_es/include/esp_hw_support/include/esp_private/periph_ctrl.h:87:64: warning: invalid suffix on literal; C++11 requires a space between literal and string macro [-Wliteral-suffix]
   87 | #define __PERIPH_CTRL_DEPRECATE_ATTR __attribute__((deprecated("This function is not functional on "CONFIG_IDF_TARGET)))
      |                                                                ^
Compiling .pio\build\guition_audio\FrameworkArduino\MacAddress.cpp.o
Compiling .pio\build\guition_audio\FrameworkArduino\Print.cpp.o
Compiling .pio\build\guition_audio\FrameworkArduino\Stream.cpp.o
Compiling .pio\build\guition_audio\FrameworkArduino\StreamString.cpp.o
Compiling .pio\build\guition_audio\FrameworkArduino\Tone.cpp.o
Compiling .pio\build\guition_audio\FrameworkArduino\USB.cpp.o
Compiling .pio\build\guition_audio\FrameworkArduino\USBCDC.cpp.o
Compiling .pio\build\guition_audio\FrameworkArduino\USBMSC.cpp.o
Compiling .pio\build\guition_audio\FrameworkArduino\WMath.cpp.o
Compiling .pio\build\guition_audio\FrameworkArduino\WString.cpp.o
Compiling .pio\build\guition_audio\FrameworkArduino\base64.cpp.o
Compiling .pio\build\guition_audio\FrameworkArduino\cbuf.cpp.o
Compiling .pio\build\guition_audio\FrameworkArduino\chip-debug-report.cpp.o
Compiling .pio\build\guition_audio\FrameworkArduino\esp32-hal-adc.c.o
Compiling .pio\build\guition_audio\FrameworkArduino\esp32-hal-bt.c.o
Compiling .pio\build\guition_audio\FrameworkArduino\esp32-hal-cpu.c.o
Compiling .pio\build\guition_audio\FrameworkArduino\esp32-hal-dac.c.o
Compiling .pio\build\guition_audio\FrameworkArduino\esp32-hal-gpio.c.o
Compiling .pio\build\guition_audio\FrameworkArduino\esp32-hal-hosted.c.o
Compiling .pio\build\guition_audio\FrameworkArduino\esp32-hal-i2c-ng.c.o
Compiling .pio\build\guition_audio\FrameworkArduino\esp32-hal-i2c-slave.c.o
Compiling .pio\build\guition_audio\FrameworkArduino\esp32-hal-i2c.c.o
Compiling .pio\build\guition_audio\FrameworkArduino\esp32-hal-ledc.c.o
Compiling .pio\build\guition_audio\FrameworkArduino\esp32-hal-log-wrapper.c.o
Compiling .pio\build\guition_audio\FrameworkArduino\esp32-hal-matrix.c.o
Compiling .pio\build\guition_audio\FrameworkArduino\esp32-hal-misc.c.o
Compiling .pio\build\guition_audio\FrameworkArduino\esp32-hal-periman.c.o
Compiling .pio\build\guition_audio\FrameworkArduino\esp32-hal-psram.c.o
Compiling .pio\build\guition_audio\FrameworkArduino\esp32-hal-rgb-led.c.o
Compiling .pio\build\guition_audio\FrameworkArduino\esp32-hal-rmt.c.o
Compiling .pio\build\guition_audio\FrameworkArduino\esp32-hal-sigmadelta.c.o
Compiling .pio\build\guition_audio\FrameworkArduino\esp32-hal-spi.c.o
Compiling .pio\build\guition_audio\FrameworkArduino\esp32-hal-time.c.o
Compiling .pio\build\guition_audio\FrameworkArduino\esp32-hal-timer.c.o
Compiling .pio\build\guition_audio\FrameworkArduino\esp32-hal-tinyusb.c.o
Compiling .pio\build\guition_audio\FrameworkArduino\esp32-hal-touch-ng.c.o
Compiling .pio\build\guition_audio\FrameworkArduino\esp32-hal-touch.c.o
Compiling .pio\build\guition_audio\FrameworkArduino\esp32-hal-uart.c.o
In file included from C:/.platformio/packages/framework-arduinoespressif32/cores/esp32/esp32-hal-spi.c:65:
C:/.platformio/packages/framework-arduinoespressif32/cores/esp32/esp32-hal-spi.c: In function '_spiSetClockDivInternal':
C:/.platformio/packages/framework-arduinoespressif32/cores/esp32/esp32-hal-spi.c:582:32: warning: passing argument 1 of 'spi_ll_set_clk_source' discards 'volatile' qualifier from pointer target type [-Wdiscarded-qualifiers]
  582 |       spi_ll_set_clk_source(spi->dev, new_clk_src ? SPI_CLK_SRC_SPLL : SPI_CLK_SRC_XTAL);
      |                             ~~~^~~~~
C:/.platformio/packages/framework-arduinoespressif32-libs/esp32p4_es/include/hal/esp32p4/include/hal/spi_ll.h:203:90: note: in definition of macro 'spi_ll_set_clk_source'
  203 | #define spi_ll_set_clk_source(...) (void)__DECLARE_RCC_ATOMIC_ENV; spi_ll_set_clk_source(__VA_ARGS__)
      |                                                                                          ^~~~~~~~~~~
C:/.platformio/packages/framework-arduinoespressif32-libs/esp32p4_es/include/hal/esp32p4/include/hal/spi_ll.h:177:53: note: expected 'spi_dev_t *' but argument is of type 'volatile spi_dev_t *'
  177 | static inline void spi_ll_set_clk_source(spi_dev_t *hw, spi_clock_source_t clk_source)
      |                                          ~~~~~~~~~~~^~
Compiling .pio\build\guition_audio\FrameworkArduino\firmware_msc_fat.c.o
Compiling .pio\build\guition_audio\FrameworkArduino\freertos_stats.cpp.o
Compiling .pio\build\guition_audio\FrameworkArduino\libb64\cdecode.c.o
Compiling .pio\build\guition_audio\FrameworkArduino\libb64\cencode.c.o
Compiling .pio\build\guition_audio\FrameworkArduino\main.cpp.o
Compiling .pio\build\guition_audio\FrameworkArduino\stdlib_noniso.c.o
Compiling .pio\build\guition_audio\FrameworkArduino\wiring_pulse.c.o
Compiling .pio\build\guition_audio\FrameworkArduino\wiring_shift.c.o
Archiving .pio\build\guition_audio\libFrameworkArduino.a
Indexing .pio\build\guition_audio\libFrameworkArduino.a
Linking .pio\build\guition_audio\firmware.elf
Firmware metrics can not be shown. Set the terminal codepage to "utf-8" or "cp65001" on Windows.
Retrieving maximum program size .pio\build\guition_audio\firmware.elf
Checking size .pio\build\guition_audio\firmware.elf
Advanced Memory Usage is available via "PlatformIO Home > Project Inspect"
RAM:   [=         ]   8.1% (used 26604 bytes from 327680 bytes)
Flash: [=         ]   5.7% (used 374066 bytes from 6553600 bytes)
Building .pio\build\guition_audio\firmware.bin
esptool v5.1.0
Creating ESP32P4 image...
Merged 4 ELF sections.
Successfully created ESP32P4 image.
======================== [SUCCESS] Took 130.16 seconds ========================

Environment    Status    Duration
-------------  --------  ------------
guition_audio  SUCCESS   00:02:10.163
========================= 1 succeeded in 00:02:10.163 =========================
Processing guition_audio (platform: https://github.com/pioarduino/platform-espressif32/releases/download/55.03.36-1/platform-espressif32.zip; board: jc4880p4; framework: arduino)
--------------------------------------------------------------------------------
Verbose mode can be enabled via `-v, --verbose` option
Removing .pio\build\guition_audio
Done cleaning
========================= [SUCCESS] Took 64.80 seconds =========================

Environment    Status    Duration
-------------  --------  ------------
guition_audio  SUCCESS   00:01:04.797
========================= 1 succeeded in 00:01:04.797 =========================
CHECK_EXIT=0

[3/23] guition_synth
Processing guition_synth (platform: https://github.com/pioarduino/platform-espressif32/releases/download/55.03.36-1/platform-espressif32.zip; board: jc4880p4; framework: arduino)
--------------------------------------------------------------------------------
Verbose mode can be enabled via `-v, --verbose` option
CONFIGURATION: https://docs.platformio.org/page/boards/espressif32/jc4880p4.html
PLATFORM: Espressif 32 (55.3.36) > Guition JC4880P443C_I_W (JC-ESP32P4-M3, ESP32-P4 ES + C6)
HARDWARE: ESP32P4 360MHz, 320KB RAM, 16MB Flash
DEBUG: Current (cmsis-dap) External (cmsis-dap, esp-bridge, esp-builtin, esp-prog, iot-bus-jtag, jlink, minimodule, olimex-arm-usb-ocd, olimex-arm-usb-ocd-h, olimex-arm-usb-tiny-h, olimex-jtag-tiny, tumpa)
PACKAGES: 
 - contrib-piohome @ 3.4.4 
 - framework-arduinoespressif32 @ 3.3.6 
 - framework-arduinoespressif32-libs @ 5.5.0+sha.f56bea3d1f 
 - tool-esptoolpy @ 5.1.0 
 - toolchain-riscv32-esp @ 14.2.0+20251107
LDF: Library Dependency Finder -> https://bit.ly/configure-pio-ldf
LDF Modes: Finder ~ chain, Compatibility ~ soft
Found 44 compatible libraries
Scanning dependencies...
Dependency Graph
|-- p4sdm-es8311 @ 1.0.0
|-- SD_MMC @ 3.3.6
Building in release mode
Compiling .pio\build\guition_synth\lib94c\es8311\es8311.c.o
Compiling .pio\build\guition_synth\lib7fe\FS\FS.cpp.o
Compiling .pio\build\guition_synth\lib7fe\FS\vfs_api.cpp.o
Compiling .pio\build\guition_synth\liba11\SD_MMC\SD_MMC.cpp.o
Compiling .pio\build\guition_synth\src\hal\audio_hal.cpp.o
Compiling .pio\build\guition_synth\src\hal\display_hal.cpp.o
Compiling .pio\build\guition_synth\src\hal\guition_board.cpp.o
Compiling .pio\build\guition_synth\src\hal\storage_hal.cpp.o
Compiling .pio\build\guition_synth\src\hal\touch_hal.cpp.o
Compiling .pio\build\guition_synth\src\synth_diagnostic.cpp.o
Building .pio\build\guition_synth\bootloader.bin
Generating partitions .pio\build\guition_synth\partitions.bin
Compiling .pio\build\guition_synth\FrameworkArduino\ColorFormat.c.o
Compiling .pio\build\guition_synth\FrameworkArduino\Esp.cpp.o
Compiling .pio\build\guition_synth\FrameworkArduino\FirmwareMSC.cpp.o
Compiling .pio\build\guition_synth\FrameworkArduino\FunctionalInterrupt.cpp.o
Compiling .pio\build\guition_synth\FrameworkArduino\HEXBuilder.cpp.o
Compiling .pio\build\guition_synth\FrameworkArduino\HWCDC.cpp.o
esptool v5.1.0
Creating ESP32P4 image...
Merged 2 ELF sections.
Successfully created ESP32P4 image.
Compiling .pio\build\guition_synth\FrameworkArduino\HardwareSerial.cpp.o
Compiling .pio\build\guition_synth\FrameworkArduino\HashBuilder.cpp.o
Compiling .pio\build\guition_synth\FrameworkArduino\IPAddress.cpp.o
Compiling .pio\build\guition_synth\FrameworkArduino\MD5Builder.cpp.o
Compiling .pio\build\guition_synth\FrameworkArduino\MacAddress.cpp.o
Compiling .pio\build\guition_synth\FrameworkArduino\Print.cpp.o
Compiling .pio\build\guition_synth\FrameworkArduino\Stream.cpp.o
Compiling .pio\build\guition_synth\FrameworkArduino\StreamString.cpp.o
Compiling .pio\build\guition_synth\FrameworkArduino\Tone.cpp.o
In file included from C:/.platformio/packages/framework-arduinoespressif32-libs/esp32p4_es/include/esp_hw_support/include/esp_private/regi2c_ctrl.h:15,
                 from C:/.platformio/packages/framework-arduinoespressif32-libs/esp32p4_es/include/hal/platform_port/include/hal/regi2c_ctrl.h:17,
                 from C:/.platformio/packages/framework-arduinoespressif32-libs/esp32p4_es/include/hal/esp32p4/include/hal/clk_tree_ll.h:19,
                 from C:/.platformio/packages/framework-arduinoespressif32-libs/esp32p4_es/include/hal/esp32p4/include/hal/spimem_flash_ll.h:32,
                 from C:/.platformio/packages/framework-arduinoespressif32-libs/esp32p4_es/include/hal/esp32p4/include/hal/spi_flash_ll.h:18,
                 from C:/.platformio/packages/framework-arduinoespressif32/cores/esp32/Esp.cpp:41:
C:/.platformio/packages/framework-arduinoespressif32-libs/esp32p4_es/include/esp_hw_support/include/esp_private/periph_ctrl.h:87:64: warning: invalid suffix on literal; C++11 requires a space between literal and string macro [-Wliteral-suffix]
   87 | #define __PERIPH_CTRL_DEPRECATE_ATTR __attribute__((deprecated("This function is not functional on "CONFIG_IDF_TARGET)))
      |                                                                ^
Compiling .pio\build\guition_synth\FrameworkArduino\USB.cpp.o
Compiling .pio\build\guition_synth\FrameworkArduino\USBCDC.cpp.o
Compiling .pio\build\guition_synth\FrameworkArduino\USBMSC.cpp.o
Compiling .pio\build\guition_synth\FrameworkArduino\WMath.cpp.o
Compiling .pio\build\guition_synth\FrameworkArduino\WString.cpp.o
Compiling .pio\build\guition_synth\FrameworkArduino\base64.cpp.o
Compiling .pio\build\guition_synth\FrameworkArduino\cbuf.cpp.o
Compiling .pio\build\guition_synth\FrameworkArduino\chip-debug-report.cpp.o
Compiling .pio\build\guition_synth\FrameworkArduino\esp32-hal-adc.c.o
Compiling .pio\build\guition_synth\FrameworkArduino\esp32-hal-bt.c.o
Compiling .pio\build\guition_synth\FrameworkArduino\esp32-hal-cpu.c.o
Compiling .pio\build\guition_synth\FrameworkArduino\esp32-hal-dac.c.o
Compiling .pio\build\guition_synth\FrameworkArduino\esp32-hal-gpio.c.o
Compiling .pio\build\guition_synth\FrameworkArduino\esp32-hal-hosted.c.o
Compiling .pio\build\guition_synth\FrameworkArduino\esp32-hal-i2c-ng.c.o
Compiling .pio\build\guition_synth\FrameworkArduino\esp32-hal-i2c-slave.c.o
Compiling .pio\build\guition_synth\FrameworkArduino\esp32-hal-i2c.c.o
Compiling .pio\build\guition_synth\FrameworkArduino\esp32-hal-ledc.c.o
Compiling .pio\build\guition_synth\FrameworkArduino\esp32-hal-log-wrapper.c.o
Compiling .pio\build\guition_synth\FrameworkArduino\esp32-hal-matrix.c.o
Compiling .pio\build\guition_synth\FrameworkArduino\esp32-hal-misc.c.o
Compiling .pio\build\guition_synth\FrameworkArduino\esp32-hal-periman.c.o
Compiling .pio\build\guition_synth\FrameworkArduino\esp32-hal-psram.c.o
Compiling .pio\build\guition_synth\FrameworkArduino\esp32-hal-rgb-led.c.o
Compiling .pio\build\guition_synth\FrameworkArduino\esp32-hal-rmt.c.o
Compiling .pio\build\guition_synth\FrameworkArduino\esp32-hal-sigmadelta.c.o
Compiling .pio\build\guition_synth\FrameworkArduino\esp32-hal-spi.c.o
Compiling .pio\build\guition_synth\FrameworkArduino\esp32-hal-time.c.o
Compiling .pio\build\guition_synth\FrameworkArduino\esp32-hal-timer.c.o
Compiling .pio\build\guition_synth\FrameworkArduino\esp32-hal-tinyusb.c.o
Compiling .pio\build\guition_synth\FrameworkArduino\esp32-hal-touch-ng.c.o
Compiling .pio\build\guition_synth\FrameworkArduino\esp32-hal-touch.c.o
Compiling .pio\build\guition_synth\FrameworkArduino\esp32-hal-uart.c.o
Compiling .pio\build\guition_synth\FrameworkArduino\firmware_msc_fat.c.o
Compiling .pio\build\guition_synth\FrameworkArduino\freertos_stats.cpp.o
Compiling .pio\build\guition_synth\FrameworkArduino\libb64\cdecode.c.o
Compiling .pio\build\guition_synth\FrameworkArduino\libb64\cencode.c.o
Compiling .pio\build\guition_synth\FrameworkArduino\main.cpp.o
In file included from C:/.platformio/packages/framework-arduinoespressif32/cores/esp32/esp32-hal-spi.c:65:
C:/.platformio/packages/framework-arduinoespressif32/cores/esp32/esp32-hal-spi.c: In function '_spiSetClockDivInternal':
C:/.platformio/packages/framework-arduinoespressif32/cores/esp32/esp32-hal-spi.c:582:32: warning: passing argument 1 of 'spi_ll_set_clk_source' discards 'volatile' qualifier from pointer target type [-Wdiscarded-qualifiers]
  582 |       spi_ll_set_clk_source(spi->dev, new_clk_src ? SPI_CLK_SRC_SPLL : SPI_CLK_SRC_XTAL);
      |                             ~~~^~~~~
C:/.platformio/packages/framework-arduinoespressif32-libs/esp32p4_es/include/hal/esp32p4/include/hal/spi_ll.h:203:90: note: in definition of macro 'spi_ll_set_clk_source'
  203 | #define spi_ll_set_clk_source(...) (void)__DECLARE_RCC_ATOMIC_ENV; spi_ll_set_clk_source(__VA_ARGS__)
      |                                                                                          ^~~~~~~~~~~
C:/.platformio/packages/framework-arduinoespressif32-libs/esp32p4_es/include/hal/esp32p4/include/hal/spi_ll.h:177:53: note: expected 'spi_dev_t *' but argument is of type 'volatile spi_dev_t *'
  177 | static inline void spi_ll_set_clk_source(spi_dev_t *hw, spi_clock_source_t clk_source)
      |                                          ~~~~~~~~~~~^~
Compiling .pio\build\guition_synth\FrameworkArduino\stdlib_noniso.c.o
Compiling .pio\build\guition_synth\FrameworkArduino\wiring_pulse.c.o
Compiling .pio\build\guition_synth\FrameworkArduino\wiring_shift.c.o
Archiving .pio\build\guition_synth\libFrameworkArduino.a
Indexing .pio\build\guition_synth\libFrameworkArduino.a
Linking .pio\build\guition_synth\firmware.elf
Firmware metrics can not be shown. Set the terminal codepage to "utf-8" or "cp65001" on Windows.
Retrieving maximum program size .pio\build\guition_synth\firmware.elf
Checking size .pio\build\guition_synth\firmware.elf
Advanced Memory Usage is available via "PlatformIO Home > Project Inspect"
RAM:   [==        ]  18.0% (used 58964 bytes from 327680 bytes)
Flash: [=         ]   7.4% (used 484282 bytes from 6553600 bytes)
Building .pio\build\guition_synth\firmware.bin
esptool v5.1.0
Creating ESP32P4 image...
Merged 4 ELF sections.
Successfully created ESP32P4 image.
========================= [SUCCESS] Took 87.04 seconds =========================

Environment    Status    Duration
-------------  --------  ------------
guition_synth  SUCCESS   00:01:27.041
========================= 1 succeeded in 00:01:27.041 =========================
Processing guition_synth (platform: https://github.com/pioarduino/platform-espressif32/releases/download/55.03.36-1/platform-espressif32.zip; board: jc4880p4; framework: arduino)
--------------------------------------------------------------------------------
Verbose mode can be enabled via `-v, --verbose` option
Removing .pio\build\guition_synth
Done cleaning
========================= [SUCCESS] Took 21.23 seconds =========================

Environment    Status    Duration
-------------  --------  ------------
guition_synth  SUCCESS   00:00:21.227
========================= 1 succeeded in 00:00:21.227 =========================
CHECK_EXIT=0

[4/23] guition_fx
Processing guition_fx (platform: https://github.com/pioarduino/platform-espressif32/releases/download/55.03.36-1/platform-espressif32.zip; board: jc4880p4; framework: arduino)
--------------------------------------------------------------------------------
Verbose mode can be enabled via `-v, --verbose` option
CONFIGURATION: https://docs.platformio.org/page/boards/espressif32/jc4880p4.html
PLATFORM: Espressif 32 (55.3.36) > Guition JC4880P443C_I_W (JC-ESP32P4-M3, ESP32-P4 ES + C6)
HARDWARE: ESP32P4 360MHz, 320KB RAM, 16MB Flash
DEBUG: Current (cmsis-dap) External (cmsis-dap, esp-bridge, esp-builtin, esp-prog, iot-bus-jtag, jlink, minimodule, olimex-arm-usb-ocd, olimex-arm-usb-ocd-h, olimex-arm-usb-tiny-h, olimex-jtag-tiny, tumpa)
PACKAGES: 
 - contrib-piohome @ 3.4.4 
 - framework-arduinoespressif32 @ 3.3.6 
 - framework-arduinoespressif32-libs @ 5.5.0+sha.f56bea3d1f 
 - tool-esptoolpy @ 5.1.0 
 - toolchain-riscv32-esp @ 14.2.0+20251107
LDF: Library Dependency Finder -> https://bit.ly/configure-pio-ldf
LDF Modes: Finder ~ chain, Compatibility ~ soft
Found 44 compatible libraries
Scanning dependencies...
Dependency Graph
|-- p4sdm-es8311 @ 1.0.0
|-- SD_MMC @ 3.3.6
Building in release mode
Compiling .pio\build\guition_fx\lib94c\es8311\es8311.c.o
Compiling .pio\build\guition_fx\lib7fe\FS\FS.cpp.o
Compiling .pio\build\guition_fx\lib7fe\FS\vfs_api.cpp.o
Compiling .pio\build\guition_fx\liba11\SD_MMC\SD_MMC.cpp.o
Compiling .pio\build\guition_fx\src\hal\audio_hal.cpp.o
Compiling .pio\build\guition_fx\src\hal\display_hal.cpp.o
Compiling .pio\build\guition_fx\src\hal\guition_board.cpp.o
Compiling .pio\build\guition_fx\src\hal\storage_hal.cpp.o
Compiling .pio\build\guition_fx\src\hal\touch_hal.cpp.o
Compiling .pio\build\guition_fx\src\synth_diagnostic.cpp.o
Building .pio\build\guition_fx\bootloader.bin
Generating partitions .pio\build\guition_fx\partitions.bin
Compiling .pio\build\guition_fx\FrameworkArduino\ColorFormat.c.o
Compiling .pio\build\guition_fx\FrameworkArduino\Esp.cpp.o
Compiling .pio\build\guition_fx\FrameworkArduino\FirmwareMSC.cpp.o
Compiling .pio\build\guition_fx\FrameworkArduino\FunctionalInterrupt.cpp.o
Compiling .pio\build\guition_fx\FrameworkArduino\HEXBuilder.cpp.o
Compiling .pio\build\guition_fx\FrameworkArduino\HWCDC.cpp.o
Compiling .pio\build\guition_fx\FrameworkArduino\HardwareSerial.cpp.o
esptool v5.1.0
Creating ESP32P4 image...
Merged 2 ELF sections.
Successfully created ESP32P4 image.
Compiling .pio\build\guition_fx\FrameworkArduino\HashBuilder.cpp.o
Compiling .pio\build\guition_fx\FrameworkArduino\IPAddress.cpp.o
Compiling .pio\build\guition_fx\FrameworkArduino\MD5Builder.cpp.o
Compiling .pio\build\guition_fx\FrameworkArduino\MacAddress.cpp.o
Compiling .pio\build\guition_fx\FrameworkArduino\Print.cpp.o
Compiling .pio\build\guition_fx\FrameworkArduino\Stream.cpp.o
Compiling .pio\build\guition_fx\FrameworkArduino\StreamString.cpp.o
Compiling .pio\build\guition_fx\FrameworkArduino\Tone.cpp.o
In file included from C:/.platformio/packages/framework-arduinoespressif32-libs/esp32p4_es/include/esp_hw_support/include/esp_private/regi2c_ctrl.h:15,
                 from C:/.platformio/packages/framework-arduinoespressif32-libs/esp32p4_es/include/hal/platform_port/include/hal/regi2c_ctrl.h:17,
                 from C:/.platformio/packages/framework-arduinoespressif32-libs/esp32p4_es/include/hal/esp32p4/include/hal/clk_tree_ll.h:19,
                 from C:/.platformio/packages/framework-arduinoespressif32-libs/esp32p4_es/include/hal/esp32p4/include/hal/spimem_flash_ll.h:32,
                 from C:/.platformio/packages/framework-arduinoespressif32-libs/esp32p4_es/include/hal/esp32p4/include/hal/spi_flash_ll.h:18,
                 from C:/.platformio/packages/framework-arduinoespressif32/cores/esp32/Esp.cpp:41:
C:/.platformio/packages/framework-arduinoespressif32-libs/esp32p4_es/include/esp_hw_support/include/esp_private/periph_ctrl.h:87:64: warning: invalid suffix on literal; C++11 requires a space between literal and string macro [-Wliteral-suffix]
   87 | #define __PERIPH_CTRL_DEPRECATE_ATTR __attribute__((deprecated("This function is not functional on "CONFIG_IDF_TARGET)))
      |                                                                ^
Compiling .pio\build\guition_fx\FrameworkArduino\USB.cpp.o
Compiling .pio\build\guition_fx\FrameworkArduino\USBCDC.cpp.o
Compiling .pio\build\guition_fx\FrameworkArduino\USBMSC.cpp.o
Compiling .pio\build\guition_fx\FrameworkArduino\WMath.cpp.o
Compiling .pio\build\guition_fx\FrameworkArduino\WString.cpp.o
Compiling .pio\build\guition_fx\FrameworkArduino\base64.cpp.o
Compiling .pio\build\guition_fx\FrameworkArduino\cbuf.cpp.o
Compiling .pio\build\guition_fx\FrameworkArduino\chip-debug-report.cpp.o
Compiling .pio\build\guition_fx\FrameworkArduino\esp32-hal-adc.c.o
Compiling .pio\build\guition_fx\FrameworkArduino\esp32-hal-bt.c.o
Compiling .pio\build\guition_fx\FrameworkArduino\esp32-hal-cpu.c.o
Compiling .pio\build\guition_fx\FrameworkArduino\esp32-hal-dac.c.o
Compiling .pio\build\guition_fx\FrameworkArduino\esp32-hal-gpio.c.o
Compiling .pio\build\guition_fx\FrameworkArduino\esp32-hal-hosted.c.o
Compiling .pio\build\guition_fx\FrameworkArduino\esp32-hal-i2c-ng.c.o
Compiling .pio\build\guition_fx\FrameworkArduino\esp32-hal-i2c-slave.c.o
Compiling .pio\build\guition_fx\FrameworkArduino\esp32-hal-i2c.c.o
Compiling .pio\build\guition_fx\FrameworkArduino\esp32-hal-ledc.c.o
Compiling .pio\build\guition_fx\FrameworkArduino\esp32-hal-log-wrapper.c.o
Compiling .pio\build\guition_fx\FrameworkArduino\esp32-hal-matrix.c.o
Compiling .pio\build\guition_fx\FrameworkArduino\esp32-hal-misc.c.o
Compiling .pio\build\guition_fx\FrameworkArduino\esp32-hal-periman.c.o
Compiling .pio\build\guition_fx\FrameworkArduino\esp32-hal-psram.c.o
Compiling .pio\build\guition_fx\FrameworkArduino\esp32-hal-rgb-led.c.o
Compiling .pio\build\guition_fx\FrameworkArduino\esp32-hal-rmt.c.o
Compiling .pio\build\guition_fx\FrameworkArduino\esp32-hal-sigmadelta.c.o
Compiling .pio\build\guition_fx\FrameworkArduino\esp32-hal-spi.c.o
Compiling .pio\build\guition_fx\FrameworkArduino\esp32-hal-time.c.o
Compiling .pio\build\guition_fx\FrameworkArduino\esp32-hal-timer.c.o
Compiling .pio\build\guition_fx\FrameworkArduino\esp32-hal-tinyusb.c.o
Compiling .pio\build\guition_fx\FrameworkArduino\esp32-hal-touch-ng.c.o
Compiling .pio\build\guition_fx\FrameworkArduino\esp32-hal-touch.c.o
Compiling .pio\build\guition_fx\FrameworkArduino\esp32-hal-uart.c.o
Compiling .pio\build\guition_fx\FrameworkArduino\firmware_msc_fat.c.o
Compiling .pio\build\guition_fx\FrameworkArduino\freertos_stats.cpp.o
Compiling .pio\build\guition_fx\FrameworkArduino\libb64\cdecode.c.o
In file included from C:/.platformio/packages/framework-arduinoespressif32/cores/esp32/esp32-hal-spi.c:65:
C:/.platformio/packages/framework-arduinoespressif32/cores/esp32/esp32-hal-spi.c: In function '_spiSetClockDivInternal':
C:/.platformio/packages/framework-arduinoespressif32/cores/esp32/esp32-hal-spi.c:582:32: warning: passing argument 1 of 'spi_ll_set_clk_source' discards 'volatile' qualifier from pointer target type [-Wdiscarded-qualifiers]
  582 |       spi_ll_set_clk_source(spi->dev, new_clk_src ? SPI_CLK_SRC_SPLL : SPI_CLK_SRC_XTAL);
      |                             ~~~^~~~~
C:/.platformio/packages/framework-arduinoespressif32-libs/esp32p4_es/include/hal/esp32p4/include/hal/spi_ll.h:203:90: note: in definition of macro 'spi_ll_set_clk_source'
  203 | #define spi_ll_set_clk_source(...) (void)__DECLARE_RCC_ATOMIC_ENV; spi_ll_set_clk_source(__VA_ARGS__)
      |                                                                                          ^~~~~~~~~~~
C:/.platformio/packages/framework-arduinoespressif32-libs/esp32p4_es/include/hal/esp32p4/include/hal/spi_ll.h:177:53: note: expected 'spi_dev_t *' but argument is of type 'volatile spi_dev_t *'
  177 | static inline void spi_ll_set_clk_source(spi_dev_t *hw, spi_clock_source_t clk_source)
      |                                          ~~~~~~~~~~~^~
Compiling .pio\build\guition_fx\FrameworkArduino\libb64\cencode.c.o
Compiling .pio\build\guition_fx\FrameworkArduino\main.cpp.o
Compiling .pio\build\guition_fx\FrameworkArduino\stdlib_noniso.c.o
Compiling .pio\build\guition_fx\FrameworkArduino\wiring_pulse.c.o
Compiling .pio\build\guition_fx\FrameworkArduino\wiring_shift.c.o
Archiving .pio\build\guition_fx\libFrameworkArduino.a
Indexing .pio\build\guition_fx\libFrameworkArduino.a
Linking .pio\build\guition_fx\firmware.elf
Firmware metrics can not be shown. Set the terminal codepage to "utf-8" or "cp65001" on Windows.
Retrieving maximum program size .pio\build\guition_fx\firmware.elf
Checking size .pio\build\guition_fx\firmware.elf
Advanced Memory Usage is available via "PlatformIO Home > Project Inspect"
RAM:   [===       ]  32.5% (used 106368 bytes from 327680 bytes)
Flash: [=         ]   7.5% (used 489420 bytes from 6553600 bytes)
Building .pio\build\guition_fx\firmware.bin
esptool v5.1.0
Creating ESP32P4 image...
Merged 4 ELF sections.
Successfully created ESP32P4 image.
========================= [SUCCESS] Took 83.64 seconds =========================

Environment    Status    Duration
-------------  --------  ------------
guition_fx     SUCCESS   00:01:23.635
========================= 1 succeeded in 00:01:23.635 =========================
Processing guition_fx (platform: https://github.com/pioarduino/platform-espressif32/releases/download/55.03.36-1/platform-espressif32.zip; board: jc4880p4; framework: arduino)
--------------------------------------------------------------------------------
Verbose mode can be enabled via `-v, --verbose` option
Removing .pio\build\guition_fx
Done cleaning
========================= [SUCCESS] Took 35.96 seconds =========================

Environment    Status    Duration
-------------  --------  ------------
guition_fx     SUCCESS   00:00:35.956
========================= 1 succeeded in 00:00:35.956 =========================
CHECK_EXIT=0

[5/23] guition_display
Processing guition_display (platform: https://github.com/pioarduino/platform-espressif32/releases/download/55.03.36-1/platform-espressif32.zip; board: jc4880p4; framework: arduino)
--------------------------------------------------------------------------------
Verbose mode can be enabled via `-v, --verbose` option
CONFIGURATION: https://docs.platformio.org/page/boards/espressif32/jc4880p4.html
PLATFORM: Espressif 32 (55.3.36) > Guition JC4880P443C_I_W (JC-ESP32P4-M3, ESP32-P4 ES + C6)
HARDWARE: ESP32P4 360MHz, 320KB RAM, 16MB Flash
DEBUG: Current (cmsis-dap) External (cmsis-dap, esp-bridge, esp-builtin, esp-prog, iot-bus-jtag, jlink, minimodule, olimex-arm-usb-ocd, olimex-arm-usb-ocd-h, olimex-arm-usb-tiny-h, olimex-jtag-tiny, tumpa)
PACKAGES: 
 - contrib-piohome @ 3.4.4 
 - framework-arduinoespressif32 @ 3.3.6 
 - framework-arduinoespressif32-libs @ 5.5.0+sha.f56bea3d1f 
 - tool-esptoolpy @ 5.1.0 
 - toolchain-riscv32-esp @ 14.2.0+20251107
LDF: Library Dependency Finder -> https://bit.ly/configure-pio-ldf
LDF Modes: Finder ~ chain, Compatibility ~ soft
Found 44 compatible libraries
Scanning dependencies...
Dependency Graph
|-- p4sdm-es8311 @ 1.0.0
|-- SD_MMC @ 3.3.6
Building in release mode
Compiling .pio\build\guition_display\lib94c\es8311\es8311.c.o
Compiling .pio\build\guition_display\lib7fe\FS\FS.cpp.o
Compiling .pio\build\guition_display\lib7fe\FS\vfs_api.cpp.o
Compiling .pio\build\guition_display\liba11\SD_MMC\SD_MMC.cpp.o
Compiling .pio\build\guition_display\src\display_diagnostic.cpp.o
Compiling .pio\build\guition_display\src\hal\audio_hal.cpp.o
Compiling .pio\build\guition_display\src\hal\display_hal.cpp.o
Compiling .pio\build\guition_display\src\hal\guition_board.cpp.o
Compiling .pio\build\guition_display\src\hal\storage_hal.cpp.o
Compiling .pio\build\guition_display\src\hal\touch_hal.cpp.o
Building .pio\build\guition_display\bootloader.bin
Generating partitions .pio\build\guition_display\partitions.bin
Compiling .pio\build\guition_display\FrameworkArduino\ColorFormat.c.o
Compiling .pio\build\guition_display\FrameworkArduino\Esp.cpp.o
Compiling .pio\build\guition_display\FrameworkArduino\FirmwareMSC.cpp.o
Compiling .pio\build\guition_display\FrameworkArduino\FunctionalInterrupt.cpp.o
Compiling .pio\build\guition_display\FrameworkArduino\HEXBuilder.cpp.o
Compiling .pio\build\guition_display\FrameworkArduino\HWCDC.cpp.o
esptool v5.1.0
Creating ESP32P4 image...
Merged 2 ELF sections.
Successfully created ESP32P4 image.
Compiling .pio\build\guition_display\FrameworkArduino\HardwareSerial.cpp.o
Compiling .pio\build\guition_display\FrameworkArduino\HashBuilder.cpp.o
Compiling .pio\build\guition_display\FrameworkArduino\IPAddress.cpp.o
Compiling .pio\build\guition_display\FrameworkArduino\MD5Builder.cpp.o
Compiling .pio\build\guition_display\FrameworkArduino\MacAddress.cpp.o
Compiling .pio\build\guition_display\FrameworkArduino\Print.cpp.o
In file included from C:/.platformio/packages/framework-arduinoespressif32-libs/esp32p4_es/include/esp_hw_support/include/esp_private/regi2c_ctrl.h:15,
                 from C:/.platformio/packages/framework-arduinoespressif32-libs/esp32p4_es/include/hal/platform_port/include/hal/regi2c_ctrl.h:17,
                 from C:/.platformio/packages/framework-arduinoespressif32-libs/esp32p4_es/include/hal/esp32p4/include/hal/clk_tree_ll.h:19,
                 from C:/.platformio/packages/framework-arduinoespressif32-libs/esp32p4_es/include/hal/esp32p4/include/hal/spimem_flash_ll.h:32,
                 from C:/.platformio/packages/framework-arduinoespressif32-libs/esp32p4_es/include/hal/esp32p4/include/hal/spi_flash_ll.h:18,
                 from C:/.platformio/packages/framework-arduinoespressif32/cores/esp32/Esp.cpp:41:
C:/.platformio/packages/framework-arduinoespressif32-libs/esp32p4_es/include/esp_hw_support/include/esp_private/periph_ctrl.h:87:64: warning: invalid suffix on literal; C++11 requires a space between literal and string macro [-Wliteral-suffix]
   87 | #define __PERIPH_CTRL_DEPRECATE_ATTR __attribute__((deprecated("This function is not functional on "CONFIG_IDF_TARGET)))
      |                                                                ^
Compiling .pio\build\guition_display\FrameworkArduino\Stream.cpp.o
Compiling .pio\build\guition_display\FrameworkArduino\StreamString.cpp.o
Compiling .pio\build\guition_display\FrameworkArduino\Tone.cpp.o
Compiling .pio\build\guition_display\FrameworkArduino\USB.cpp.o
Compiling .pio\build\guition_display\FrameworkArduino\USBCDC.cpp.o
Compiling .pio\build\guition_display\FrameworkArduino\USBMSC.cpp.o
Compiling .pio\build\guition_display\FrameworkArduino\WMath.cpp.o
Compiling .pio\build\guition_display\FrameworkArduino\WString.cpp.o
Compiling .pio\build\guition_display\FrameworkArduino\base64.cpp.o
Compiling .pio\build\guition_display\FrameworkArduino\cbuf.cpp.o
Compiling .pio\build\guition_display\FrameworkArduino\chip-debug-report.cpp.o
Compiling .pio\build\guition_display\FrameworkArduino\esp32-hal-adc.c.o
Compiling .pio\build\guition_display\FrameworkArduino\esp32-hal-bt.c.o
Compiling .pio\build\guition_display\FrameworkArduino\esp32-hal-cpu.c.o
Compiling .pio\build\guition_display\FrameworkArduino\esp32-hal-dac.c.o
Compiling .pio\build\guition_display\FrameworkArduino\esp32-hal-gpio.c.o
Compiling .pio\build\guition_display\FrameworkArduino\esp32-hal-hosted.c.o
Compiling .pio\build\guition_display\FrameworkArduino\esp32-hal-i2c-ng.c.o
Compiling .pio\build\guition_display\FrameworkArduino\esp32-hal-i2c-slave.c.o
Compiling .pio\build\guition_display\FrameworkArduino\esp32-hal-i2c.c.o
Compiling .pio\build\guition_display\FrameworkArduino\esp32-hal-ledc.c.o
Compiling .pio\build\guition_display\FrameworkArduino\esp32-hal-log-wrapper.c.o
Compiling .pio\build\guition_display\FrameworkArduino\esp32-hal-matrix.c.o
Compiling .pio\build\guition_display\FrameworkArduino\esp32-hal-misc.c.o
Compiling .pio\build\guition_display\FrameworkArduino\esp32-hal-periman.c.o
Compiling .pio\build\guition_display\FrameworkArduino\esp32-hal-psram.c.o
Compiling .pio\build\guition_display\FrameworkArduino\esp32-hal-rgb-led.c.o
Compiling .pio\build\guition_display\FrameworkArduino\esp32-hal-rmt.c.o
Compiling .pio\build\guition_display\FrameworkArduino\esp32-hal-sigmadelta.c.o
Compiling .pio\build\guition_display\FrameworkArduino\esp32-hal-spi.c.o
Compiling .pio\build\guition_display\FrameworkArduino\esp32-hal-time.c.o
Compiling .pio\build\guition_display\FrameworkArduino\esp32-hal-timer.c.o
Compiling .pio\build\guition_display\FrameworkArduino\esp32-hal-tinyusb.c.o
Compiling .pio\build\guition_display\FrameworkArduino\esp32-hal-touch-ng.c.o
Compiling .pio\build\guition_display\FrameworkArduino\esp32-hal-touch.c.o
Compiling .pio\build\guition_display\FrameworkArduino\esp32-hal-uart.c.o
Compiling .pio\build\guition_display\FrameworkArduino\firmware_msc_fat.c.o
Compiling .pio\build\guition_display\FrameworkArduino\freertos_stats.cpp.o
In file included from C:/.platformio/packages/framework-arduinoespressif32/cores/esp32/esp32-hal-spi.c:65:
C:/.platformio/packages/framework-arduinoespressif32/cores/esp32/esp32-hal-spi.c: In function '_spiSetClockDivInternal':
C:/.platformio/packages/framework-arduinoespressif32/cores/esp32/esp32-hal-spi.c:582:32: warning: passing argument 1 of 'spi_ll_set_clk_source' discards 'volatile' qualifier from pointer target type [-Wdiscarded-qualifiers]
  582 |       spi_ll_set_clk_source(spi->dev, new_clk_src ? SPI_CLK_SRC_SPLL : SPI_CLK_SRC_XTAL);
      |                             ~~~^~~~~
C:/.platformio/packages/framework-arduinoespressif32-libs/esp32p4_es/include/hal/esp32p4/include/hal/spi_ll.h:203:90: note: in definition of macro 'spi_ll_set_clk_source'
  203 | #define spi_ll_set_clk_source(...) (void)__DECLARE_RCC_ATOMIC_ENV; spi_ll_set_clk_source(__VA_ARGS__)
      |                                                                                          ^~~~~~~~~~~
C:/.platformio/packages/framework-arduinoespressif32-libs/esp32p4_es/include/hal/esp32p4/include/hal/spi_ll.h:177:53: note: expected 'spi_dev_t *' but argument is of type 'volatile spi_dev_t *'
  177 | static inline void spi_ll_set_clk_source(spi_dev_t *hw, spi_clock_source_t clk_source)
      |                                          ~~~~~~~~~~~^~
Compiling .pio\build\guition_display\FrameworkArduino\libb64\cdecode.c.o
Compiling .pio\build\guition_display\FrameworkArduino\libb64\cencode.c.o
Compiling .pio\build\guition_display\FrameworkArduino\main.cpp.o
Compiling .pio\build\guition_display\FrameworkArduino\stdlib_noniso.c.o
Compiling .pio\build\guition_display\FrameworkArduino\wiring_pulse.c.o
Compiling .pio\build\guition_display\FrameworkArduino\wiring_shift.c.o
Archiving .pio\build\guition_display\libFrameworkArduino.a
Indexing .pio\build\guition_display\libFrameworkArduino.a
Linking .pio\build\guition_display\firmware.elf
Firmware metrics can not be shown. Set the terminal codepage to "utf-8" or "cp65001" on Windows.
Retrieving maximum program size .pio\build\guition_display\firmware.elf
Checking size .pio\build\guition_display\firmware.elf
Advanced Memory Usage is available via "PlatformIO Home > Project Inspect"
RAM:   [=         ]   7.8% (used 25396 bytes from 327680 bytes)
Flash: [=         ]   6.4% (used 417168 bytes from 6553600 bytes)
Building .pio\build\guition_display\firmware.bin
esptool v5.1.0
Creating ESP32P4 image...
Merged 4 ELF sections.
Successfully created ESP32P4 image.
========================= [SUCCESS] Took 83.84 seconds =========================

Environment      Status    Duration
---------------  --------  ------------
guition_display  SUCCESS   00:01:23.837
========================= 1 succeeded in 00:01:23.837 =========================
Processing guition_display (platform: https://github.com/pioarduino/platform-espressif32/releases/download/55.03.36-1/platform-espressif32.zip; board: jc4880p4; framework: arduino)
--------------------------------------------------------------------------------
Verbose mode can be enabled via `-v, --verbose` option
Removing .pio\build\guition_display
Done cleaning
========================= [SUCCESS] Took 18.03 seconds =========================

Environment      Status    Duration
---------------  --------  ------------
guition_display  SUCCESS   00:00:18.032
========================= 1 succeeded in 00:00:18.032 =========================
CHECK_EXIT=0

[6/23] guition_ui_audio
Processing guition_ui_audio (platform: https://github.com/pioarduino/platform-espressif32/releases/download/55.03.36-1/platform-espressif32.zip; board: jc4880p4; framework: arduino)
--------------------------------------------------------------------------------
Verbose mode can be enabled via `-v, --verbose` option
CONFIGURATION: https://docs.platformio.org/page/boards/espressif32/jc4880p4.html
PLATFORM: Espressif 32 (55.3.36) > Guition JC4880P443C_I_W (JC-ESP32P4-M3, ESP32-P4 ES + C6)
HARDWARE: ESP32P4 360MHz, 320KB RAM, 16MB Flash
DEBUG: Current (cmsis-dap) External (cmsis-dap, esp-bridge, esp-builtin, esp-prog, iot-bus-jtag, jlink, minimodule, olimex-arm-usb-ocd, olimex-arm-usb-ocd-h, olimex-arm-usb-tiny-h, olimex-jtag-tiny, tumpa)
PACKAGES: 
 - contrib-piohome @ 3.4.4 
 - framework-arduinoespressif32 @ 3.3.6 
 - framework-arduinoespressif32-libs @ 5.5.0+sha.f56bea3d1f 
 - tool-esptoolpy @ 5.1.0 
 - toolchain-riscv32-esp @ 14.2.0+20251107
LDF: Library Dependency Finder -> https://bit.ly/configure-pio-ldf
LDF Modes: Finder ~ chain, Compatibility ~ soft
Found 44 compatible libraries
Scanning dependencies...
Dependency Graph
|-- p4sdm-es8311 @ 1.0.0
|-- SD_MMC @ 3.3.6
Building in release mode
Compiling .pio\build\guition_ui_audio\lib94c\es8311\es8311.c.o
Compiling .pio\build\guition_ui_audio\lib7fe\FS\FS.cpp.o
Compiling .pio\build\guition_ui_audio\lib7fe\FS\vfs_api.cpp.o
Compiling .pio\build\guition_ui_audio\liba11\SD_MMC\SD_MMC.cpp.o
Compiling .pio\build\guition_ui_audio\src\hal\audio_hal.cpp.o
Compiling .pio\build\guition_ui_audio\src\hal\display_hal.cpp.o
Compiling .pio\build\guition_ui_audio\src\hal\guition_board.cpp.o
Compiling .pio\build\guition_ui_audio\src\hal\storage_hal.cpp.o
Compiling .pio\build\guition_ui_audio\src\hal\touch_hal.cpp.o
Compiling .pio\build\guition_ui_audio\src\synth_diagnostic.cpp.o
Building .pio\build\guition_ui_audio\bootloader.bin
Generating partitions .pio\build\guition_ui_audio\partitions.bin
Compiling .pio\build\guition_ui_audio\FrameworkArduino\ColorFormat.c.o
Compiling .pio\build\guition_ui_audio\FrameworkArduino\Esp.cpp.o
Compiling .pio\build\guition_ui_audio\FrameworkArduino\FirmwareMSC.cpp.o
Compiling .pio\build\guition_ui_audio\FrameworkArduino\FunctionalInterrupt.cpp.o
Compiling .pio\build\guition_ui_audio\FrameworkArduino\HEXBuilder.cpp.o
Compiling .pio\build\guition_ui_audio\FrameworkArduino\HWCDC.cpp.o
esptool v5.1.0
Creating ESP32P4 image...
Merged 2 ELF sections.
Successfully created ESP32P4 image.
Compiling .pio\build\guition_ui_audio\FrameworkArduino\HardwareSerial.cpp.o
Compiling .pio\build\guition_ui_audio\FrameworkArduino\HashBuilder.cpp.o
Compiling .pio\build\guition_ui_audio\FrameworkArduino\IPAddress.cpp.o
Compiling .pio\build\guition_ui_audio\FrameworkArduino\MD5Builder.cpp.o
Compiling .pio\build\guition_ui_audio\FrameworkArduino\MacAddress.cpp.o
Compiling .pio\build\guition_ui_audio\FrameworkArduino\Print.cpp.o
Compiling .pio\build\guition_ui_audio\FrameworkArduino\Stream.cpp.o
Compiling .pio\build\guition_ui_audio\FrameworkArduino\StreamString.cpp.o
Compiling .pio\build\guition_ui_audio\FrameworkArduino\Tone.cpp.o
In file included from C:/.platformio/packages/framework-arduinoespressif32-libs/esp32p4_es/include/esp_hw_support/include/esp_private/regi2c_ctrl.h:15,
                 from C:/.platformio/packages/framework-arduinoespressif32-libs/esp32p4_es/include/hal/platform_port/include/hal/regi2c_ctrl.h:17,
                 from C:/.platformio/packages/framework-arduinoespressif32-libs/esp32p4_es/include/hal/esp32p4/include/hal/clk_tree_ll.h:19,
                 from C:/.platformio/packages/framework-arduinoespressif32-libs/esp32p4_es/include/hal/esp32p4/include/hal/spimem_flash_ll.h:32,
                 from C:/.platformio/packages/framework-arduinoespressif32-libs/esp32p4_es/include/hal/esp32p4/include/hal/spi_flash_ll.h:18,
                 from C:/.platformio/packages/framework-arduinoespressif32/cores/esp32/Esp.cpp:41:
C:/.platformio/packages/framework-arduinoespressif32-libs/esp32p4_es/include/esp_hw_support/include/esp_private/periph_ctrl.h:87:64: warning: invalid suffix on literal; C++11 requires a space between literal and string macro [-Wliteral-suffix]
   87 | #define __PERIPH_CTRL_DEPRECATE_ATTR __attribute__((deprecated("This function is not functional on "CONFIG_IDF_TARGET)))
      |                                                                ^
Compiling .pio\build\guition_ui_audio\FrameworkArduino\USB.cpp.o
Compiling .pio\build\guition_ui_audio\FrameworkArduino\USBCDC.cpp.o
Compiling .pio\build\guition_ui_audio\FrameworkArduino\USBMSC.cpp.o
Compiling .pio\build\guition_ui_audio\FrameworkArduino\WMath.cpp.o
Compiling .pio\build\guition_ui_audio\FrameworkArduino\WString.cpp.o
Compiling .pio\build\guition_ui_audio\FrameworkArduino\base64.cpp.o
Compiling .pio\build\guition_ui_audio\FrameworkArduino\cbuf.cpp.o
Compiling .pio\build\guition_ui_audio\FrameworkArduino\chip-debug-report.cpp.o
Compiling .pio\build\guition_ui_audio\FrameworkArduino\esp32-hal-adc.c.o
Compiling .pio\build\guition_ui_audio\FrameworkArduino\esp32-hal-bt.c.o
Compiling .pio\build\guition_ui_audio\FrameworkArduino\esp32-hal-cpu.c.o
Compiling .pio\build\guition_ui_audio\FrameworkArduino\esp32-hal-dac.c.o
Compiling .pio\build\guition_ui_audio\FrameworkArduino\esp32-hal-gpio.c.o
Compiling .pio\build\guition_ui_audio\FrameworkArduino\esp32-hal-hosted.c.o
Compiling .pio\build\guition_ui_audio\FrameworkArduino\esp32-hal-i2c-ng.c.o
Compiling .pio\build\guition_ui_audio\FrameworkArduino\esp32-hal-i2c-slave.c.o
Compiling .pio\build\guition_ui_audio\FrameworkArduino\esp32-hal-i2c.c.o
Compiling .pio\build\guition_ui_audio\FrameworkArduino\esp32-hal-ledc.c.o
Compiling .pio\build\guition_ui_audio\FrameworkArduino\esp32-hal-log-wrapper.c.o
Compiling .pio\build\guition_ui_audio\FrameworkArduino\esp32-hal-matrix.c.o
Compiling .pio\build\guition_ui_audio\FrameworkArduino\esp32-hal-misc.c.o
Compiling .pio\build\guition_ui_audio\FrameworkArduino\esp32-hal-periman.c.o
Compiling .pio\build\guition_ui_audio\FrameworkArduino\esp32-hal-psram.c.o
Compiling .pio\build\guition_ui_audio\FrameworkArduino\esp32-hal-rgb-led.c.o
Compiling .pio\build\guition_ui_audio\FrameworkArduino\esp32-hal-rmt.c.o
Compiling .pio\build\guition_ui_audio\FrameworkArduino\esp32-hal-sigmadelta.c.o
Compiling .pio\build\guition_ui_audio\FrameworkArduino\esp32-hal-spi.c.o
Compiling .pio\build\guition_ui_audio\FrameworkArduino\esp32-hal-time.c.o
Compiling .pio\build\guition_ui_audio\FrameworkArduino\esp32-hal-timer.c.o
Compiling .pio\build\guition_ui_audio\FrameworkArduino\esp32-hal-tinyusb.c.o
Compiling .pio\build\guition_ui_audio\FrameworkArduino\esp32-hal-touch-ng.c.o
Compiling .pio\build\guition_ui_audio\FrameworkArduino\esp32-hal-touch.c.o
Compiling .pio\build\guition_ui_audio\FrameworkArduino\esp32-hal-uart.c.o
Compiling .pio\build\guition_ui_audio\FrameworkArduino\firmware_msc_fat.c.o
Compiling .pio\build\guition_ui_audio\FrameworkArduino\freertos_stats.cpp.o
Compiling .pio\build\guition_ui_audio\FrameworkArduino\libb64\cdecode.c.o
In file included from C:/.platformio/packages/framework-arduinoespressif32/cores/esp32/esp32-hal-spi.c:65:
C:/.platformio/packages/framework-arduinoespressif32/cores/esp32/esp32-hal-spi.c: In function '_spiSetClockDivInternal':
C:/.platformio/packages/framework-arduinoespressif32/cores/esp32/esp32-hal-spi.c:582:32: warning: passing argument 1 of 'spi_ll_set_clk_source' discards 'volatile' qualifier from pointer target type [-Wdiscarded-qualifiers]
  582 |       spi_ll_set_clk_source(spi->dev, new_clk_src ? SPI_CLK_SRC_SPLL : SPI_CLK_SRC_XTAL);
      |                             ~~~^~~~~
C:/.platformio/packages/framework-arduinoespressif32-libs/esp32p4_es/include/hal/esp32p4/include/hal/spi_ll.h:203:90: note: in definition of macro 'spi_ll_set_clk_source'
  203 | #define spi_ll_set_clk_source(...) (void)__DECLARE_RCC_ATOMIC_ENV; spi_ll_set_clk_source(__VA_ARGS__)
      |                                                                                          ^~~~~~~~~~~
C:/.platformio/packages/framework-arduinoespressif32-libs/esp32p4_es/include/hal/esp32p4/include/hal/spi_ll.h:177:53: note: expected 'spi_dev_t *' but argument is of type 'volatile spi_dev_t *'
  177 | static inline void spi_ll_set_clk_source(spi_dev_t *hw, spi_clock_source_t clk_source)
      |                                          ~~~~~~~~~~~^~
Compiling .pio\build\guition_ui_audio\FrameworkArduino\libb64\cencode.c.o
Compiling .pio\build\guition_ui_audio\FrameworkArduino\main.cpp.o
Compiling .pio\build\guition_ui_audio\FrameworkArduino\stdlib_noniso.c.o
Compiling .pio\build\guition_ui_audio\FrameworkArduino\wiring_pulse.c.o
Compiling .pio\build\guition_ui_audio\FrameworkArduino\wiring_shift.c.o
Archiving .pio\build\guition_ui_audio\libFrameworkArduino.a
Indexing .pio\build\guition_ui_audio\libFrameworkArduino.a
Linking .pio\build\guition_ui_audio\firmware.elf
Firmware metrics can not be shown. Set the terminal codepage to "utf-8" or "cp65001" on Windows.
Retrieving maximum program size .pio\build\guition_ui_audio\firmware.elf
Checking size .pio\build\guition_ui_audio\firmware.elf
Advanced Memory Usage is available via "PlatformIO Home > Project Inspect"
RAM:   [===       ]  27.9% (used 91324 bytes from 327680 bytes)
Flash: [=         ]   8.2% (used 538138 bytes from 6553600 bytes)
Building .pio\build\guition_ui_audio\firmware.bin
esptool v5.1.0
Creating ESP32P4 image...
Merged 4 ELF sections.
Successfully created ESP32P4 image.
========================= [SUCCESS] Took 93.36 seconds =========================

Environment       Status    Duration
----------------  --------  ------------
guition_ui_audio  SUCCESS   00:01:33.364
========================= 1 succeeded in 00:01:33.364 =========================
Processing guition_ui_audio (platform: https://github.com/pioarduino/platform-espressif32/releases/download/55.03.36-1/platform-espressif32.zip; board: jc4880p4; framework: arduino)
--------------------------------------------------------------------------------
Verbose mode can be enabled via `-v, --verbose` option
Removing .pio\build\guition_ui_audio
Done cleaning
========================= [SUCCESS] Took 24.76 seconds =========================

Environment       Status    Duration
----------------  --------  ------------
guition_ui_audio  SUCCESS   00:00:24.760
========================= 1 succeeded in 00:00:24.760 =========================
CHECK_EXIT=0

[7/23] guition_ui_audio_m41

# First 6 targets passed individually. Restarting the incomplete next target
# and running all 17 remaining targets in one PlatformIO invocation.
# No flags, targets, checks, source or stress workload removed.
Processing guition_ui_audio_m41 (platform: https://github.com/pioarduino/platform-espressif32/releases/download/55.03.36-1/platform-espressif32.zip; board: jc4880p4; framework: arduino)
--------------------------------------------------------------------------------
Verbose mode can be enabled via `-v, --verbose` option
CONFIGURATION: https://docs.platformio.org/page/boards/espressif32/jc4880p4.html
PLATFORM: Espressif 32 (55.3.36) > Guition JC4880P443C_I_W (JC-ESP32P4-M3, ESP32-P4 ES + C6)
HARDWARE: ESP32P4 360MHz, 320KB RAM, 16MB Flash
DEBUG: Current (cmsis-dap) External (cmsis-dap, esp-bridge, esp-builtin, esp-prog, iot-bus-jtag, jlink, minimodule, olimex-arm-usb-ocd, olimex-arm-usb-ocd-h, olimex-arm-usb-tiny-h, olimex-jtag-tiny, tumpa)
PACKAGES: 
 - contrib-piohome @ 3.4.4 
 - framework-arduinoespressif32 @ 3.3.6 
 - framework-arduinoespressif32-libs @ 5.5.0+sha.f56bea3d1f 
 - tool-esptoolpy @ 5.1.0 
 - toolchain-riscv32-esp @ 14.2.0+20251107
LDF: Library Dependency Finder -> https://bit.ly/configure-pio-ldf
LDF Modes: Finder ~ chain, Compatibility ~ soft
Found 44 compatible libraries
Scanning dependencies...
Dependency Graph
|-- p4sdm-es8311 @ 1.0.0
|-- SD_MMC @ 3.3.6
Building in release mode
Compiling .pio\build\guition_ui_audio_m41\lib94c\es8311\es8311.c.o
Compiling .pio\build\guition_ui_audio_m41\lib7fe\FS\FS.cpp.o
Compiling .pio\build\guition_ui_audio_m41\lib7fe\FS\vfs_api.cpp.o
Compiling .pio\build\guition_ui_audio_m41\liba11\SD_MMC\SD_MMC.cpp.o
Compiling .pio\build\guition_ui_audio_m41\src\hal\audio_hal.cpp.o
Compiling .pio\build\guition_ui_audio_m41\src\hal\display_hal.cpp.o
Compiling .pio\build\guition_ui_audio_m41\src\hal\guition_board.cpp.o
Compiling .pio\build\guition_ui_audio_m41\src\hal\storage_hal.cpp.o
Compiling .pio\build\guition_ui_audio_m41\src\hal\touch_hal.cpp.o
Compiling .pio\build\guition_ui_audio_m41\src\synth_diagnostic.cpp.o
Building .pio\build\guition_ui_audio_m41\bootloader.bin
Generating partitions .pio\build\guition_ui_audio_m41\partitions.bin
Compiling .pio\build\guition_ui_audio_m41\FrameworkArduino\ColorFormat.c.o
Compiling .pio\build\guition_ui_audio_m41\FrameworkArduino\Esp.cpp.o
Compiling .pio\build\guition_ui_audio_m41\FrameworkArduino\FirmwareMSC.cpp.o
Compiling .pio\build\guition_ui_audio_m41\FrameworkArduino\FunctionalInterrupt.cpp.o
Compiling .pio\build\guition_ui_audio_m41\FrameworkArduino\HEXBuilder.cpp.o
Compiling .pio\build\guition_ui_audio_m41\FrameworkArduino\HWCDC.cpp.o
esptool v5.1.0
Creating ESP32P4 image...
Merged 2 ELF sections.
Successfully created ESP32P4 image.
Compiling .pio\build\guition_ui_audio_m41\FrameworkArduino\HardwareSerial.cpp.o
Compiling .pio\build\guition_ui_audio_m41\FrameworkArduino\HashBuilder.cpp.o
Compiling .pio\build\guition_ui_audio_m41\FrameworkArduino\IPAddress.cpp.o
Compiling .pio\build\guition_ui_audio_m41\FrameworkArduino\MD5Builder.cpp.o
Compiling .pio\build\guition_ui_audio_m41\FrameworkArduino\MacAddress.cpp.o
Compiling .pio\build\guition_ui_audio_m41\FrameworkArduino\Print.cpp.o
Compiling .pio\build\guition_ui_audio_m41\FrameworkArduino\Stream.cpp.o
In file included from C:/.platformio/packages/framework-arduinoespressif32-libs/esp32p4_es/include/esp_hw_support/include/esp_private/regi2c_ctrl.h:15,
                 from C:/.platformio/packages/framework-arduinoespressif32-libs/esp32p4_es/include/hal/platform_port/include/hal/regi2c_ctrl.h:17,
                 from C:/.platformio/packages/framework-arduinoespressif32-libs/esp32p4_es/include/hal/esp32p4/include/hal/clk_tree_ll.h:19,
                 from C:/.platformio/packages/framework-arduinoespressif32-libs/esp32p4_es/include/hal/esp32p4/include/hal/spimem_flash_ll.h:32,
                 from C:/.platformio/packages/framework-arduinoespressif32-libs/esp32p4_es/include/hal/esp32p4/include/hal/spi_flash_ll.h:18,
                 from C:/.platformio/packages/framework-arduinoespressif32/cores/esp32/Esp.cpp:41:
C:/.platformio/packages/framework-arduinoespressif32-libs/esp32p4_es/include/esp_hw_support/include/esp_private/periph_ctrl.h:87:64: warning: invalid suffix on literal; C++11 requires a space between literal and string macro [-Wliteral-suffix]
   87 | #define __PERIPH_CTRL_DEPRECATE_ATTR __attribute__((deprecated("This function is not functional on "CONFIG_IDF_TARGET)))
      |                                                                ^
Compiling .pio\build\guition_ui_audio_m41\FrameworkArduino\StreamString.cpp.o
Compiling .pio\build\guition_ui_audio_m41\FrameworkArduino\Tone.cpp.o
Compiling .pio\build\guition_ui_audio_m41\FrameworkArduino\USB.cpp.o
Compiling .pio\build\guition_ui_audio_m41\FrameworkArduino\USBCDC.cpp.o
Compiling .pio\build\guition_ui_audio_m41\FrameworkArduino\USBMSC.cpp.o
Compiling .pio\build\guition_ui_audio_m41\FrameworkArduino\WMath.cpp.o
Compiling .pio\build\guition_ui_audio_m41\FrameworkArduino\WString.cpp.o
Compiling .pio\build\guition_ui_audio_m41\FrameworkArduino\base64.cpp.o
Compiling .pio\build\guition_ui_audio_m41\FrameworkArduino\cbuf.cpp.o
Compiling .pio\build\guition_ui_audio_m41\FrameworkArduino\chip-debug-report.cpp.o
Compiling .pio\build\guition_ui_audio_m41\FrameworkArduino\esp32-hal-adc.c.o
Compiling .pio\build\guition_ui_audio_m41\FrameworkArduino\esp32-hal-bt.c.o
Compiling .pio\build\guition_ui_audio_m41\FrameworkArduino\esp32-hal-cpu.c.o
Compiling .pio\build\guition_ui_audio_m41\FrameworkArduino\esp32-hal-dac.c.o
Compiling .pio\build\guition_ui_audio_m41\FrameworkArduino\esp32-hal-gpio.c.o
Compiling .pio\build\guition_ui_audio_m41\FrameworkArduino\esp32-hal-hosted.c.o
Compiling .pio\build\guition_ui_audio_m41\FrameworkArduino\esp32-hal-i2c-ng.c.o
Compiling .pio\build\guition_ui_audio_m41\FrameworkArduino\esp32-hal-i2c-slave.c.o
Compiling .pio\build\guition_ui_audio_m41\FrameworkArduino\esp32-hal-i2c.c.o
Compiling .pio\build\guition_ui_audio_m41\FrameworkArduino\esp32-hal-ledc.c.o
Compiling .pio\build\guition_ui_audio_m41\FrameworkArduino\esp32-hal-log-wrapper.c.o
Compiling .pio\build\guition_ui_audio_m41\FrameworkArduino\esp32-hal-matrix.c.o
Compiling .pio\build\guition_ui_audio_m41\FrameworkArduino\esp32-hal-misc.c.o
Compiling .pio\build\guition_ui_audio_m41\FrameworkArduino\esp32-hal-periman.c.o
Compiling .pio\build\guition_ui_audio_m41\FrameworkArduino\esp32-hal-psram.c.o
Compiling .pio\build\guition_ui_audio_m41\FrameworkArduino\esp32-hal-rgb-led.c.o
Compiling .pio\build\guition_ui_audio_m41\FrameworkArduino\esp32-hal-rmt.c.o
Compiling .pio\build\guition_ui_audio_m41\FrameworkArduino\esp32-hal-sigmadelta.c.o
Compiling .pio\build\guition_ui_audio_m41\FrameworkArduino\esp32-hal-spi.c.o
Compiling .pio\build\guition_ui_audio_m41\FrameworkArduino\esp32-hal-time.c.o
Compiling .pio\build\guition_ui_audio_m41\FrameworkArduino\esp32-hal-timer.c.o
Compiling .pio\build\guition_ui_audio_m41\FrameworkArduino\esp32-hal-tinyusb.c.o
Compiling .pio\build\guition_ui_audio_m41\FrameworkArduino\esp32-hal-touch-ng.c.o
Compiling .pio\build\guition_ui_audio_m41\FrameworkArduino\esp32-hal-touch.c.o
Compiling .pio\build\guition_ui_audio_m41\FrameworkArduino\esp32-hal-uart.c.o
Compiling .pio\build\guition_ui_audio_m41\FrameworkArduino\firmware_msc_fat.c.o
Compiling .pio\build\guition_ui_audio_m41\FrameworkArduino\freertos_stats.cpp.o
In file included from C:/.platformio/packages/framework-arduinoespressif32/cores/esp32/esp32-hal-spi.c:65:
C:/.platformio/packages/framework-arduinoespressif32/cores/esp32/esp32-hal-spi.c: In function '_spiSetClockDivInternal':
C:/.platformio/packages/framework-arduinoespressif32/cores/esp32/esp32-hal-spi.c:582:32: warning: passing argument 1 of 'spi_ll_set_clk_source' discards 'volatile' qualifier from pointer target type [-Wdiscarded-qualifiers]
  582 |       spi_ll_set_clk_source(spi->dev, new_clk_src ? SPI_CLK_SRC_SPLL : SPI_CLK_SRC_XTAL);
      |                             ~~~^~~~~
C:/.platformio/packages/framework-arduinoespressif32-libs/esp32p4_es/include/hal/esp32p4/include/hal/spi_ll.h:203:90: note: in definition of macro 'spi_ll_set_clk_source'
  203 | #define spi_ll_set_clk_source(...) (void)__DECLARE_RCC_ATOMIC_ENV; spi_ll_set_clk_source(__VA_ARGS__)
      |                                                                                          ^~~~~~~~~~~
C:/.platformio/packages/framework-arduinoespressif32-libs/esp32p4_es/include/hal/esp32p4/include/hal/spi_ll.h:177:53: note: expected 'spi_dev_t *' but argument is of type 'volatile spi_dev_t *'
  177 | static inline void spi_ll_set_clk_source(spi_dev_t *hw, spi_clock_source_t clk_source)
      |                                          ~~~~~~~~~~~^~
Compiling .pio\build\guition_ui_audio_m41\FrameworkArduino\libb64\cdecode.c.o
Compiling .pio\build\guition_ui_audio_m41\FrameworkArduino\libb64\cencode.c.o
Compiling .pio\build\guition_ui_audio_m41\FrameworkArduino\main.cpp.o
Compiling .pio\build\guition_ui_audio_m41\FrameworkArduino\stdlib_noniso.c.o
Compiling .pio\build\guition_ui_audio_m41\FrameworkArduino\wiring_pulse.c.o
Compiling .pio\build\guition_ui_audio_m41\FrameworkArduino\wiring_shift.c.o
Archiving .pio\build\guition_ui_audio_m41\libFrameworkArduino.a
Indexing .pio\build\guition_ui_audio_m41\libFrameworkArduino.a
Linking .pio\build\guition_ui_audio_m41\firmware.elf
Firmware metrics can not be shown. Set the terminal codepage to "utf-8" or "cp65001" on Windows.
Retrieving maximum program size .pio\build\guition_ui_audio_m41\firmware.elf
Checking size .pio\build\guition_ui_audio_m41\firmware.elf
Advanced Memory Usage is available via "PlatformIO Home > Project Inspect"
RAM:   [==        ]  18.7% (used 61172 bytes from 327680 bytes)
Flash: [=         ]   8.3% (used 545844 bytes from 6553600 bytes)
Building .pio\build\guition_ui_audio_m41\firmware.bin
esptool v5.1.0
Creating ESP32P4 image...
Merged 4 ELF sections.
Successfully created ESP32P4 image.
========================= [SUCCESS] Took 96.17 seconds =========================

Processing guition_app (platform: https://github.com/pioarduino/platform-espressif32/releases/download/55.03.36-1/platform-espressif32.zip; board: jc4880p4; framework: arduino)
--------------------------------------------------------------------------------
Verbose mode can be enabled via `-v, --verbose` option
CONFIGURATION: https://docs.platformio.org/page/boards/espressif32/jc4880p4.html
PLATFORM: Espressif 32 (55.3.36) > Guition JC4880P443C_I_W (JC-ESP32P4-M3, ESP32-P4 ES + C6)
HARDWARE: ESP32P4 360MHz, 320KB RAM, 16MB Flash
DEBUG: Current (cmsis-dap) External (cmsis-dap, esp-bridge, esp-builtin, esp-prog, iot-bus-jtag, jlink, minimodule, olimex-arm-usb-ocd, olimex-arm-usb-ocd-h, olimex-arm-usb-tiny-h, olimex-jtag-tiny, tumpa)
PACKAGES: 
 - contrib-piohome @ 3.4.4 
 - framework-arduinoespressif32 @ 3.3.6 
 - framework-arduinoespressif32-libs @ 5.5.0+sha.f56bea3d1f 
 - tool-esptoolpy @ 5.1.0 
 - toolchain-riscv32-esp @ 14.2.0+20251107
LDF: Library Dependency Finder -> https://bit.ly/configure-pio-ldf
LDF Modes: Finder ~ chain, Compatibility ~ soft
Found 44 compatible libraries
Scanning dependencies...
Dependency Graph
|-- p4sdm-es8311 @ 1.0.0
|-- SD_MMC @ 3.3.6
Building in release mode
Compiling .pio\build\guition_app\src\app\samples.cpp.o
Linking .pio\build\guition_app\firmware.elf
Firmware metrics can not be shown. Set the terminal codepage to "utf-8" or "cp65001" on Windows.
Retrieving maximum program size .pio\build\guition_app\firmware.elf
Checking size .pio\build\guition_app\firmware.elf
Advanced Memory Usage is available via "PlatformIO Home > Project Inspect"
RAM:   [===       ]  25.4% (used 83264 bytes from 327680 bytes)
Flash: [=         ]  10.6% (used 695692 bytes from 6553600 bytes)
Building .pio\build\guition_app\firmware.bin
esptool v5.1.0
Creating ESP32P4 image...
Merged 4 ELF sections.
Successfully created ESP32P4 image.
========================= [SUCCESS] Took 44.55 seconds =========================

Processing guition_app_stress (platform: https://github.com/pioarduino/platform-espressif32/releases/download/55.03.36-1/platform-espressif32.zip; board: jc4880p4; framework: arduino)
--------------------------------------------------------------------------------
Verbose mode can be enabled via `-v, --verbose` option
CONFIGURATION: https://docs.platformio.org/page/boards/espressif32/jc4880p4.html
PLATFORM: Espressif 32 (55.3.36) > Guition JC4880P443C_I_W (JC-ESP32P4-M3, ESP32-P4 ES + C6)
HARDWARE: ESP32P4 360MHz, 320KB RAM, 16MB Flash
DEBUG: Current (cmsis-dap) External (cmsis-dap, esp-bridge, esp-builtin, esp-prog, iot-bus-jtag, jlink, minimodule, olimex-arm-usb-ocd, olimex-arm-usb-ocd-h, olimex-arm-usb-tiny-h, olimex-jtag-tiny, tumpa)
PACKAGES: 
 - contrib-piohome @ 3.4.4 
 - framework-arduinoespressif32 @ 3.3.6 
 - framework-arduinoespressif32-libs @ 5.5.0+sha.f56bea3d1f 
 - tool-esptoolpy @ 5.1.0 
 - toolchain-riscv32-esp @ 14.2.0+20251107
LDF: Library Dependency Finder -> https://bit.ly/configure-pio-ldf
LDF Modes: Finder ~ chain, Compatibility ~ soft
Found 44 compatible libraries
Scanning dependencies...
Dependency Graph
|-- p4sdm-es8311 @ 1.0.0
|-- SD_MMC @ 3.3.6
Building in release mode
Compiling .pio\build\guition_app_stress\lib94c\es8311\es8311.c.o
Compiling .pio\build\guition_app_stress\lib7fe\FS\FS.cpp.o
Compiling .pio\build\guition_app_stress\lib7fe\FS\vfs_api.cpp.o
Compiling .pio\build\guition_app_stress\liba11\SD_MMC\SD_MMC.cpp.o
Compiling .pio\build\guition_app_stress\src\app\projects.cpp.o
Compiling .pio\build\guition_app_stress\src\app\samples.cpp.o
Compiling .pio\build\guition_app_stress\src\app\transient_service.cpp.o
Compiling .pio\build\guition_app_stress\src\app_main.cpp.o
Compiling .pio\build\guition_app_stress\src\hal\audio_hal.cpp.o
Compiling .pio\build\guition_app_stress\src\hal\display_hal.cpp.o
Compiling .pio\build\guition_app_stress\src\hal\guition_board.cpp.o
Compiling .pio\build\guition_app_stress\src\hal\storage_hal.cpp.o
Compiling .pio\build\guition_app_stress\src\hal\touch_hal.cpp.o
Building .pio\build\guition_app_stress\bootloader.bin
Generating partitions .pio\build\guition_app_stress\partitions.bin
Compiling .pio\build\guition_app_stress\FrameworkArduino\ColorFormat.c.o
Compiling .pio\build\guition_app_stress\FrameworkArduino\Esp.cpp.o
Compiling .pio\build\guition_app_stress\FrameworkArduino\FirmwareMSC.cpp.o
esptool v5.1.0
Creating ESP32P4 image...
Merged 2 ELF sections.
Successfully created ESP32P4 image.
Compiling .pio\build\guition_app_stress\FrameworkArduino\FunctionalInterrupt.cpp.o
Compiling .pio\build\guition_app_stress\FrameworkArduino\HEXBuilder.cpp.o
Compiling .pio\build\guition_app_stress\FrameworkArduino\HWCDC.cpp.o
Compiling .pio\build\guition_app_stress\FrameworkArduino\HardwareSerial.cpp.o
Compiling .pio\build\guition_app_stress\FrameworkArduino\HashBuilder.cpp.o
Compiling .pio\build\guition_app_stress\FrameworkArduino\IPAddress.cpp.o
Compiling .pio\build\guition_app_stress\FrameworkArduino\MD5Builder.cpp.o
In file included from C:/.platformio/packages/framework-arduinoespressif32-libs/esp32p4_es/include/esp_hw_support/include/esp_private/regi2c_ctrl.h:15,
                 from C:/.platformio/packages/framework-arduinoespressif32-libs/esp32p4_es/include/hal/platform_port/include/hal/regi2c_ctrl.h:17,
                 from C:/.platformio/packages/framework-arduinoespressif32-libs/esp32p4_es/include/hal/esp32p4/include/hal/clk_tree_ll.h:19,
                 from C:/.platformio/packages/framework-arduinoespressif32-libs/esp32p4_es/include/hal/esp32p4/include/hal/spimem_flash_ll.h:32,
                 from C:/.platformio/packages/framework-arduinoespressif32-libs/esp32p4_es/include/hal/esp32p4/include/hal/spi_flash_ll.h:18,
                 from C:/.platformio/packages/framework-arduinoespressif32/cores/esp32/Esp.cpp:41:
C:/.platformio/packages/framework-arduinoespressif32-libs/esp32p4_es/include/esp_hw_support/include/esp_private/periph_ctrl.h:87:64: warning: invalid suffix on literal; C++11 requires a space between literal and string macro [-Wliteral-suffix]
   87 | #define __PERIPH_CTRL_DEPRECATE_ATTR __attribute__((deprecated("This function is not functional on "CONFIG_IDF_TARGET)))
      |                                                                ^
Compiling .pio\build\guition_app_stress\FrameworkArduino\MacAddress.cpp.o
Compiling .pio\build\guition_app_stress\FrameworkArduino\Print.cpp.o
Compiling .pio\build\guition_app_stress\FrameworkArduino\Stream.cpp.o
Compiling .pio\build\guition_app_stress\FrameworkArduino\StreamString.cpp.o
Compiling .pio\build\guition_app_stress\FrameworkArduino\Tone.cpp.o
Compiling .pio\build\guition_app_stress\FrameworkArduino\USB.cpp.o
Compiling .pio\build\guition_app_stress\FrameworkArduino\USBCDC.cpp.o
Compiling .pio\build\guition_app_stress\FrameworkArduino\USBMSC.cpp.o
Compiling .pio\build\guition_app_stress\FrameworkArduino\WMath.cpp.o
Compiling .pio\build\guition_app_stress\FrameworkArduino\WString.cpp.o
Compiling .pio\build\guition_app_stress\FrameworkArduino\base64.cpp.o
Compiling .pio\build\guition_app_stress\FrameworkArduino\cbuf.cpp.o
Compiling .pio\build\guition_app_stress\FrameworkArduino\chip-debug-report.cpp.o
Compiling .pio\build\guition_app_stress\FrameworkArduino\esp32-hal-adc.c.o
Compiling .pio\build\guition_app_stress\FrameworkArduino\esp32-hal-bt.c.o
Compiling .pio\build\guition_app_stress\FrameworkArduino\esp32-hal-cpu.c.o
Compiling .pio\build\guition_app_stress\FrameworkArduino\esp32-hal-dac.c.o
Compiling .pio\build\guition_app_stress\FrameworkArduino\esp32-hal-gpio.c.o
Compiling .pio\build\guition_app_stress\FrameworkArduino\esp32-hal-hosted.c.o
Compiling .pio\build\guition_app_stress\FrameworkArduino\esp32-hal-i2c-ng.c.o
Compiling .pio\build\guition_app_stress\FrameworkArduino\esp32-hal-i2c-slave.c.o
Compiling .pio\build\guition_app_stress\FrameworkArduino\esp32-hal-i2c.c.o
Compiling .pio\build\guition_app_stress\FrameworkArduino\esp32-hal-ledc.c.o
Compiling .pio\build\guition_app_stress\FrameworkArduino\esp32-hal-log-wrapper.c.o
Compiling .pio\build\guition_app_stress\FrameworkArduino\esp32-hal-matrix.c.o
Compiling .pio\build\guition_app_stress\FrameworkArduino\esp32-hal-misc.c.o
Compiling .pio\build\guition_app_stress\FrameworkArduino\esp32-hal-periman.c.o
Compiling .pio\build\guition_app_stress\FrameworkArduino\esp32-hal-psram.c.o
Compiling .pio\build\guition_app_stress\FrameworkArduino\esp32-hal-rgb-led.c.o
Compiling .pio\build\guition_app_stress\FrameworkArduino\esp32-hal-rmt.c.o
Compiling .pio\build\guition_app_stress\FrameworkArduino\esp32-hal-sigmadelta.c.o
Compiling .pio\build\guition_app_stress\FrameworkArduino\esp32-hal-spi.c.o
Compiling .pio\build\guition_app_stress\FrameworkArduino\esp32-hal-time.c.o
Compiling .pio\build\guition_app_stress\FrameworkArduino\esp32-hal-timer.c.o
Compiling .pio\build\guition_app_stress\FrameworkArduino\esp32-hal-tinyusb.c.o
Compiling .pio\build\guition_app_stress\FrameworkArduino\esp32-hal-touch-ng.c.o
Compiling .pio\build\guition_app_stress\FrameworkArduino\esp32-hal-touch.c.o
Compiling .pio\build\guition_app_stress\FrameworkArduino\esp32-hal-uart.c.o
Compiling .pio\build\guition_app_stress\FrameworkArduino\firmware_msc_fat.c.o
Compiling .pio\build\guition_app_stress\FrameworkArduino\freertos_stats.cpp.o
Compiling .pio\build\guition_app_stress\FrameworkArduino\libb64\cdecode.c.o
In file included from C:/.platformio/packages/framework-arduinoespressif32/cores/esp32/esp32-hal-spi.c:65:
C:/.platformio/packages/framework-arduinoespressif32/cores/esp32/esp32-hal-spi.c: In function '_spiSetClockDivInternal':
C:/.platformio/packages/framework-arduinoespressif32/cores/esp32/esp32-hal-spi.c:582:32: warning: passing argument 1 of 'spi_ll_set_clk_source' discards 'volatile' qualifier from pointer target type [-Wdiscarded-qualifiers]
  582 |       spi_ll_set_clk_source(spi->dev, new_clk_src ? SPI_CLK_SRC_SPLL : SPI_CLK_SRC_XTAL);
      |                             ~~~^~~~~
C:/.platformio/packages/framework-arduinoespressif32-libs/esp32p4_es/include/hal/esp32p4/include/hal/spi_ll.h:203:90: note: in definition of macro 'spi_ll_set_clk_source'
  203 | #define spi_ll_set_clk_source(...) (void)__DECLARE_RCC_ATOMIC_ENV; spi_ll_set_clk_source(__VA_ARGS__)
      |                                                                                          ^~~~~~~~~~~
C:/.platformio/packages/framework-arduinoespressif32-libs/esp32p4_es/include/hal/esp32p4/include/hal/spi_ll.h:177:53: note: expected 'spi_dev_t *' but argument is of type 'volatile spi_dev_t *'
  177 | static inline void spi_ll_set_clk_source(spi_dev_t *hw, spi_clock_source_t clk_source)
      |                                          ~~~~~~~~~~~^~
Compiling .pio\build\guition_app_stress\FrameworkArduino\libb64\cencode.c.o
Compiling .pio\build\guition_app_stress\FrameworkArduino\main.cpp.o
Compiling .pio\build\guition_app_stress\FrameworkArduino\stdlib_noniso.c.o
Compiling .pio\build\guition_app_stress\FrameworkArduino\wiring_pulse.c.o
Compiling .pio\build\guition_app_stress\FrameworkArduino\wiring_shift.c.o
Archiving .pio\build\guition_app_stress\libFrameworkArduino.a
Indexing .pio\build\guition_app_stress\libFrameworkArduino.a
Linking .pio\build\guition_app_stress\firmware.elf
Firmware metrics can not be shown. Set the terminal codepage to "utf-8" or "cp65001" on Windows.
Retrieving maximum program size .pio\build\guition_app_stress\firmware.elf
Checking size .pio\build\guition_app_stress\firmware.elf
Advanced Memory Usage is available via "PlatformIO Home > Project Inspect"
RAM:   [===       ]  25.4% (used 83264 bytes from 327680 bytes)
Flash: [=         ]  10.7% (used 698692 bytes from 6553600 bytes)
Building .pio\build\guition_app_stress\firmware.bin
esptool v5.1.0
Creating ESP32P4 image...
Merged 4 ELF sections.
Successfully created ESP32P4 image.
======================== [SUCCESS] Took 112.83 seconds ========================

Processing guition_sampler_stress (platform: https://github.com/pioarduino/platform-espressif32/releases/download/55.03.36-1/platform-espressif32.zip; board: jc4880p4; framework: arduino)
--------------------------------------------------------------------------------
Verbose mode can be enabled via `-v, --verbose` option
CONFIGURATION: https://docs.platformio.org/page/boards/espressif32/jc4880p4.html
PLATFORM: Espressif 32 (55.3.36) > Guition JC4880P443C_I_W (JC-ESP32P4-M3, ESP32-P4 ES + C6)
HARDWARE: ESP32P4 360MHz, 320KB RAM, 16MB Flash
DEBUG: Current (cmsis-dap) External (cmsis-dap, esp-bridge, esp-builtin, esp-prog, iot-bus-jtag, jlink, minimodule, olimex-arm-usb-ocd, olimex-arm-usb-ocd-h, olimex-arm-usb-tiny-h, olimex-jtag-tiny, tumpa)
PACKAGES: 
 - contrib-piohome @ 3.4.4 
 - framework-arduinoespressif32 @ 3.3.6 
 - framework-arduinoespressif32-libs @ 5.5.0+sha.f56bea3d1f 
 - tool-esptoolpy @ 5.1.0 
 - toolchain-riscv32-esp @ 14.2.0+20251107
LDF: Library Dependency Finder -> https://bit.ly/configure-pio-ldf
LDF Modes: Finder ~ chain, Compatibility ~ soft
Found 44 compatible libraries
Scanning dependencies...
Dependency Graph
|-- p4sdm-es8311 @ 1.0.0
|-- SD_MMC @ 3.3.6
Building in release mode
Compiling .pio\build\guition_sampler_stress\lib94c\es8311\es8311.c.o
Compiling .pio\build\guition_sampler_stress\lib7fe\FS\FS.cpp.o
Compiling .pio\build\guition_sampler_stress\lib7fe\FS\vfs_api.cpp.o
Compiling .pio\build\guition_sampler_stress\liba11\SD_MMC\SD_MMC.cpp.o
Compiling .pio\build\guition_sampler_stress\src\app\projects.cpp.o
Compiling .pio\build\guition_sampler_stress\src\app\samples.cpp.o
Compiling .pio\build\guition_sampler_stress\src\app\transient_service.cpp.o
Compiling .pio\build\guition_sampler_stress\src\app_main.cpp.o
Compiling .pio\build\guition_sampler_stress\src\hal\audio_hal.cpp.o
Compiling .pio\build\guition_sampler_stress\src\hal\display_hal.cpp.o
Compiling .pio\build\guition_sampler_stress\src\hal\guition_board.cpp.o
Compiling .pio\build\guition_sampler_stress\src\hal\storage_hal.cpp.o
Compiling .pio\build\guition_sampler_stress\src\hal\touch_hal.cpp.o
Building .pio\build\guition_sampler_stress\bootloader.bin
Generating partitions .pio\build\guition_sampler_stress\partitions.bin
Compiling .pio\build\guition_sampler_stress\FrameworkArduino\ColorFormat.c.o
Compiling .pio\build\guition_sampler_stress\FrameworkArduino\Esp.cpp.o
Compiling .pio\build\guition_sampler_stress\FrameworkArduino\FirmwareMSC.cpp.o
esptool v5.1.0
Creating ESP32P4 image...
Merged 2 ELF sections.
Successfully created ESP32P4 image.
Compiling .pio\build\guition_sampler_stress\FrameworkArduino\FunctionalInterrupt.cpp.o
Compiling .pio\build\guition_sampler_stress\FrameworkArduino\HEXBuilder.cpp.o
Compiling .pio\build\guition_sampler_stress\FrameworkArduino\HWCDC.cpp.o
Compiling .pio\build\guition_sampler_stress\FrameworkArduino\HardwareSerial.cpp.o
Compiling .pio\build\guition_sampler_stress\FrameworkArduino\HashBuilder.cpp.o
Compiling .pio\build\guition_sampler_stress\FrameworkArduino\IPAddress.cpp.o
Compiling .pio\build\guition_sampler_stress\FrameworkArduino\MD5Builder.cpp.o
In file included from C:/.platformio/packages/framework-arduinoespressif32-libs/esp32p4_es/include/esp_hw_support/include/esp_private/regi2c_ctrl.h:15,
                 from C:/.platformio/packages/framework-arduinoespressif32-libs/esp32p4_es/include/hal/platform_port/include/hal/regi2c_ctrl.h:17,
                 from C:/.platformio/packages/framework-arduinoespressif32-libs/esp32p4_es/include/hal/esp32p4/include/hal/clk_tree_ll.h:19,
                 from C:/.platformio/packages/framework-arduinoespressif32-libs/esp32p4_es/include/hal/esp32p4/include/hal/spimem_flash_ll.h:32,
                 from C:/.platformio/packages/framework-arduinoespressif32-libs/esp32p4_es/include/hal/esp32p4/include/hal/spi_flash_ll.h:18,
                 from C:/.platformio/packages/framework-arduinoespressif32/cores/esp32/Esp.cpp:41:
C:/.platformio/packages/framework-arduinoespressif32-libs/esp32p4_es/include/esp_hw_support/include/esp_private/periph_ctrl.h:87:64: warning: invalid suffix on literal; C++11 requires a space between literal and string macro [-Wliteral-suffix]
   87 | #define __PERIPH_CTRL_DEPRECATE_ATTR __attribute__((deprecated("This function is not functional on "CONFIG_IDF_TARGET)))
      |                                                                ^
Compiling .pio\build\guition_sampler_stress\FrameworkArduino\MacAddress.cpp.o
Compiling .pio\build\guition_sampler_stress\FrameworkArduino\Print.cpp.o
Compiling .pio\build\guition_sampler_stress\FrameworkArduino\Stream.cpp.o
Compiling .pio\build\guition_sampler_stress\FrameworkArduino\StreamString.cpp.o
Compiling .pio\build\guition_sampler_stress\FrameworkArduino\Tone.cpp.o
Compiling .pio\build\guition_sampler_stress\FrameworkArduino\USB.cpp.o
Compiling .pio\build\guition_sampler_stress\FrameworkArduino\USBCDC.cpp.o
Compiling .pio\build\guition_sampler_stress\FrameworkArduino\USBMSC.cpp.o
Compiling .pio\build\guition_sampler_stress\FrameworkArduino\WMath.cpp.o
Compiling .pio\build\guition_sampler_stress\FrameworkArduino\WString.cpp.o
Compiling .pio\build\guition_sampler_stress\FrameworkArduino\base64.cpp.o
Compiling .pio\build\guition_sampler_stress\FrameworkArduino\cbuf.cpp.o
Compiling .pio\build\guition_sampler_stress\FrameworkArduino\chip-debug-report.cpp.o
Compiling .pio\build\guition_sampler_stress\FrameworkArduino\esp32-hal-adc.c.o
Compiling .pio\build\guition_sampler_stress\FrameworkArduino\esp32-hal-bt.c.o
Compiling .pio\build\guition_sampler_stress\FrameworkArduino\esp32-hal-cpu.c.o
Compiling .pio\build\guition_sampler_stress\FrameworkArduino\esp32-hal-dac.c.o
Compiling .pio\build\guition_sampler_stress\FrameworkArduino\esp32-hal-gpio.c.o
Compiling .pio\build\guition_sampler_stress\FrameworkArduino\esp32-hal-hosted.c.o
Compiling .pio\build\guition_sampler_stress\FrameworkArduino\esp32-hal-i2c-ng.c.o
Compiling .pio\build\guition_sampler_stress\FrameworkArduino\esp32-hal-i2c-slave.c.o
Compiling .pio\build\guition_sampler_stress\FrameworkArduino\esp32-hal-i2c.c.o
Compiling .pio\build\guition_sampler_stress\FrameworkArduino\esp32-hal-ledc.c.o
Compiling .pio\build\guition_sampler_stress\FrameworkArduino\esp32-hal-log-wrapper.c.o
Compiling .pio\build\guition_sampler_stress\FrameworkArduino\esp32-hal-matrix.c.o
Compiling .pio\build\guition_sampler_stress\FrameworkArduino\esp32-hal-misc.c.o
Compiling .pio\build\guition_sampler_stress\FrameworkArduino\esp32-hal-periman.c.o
Compiling .pio\build\guition_sampler_stress\FrameworkArduino\esp32-hal-psram.c.o
Compiling .pio\build\guition_sampler_stress\FrameworkArduino\esp32-hal-rgb-led.c.o
Compiling .pio\build\guition_sampler_stress\FrameworkArduino\esp32-hal-rmt.c.o
Compiling .pio\build\guition_sampler_stress\FrameworkArduino\esp32-hal-sigmadelta.c.o
Compiling .pio\build\guition_sampler_stress\FrameworkArduino\esp32-hal-spi.c.o
Compiling .pio\build\guition_sampler_stress\FrameworkArduino\esp32-hal-time.c.o
Compiling .pio\build\guition_sampler_stress\FrameworkArduino\esp32-hal-timer.c.o
Compiling .pio\build\guition_sampler_stress\FrameworkArduino\esp32-hal-tinyusb.c.o
Compiling .pio\build\guition_sampler_stress\FrameworkArduino\esp32-hal-touch-ng.c.o
Compiling .pio\build\guition_sampler_stress\FrameworkArduino\esp32-hal-touch.c.o
Compiling .pio\build\guition_sampler_stress\FrameworkArduino\esp32-hal-uart.c.o
Compiling .pio\build\guition_sampler_stress\FrameworkArduino\firmware_msc_fat.c.o
In file included from C:/.platformio/packages/framework-arduinoespressif32/cores/esp32/esp32-hal-spi.c:65:
C:/.platformio/packages/framework-arduinoespressif32/cores/esp32/esp32-hal-spi.c: In function '_spiSetClockDivInternal':
C:/.platformio/packages/framework-arduinoespressif32/cores/esp32/esp32-hal-spi.c:582:32: warning: passing argument 1 of 'spi_ll_set_clk_source' discards 'volatile' qualifier from pointer target type [-Wdiscarded-qualifiers]
  582 |       spi_ll_set_clk_source(spi->dev, new_clk_src ? SPI_CLK_SRC_SPLL : SPI_CLK_SRC_XTAL);
      |                             ~~~^~~~~
C:/.platformio/packages/framework-arduinoespressif32-libs/esp32p4_es/include/hal/esp32p4/include/hal/spi_ll.h:203:90: note: in definition of macro 'spi_ll_set_clk_source'
  203 | #define spi_ll_set_clk_source(...) (void)__DECLARE_RCC_ATOMIC_ENV; spi_ll_set_clk_source(__VA_ARGS__)
      |                                                                                          ^~~~~~~~~~~
C:/.platformio/packages/framework-arduinoespressif32-libs/esp32p4_es/include/hal/esp32p4/include/hal/spi_ll.h:177:53: note: expected 'spi_dev_t *' but argument is of type 'volatile spi_dev_t *'
  177 | static inline void spi_ll_set_clk_source(spi_dev_t *hw, spi_clock_source_t clk_source)
      |                                          ~~~~~~~~~~~^~
Compiling .pio\build\guition_sampler_stress\FrameworkArduino\freertos_stats.cpp.o
Compiling .pio\build\guition_sampler_stress\FrameworkArduino\libb64\cdecode.c.o
Compiling .pio\build\guition_sampler_stress\FrameworkArduino\libb64\cencode.c.o
Compiling .pio\build\guition_sampler_stress\FrameworkArduino\main.cpp.o
Compiling .pio\build\guition_sampler_stress\FrameworkArduino\stdlib_noniso.c.o
Compiling .pio\build\guition_sampler_stress\FrameworkArduino\wiring_pulse.c.o
Compiling .pio\build\guition_sampler_stress\FrameworkArduino\wiring_shift.c.o
Archiving .pio\build\guition_sampler_stress\libFrameworkArduino.a
Indexing .pio\build\guition_sampler_stress\libFrameworkArduino.a
Linking .pio\build\guition_sampler_stress\firmware.elf
Firmware metrics can not be shown. Set the terminal codepage to "utf-8" or "cp65001" on Windows.
Retrieving maximum program size .pio\build\guition_sampler_stress\firmware.elf
Checking size .pio\build\guition_sampler_stress\firmware.elf
Advanced Memory Usage is available via "PlatformIO Home > Project Inspect"
RAM:   [===       ]  25.4% (used 83264 bytes from 327680 bytes)
Flash: [=         ]  10.7% (used 698374 bytes from 6553600 bytes)
Building .pio\build\guition_sampler_stress\firmware.bin
esptool v5.1.0
Creating ESP32P4 image...
Merged 4 ELF sections.
Successfully created ESP32P4 image.
========================= [SUCCESS] Took 97.63 seconds =========================

Processing guition_sample_playback_stress (platform: https://github.com/pioarduino/platform-espressif32/releases/download/55.03.36-1/platform-espressif32.zip; board: jc4880p4; framework: arduino)
--------------------------------------------------------------------------------
Verbose mode can be enabled via `-v, --verbose` option
CONFIGURATION: https://docs.platformio.org/page/boards/espressif32/jc4880p4.html
PLATFORM: Espressif 32 (55.3.36) > Guition JC4880P443C_I_W (JC-ESP32P4-M3, ESP32-P4 ES + C6)
HARDWARE: ESP32P4 360MHz, 320KB RAM, 16MB Flash
DEBUG: Current (cmsis-dap) External (cmsis-dap, esp-bridge, esp-builtin, esp-prog, iot-bus-jtag, jlink, minimodule, olimex-arm-usb-ocd, olimex-arm-usb-ocd-h, olimex-arm-usb-tiny-h, olimex-jtag-tiny, tumpa)
PACKAGES: 
 - contrib-piohome @ 3.4.4 
 - framework-arduinoespressif32 @ 3.3.6 
 - framework-arduinoespressif32-libs @ 5.5.0+sha.f56bea3d1f 
 - tool-esptoolpy @ 5.1.0 
 - toolchain-riscv32-esp @ 14.2.0+20251107
LDF: Library Dependency Finder -> https://bit.ly/configure-pio-ldf
LDF Modes: Finder ~ chain, Compatibility ~ soft
Found 44 compatible libraries
Scanning dependencies...
Dependency Graph
|-- p4sdm-es8311 @ 1.0.0
|-- SD_MMC @ 3.3.6
Building in release mode
Compiling .pio\build\guition_sample_playback_stress\lib94c\es8311\es8311.c.o
Compiling .pio\build\guition_sample_playback_stress\lib7fe\FS\FS.cpp.o
Compiling .pio\build\guition_sample_playback_stress\lib7fe\FS\vfs_api.cpp.o
Compiling .pio\build\guition_sample_playback_stress\liba11\SD_MMC\SD_MMC.cpp.o
Compiling .pio\build\guition_sample_playback_stress\src\app\projects.cpp.o
Compiling .pio\build\guition_sample_playback_stress\src\app\samples.cpp.o
Compiling .pio\build\guition_sample_playback_stress\src\app\transient_service.cpp.o
Compiling .pio\build\guition_sample_playback_stress\src\app_main.cpp.o
Compiling .pio\build\guition_sample_playback_stress\src\hal\audio_hal.cpp.o
Compiling .pio\build\guition_sample_playback_stress\src\hal\display_hal.cpp.o
Compiling .pio\build\guition_sample_playback_stress\src\hal\guition_board.cpp.o
Compiling .pio\build\guition_sample_playback_stress\src\hal\storage_hal.cpp.o
Compiling .pio\build\guition_sample_playback_stress\src\hal\touch_hal.cpp.o
Building .pio\build\guition_sample_playback_stress\bootloader.bin
Generating partitions .pio\build\guition_sample_playback_stress\partitions.bin
Compiling .pio\build\guition_sample_playback_stress\FrameworkArduino\ColorFormat.c.o
Compiling .pio\build\guition_sample_playback_stress\FrameworkArduino\Esp.cpp.o
Compiling .pio\build\guition_sample_playback_stress\FrameworkArduino\FirmwareMSC.cpp.o
esptool v5.1.0
Creating ESP32P4 image...
Merged 2 ELF sections.
Successfully created ESP32P4 image.
Compiling .pio\build\guition_sample_playback_stress\FrameworkArduino\FunctionalInterrupt.cpp.o
Compiling .pio\build\guition_sample_playback_stress\FrameworkArduino\HEXBuilder.cpp.o
Compiling .pio\build\guition_sample_playback_stress\FrameworkArduino\HWCDC.cpp.o
Compiling .pio\build\guition_sample_playback_stress\FrameworkArduino\HardwareSerial.cpp.o
Compiling .pio\build\guition_sample_playback_stress\FrameworkArduino\HashBuilder.cpp.o
Compiling .pio\build\guition_sample_playback_stress\FrameworkArduino\IPAddress.cpp.o
Compiling .pio\build\guition_sample_playback_stress\FrameworkArduino\MD5Builder.cpp.o
In file included from C:/.platformio/packages/framework-arduinoespressif32-libs/esp32p4_es/include/esp_hw_support/include/esp_private/regi2c_ctrl.h:15,
                 from C:/.platformio/packages/framework-arduinoespressif32-libs/esp32p4_es/include/hal/platform_port/include/hal/regi2c_ctrl.h:17,
                 from C:/.platformio/packages/framework-arduinoespressif32-libs/esp32p4_es/include/hal/esp32p4/include/hal/clk_tree_ll.h:19,
                 from C:/.platformio/packages/framework-arduinoespressif32-libs/esp32p4_es/include/hal/esp32p4/include/hal/spimem_flash_ll.h:32,
                 from C:/.platformio/packages/framework-arduinoespressif32-libs/esp32p4_es/include/hal/esp32p4/include/hal/spi_flash_ll.h:18,
                 from C:/.platformio/packages/framework-arduinoespressif32/cores/esp32/Esp.cpp:41:
C:/.platformio/packages/framework-arduinoespressif32-libs/esp32p4_es/include/esp_hw_support/include/esp_private/periph_ctrl.h:87:64: warning: invalid suffix on literal; C++11 requires a space between literal and string macro [-Wliteral-suffix]
   87 | #define __PERIPH_CTRL_DEPRECATE_ATTR __attribute__((deprecated("This function is not functional on "CONFIG_IDF_TARGET)))
      |                                                                ^
Compiling .pio\build\guition_sample_playback_stress\FrameworkArduino\MacAddress.cpp.o
Compiling .pio\build\guition_sample_playback_stress\FrameworkArduino\Print.cpp.o
Compiling .pio\build\guition_sample_playback_stress\FrameworkArduino\Stream.cpp.o
Compiling .pio\build\guition_sample_playback_stress\FrameworkArduino\StreamString.cpp.o
Compiling .pio\build\guition_sample_playback_stress\FrameworkArduino\Tone.cpp.o
Compiling .pio\build\guition_sample_playback_stress\FrameworkArduino\USB.cpp.o
Compiling .pio\build\guition_sample_playback_stress\FrameworkArduino\USBCDC.cpp.o
Compiling .pio\build\guition_sample_playback_stress\FrameworkArduino\USBMSC.cpp.o
Compiling .pio\build\guition_sample_playback_stress\FrameworkArduino\WMath.cpp.o
Compiling .pio\build\guition_sample_playback_stress\FrameworkArduino\WString.cpp.o
Compiling .pio\build\guition_sample_playback_stress\FrameworkArduino\base64.cpp.o
Compiling .pio\build\guition_sample_playback_stress\FrameworkArduino\cbuf.cpp.o
Compiling .pio\build\guition_sample_playback_stress\FrameworkArduino\chip-debug-report.cpp.o
Compiling .pio\build\guition_sample_playback_stress\FrameworkArduino\esp32-hal-adc.c.o
Compiling .pio\build\guition_sample_playback_stress\FrameworkArduino\esp32-hal-bt.c.o
Compiling .pio\build\guition_sample_playback_stress\FrameworkArduino\esp32-hal-cpu.c.o
Compiling .pio\build\guition_sample_playback_stress\FrameworkArduino\esp32-hal-dac.c.o
Compiling .pio\build\guition_sample_playback_stress\FrameworkArduino\esp32-hal-gpio.c.o
Compiling .pio\build\guition_sample_playback_stress\FrameworkArduino\esp32-hal-hosted.c.o
Compiling .pio\build\guition_sample_playback_stress\FrameworkArduino\esp32-hal-i2c-ng.c.o
Compiling .pio\build\guition_sample_playback_stress\FrameworkArduino\esp32-hal-i2c-slave.c.o
Compiling .pio\build\guition_sample_playback_stress\FrameworkArduino\esp32-hal-i2c.c.o
Compiling .pio\build\guition_sample_playback_stress\FrameworkArduino\esp32-hal-ledc.c.o
Compiling .pio\build\guition_sample_playback_stress\FrameworkArduino\esp32-hal-log-wrapper.c.o
Compiling .pio\build\guition_sample_playback_stress\FrameworkArduino\esp32-hal-matrix.c.o
Compiling .pio\build\guition_sample_playback_stress\FrameworkArduino\esp32-hal-misc.c.o
Compiling .pio\build\guition_sample_playback_stress\FrameworkArduino\esp32-hal-periman.c.o
Compiling .pio\build\guition_sample_playback_stress\FrameworkArduino\esp32-hal-psram.c.o
Compiling .pio\build\guition_sample_playback_stress\FrameworkArduino\esp32-hal-rgb-led.c.o
Compiling .pio\build\guition_sample_playback_stress\FrameworkArduino\esp32-hal-rmt.c.o
Compiling .pio\build\guition_sample_playback_stress\FrameworkArduino\esp32-hal-sigmadelta.c.o
Compiling .pio\build\guition_sample_playback_stress\FrameworkArduino\esp32-hal-spi.c.o
Compiling .pio\build\guition_sample_playback_stress\FrameworkArduino\esp32-hal-time.c.o
Compiling .pio\build\guition_sample_playback_stress\FrameworkArduino\esp32-hal-timer.c.o
Compiling .pio\build\guition_sample_playback_stress\FrameworkArduino\esp32-hal-tinyusb.c.o
Compiling .pio\build\guition_sample_playback_stress\FrameworkArduino\esp32-hal-touch-ng.c.o
Compiling .pio\build\guition_sample_playback_stress\FrameworkArduino\esp32-hal-touch.c.o
Compiling .pio\build\guition_sample_playback_stress\FrameworkArduino\esp32-hal-uart.c.o
Compiling .pio\build\guition_sample_playback_stress\FrameworkArduino\firmware_msc_fat.c.o
Compiling .pio\build\guition_sample_playback_stress\FrameworkArduino\freertos_stats.cpp.o
Compiling .pio\build\guition_sample_playback_stress\FrameworkArduino\libb64\cdecode.c.o
In file included from C:/.platformio/packages/framework-arduinoespressif32/cores/esp32/esp32-hal-spi.c:65:
C:/.platformio/packages/framework-arduinoespressif32/cores/esp32/esp32-hal-spi.c: In function '_spiSetClockDivInternal':
C:/.platformio/packages/framework-arduinoespressif32/cores/esp32/esp32-hal-spi.c:582:32: warning: passing argument 1 of 'spi_ll_set_clk_source' discards 'volatile' qualifier from pointer target type [-Wdiscarded-qualifiers]
  582 |       spi_ll_set_clk_source(spi->dev, new_clk_src ? SPI_CLK_SRC_SPLL : SPI_CLK_SRC_XTAL);
      |                             ~~~^~~~~
C:/.platformio/packages/framework-arduinoespressif32-libs/esp32p4_es/include/hal/esp32p4/include/hal/spi_ll.h:203:90: note: in definition of macro 'spi_ll_set_clk_source'
  203 | #define spi_ll_set_clk_source(...) (void)__DECLARE_RCC_ATOMIC_ENV; spi_ll_set_clk_source(__VA_ARGS__)
      |                                                                                          ^~~~~~~~~~~
C:/.platformio/packages/framework-arduinoespressif32-libs/esp32p4_es/include/hal/esp32p4/include/hal/spi_ll.h:177:53: note: expected 'spi_dev_t *' but argument is of type 'volatile spi_dev_t *'
  177 | static inline void spi_ll_set_clk_source(spi_dev_t *hw, spi_clock_source_t clk_source)
      |                                          ~~~~~~~~~~~^~
Compiling .pio\build\guition_sample_playback_stress\FrameworkArduino\libb64\cencode.c.o
Compiling .pio\build\guition_sample_playback_stress\FrameworkArduino\main.cpp.o
Compiling .pio\build\guition_sample_playback_stress\FrameworkArduino\stdlib_noniso.c.o
Compiling .pio\build\guition_sample_playback_stress\FrameworkArduino\wiring_pulse.c.o
Compiling .pio\build\guition_sample_playback_stress\FrameworkArduino\wiring_shift.c.o
Archiving .pio\build\guition_sample_playback_stress\libFrameworkArduino.a
Indexing .pio\build\guition_sample_playback_stress\libFrameworkArduino.a
Linking .pio\build\guition_sample_playback_stress\firmware.elf
Firmware metrics can not be shown. Set the terminal codepage to "utf-8" or "cp65001" on Windows.
Retrieving maximum program size .pio\build\guition_sample_playback_stress\firmware.elf
Checking size .pio\build\guition_sample_playback_stress\firmware.elf
Advanced Memory Usage is available via "PlatformIO Home > Project Inspect"
RAM:   [==        ]  19.9% (used 65052 bytes from 327680 bytes)
Flash: [=         ]  11.1% (used 725050 bytes from 6553600 bytes)
Building .pio\build\guition_sample_playback_stress\firmware.bin
esptool v5.1.0
Creating ESP32P4 image...
Merged 4 ELF sections.
Successfully created ESP32P4 image.
========================= [SUCCESS] Took 94.47 seconds =========================

Processing guition_sample_slice_stress (platform: https://github.com/pioarduino/platform-espressif32/releases/download/55.03.36-1/platform-espressif32.zip; board: jc4880p4; framework: arduino)
--------------------------------------------------------------------------------
Verbose mode can be enabled via `-v, --verbose` option
CONFIGURATION: https://docs.platformio.org/page/boards/espressif32/jc4880p4.html
PLATFORM: Espressif 32 (55.3.36) > Guition JC4880P443C_I_W (JC-ESP32P4-M3, ESP32-P4 ES + C6)
HARDWARE: ESP32P4 360MHz, 320KB RAM, 16MB Flash
DEBUG: Current (cmsis-dap) External (cmsis-dap, esp-bridge, esp-builtin, esp-prog, iot-bus-jtag, jlink, minimodule, olimex-arm-usb-ocd, olimex-arm-usb-ocd-h, olimex-arm-usb-tiny-h, olimex-jtag-tiny, tumpa)
PACKAGES: 
 - contrib-piohome @ 3.4.4 
 - framework-arduinoespressif32 @ 3.3.6 
 - framework-arduinoespressif32-libs @ 5.5.0+sha.f56bea3d1f 
 - tool-esptoolpy @ 5.1.0 
 - toolchain-riscv32-esp @ 14.2.0+20251107
LDF: Library Dependency Finder -> https://bit.ly/configure-pio-ldf
LDF Modes: Finder ~ chain, Compatibility ~ soft
Found 44 compatible libraries
Scanning dependencies...
Dependency Graph
|-- p4sdm-es8311 @ 1.0.0
|-- SD_MMC @ 3.3.6
Building in release mode
Compiling .pio\build\guition_sample_slice_stress\lib94c\es8311\es8311.c.o
Compiling .pio\build\guition_sample_slice_stress\lib7fe\FS\FS.cpp.o
Compiling .pio\build\guition_sample_slice_stress\lib7fe\FS\vfs_api.cpp.o
Compiling .pio\build\guition_sample_slice_stress\liba11\SD_MMC\SD_MMC.cpp.o
Compiling .pio\build\guition_sample_slice_stress\src\app\projects.cpp.o
Compiling .pio\build\guition_sample_slice_stress\src\app\samples.cpp.o
Compiling .pio\build\guition_sample_slice_stress\src\app\transient_service.cpp.o
Compiling .pio\build\guition_sample_slice_stress\src\app_main.cpp.o
Compiling .pio\build\guition_sample_slice_stress\src\hal\audio_hal.cpp.o
Compiling .pio\build\guition_sample_slice_stress\src\hal\display_hal.cpp.o
Compiling .pio\build\guition_sample_slice_stress\src\hal\guition_board.cpp.o
Compiling .pio\build\guition_sample_slice_stress\src\hal\storage_hal.cpp.o
Compiling .pio\build\guition_sample_slice_stress\src\hal\touch_hal.cpp.o
Building .pio\build\guition_sample_slice_stress\bootloader.bin
Generating partitions .pio\build\guition_sample_slice_stress\partitions.bin
Compiling .pio\build\guition_sample_slice_stress\FrameworkArduino\ColorFormat.c.o
Compiling .pio\build\guition_sample_slice_stress\FrameworkArduino\Esp.cpp.o
Compiling .pio\build\guition_sample_slice_stress\FrameworkArduino\FirmwareMSC.cpp.o
esptool v5.1.0
Creating ESP32P4 image...
Merged 2 ELF sections.
Successfully created ESP32P4 image.
Compiling .pio\build\guition_sample_slice_stress\FrameworkArduino\FunctionalInterrupt.cpp.o
Compiling .pio\build\guition_sample_slice_stress\FrameworkArduino\HEXBuilder.cpp.o
Compiling .pio\build\guition_sample_slice_stress\FrameworkArduino\HWCDC.cpp.o
Compiling .pio\build\guition_sample_slice_stress\FrameworkArduino\HardwareSerial.cpp.o
Compiling .pio\build\guition_sample_slice_stress\FrameworkArduino\HashBuilder.cpp.o
Compiling .pio\build\guition_sample_slice_stress\FrameworkArduino\IPAddress.cpp.o
Compiling .pio\build\guition_sample_slice_stress\FrameworkArduino\MD5Builder.cpp.o
In file included from C:/.platformio/packages/framework-arduinoespressif32-libs/esp32p4_es/include/esp_hw_support/include/esp_private/regi2c_ctrl.h:15,
                 from C:/.platformio/packages/framework-arduinoespressif32-libs/esp32p4_es/include/hal/platform_port/include/hal/regi2c_ctrl.h:17,
                 from C:/.platformio/packages/framework-arduinoespressif32-libs/esp32p4_es/include/hal/esp32p4/include/hal/clk_tree_ll.h:19,
                 from C:/.platformio/packages/framework-arduinoespressif32-libs/esp32p4_es/include/hal/esp32p4/include/hal/spimem_flash_ll.h:32,
                 from C:/.platformio/packages/framework-arduinoespressif32-libs/esp32p4_es/include/hal/esp32p4/include/hal/spi_flash_ll.h:18,
                 from C:/.platformio/packages/framework-arduinoespressif32/cores/esp32/Esp.cpp:41:
C:/.platformio/packages/framework-arduinoespressif32-libs/esp32p4_es/include/esp_hw_support/include/esp_private/periph_ctrl.h:87:64: warning: invalid suffix on literal; C++11 requires a space between literal and string macro [-Wliteral-suffix]
   87 | #define __PERIPH_CTRL_DEPRECATE_ATTR __attribute__((deprecated("This function is not functional on "CONFIG_IDF_TARGET)))
      |                                                                ^
Compiling .pio\build\guition_sample_slice_stress\FrameworkArduino\MacAddress.cpp.o
Compiling .pio\build\guition_sample_slice_stress\FrameworkArduino\Print.cpp.o
Compiling .pio\build\guition_sample_slice_stress\FrameworkArduino\Stream.cpp.o
Compiling .pio\build\guition_sample_slice_stress\FrameworkArduino\StreamString.cpp.o
Compiling .pio\build\guition_sample_slice_stress\FrameworkArduino\Tone.cpp.o
Compiling .pio\build\guition_sample_slice_stress\FrameworkArduino\USB.cpp.o
Compiling .pio\build\guition_sample_slice_stress\FrameworkArduino\USBCDC.cpp.o
Compiling .pio\build\guition_sample_slice_stress\FrameworkArduino\USBMSC.cpp.o
Compiling .pio\build\guition_sample_slice_stress\FrameworkArduino\WMath.cpp.o
Compiling .pio\build\guition_sample_slice_stress\FrameworkArduino\WString.cpp.o
Compiling .pio\build\guition_sample_slice_stress\FrameworkArduino\base64.cpp.o
Compiling .pio\build\guition_sample_slice_stress\FrameworkArduino\cbuf.cpp.o
Compiling .pio\build\guition_sample_slice_stress\FrameworkArduino\chip-debug-report.cpp.o
Compiling .pio\build\guition_sample_slice_stress\FrameworkArduino\esp32-hal-adc.c.o
Compiling .pio\build\guition_sample_slice_stress\FrameworkArduino\esp32-hal-bt.c.o
Compiling .pio\build\guition_sample_slice_stress\FrameworkArduino\esp32-hal-cpu.c.o
Compiling .pio\build\guition_sample_slice_stress\FrameworkArduino\esp32-hal-dac.c.o
Compiling .pio\build\guition_sample_slice_stress\FrameworkArduino\esp32-hal-gpio.c.o
Compiling .pio\build\guition_sample_slice_stress\FrameworkArduino\esp32-hal-hosted.c.o
Compiling .pio\build\guition_sample_slice_stress\FrameworkArduino\esp32-hal-i2c-ng.c.o
Compiling .pio\build\guition_sample_slice_stress\FrameworkArduino\esp32-hal-i2c-slave.c.o
Compiling .pio\build\guition_sample_slice_stress\FrameworkArduino\esp32-hal-i2c.c.o
Compiling .pio\build\guition_sample_slice_stress\FrameworkArduino\esp32-hal-ledc.c.o
Compiling .pio\build\guition_sample_slice_stress\FrameworkArduino\esp32-hal-log-wrapper.c.o
Compiling .pio\build\guition_sample_slice_stress\FrameworkArduino\esp32-hal-matrix.c.o
Compiling .pio\build\guition_sample_slice_stress\FrameworkArduino\esp32-hal-misc.c.o
Compiling .pio\build\guition_sample_slice_stress\FrameworkArduino\esp32-hal-periman.c.o
Compiling .pio\build\guition_sample_slice_stress\FrameworkArduino\esp32-hal-psram.c.o
Compiling .pio\build\guition_sample_slice_stress\FrameworkArduino\esp32-hal-rgb-led.c.o
Compiling .pio\build\guition_sample_slice_stress\FrameworkArduino\esp32-hal-rmt.c.o
Compiling .pio\build\guition_sample_slice_stress\FrameworkArduino\esp32-hal-sigmadelta.c.o
Compiling .pio\build\guition_sample_slice_stress\FrameworkArduino\esp32-hal-spi.c.o
Compiling .pio\build\guition_sample_slice_stress\FrameworkArduino\esp32-hal-time.c.o
Compiling .pio\build\guition_sample_slice_stress\FrameworkArduino\esp32-hal-timer.c.o
Compiling .pio\build\guition_sample_slice_stress\FrameworkArduino\esp32-hal-tinyusb.c.o
Compiling .pio\build\guition_sample_slice_stress\FrameworkArduino\esp32-hal-touch-ng.c.o
Compiling .pio\build\guition_sample_slice_stress\FrameworkArduino\esp32-hal-touch.c.o
Compiling .pio\build\guition_sample_slice_stress\FrameworkArduino\esp32-hal-uart.c.o
Compiling .pio\build\guition_sample_slice_stress\FrameworkArduino\firmware_msc_fat.c.o
Compiling .pio\build\guition_sample_slice_stress\FrameworkArduino\freertos_stats.cpp.o
Compiling .pio\build\guition_sample_slice_stress\FrameworkArduino\libb64\cdecode.c.o
In file included from C:/.platformio/packages/framework-arduinoespressif32/cores/esp32/esp32-hal-spi.c:65:
C:/.platformio/packages/framework-arduinoespressif32/cores/esp32/esp32-hal-spi.c: In function '_spiSetClockDivInternal':
C:/.platformio/packages/framework-arduinoespressif32/cores/esp32/esp32-hal-spi.c:582:32: warning: passing argument 1 of 'spi_ll_set_clk_source' discards 'volatile' qualifier from pointer target type [-Wdiscarded-qualifiers]
  582 |       spi_ll_set_clk_source(spi->dev, new_clk_src ? SPI_CLK_SRC_SPLL : SPI_CLK_SRC_XTAL);
      |                             ~~~^~~~~
C:/.platformio/packages/framework-arduinoespressif32-libs/esp32p4_es/include/hal/esp32p4/include/hal/spi_ll.h:203:90: note: in definition of macro 'spi_ll_set_clk_source'
  203 | #define spi_ll_set_clk_source(...) (void)__DECLARE_RCC_ATOMIC_ENV; spi_ll_set_clk_source(__VA_ARGS__)
      |                                                                                          ^~~~~~~~~~~
C:/.platformio/packages/framework-arduinoespressif32-libs/esp32p4_es/include/hal/esp32p4/include/hal/spi_ll.h:177:53: note: expected 'spi_dev_t *' but argument is of type 'volatile spi_dev_t *'
  177 | static inline void spi_ll_set_clk_source(spi_dev_t *hw, spi_clock_source_t clk_source)
      |                                          ~~~~~~~~~~~^~
Compiling .pio\build\guition_sample_slice_stress\FrameworkArduino\libb64\cencode.c.o
Compiling .pio\build\guition_sample_slice_stress\FrameworkArduino\main.cpp.o
Compiling .pio\build\guition_sample_slice_stress\FrameworkArduino\stdlib_noniso.c.o
Compiling .pio\build\guition_sample_slice_stress\FrameworkArduino\wiring_pulse.c.o
Compiling .pio\build\guition_sample_slice_stress\FrameworkArduino\wiring_shift.c.o
Archiving .pio\build\guition_sample_slice_stress\libFrameworkArduino.a
Indexing .pio\build\guition_sample_slice_stress\libFrameworkArduino.a
Linking .pio\build\guition_sample_slice_stress\firmware.elf
Firmware metrics can not be shown. Set the terminal codepage to "utf-8" or "cp65001" on Windows.
Retrieving maximum program size .pio\build\guition_sample_slice_stress\firmware.elf
Checking size .pio\build\guition_sample_slice_stress\firmware.elf
Advanced Memory Usage is available via "PlatformIO Home > Project Inspect"
RAM:   [==        ]  19.9% (used 65052 bytes from 327680 bytes)
Flash: [=         ]  11.1% (used 726242 bytes from 6553600 bytes)
Building .pio\build\guition_sample_slice_stress\firmware.bin
esptool v5.1.0
Creating ESP32P4 image...
Merged 4 ELF sections.
Successfully created ESP32P4 image.
========================= [SUCCESS] Took 99.76 seconds =========================

Processing guition_slice_lock_stress (platform: https://github.com/pioarduino/platform-espressif32/releases/download/55.03.36-1/platform-espressif32.zip; board: jc4880p4; framework: arduino)
--------------------------------------------------------------------------------
Verbose mode can be enabled via `-v, --verbose` option
CONFIGURATION: https://docs.platformio.org/page/boards/espressif32/jc4880p4.html
PLATFORM: Espressif 32 (55.3.36) > Guition JC4880P443C_I_W (JC-ESP32P4-M3, ESP32-P4 ES + C6)
HARDWARE: ESP32P4 360MHz, 320KB RAM, 16MB Flash
DEBUG: Current (cmsis-dap) External (cmsis-dap, esp-bridge, esp-builtin, esp-prog, iot-bus-jtag, jlink, minimodule, olimex-arm-usb-ocd, olimex-arm-usb-ocd-h, olimex-arm-usb-tiny-h, olimex-jtag-tiny, tumpa)
PACKAGES: 
 - contrib-piohome @ 3.4.4 
 - framework-arduinoespressif32 @ 3.3.6 
 - framework-arduinoespressif32-libs @ 5.5.0+sha.f56bea3d1f 
 - tool-esptoolpy @ 5.1.0 
 - toolchain-riscv32-esp @ 14.2.0+20251107
LDF: Library Dependency Finder -> https://bit.ly/configure-pio-ldf
LDF Modes: Finder ~ chain, Compatibility ~ soft
Found 44 compatible libraries
Scanning dependencies...
Dependency Graph
|-- p4sdm-es8311 @ 1.0.0
|-- SD_MMC @ 3.3.6
Building in release mode
Compiling .pio\build\guition_slice_lock_stress\lib94c\es8311\es8311.c.o
Compiling .pio\build\guition_slice_lock_stress\lib7fe\FS\FS.cpp.o
Compiling .pio\build\guition_slice_lock_stress\lib7fe\FS\vfs_api.cpp.o
Compiling .pio\build\guition_slice_lock_stress\liba11\SD_MMC\SD_MMC.cpp.o
Compiling .pio\build\guition_slice_lock_stress\src\app\projects.cpp.o
Compiling .pio\build\guition_slice_lock_stress\src\app\samples.cpp.o
Compiling .pio\build\guition_slice_lock_stress\src\app\transient_service.cpp.o
Compiling .pio\build\guition_slice_lock_stress\src\app_main.cpp.o
Compiling .pio\build\guition_slice_lock_stress\src\hal\audio_hal.cpp.o
Compiling .pio\build\guition_slice_lock_stress\src\hal\display_hal.cpp.o
Compiling .pio\build\guition_slice_lock_stress\src\hal\guition_board.cpp.o
Compiling .pio\build\guition_slice_lock_stress\src\hal\storage_hal.cpp.o
Compiling .pio\build\guition_slice_lock_stress\src\hal\touch_hal.cpp.o
Building .pio\build\guition_slice_lock_stress\bootloader.bin
Generating partitions .pio\build\guition_slice_lock_stress\partitions.bin
Compiling .pio\build\guition_slice_lock_stress\FrameworkArduino\ColorFormat.c.o
Compiling .pio\build\guition_slice_lock_stress\FrameworkArduino\Esp.cpp.o
Compiling .pio\build\guition_slice_lock_stress\FrameworkArduino\FirmwareMSC.cpp.o
esptool v5.1.0
Creating ESP32P4 image...
Merged 2 ELF sections.
Successfully created ESP32P4 image.
Compiling .pio\build\guition_slice_lock_stress\FrameworkArduino\FunctionalInterrupt.cpp.o
Compiling .pio\build\guition_slice_lock_stress\FrameworkArduino\HEXBuilder.cpp.o
Compiling .pio\build\guition_slice_lock_stress\FrameworkArduino\HWCDC.cpp.o
Compiling .pio\build\guition_slice_lock_stress\FrameworkArduino\HardwareSerial.cpp.o
Compiling .pio\build\guition_slice_lock_stress\FrameworkArduino\HashBuilder.cpp.o
Compiling .pio\build\guition_slice_lock_stress\FrameworkArduino\IPAddress.cpp.o
Compiling .pio\build\guition_slice_lock_stress\FrameworkArduino\MD5Builder.cpp.o
In file included from C:/.platformio/packages/framework-arduinoespressif32-libs/esp32p4_es/include/esp_hw_support/include/esp_private/regi2c_ctrl.h:15,
                 from C:/.platformio/packages/framework-arduinoespressif32-libs/esp32p4_es/include/hal/platform_port/include/hal/regi2c_ctrl.h:17,
                 from C:/.platformio/packages/framework-arduinoespressif32-libs/esp32p4_es/include/hal/esp32p4/include/hal/clk_tree_ll.h:19,
                 from C:/.platformio/packages/framework-arduinoespressif32-libs/esp32p4_es/include/hal/esp32p4/include/hal/spimem_flash_ll.h:32,
                 from C:/.platformio/packages/framework-arduinoespressif32-libs/esp32p4_es/include/hal/esp32p4/include/hal/spi_flash_ll.h:18,
                 from C:/.platformio/packages/framework-arduinoespressif32/cores/esp32/Esp.cpp:41:
C:/.platformio/packages/framework-arduinoespressif32-libs/esp32p4_es/include/esp_hw_support/include/esp_private/periph_ctrl.h:87:64: warning: invalid suffix on literal; C++11 requires a space between literal and string macro [-Wliteral-suffix]
   87 | #define __PERIPH_CTRL_DEPRECATE_ATTR __attribute__((deprecated("This function is not functional on "CONFIG_IDF_TARGET)))
      |                                                                ^
Compiling .pio\build\guition_slice_lock_stress\FrameworkArduino\MacAddress.cpp.o
Compiling .pio\build\guition_slice_lock_stress\FrameworkArduino\Print.cpp.o
Compiling .pio\build\guition_slice_lock_stress\FrameworkArduino\Stream.cpp.o
Compiling .pio\build\guition_slice_lock_stress\FrameworkArduino\StreamString.cpp.o
Compiling .pio\build\guition_slice_lock_stress\FrameworkArduino\Tone.cpp.o
Compiling .pio\build\guition_slice_lock_stress\FrameworkArduino\USB.cpp.o
Compiling .pio\build\guition_slice_lock_stress\FrameworkArduino\USBCDC.cpp.o
Compiling .pio\build\guition_slice_lock_stress\FrameworkArduino\USBMSC.cpp.o
Compiling .pio\build\guition_slice_lock_stress\FrameworkArduino\WMath.cpp.o
Compiling .pio\build\guition_slice_lock_stress\FrameworkArduino\WString.cpp.o
Compiling .pio\build\guition_slice_lock_stress\FrameworkArduino\base64.cpp.o
Compiling .pio\build\guition_slice_lock_stress\FrameworkArduino\cbuf.cpp.o
Compiling .pio\build\guition_slice_lock_stress\FrameworkArduino\chip-debug-report.cpp.o
Compiling .pio\build\guition_slice_lock_stress\FrameworkArduino\esp32-hal-adc.c.o
Compiling .pio\build\guition_slice_lock_stress\FrameworkArduino\esp32-hal-bt.c.o
Compiling .pio\build\guition_slice_lock_stress\FrameworkArduino\esp32-hal-cpu.c.o
Compiling .pio\build\guition_slice_lock_stress\FrameworkArduino\esp32-hal-dac.c.o
Compiling .pio\build\guition_slice_lock_stress\FrameworkArduino\esp32-hal-gpio.c.o
Compiling .pio\build\guition_slice_lock_stress\FrameworkArduino\esp32-hal-hosted.c.o
Compiling .pio\build\guition_slice_lock_stress\FrameworkArduino\esp32-hal-i2c-ng.c.o
Compiling .pio\build\guition_slice_lock_stress\FrameworkArduino\esp32-hal-i2c-slave.c.o
Compiling .pio\build\guition_slice_lock_stress\FrameworkArduino\esp32-hal-i2c.c.o
Compiling .pio\build\guition_slice_lock_stress\FrameworkArduino\esp32-hal-ledc.c.o
Compiling .pio\build\guition_slice_lock_stress\FrameworkArduino\esp32-hal-log-wrapper.c.o
Compiling .pio\build\guition_slice_lock_stress\FrameworkArduino\esp32-hal-matrix.c.o
Compiling .pio\build\guition_slice_lock_stress\FrameworkArduino\esp32-hal-misc.c.o
Compiling .pio\build\guition_slice_lock_stress\FrameworkArduino\esp32-hal-periman.c.o
Compiling .pio\build\guition_slice_lock_stress\FrameworkArduino\esp32-hal-psram.c.o
Compiling .pio\build\guition_slice_lock_stress\FrameworkArduino\esp32-hal-rgb-led.c.o
Compiling .pio\build\guition_slice_lock_stress\FrameworkArduino\esp32-hal-rmt.c.o
Compiling .pio\build\guition_slice_lock_stress\FrameworkArduino\esp32-hal-sigmadelta.c.o
Compiling .pio\build\guition_slice_lock_stress\FrameworkArduino\esp32-hal-spi.c.o
Compiling .pio\build\guition_slice_lock_stress\FrameworkArduino\esp32-hal-time.c.o
Compiling .pio\build\guition_slice_lock_stress\FrameworkArduino\esp32-hal-timer.c.o
Compiling .pio\build\guition_slice_lock_stress\FrameworkArduino\esp32-hal-tinyusb.c.o
Compiling .pio\build\guition_slice_lock_stress\FrameworkArduino\esp32-hal-touch-ng.c.o
Compiling .pio\build\guition_slice_lock_stress\FrameworkArduino\esp32-hal-touch.c.o
Compiling .pio\build\guition_slice_lock_stress\FrameworkArduino\esp32-hal-uart.c.o
Compiling .pio\build\guition_slice_lock_stress\FrameworkArduino\firmware_msc_fat.c.o
Compiling .pio\build\guition_slice_lock_stress\FrameworkArduino\freertos_stats.cpp.o
In file included from C:/.platformio/packages/framework-arduinoespressif32/cores/esp32/esp32-hal-spi.c:65:
C:/.platformio/packages/framework-arduinoespressif32/cores/esp32/esp32-hal-spi.c: In function '_spiSetClockDivInternal':
C:/.platformio/packages/framework-arduinoespressif32/cores/esp32/esp32-hal-spi.c:582:32: warning: passing argument 1 of 'spi_ll_set_clk_source' discards 'volatile' qualifier from pointer target type [-Wdiscarded-qualifiers]
  582 |       spi_ll_set_clk_source(spi->dev, new_clk_src ? SPI_CLK_SRC_SPLL : SPI_CLK_SRC_XTAL);
      |                             ~~~^~~~~
C:/.platformio/packages/framework-arduinoespressif32-libs/esp32p4_es/include/hal/esp32p4/include/hal/spi_ll.h:203:90: note: in definition of macro 'spi_ll_set_clk_source'
  203 | #define spi_ll_set_clk_source(...) (void)__DECLARE_RCC_ATOMIC_ENV; spi_ll_set_clk_source(__VA_ARGS__)
      |                                                                                          ^~~~~~~~~~~
C:/.platformio/packages/framework-arduinoespressif32-libs/esp32p4_es/include/hal/esp32p4/include/hal/spi_ll.h:177:53: note: expected 'spi_dev_t *' but argument is of type 'volatile spi_dev_t *'
  177 | static inline void spi_ll_set_clk_source(spi_dev_t *hw, spi_clock_source_t clk_source)
      |                                          ~~~~~~~~~~~^~
Compiling .pio\build\guition_slice_lock_stress\FrameworkArduino\libb64\cdecode.c.o
Compiling .pio\build\guition_slice_lock_stress\FrameworkArduino\libb64\cencode.c.o
Compiling .pio\build\guition_slice_lock_stress\FrameworkArduino\main.cpp.o
Compiling .pio\build\guition_slice_lock_stress\FrameworkArduino\stdlib_noniso.c.o
Compiling .pio\build\guition_slice_lock_stress\FrameworkArduino\wiring_pulse.c.o
Compiling .pio\build\guition_slice_lock_stress\FrameworkArduino\wiring_shift.c.o
Archiving .pio\build\guition_slice_lock_stress\libFrameworkArduino.a
Indexing .pio\build\guition_slice_lock_stress\libFrameworkArduino.a
Linking .pio\build\guition_slice_lock_stress\firmware.elf
Firmware metrics can not be shown. Set the terminal codepage to "utf-8" or "cp65001" on Windows.
Retrieving maximum program size .pio\build\guition_slice_lock_stress\firmware.elf
Checking size .pio\build\guition_slice_lock_stress\firmware.elf
Advanced Memory Usage is available via "PlatformIO Home > Project Inspect"
RAM:   [==        ]  19.9% (used 65052 bytes from 327680 bytes)
Flash: [=         ]  11.1% (used 726902 bytes from 6553600 bytes)
Building .pio\build\guition_slice_lock_stress\firmware.bin
esptool v5.1.0
Creating ESP32P4 image...
Merged 4 ELF sections.
Successfully created ESP32P4 image.
======================== [SUCCESS] Took 105.64 seconds ========================

Processing guition_project_stress (platform: https://github.com/pioarduino/platform-espressif32/releases/download/55.03.36-1/platform-espressif32.zip; board: jc4880p4; framework: arduino)
--------------------------------------------------------------------------------
Verbose mode can be enabled via `-v, --verbose` option
CONFIGURATION: https://docs.platformio.org/page/boards/espressif32/jc4880p4.html
PLATFORM: Espressif 32 (55.3.36) > Guition JC4880P443C_I_W (JC-ESP32P4-M3, ESP32-P4 ES + C6)
HARDWARE: ESP32P4 360MHz, 320KB RAM, 16MB Flash
DEBUG: Current (cmsis-dap) External (cmsis-dap, esp-bridge, esp-builtin, esp-prog, iot-bus-jtag, jlink, minimodule, olimex-arm-usb-ocd, olimex-arm-usb-ocd-h, olimex-arm-usb-tiny-h, olimex-jtag-tiny, tumpa)
PACKAGES: 
 - contrib-piohome @ 3.4.4 
 - framework-arduinoespressif32 @ 3.3.6 
 - framework-arduinoespressif32-libs @ 5.5.0+sha.f56bea3d1f 
 - tool-esptoolpy @ 5.1.0 
 - toolchain-riscv32-esp @ 14.2.0+20251107
LDF: Library Dependency Finder -> https://bit.ly/configure-pio-ldf
LDF Modes: Finder ~ chain, Compatibility ~ soft
Found 44 compatible libraries
Scanning dependencies...
Dependency Graph
|-- p4sdm-es8311 @ 1.0.0
|-- SD_MMC @ 3.3.6
Building in release mode
Compiling .pio\build\guition_project_stress\lib94c\es8311\es8311.c.o
Compiling .pio\build\guition_project_stress\lib7fe\FS\FS.cpp.o
Compiling .pio\build\guition_project_stress\lib7fe\FS\vfs_api.cpp.o
Compiling .pio\build\guition_project_stress\liba11\SD_MMC\SD_MMC.cpp.o
Compiling .pio\build\guition_project_stress\src\app\projects.cpp.o
Compiling .pio\build\guition_project_stress\src\app\samples.cpp.o
Compiling .pio\build\guition_project_stress\src\app\transient_service.cpp.o
Compiling .pio\build\guition_project_stress\src\app_main.cpp.o
Compiling .pio\build\guition_project_stress\src\hal\audio_hal.cpp.o
Compiling .pio\build\guition_project_stress\src\hal\display_hal.cpp.o
Compiling .pio\build\guition_project_stress\src\hal\guition_board.cpp.o
Compiling .pio\build\guition_project_stress\src\hal\storage_hal.cpp.o
Compiling .pio\build\guition_project_stress\src\hal\touch_hal.cpp.o
Building .pio\build\guition_project_stress\bootloader.bin
Generating partitions .pio\build\guition_project_stress\partitions.bin
Compiling .pio\build\guition_project_stress\FrameworkArduino\ColorFormat.c.o
Compiling .pio\build\guition_project_stress\FrameworkArduino\Esp.cpp.o
Compiling .pio\build\guition_project_stress\FrameworkArduino\FirmwareMSC.cpp.o
esptool v5.1.0
Creating ESP32P4 image...
Merged 2 ELF sections.
Successfully created ESP32P4 image.
Compiling .pio\build\guition_project_stress\FrameworkArduino\FunctionalInterrupt.cpp.o
Compiling .pio\build\guition_project_stress\FrameworkArduino\HEXBuilder.cpp.o
Compiling .pio\build\guition_project_stress\FrameworkArduino\HWCDC.cpp.o
Compiling .pio\build\guition_project_stress\FrameworkArduino\HardwareSerial.cpp.o
Compiling .pio\build\guition_project_stress\FrameworkArduino\HashBuilder.cpp.o
Compiling .pio\build\guition_project_stress\FrameworkArduino\IPAddress.cpp.o
In file included from C:/.platformio/packages/framework-arduinoespressif32-libs/esp32p4_es/include/esp_hw_support/include/esp_private/regi2c_ctrl.h:15,
                 from C:/.platformio/packages/framework-arduinoespressif32-libs/esp32p4_es/include/hal/platform_port/include/hal/regi2c_ctrl.h:17,
                 from C:/.platformio/packages/framework-arduinoespressif32-libs/esp32p4_es/include/hal/esp32p4/include/hal/clk_tree_ll.h:19,
                 from C:/.platformio/packages/framework-arduinoespressif32-libs/esp32p4_es/include/hal/esp32p4/include/hal/spimem_flash_ll.h:32,
                 from C:/.platformio/packages/framework-arduinoespressif32-libs/esp32p4_es/include/hal/esp32p4/include/hal/spi_flash_ll.h:18,
                 from C:/.platformio/packages/framework-arduinoespressif32/cores/esp32/Esp.cpp:41:
C:/.platformio/packages/framework-arduinoespressif32-libs/esp32p4_es/include/esp_hw_support/include/esp_private/periph_ctrl.h:87:64: warning: invalid suffix on literal; C++11 requires a space between literal and string macro [-Wliteral-suffix]
   87 | #define __PERIPH_CTRL_DEPRECATE_ATTR __attribute__((deprecated("This function is not functional on "CONFIG_IDF_TARGET)))
      |                                                                ^
Compiling .pio\build\guition_project_stress\FrameworkArduino\MD5Builder.cpp.o
Compiling .pio\build\guition_project_stress\FrameworkArduino\MacAddress.cpp.o
Compiling .pio\build\guition_project_stress\FrameworkArduino\Print.cpp.o
Compiling .pio\build\guition_project_stress\FrameworkArduino\Stream.cpp.o
Compiling .pio\build\guition_project_stress\FrameworkArduino\StreamString.cpp.o
Compiling .pio\build\guition_project_stress\FrameworkArduino\Tone.cpp.o
Compiling .pio\build\guition_project_stress\FrameworkArduino\USB.cpp.o
Compiling .pio\build\guition_project_stress\FrameworkArduino\USBCDC.cpp.o
Compiling .pio\build\guition_project_stress\FrameworkArduino\USBMSC.cpp.o
Compiling .pio\build\guition_project_stress\FrameworkArduino\WMath.cpp.o
Compiling .pio\build\guition_project_stress\FrameworkArduino\WString.cpp.o
Compiling .pio\build\guition_project_stress\FrameworkArduino\base64.cpp.o
Compiling .pio\build\guition_project_stress\FrameworkArduino\cbuf.cpp.o
Compiling .pio\build\guition_project_stress\FrameworkArduino\chip-debug-report.cpp.o
Compiling .pio\build\guition_project_stress\FrameworkArduino\esp32-hal-adc.c.o
Compiling .pio\build\guition_project_stress\FrameworkArduino\esp32-hal-bt.c.o
Compiling .pio\build\guition_project_stress\FrameworkArduino\esp32-hal-cpu.c.o
Compiling .pio\build\guition_project_stress\FrameworkArduino\esp32-hal-dac.c.o
Compiling .pio\build\guition_project_stress\FrameworkArduino\esp32-hal-gpio.c.o
Compiling .pio\build\guition_project_stress\FrameworkArduino\esp32-hal-hosted.c.o
Compiling .pio\build\guition_project_stress\FrameworkArduino\esp32-hal-i2c-ng.c.o
Compiling .pio\build\guition_project_stress\FrameworkArduino\esp32-hal-i2c-slave.c.o
Compiling .pio\build\guition_project_stress\FrameworkArduino\esp32-hal-i2c.c.o
Compiling .pio\build\guition_project_stress\FrameworkArduino\esp32-hal-ledc.c.o
Compiling .pio\build\guition_project_stress\FrameworkArduino\esp32-hal-log-wrapper.c.o
Compiling .pio\build\guition_project_stress\FrameworkArduino\esp32-hal-matrix.c.o
Compiling .pio\build\guition_project_stress\FrameworkArduino\esp32-hal-misc.c.o
Compiling .pio\build\guition_project_stress\FrameworkArduino\esp32-hal-periman.c.o
Compiling .pio\build\guition_project_stress\FrameworkArduino\esp32-hal-psram.c.o
Compiling .pio\build\guition_project_stress\FrameworkArduino\esp32-hal-rgb-led.c.o
Compiling .pio\build\guition_project_stress\FrameworkArduino\esp32-hal-rmt.c.o
Compiling .pio\build\guition_project_stress\FrameworkArduino\esp32-hal-sigmadelta.c.o
Compiling .pio\build\guition_project_stress\FrameworkArduino\esp32-hal-spi.c.o
Compiling .pio\build\guition_project_stress\FrameworkArduino\esp32-hal-time.c.o
Compiling .pio\build\guition_project_stress\FrameworkArduino\esp32-hal-timer.c.o
Compiling .pio\build\guition_project_stress\FrameworkArduino\esp32-hal-tinyusb.c.o
Compiling .pio\build\guition_project_stress\FrameworkArduino\esp32-hal-touch-ng.c.o
Compiling .pio\build\guition_project_stress\FrameworkArduino\esp32-hal-touch.c.o
Compiling .pio\build\guition_project_stress\FrameworkArduino\esp32-hal-uart.c.o
Compiling .pio\build\guition_project_stress\FrameworkArduino\firmware_msc_fat.c.o
Compiling .pio\build\guition_project_stress\FrameworkArduino\freertos_stats.cpp.o
Compiling .pio\build\guition_project_stress\FrameworkArduino\libb64\cdecode.c.o
In file included from C:/.platformio/packages/framework-arduinoespressif32/cores/esp32/esp32-hal-spi.c:65:
C:/.platformio/packages/framework-arduinoespressif32/cores/esp32/esp32-hal-spi.c: In function '_spiSetClockDivInternal':
C:/.platformio/packages/framework-arduinoespressif32/cores/esp32/esp32-hal-spi.c:582:32: warning: passing argument 1 of 'spi_ll_set_clk_source' discards 'volatile' qualifier from pointer target type [-Wdiscarded-qualifiers]
  582 |       spi_ll_set_clk_source(spi->dev, new_clk_src ? SPI_CLK_SRC_SPLL : SPI_CLK_SRC_XTAL);
      |                             ~~~^~~~~
C:/.platformio/packages/framework-arduinoespressif32-libs/esp32p4_es/include/hal/esp32p4/include/hal/spi_ll.h:203:90: note: in definition of macro 'spi_ll_set_clk_source'
  203 | #define spi_ll_set_clk_source(...) (void)__DECLARE_RCC_ATOMIC_ENV; spi_ll_set_clk_source(__VA_ARGS__)
      |                                                                                          ^~~~~~~~~~~
C:/.platformio/packages/framework-arduinoespressif32-libs/esp32p4_es/include/hal/esp32p4/include/hal/spi_ll.h:177:53: note: expected 'spi_dev_t *' but argument is of type 'volatile spi_dev_t *'
  177 | static inline void spi_ll_set_clk_source(spi_dev_t *hw, spi_clock_source_t clk_source)
      |                                          ~~~~~~~~~~~^~
Compiling .pio\build\guition_project_stress\FrameworkArduino\libb64\cencode.c.o
Compiling .pio\build\guition_project_stress\FrameworkArduino\main.cpp.o
Compiling .pio\build\guition_project_stress\FrameworkArduino\stdlib_noniso.c.o
Compiling .pio\build\guition_project_stress\FrameworkArduino\wiring_pulse.c.o
Compiling .pio\build\guition_project_stress\FrameworkArduino\wiring_shift.c.o
Archiving .pio\build\guition_project_stress\libFrameworkArduino.a
Indexing .pio\build\guition_project_stress\libFrameworkArduino.a
Linking .pio\build\guition_project_stress\firmware.elf
Firmware metrics can not be shown. Set the terminal codepage to "utf-8" or "cp65001" on Windows.
Retrieving maximum program size .pio\build\guition_project_stress\firmware.elf
Checking size .pio\build\guition_project_stress\firmware.elf
Advanced Memory Usage is available via "PlatformIO Home > Project Inspect"
RAM:   [==        ]  19.9% (used 65052 bytes from 327680 bytes)
Flash: [=         ]  11.1% (used 727084 bytes from 6553600 bytes)
Building .pio\build\guition_project_stress\firmware.bin
esptool v5.1.0
Creating ESP32P4 image...
Merged 4 ELF sections.
Successfully created ESP32P4 image.
========================= [SUCCESS] Took 99.37 seconds =========================

Processing guition_project_synth_stress (platform: https://github.com/pioarduino/platform-espressif32/releases/download/55.03.36-1/platform-espressif32.zip; board: jc4880p4; framework: arduino)
--------------------------------------------------------------------------------
Verbose mode can be enabled via `-v, --verbose` option
CONFIGURATION: https://docs.platformio.org/page/boards/espressif32/jc4880p4.html
PLATFORM: Espressif 32 (55.3.36) > Guition JC4880P443C_I_W (JC-ESP32P4-M3, ESP32-P4 ES + C6)
HARDWARE: ESP32P4 360MHz, 320KB RAM, 16MB Flash
DEBUG: Current (cmsis-dap) External (cmsis-dap, esp-bridge, esp-builtin, esp-prog, iot-bus-jtag, jlink, minimodule, olimex-arm-usb-ocd, olimex-arm-usb-ocd-h, olimex-arm-usb-tiny-h, olimex-jtag-tiny, tumpa)
PACKAGES: 
 - contrib-piohome @ 3.4.4 
 - framework-arduinoespressif32 @ 3.3.6 
 - framework-arduinoespressif32-libs @ 5.5.0+sha.f56bea3d1f 
 - tool-esptoolpy @ 5.1.0 
 - toolchain-riscv32-esp @ 14.2.0+20251107
LDF: Library Dependency Finder -> https://bit.ly/configure-pio-ldf
LDF Modes: Finder ~ chain, Compatibility ~ soft
Found 44 compatible libraries
Scanning dependencies...
Dependency Graph
|-- p4sdm-es8311 @ 1.0.0
|-- SD_MMC @ 3.3.6
Building in release mode
Compiling .pio\build\guition_project_synth_stress\lib94c\es8311\es8311.c.o
Compiling .pio\build\guition_project_synth_stress\lib7fe\FS\FS.cpp.o
Compiling .pio\build\guition_project_synth_stress\lib7fe\FS\vfs_api.cpp.o
Compiling .pio\build\guition_project_synth_stress\liba11\SD_MMC\SD_MMC.cpp.o
Compiling .pio\build\guition_project_synth_stress\src\app\projects.cpp.o
Compiling .pio\build\guition_project_synth_stress\src\app\samples.cpp.o
Compiling .pio\build\guition_project_synth_stress\src\app\transient_service.cpp.o
Compiling .pio\build\guition_project_synth_stress\src\app_main.cpp.o
Compiling .pio\build\guition_project_synth_stress\src\hal\audio_hal.cpp.o
Compiling .pio\build\guition_project_synth_stress\src\hal\display_hal.cpp.o
Compiling .pio\build\guition_project_synth_stress\src\hal\guition_board.cpp.o
Compiling .pio\build\guition_project_synth_stress\src\hal\storage_hal.cpp.o
Compiling .pio\build\guition_project_synth_stress\src\hal\touch_hal.cpp.o
Building .pio\build\guition_project_synth_stress\bootloader.bin
Generating partitions .pio\build\guition_project_synth_stress\partitions.bin
Compiling .pio\build\guition_project_synth_stress\FrameworkArduino\ColorFormat.c.o
Compiling .pio\build\guition_project_synth_stress\FrameworkArduino\Esp.cpp.o
Compiling .pio\build\guition_project_synth_stress\FrameworkArduino\FirmwareMSC.cpp.o
esptool v5.1.0
Creating ESP32P4 image...
Merged 2 ELF sections.
Successfully created ESP32P4 image.
Compiling .pio\build\guition_project_synth_stress\FrameworkArduino\FunctionalInterrupt.cpp.o
Compiling .pio\build\guition_project_synth_stress\FrameworkArduino\HEXBuilder.cpp.o
Compiling .pio\build\guition_project_synth_stress\FrameworkArduino\HWCDC.cpp.o
Compiling .pio\build\guition_project_synth_stress\FrameworkArduino\HardwareSerial.cpp.o
Compiling .pio\build\guition_project_synth_stress\FrameworkArduino\HashBuilder.cpp.o
Compiling .pio\build\guition_project_synth_stress\FrameworkArduino\IPAddress.cpp.o
In file included from C:/.platformio/packages/framework-arduinoespressif32-libs/esp32p4_es/include/esp_hw_support/include/esp_private/regi2c_ctrl.h:15,
                 from C:/.platformio/packages/framework-arduinoespressif32-libs/esp32p4_es/include/hal/platform_port/include/hal/regi2c_ctrl.h:17,
                 from C:/.platformio/packages/framework-arduinoespressif32-libs/esp32p4_es/include/hal/esp32p4/include/hal/clk_tree_ll.h:19,
                 from C:/.platformio/packages/framework-arduinoespressif32-libs/esp32p4_es/include/hal/esp32p4/include/hal/spimem_flash_ll.h:32,
                 from C:/.platformio/packages/framework-arduinoespressif32-libs/esp32p4_es/include/hal/esp32p4/include/hal/spi_flash_ll.h:18,
                 from C:/.platformio/packages/framework-arduinoespressif32/cores/esp32/Esp.cpp:41:
C:/.platformio/packages/framework-arduinoespressif32-libs/esp32p4_es/include/esp_hw_support/include/esp_private/periph_ctrl.h:87:64: warning: invalid suffix on literal; C++11 requires a space between literal and string macro [-Wliteral-suffix]
   87 | #define __PERIPH_CTRL_DEPRECATE_ATTR __attribute__((deprecated("This function is not functional on "CONFIG_IDF_TARGET)))
      |                                                                ^
Compiling .pio\build\guition_project_synth_stress\FrameworkArduino\MD5Builder.cpp.o
Compiling .pio\build\guition_project_synth_stress\FrameworkArduino\MacAddress.cpp.o
Compiling .pio\build\guition_project_synth_stress\FrameworkArduino\Print.cpp.o
Compiling .pio\build\guition_project_synth_stress\FrameworkArduino\Stream.cpp.o
Compiling .pio\build\guition_project_synth_stress\FrameworkArduino\StreamString.cpp.o
Compiling .pio\build\guition_project_synth_stress\FrameworkArduino\Tone.cpp.o
Compiling .pio\build\guition_project_synth_stress\FrameworkArduino\USB.cpp.o
Compiling .pio\build\guition_project_synth_stress\FrameworkArduino\USBCDC.cpp.o
Compiling .pio\build\guition_project_synth_stress\FrameworkArduino\USBMSC.cpp.o
Compiling .pio\build\guition_project_synth_stress\FrameworkArduino\WMath.cpp.o
Compiling .pio\build\guition_project_synth_stress\FrameworkArduino\WString.cpp.o
Compiling .pio\build\guition_project_synth_stress\FrameworkArduino\base64.cpp.o
Compiling .pio\build\guition_project_synth_stress\FrameworkArduino\cbuf.cpp.o
Compiling .pio\build\guition_project_synth_stress\FrameworkArduino\chip-debug-report.cpp.o
Compiling .pio\build\guition_project_synth_stress\FrameworkArduino\esp32-hal-adc.c.o
Compiling .pio\build\guition_project_synth_stress\FrameworkArduino\esp32-hal-bt.c.o
Compiling .pio\build\guition_project_synth_stress\FrameworkArduino\esp32-hal-cpu.c.o
Compiling .pio\build\guition_project_synth_stress\FrameworkArduino\esp32-hal-dac.c.o
Compiling .pio\build\guition_project_synth_stress\FrameworkArduino\esp32-hal-gpio.c.o
Compiling .pio\build\guition_project_synth_stress\FrameworkArduino\esp32-hal-hosted.c.o
Compiling .pio\build\guition_project_synth_stress\FrameworkArduino\esp32-hal-i2c-ng.c.o
Compiling .pio\build\guition_project_synth_stress\FrameworkArduino\esp32-hal-i2c-slave.c.o
Compiling .pio\build\guition_project_synth_stress\FrameworkArduino\esp32-hal-i2c.c.o
Compiling .pio\build\guition_project_synth_stress\FrameworkArduino\esp32-hal-ledc.c.o
Compiling .pio\build\guition_project_synth_stress\FrameworkArduino\esp32-hal-log-wrapper.c.o
Compiling .pio\build\guition_project_synth_stress\FrameworkArduino\esp32-hal-matrix.c.o
Compiling .pio\build\guition_project_synth_stress\FrameworkArduino\esp32-hal-misc.c.o
Compiling .pio\build\guition_project_synth_stress\FrameworkArduino\esp32-hal-periman.c.o
Compiling .pio\build\guition_project_synth_stress\FrameworkArduino\esp32-hal-psram.c.o
Compiling .pio\build\guition_project_synth_stress\FrameworkArduino\esp32-hal-rgb-led.c.o
Compiling .pio\build\guition_project_synth_stress\FrameworkArduino\esp32-hal-rmt.c.o
Compiling .pio\build\guition_project_synth_stress\FrameworkArduino\esp32-hal-sigmadelta.c.o
Compiling .pio\build\guition_project_synth_stress\FrameworkArduino\esp32-hal-spi.c.o
Compiling .pio\build\guition_project_synth_stress\FrameworkArduino\esp32-hal-time.c.o
Compiling .pio\build\guition_project_synth_stress\FrameworkArduino\esp32-hal-timer.c.o
Compiling .pio\build\guition_project_synth_stress\FrameworkArduino\esp32-hal-tinyusb.c.o
Compiling .pio\build\guition_project_synth_stress\FrameworkArduino\esp32-hal-touch-ng.c.o
Compiling .pio\build\guition_project_synth_stress\FrameworkArduino\esp32-hal-touch.c.o
Compiling .pio\build\guition_project_synth_stress\FrameworkArduino\esp32-hal-uart.c.o
Compiling .pio\build\guition_project_synth_stress\FrameworkArduino\firmware_msc_fat.c.o
Compiling .pio\build\guition_project_synth_stress\FrameworkArduino\freertos_stats.cpp.o
Compiling .pio\build\guition_project_synth_stress\FrameworkArduino\libb64\cdecode.c.o
In file included from C:/.platformio/packages/framework-arduinoespressif32/cores/esp32/esp32-hal-spi.c:65:
C:/.platformio/packages/framework-arduinoespressif32/cores/esp32/esp32-hal-spi.c: In function '_spiSetClockDivInternal':
C:/.platformio/packages/framework-arduinoespressif32/cores/esp32/esp32-hal-spi.c:582:32: warning: passing argument 1 of 'spi_ll_set_clk_source' discards 'volatile' qualifier from pointer target type [-Wdiscarded-qualifiers]
  582 |       spi_ll_set_clk_source(spi->dev, new_clk_src ? SPI_CLK_SRC_SPLL : SPI_CLK_SRC_XTAL);
      |                             ~~~^~~~~
C:/.platformio/packages/framework-arduinoespressif32-libs/esp32p4_es/include/hal/esp32p4/include/hal/spi_ll.h:203:90: note: in definition of macro 'spi_ll_set_clk_source'
  203 | #define spi_ll_set_clk_source(...) (void)__DECLARE_RCC_ATOMIC_ENV; spi_ll_set_clk_source(__VA_ARGS__)
      |                                                                                          ^~~~~~~~~~~
C:/.platformio/packages/framework-arduinoespressif32-libs/esp32p4_es/include/hal/esp32p4/include/hal/spi_ll.h:177:53: note: expected 'spi_dev_t *' but argument is of type 'volatile spi_dev_t *'
  177 | static inline void spi_ll_set_clk_source(spi_dev_t *hw, spi_clock_source_t clk_source)
      |                                          ~~~~~~~~~~~^~
Compiling .pio\build\guition_project_synth_stress\FrameworkArduino\libb64\cencode.c.o
Compiling .pio\build\guition_project_synth_stress\FrameworkArduino\main.cpp.o
Compiling .pio\build\guition_project_synth_stress\FrameworkArduino\stdlib_noniso.c.o
Compiling .pio\build\guition_project_synth_stress\FrameworkArduino\wiring_pulse.c.o
Compiling .pio\build\guition_project_synth_stress\FrameworkArduino\wiring_shift.c.o
Archiving .pio\build\guition_project_synth_stress\libFrameworkArduino.a
Indexing .pio\build\guition_project_synth_stress\libFrameworkArduino.a
Linking .pio\build\guition_project_synth_stress\firmware.elf
Firmware metrics can not be shown. Set the terminal codepage to "utf-8" or "cp65001" on Windows.
Retrieving maximum program size .pio\build\guition_project_synth_stress\firmware.elf
Checking size .pio\build\guition_project_synth_stress\firmware.elf
Advanced Memory Usage is available via "PlatformIO Home > Project Inspect"
RAM:   [===       ]  25.4% (used 83264 bytes from 327680 bytes)
Flash: [=         ]  10.7% (used 698828 bytes from 6553600 bytes)
Building .pio\build\guition_project_synth_stress\firmware.bin
esptool v5.1.0
Creating ESP32P4 image...
Merged 4 ELF sections.
Successfully created ESP32P4 image.
======================== [SUCCESS] Took 101.47 seconds ========================

Processing guition_chain_stress (platform: https://github.com/pioarduino/platform-espressif32/releases/download/55.03.36-1/platform-espressif32.zip; board: jc4880p4; framework: arduino)
--------------------------------------------------------------------------------
Verbose mode can be enabled via `-v, --verbose` option
CONFIGURATION: https://docs.platformio.org/page/boards/espressif32/jc4880p4.html
PLATFORM: Espressif 32 (55.3.36) > Guition JC4880P443C_I_W (JC-ESP32P4-M3, ESP32-P4 ES + C6)
HARDWARE: ESP32P4 360MHz, 320KB RAM, 16MB Flash
DEBUG: Current (cmsis-dap) External (cmsis-dap, esp-bridge, esp-builtin, esp-prog, iot-bus-jtag, jlink, minimodule, olimex-arm-usb-ocd, olimex-arm-usb-ocd-h, olimex-arm-usb-tiny-h, olimex-jtag-tiny, tumpa)
PACKAGES: 
 - contrib-piohome @ 3.4.4 
 - framework-arduinoespressif32 @ 3.3.6 
 - framework-arduinoespressif32-libs @ 5.5.0+sha.f56bea3d1f 
 - tool-esptoolpy @ 5.1.0 
 - toolchain-riscv32-esp @ 14.2.0+20251107
LDF: Library Dependency Finder -> https://bit.ly/configure-pio-ldf
LDF Modes: Finder ~ chain, Compatibility ~ soft
Found 44 compatible libraries
Scanning dependencies...
Dependency Graph
|-- p4sdm-es8311 @ 1.0.0
|-- SD_MMC @ 3.3.6
Building in release mode
Compiling .pio\build\guition_chain_stress\lib94c\es8311\es8311.c.o
Compiling .pio\build\guition_chain_stress\lib7fe\FS\FS.cpp.o
Compiling .pio\build\guition_chain_stress\lib7fe\FS\vfs_api.cpp.o
Compiling .pio\build\guition_chain_stress\liba11\SD_MMC\SD_MMC.cpp.o
Compiling .pio\build\guition_chain_stress\src\app\projects.cpp.o
Compiling .pio\build\guition_chain_stress\src\app\samples.cpp.o
Compiling .pio\build\guition_chain_stress\src\app\transient_service.cpp.o
Compiling .pio\build\guition_chain_stress\src\app_main.cpp.o
Compiling .pio\build\guition_chain_stress\src\hal\audio_hal.cpp.o
Compiling .pio\build\guition_chain_stress\src\hal\display_hal.cpp.o
Compiling .pio\build\guition_chain_stress\src\hal\guition_board.cpp.o
Compiling .pio\build\guition_chain_stress\src\hal\storage_hal.cpp.o
Compiling .pio\build\guition_chain_stress\src\hal\touch_hal.cpp.o
Building .pio\build\guition_chain_stress\bootloader.bin
Generating partitions .pio\build\guition_chain_stress\partitions.bin
Compiling .pio\build\guition_chain_stress\FrameworkArduino\ColorFormat.c.o
Compiling .pio\build\guition_chain_stress\FrameworkArduino\Esp.cpp.o
Compiling .pio\build\guition_chain_stress\FrameworkArduino\FirmwareMSC.cpp.o
esptool v5.1.0
Creating ESP32P4 image...
Merged 2 ELF sections.
Successfully created ESP32P4 image.
Compiling .pio\build\guition_chain_stress\FrameworkArduino\FunctionalInterrupt.cpp.o
Compiling .pio\build\guition_chain_stress\FrameworkArduino\HEXBuilder.cpp.o
Compiling .pio\build\guition_chain_stress\FrameworkArduino\HWCDC.cpp.o
Compiling .pio\build\guition_chain_stress\FrameworkArduino\HardwareSerial.cpp.o
Compiling .pio\build\guition_chain_stress\FrameworkArduino\HashBuilder.cpp.o
Compiling .pio\build\guition_chain_stress\FrameworkArduino\IPAddress.cpp.o
In file included from C:/.platformio/packages/framework-arduinoespressif32-libs/esp32p4_es/include/esp_hw_support/include/esp_private/regi2c_ctrl.h:15,
                 from C:/.platformio/packages/framework-arduinoespressif32-libs/esp32p4_es/include/hal/platform_port/include/hal/regi2c_ctrl.h:17,
                 from C:/.platformio/packages/framework-arduinoespressif32-libs/esp32p4_es/include/hal/esp32p4/include/hal/clk_tree_ll.h:19,
                 from C:/.platformio/packages/framework-arduinoespressif32-libs/esp32p4_es/include/hal/esp32p4/include/hal/spimem_flash_ll.h:32,
                 from C:/.platformio/packages/framework-arduinoespressif32-libs/esp32p4_es/include/hal/esp32p4/include/hal/spi_flash_ll.h:18,
                 from C:/.platformio/packages/framework-arduinoespressif32/cores/esp32/Esp.cpp:41:
C:/.platformio/packages/framework-arduinoespressif32-libs/esp32p4_es/include/esp_hw_support/include/esp_private/periph_ctrl.h:87:64: warning: invalid suffix on literal; C++11 requires a space between literal and string macro [-Wliteral-suffix]
   87 | #define __PERIPH_CTRL_DEPRECATE_ATTR __attribute__((deprecated("This function is not functional on "CONFIG_IDF_TARGET)))
      |                                                                ^
Compiling .pio\build\guition_chain_stress\FrameworkArduino\MD5Builder.cpp.o
Compiling .pio\build\guition_chain_stress\FrameworkArduino\MacAddress.cpp.o
Compiling .pio\build\guition_chain_stress\FrameworkArduino\Print.cpp.o
Compiling .pio\build\guition_chain_stress\FrameworkArduino\Stream.cpp.o
Compiling .pio\build\guition_chain_stress\FrameworkArduino\StreamString.cpp.o
Compiling .pio\build\guition_chain_stress\FrameworkArduino\Tone.cpp.o
Compiling .pio\build\guition_chain_stress\FrameworkArduino\USB.cpp.o
Compiling .pio\build\guition_chain_stress\FrameworkArduino\USBCDC.cpp.o
Compiling .pio\build\guition_chain_stress\FrameworkArduino\USBMSC.cpp.o
Compiling .pio\build\guition_chain_stress\FrameworkArduino\WMath.cpp.o
Compiling .pio\build\guition_chain_stress\FrameworkArduino\WString.cpp.o
Compiling .pio\build\guition_chain_stress\FrameworkArduino\base64.cpp.o
Compiling .pio\build\guition_chain_stress\FrameworkArduino\cbuf.cpp.o
Compiling .pio\build\guition_chain_stress\FrameworkArduino\chip-debug-report.cpp.o
Compiling .pio\build\guition_chain_stress\FrameworkArduino\esp32-hal-adc.c.o
Compiling .pio\build\guition_chain_stress\FrameworkArduino\esp32-hal-bt.c.o
Compiling .pio\build\guition_chain_stress\FrameworkArduino\esp32-hal-cpu.c.o
Compiling .pio\build\guition_chain_stress\FrameworkArduino\esp32-hal-dac.c.o
Compiling .pio\build\guition_chain_stress\FrameworkArduino\esp32-hal-gpio.c.o
Compiling .pio\build\guition_chain_stress\FrameworkArduino\esp32-hal-hosted.c.o
Compiling .pio\build\guition_chain_stress\FrameworkArduino\esp32-hal-i2c-ng.c.o
Compiling .pio\build\guition_chain_stress\FrameworkArduino\esp32-hal-i2c-slave.c.o
Compiling .pio\build\guition_chain_stress\FrameworkArduino\esp32-hal-i2c.c.o
Compiling .pio\build\guition_chain_stress\FrameworkArduino\esp32-hal-ledc.c.o
Compiling .pio\build\guition_chain_stress\FrameworkArduino\esp32-hal-log-wrapper.c.o
Compiling .pio\build\guition_chain_stress\FrameworkArduino\esp32-hal-matrix.c.o
Compiling .pio\build\guition_chain_stress\FrameworkArduino\esp32-hal-misc.c.o
Compiling .pio\build\guition_chain_stress\FrameworkArduino\esp32-hal-periman.c.o
Compiling .pio\build\guition_chain_stress\FrameworkArduino\esp32-hal-psram.c.o
Compiling .pio\build\guition_chain_stress\FrameworkArduino\esp32-hal-rgb-led.c.o
Compiling .pio\build\guition_chain_stress\FrameworkArduino\esp32-hal-rmt.c.o
Compiling .pio\build\guition_chain_stress\FrameworkArduino\esp32-hal-sigmadelta.c.o
Compiling .pio\build\guition_chain_stress\FrameworkArduino\esp32-hal-spi.c.o
Compiling .pio\build\guition_chain_stress\FrameworkArduino\esp32-hal-time.c.o
Compiling .pio\build\guition_chain_stress\FrameworkArduino\esp32-hal-timer.c.o
Compiling .pio\build\guition_chain_stress\FrameworkArduino\esp32-hal-tinyusb.c.o
Compiling .pio\build\guition_chain_stress\FrameworkArduino\esp32-hal-touch-ng.c.o
Compiling .pio\build\guition_chain_stress\FrameworkArduino\esp32-hal-touch.c.o
Compiling .pio\build\guition_chain_stress\FrameworkArduino\esp32-hal-uart.c.o
Compiling .pio\build\guition_chain_stress\FrameworkArduino\firmware_msc_fat.c.o
In file included from C:/.platformio/packages/framework-arduinoespressif32/cores/esp32/esp32-hal-spi.c:65:
C:/.platformio/packages/framework-arduinoespressif32/cores/esp32/esp32-hal-spi.c: In function '_spiSetClockDivInternal':
C:/.platformio/packages/framework-arduinoespressif32/cores/esp32/esp32-hal-spi.c:582:32: warning: passing argument 1 of 'spi_ll_set_clk_source' discards 'volatile' qualifier from pointer target type [-Wdiscarded-qualifiers]
  582 |       spi_ll_set_clk_source(spi->dev, new_clk_src ? SPI_CLK_SRC_SPLL : SPI_CLK_SRC_XTAL);
      |                             ~~~^~~~~
C:/.platformio/packages/framework-arduinoespressif32-libs/esp32p4_es/include/hal/esp32p4/include/hal/spi_ll.h:203:90: note: in definition of macro 'spi_ll_set_clk_source'
  203 | #define spi_ll_set_clk_source(...) (void)__DECLARE_RCC_ATOMIC_ENV; spi_ll_set_clk_source(__VA_ARGS__)
      |                                                                                          ^~~~~~~~~~~
C:/.platformio/packages/framework-arduinoespressif32-libs/esp32p4_es/include/hal/esp32p4/include/hal/spi_ll.h:177:53: note: expected 'spi_dev_t *' but argument is of type 'volatile spi_dev_t *'
  177 | static inline void spi_ll_set_clk_source(spi_dev_t *hw, spi_clock_source_t clk_source)
      |                                          ~~~~~~~~~~~^~
Compiling .pio\build\guition_chain_stress\FrameworkArduino\freertos_stats.cpp.o
Compiling .pio\build\guition_chain_stress\FrameworkArduino\libb64\cdecode.c.o
Compiling .pio\build\guition_chain_stress\FrameworkArduino\libb64\cencode.c.o
Compiling .pio\build\guition_chain_stress\FrameworkArduino\main.cpp.o
Compiling .pio\build\guition_chain_stress\FrameworkArduino\stdlib_noniso.c.o
Compiling .pio\build\guition_chain_stress\FrameworkArduino\wiring_pulse.c.o
Compiling .pio\build\guition_chain_stress\FrameworkArduino\wiring_shift.c.o
Archiving .pio\build\guition_chain_stress\libFrameworkArduino.a
Indexing .pio\build\guition_chain_stress\libFrameworkArduino.a
Linking .pio\build\guition_chain_stress\firmware.elf
Firmware metrics can not be shown. Set the terminal codepage to "utf-8" or "cp65001" on Windows.
Retrieving maximum program size .pio\build\guition_chain_stress\firmware.elf
Checking size .pio\build\guition_chain_stress\firmware.elf
Advanced Memory Usage is available via "PlatformIO Home > Project Inspect"
RAM:   [==        ]  19.9% (used 65052 bytes from 327680 bytes)
Flash: [=         ]  11.1% (used 727964 bytes from 6553600 bytes)
Building .pio\build\guition_chain_stress\firmware.bin
esptool v5.1.0
Creating ESP32P4 image...
Merged 4 ELF sections.
Successfully created ESP32P4 image.
======================== [SUCCESS] Took 112.26 seconds ========================

Processing guition_chain_synth_stress (platform: https://github.com/pioarduino/platform-espressif32/releases/download/55.03.36-1/platform-espressif32.zip; board: jc4880p4; framework: arduino)
--------------------------------------------------------------------------------
Verbose mode can be enabled via `-v, --verbose` option
CONFIGURATION: https://docs.platformio.org/page/boards/espressif32/jc4880p4.html
PLATFORM: Espressif 32 (55.3.36) > Guition JC4880P443C_I_W (JC-ESP32P4-M3, ESP32-P4 ES + C6)
HARDWARE: ESP32P4 360MHz, 320KB RAM, 16MB Flash
DEBUG: Current (cmsis-dap) External (cmsis-dap, esp-bridge, esp-builtin, esp-prog, iot-bus-jtag, jlink, minimodule, olimex-arm-usb-ocd, olimex-arm-usb-ocd-h, olimex-arm-usb-tiny-h, olimex-jtag-tiny, tumpa)
PACKAGES: 
 - contrib-piohome @ 3.4.4 
 - framework-arduinoespressif32 @ 3.3.6 
 - framework-arduinoespressif32-libs @ 5.5.0+sha.f56bea3d1f 
 - tool-esptoolpy @ 5.1.0 
 - toolchain-riscv32-esp @ 14.2.0+20251107
LDF: Library Dependency Finder -> https://bit.ly/configure-pio-ldf
LDF Modes: Finder ~ chain, Compatibility ~ soft
Found 44 compatible libraries
Scanning dependencies...
Dependency Graph
|-- p4sdm-es8311 @ 1.0.0
|-- SD_MMC @ 3.3.6
Building in release mode
Compiling .pio\build\guition_chain_synth_stress\lib94c\es8311\es8311.c.o
Compiling .pio\build\guition_chain_synth_stress\lib7fe\FS\FS.cpp.o
Compiling .pio\build\guition_chain_synth_stress\lib7fe\FS\vfs_api.cpp.o
Compiling .pio\build\guition_chain_synth_stress\liba11\SD_MMC\SD_MMC.cpp.o
Compiling .pio\build\guition_chain_synth_stress\src\app\projects.cpp.o
Compiling .pio\build\guition_chain_synth_stress\src\app\samples.cpp.o
Compiling .pio\build\guition_chain_synth_stress\src\app\transient_service.cpp.o
Compiling .pio\build\guition_chain_synth_stress\src\app_main.cpp.o
Compiling .pio\build\guition_chain_synth_stress\src\hal\audio_hal.cpp.o
Compiling .pio\build\guition_chain_synth_stress\src\hal\display_hal.cpp.o
Compiling .pio\build\guition_chain_synth_stress\src\hal\guition_board.cpp.o
Compiling .pio\build\guition_chain_synth_stress\src\hal\storage_hal.cpp.o
Compiling .pio\build\guition_chain_synth_stress\src\hal\touch_hal.cpp.o
Building .pio\build\guition_chain_synth_stress\bootloader.bin
Generating partitions .pio\build\guition_chain_synth_stress\partitions.bin
Compiling .pio\build\guition_chain_synth_stress\FrameworkArduino\ColorFormat.c.o
Compiling .pio\build\guition_chain_synth_stress\FrameworkArduino\Esp.cpp.o
Compiling .pio\build\guition_chain_synth_stress\FrameworkArduino\FirmwareMSC.cpp.o
esptool v5.1.0
Creating ESP32P4 image...
Merged 2 ELF sections.
Successfully created ESP32P4 image.
Compiling .pio\build\guition_chain_synth_stress\FrameworkArduino\FunctionalInterrupt.cpp.o
Compiling .pio\build\guition_chain_synth_stress\FrameworkArduino\HEXBuilder.cpp.o
Compiling .pio\build\guition_chain_synth_stress\FrameworkArduino\HWCDC.cpp.o
Compiling .pio\build\guition_chain_synth_stress\FrameworkArduino\HardwareSerial.cpp.o
Compiling .pio\build\guition_chain_synth_stress\FrameworkArduino\HashBuilder.cpp.o
Compiling .pio\build\guition_chain_synth_stress\FrameworkArduino\IPAddress.cpp.o
Compiling .pio\build\guition_chain_synth_stress\FrameworkArduino\MD5Builder.cpp.o
Compiling .pio\build\guition_chain_synth_stress\FrameworkArduino\MacAddress.cpp.o
In file included from C:/.platformio/packages/framework-arduinoespressif32-libs/esp32p4_es/include/esp_hw_support/include/esp_private/regi2c_ctrl.h:15,
                 from C:/.platformio/packages/framework-arduinoespressif32-libs/esp32p4_es/include/hal/platform_port/include/hal/regi2c_ctrl.h:17,
                 from C:/.platformio/packages/framework-arduinoespressif32-libs/esp32p4_es/include/hal/esp32p4/include/hal/clk_tree_ll.h:19,
                 from C:/.platformio/packages/framework-arduinoespressif32-libs/esp32p4_es/include/hal/esp32p4/include/hal/spimem_flash_ll.h:32,
                 from C:/.platformio/packages/framework-arduinoespressif32-libs/esp32p4_es/include/hal/esp32p4/include/hal/spi_flash_ll.h:18,
                 from C:/.platformio/packages/framework-arduinoespressif32/cores/esp32/Esp.cpp:41:
C:/.platformio/packages/framework-arduinoespressif32-libs/esp32p4_es/include/esp_hw_support/include/esp_private/periph_ctrl.h:87:64: warning: invalid suffix on literal; C++11 requires a space between literal and string macro [-Wliteral-suffix]
   87 | #define __PERIPH_CTRL_DEPRECATE_ATTR __attribute__((deprecated("This function is not functional on "CONFIG_IDF_TARGET)))
      |                                                                ^
Compiling .pio\build\guition_chain_synth_stress\FrameworkArduino\Print.cpp.o
Compiling .pio\build\guition_chain_synth_stress\FrameworkArduino\Stream.cpp.o
Compiling .pio\build\guition_chain_synth_stress\FrameworkArduino\StreamString.cpp.o
Compiling .pio\build\guition_chain_synth_stress\FrameworkArduino\Tone.cpp.o
Compiling .pio\build\guition_chain_synth_stress\FrameworkArduino\USB.cpp.o
Compiling .pio\build\guition_chain_synth_stress\FrameworkArduino\USBCDC.cpp.o
Compiling .pio\build\guition_chain_synth_stress\FrameworkArduino\USBMSC.cpp.o
Compiling .pio\build\guition_chain_synth_stress\FrameworkArduino\WMath.cpp.o
Compiling .pio\build\guition_chain_synth_stress\FrameworkArduino\WString.cpp.o
Compiling .pio\build\guition_chain_synth_stress\FrameworkArduino\base64.cpp.o
Compiling .pio\build\guition_chain_synth_stress\FrameworkArduino\cbuf.cpp.o
Compiling .pio\build\guition_chain_synth_stress\FrameworkArduino\chip-debug-report.cpp.o
Compiling .pio\build\guition_chain_synth_stress\FrameworkArduino\esp32-hal-adc.c.o
Compiling .pio\build\guition_chain_synth_stress\FrameworkArduino\esp32-hal-bt.c.o
Compiling .pio\build\guition_chain_synth_stress\FrameworkArduino\esp32-hal-cpu.c.o
Compiling .pio\build\guition_chain_synth_stress\FrameworkArduino\esp32-hal-dac.c.o
Compiling .pio\build\guition_chain_synth_stress\FrameworkArduino\esp32-hal-gpio.c.o
Compiling .pio\build\guition_chain_synth_stress\FrameworkArduino\esp32-hal-hosted.c.o
Compiling .pio\build\guition_chain_synth_stress\FrameworkArduino\esp32-hal-i2c-ng.c.o
Compiling .pio\build\guition_chain_synth_stress\FrameworkArduino\esp32-hal-i2c-slave.c.o
Compiling .pio\build\guition_chain_synth_stress\FrameworkArduino\esp32-hal-i2c.c.o
Compiling .pio\build\guition_chain_synth_stress\FrameworkArduino\esp32-hal-ledc.c.o
Compiling .pio\build\guition_chain_synth_stress\FrameworkArduino\esp32-hal-log-wrapper.c.o
Compiling .pio\build\guition_chain_synth_stress\FrameworkArduino\esp32-hal-matrix.c.o
Compiling .pio\build\guition_chain_synth_stress\FrameworkArduino\esp32-hal-misc.c.o
Compiling .pio\build\guition_chain_synth_stress\FrameworkArduino\esp32-hal-periman.c.o
Compiling .pio\build\guition_chain_synth_stress\FrameworkArduino\esp32-hal-psram.c.o
Compiling .pio\build\guition_chain_synth_stress\FrameworkArduino\esp32-hal-rgb-led.c.o
Compiling .pio\build\guition_chain_synth_stress\FrameworkArduino\esp32-hal-rmt.c.o
Compiling .pio\build\guition_chain_synth_stress\FrameworkArduino\esp32-hal-sigmadelta.c.o
Compiling .pio\build\guition_chain_synth_stress\FrameworkArduino\esp32-hal-spi.c.o
Compiling .pio\build\guition_chain_synth_stress\FrameworkArduino\esp32-hal-time.c.o
Compiling .pio\build\guition_chain_synth_stress\FrameworkArduino\esp32-hal-timer.c.o
Compiling .pio\build\guition_chain_synth_stress\FrameworkArduino\esp32-hal-tinyusb.c.o
Compiling .pio\build\guition_chain_synth_stress\FrameworkArduino\esp32-hal-touch-ng.c.o
Compiling .pio\build\guition_chain_synth_stress\FrameworkArduino\esp32-hal-touch.c.o
Compiling .pio\build\guition_chain_synth_stress\FrameworkArduino\esp32-hal-uart.c.o
Compiling .pio\build\guition_chain_synth_stress\FrameworkArduino\firmware_msc_fat.c.o
Compiling .pio\build\guition_chain_synth_stress\FrameworkArduino\freertos_stats.cpp.o
Compiling .pio\build\guition_chain_synth_stress\FrameworkArduino\libb64\cdecode.c.o
Compiling .pio\build\guition_chain_synth_stress\FrameworkArduino\libb64\cencode.c.o
In file included from C:/.platformio/packages/framework-arduinoespressif32/cores/esp32/esp32-hal-spi.c:65:
C:/.platformio/packages/framework-arduinoespressif32/cores/esp32/esp32-hal-spi.c: In function '_spiSetClockDivInternal':
C:/.platformio/packages/framework-arduinoespressif32/cores/esp32/esp32-hal-spi.c:582:32: warning: passing argument 1 of 'spi_ll_set_clk_source' discards 'volatile' qualifier from pointer target type [-Wdiscarded-qualifiers]
  582 |       spi_ll_set_clk_source(spi->dev, new_clk_src ? SPI_CLK_SRC_SPLL : SPI_CLK_SRC_XTAL);
      |                             ~~~^~~~~
C:/.platformio/packages/framework-arduinoespressif32-libs/esp32p4_es/include/hal/esp32p4/include/hal/spi_ll.h:203:90: note: in definition of macro 'spi_ll_set_clk_source'
  203 | #define spi_ll_set_clk_source(...) (void)__DECLARE_RCC_ATOMIC_ENV; spi_ll_set_clk_source(__VA_ARGS__)
      |                                                                                          ^~~~~~~~~~~
C:/.platformio/packages/framework-arduinoespressif32-libs/esp32p4_es/include/hal/esp32p4/include/hal/spi_ll.h:177:53: note: expected 'spi_dev_t *' but argument is of type 'volatile spi_dev_t *'
  177 | static inline void spi_ll_set_clk_source(spi_dev_t *hw, spi_clock_source_t clk_source)
      |                                          ~~~~~~~~~~~^~
Compiling .pio\build\guition_chain_synth_stress\FrameworkArduino\main.cpp.o
Compiling .pio\build\guition_chain_synth_stress\FrameworkArduino\stdlib_noniso.c.o
Compiling .pio\build\guition_chain_synth_stress\FrameworkArduino\wiring_pulse.c.o
Compiling .pio\build\guition_chain_synth_stress\FrameworkArduino\wiring_shift.c.o
Archiving .pio\build\guition_chain_synth_stress\libFrameworkArduino.a
Indexing .pio\build\guition_chain_synth_stress\libFrameworkArduino.a
Linking .pio\build\guition_chain_synth_stress\firmware.elf
Firmware metrics can not be shown. Set the terminal codepage to "utf-8" or "cp65001" on Windows.
Retrieving maximum program size .pio\build\guition_chain_synth_stress\firmware.elf
Checking size .pio\build\guition_chain_synth_stress\firmware.elf
Advanced Memory Usage is available via "PlatformIO Home > Project Inspect"
RAM:   [===       ]  25.4% (used 83264 bytes from 327680 bytes)
Flash: [=         ]  10.7% (used 699694 bytes from 6553600 bytes)
Building .pio\build\guition_chain_synth_stress\firmware.bin
esptool v5.1.0
Creating ESP32P4 image...
Merged 4 ELF sections.
Successfully created ESP32P4 image.
========================= [SUCCESS] Took 97.19 seconds =========================

Processing guition_performance_stress (platform: https://github.com/pioarduino/platform-espressif32/releases/download/55.03.36-1/platform-espressif32.zip; board: jc4880p4; framework: arduino)
--------------------------------------------------------------------------------
Verbose mode can be enabled via `-v, --verbose` option
CONFIGURATION: https://docs.platformio.org/page/boards/espressif32/jc4880p4.html
PLATFORM: Espressif 32 (55.3.36) > Guition JC4880P443C_I_W (JC-ESP32P4-M3, ESP32-P4 ES + C6)
HARDWARE: ESP32P4 360MHz, 320KB RAM, 16MB Flash
DEBUG: Current (cmsis-dap) External (cmsis-dap, esp-bridge, esp-builtin, esp-prog, iot-bus-jtag, jlink, minimodule, olimex-arm-usb-ocd, olimex-arm-usb-ocd-h, olimex-arm-usb-tiny-h, olimex-jtag-tiny, tumpa)
PACKAGES: 
 - contrib-piohome @ 3.4.4 
 - framework-arduinoespressif32 @ 3.3.6 
 - framework-arduinoespressif32-libs @ 5.5.0+sha.f56bea3d1f 
 - tool-esptoolpy @ 5.1.0 
 - toolchain-riscv32-esp @ 14.2.0+20251107
LDF: Library Dependency Finder -> https://bit.ly/configure-pio-ldf
LDF Modes: Finder ~ chain, Compatibility ~ soft
Found 44 compatible libraries
Scanning dependencies...
Dependency Graph
|-- p4sdm-es8311 @ 1.0.0
|-- SD_MMC @ 3.3.6
Building in release mode
Compiling .pio\build\guition_performance_stress\lib94c\es8311\es8311.c.o
Compiling .pio\build\guition_performance_stress\lib7fe\FS\FS.cpp.o
Compiling .pio\build\guition_performance_stress\lib7fe\FS\vfs_api.cpp.o
Compiling .pio\build\guition_performance_stress\liba11\SD_MMC\SD_MMC.cpp.o
Compiling .pio\build\guition_performance_stress\src\app\projects.cpp.o
Compiling .pio\build\guition_performance_stress\src\app\samples.cpp.o
Compiling .pio\build\guition_performance_stress\src\app\transient_service.cpp.o
Compiling .pio\build\guition_performance_stress\src\app_main.cpp.o
Compiling .pio\build\guition_performance_stress\src\hal\audio_hal.cpp.o
Compiling .pio\build\guition_performance_stress\src\hal\display_hal.cpp.o
Compiling .pio\build\guition_performance_stress\src\hal\guition_board.cpp.o
Compiling .pio\build\guition_performance_stress\src\hal\storage_hal.cpp.o
Compiling .pio\build\guition_performance_stress\src\hal\touch_hal.cpp.o
Building .pio\build\guition_performance_stress\bootloader.bin
Generating partitions .pio\build\guition_performance_stress\partitions.bin
Compiling .pio\build\guition_performance_stress\FrameworkArduino\ColorFormat.c.o
Compiling .pio\build\guition_performance_stress\FrameworkArduino\Esp.cpp.o
Compiling .pio\build\guition_performance_stress\FrameworkArduino\FirmwareMSC.cpp.o
esptool v5.1.0
Creating ESP32P4 image...
Merged 2 ELF sections.
Successfully created ESP32P4 image.
Compiling .pio\build\guition_performance_stress\FrameworkArduino\FunctionalInterrupt.cpp.o
Compiling .pio\build\guition_performance_stress\FrameworkArduino\HEXBuilder.cpp.o
Compiling .pio\build\guition_performance_stress\FrameworkArduino\HWCDC.cpp.o
Compiling .pio\build\guition_performance_stress\FrameworkArduino\HardwareSerial.cpp.o
Compiling .pio\build\guition_performance_stress\FrameworkArduino\HashBuilder.cpp.o
Compiling .pio\build\guition_performance_stress\FrameworkArduino\IPAddress.cpp.o
Compiling .pio\build\guition_performance_stress\FrameworkArduino\MD5Builder.cpp.o
Compiling .pio\build\guition_performance_stress\FrameworkArduino\MacAddress.cpp.o
In file included from C:/.platformio/packages/framework-arduinoespressif32-libs/esp32p4_es/include/esp_hw_support/include/esp_private/regi2c_ctrl.h:15,
                 from C:/.platformio/packages/framework-arduinoespressif32-libs/esp32p4_es/include/hal/platform_port/include/hal/regi2c_ctrl.h:17,
                 from C:/.platformio/packages/framework-arduinoespressif32-libs/esp32p4_es/include/hal/esp32p4/include/hal/clk_tree_ll.h:19,
                 from C:/.platformio/packages/framework-arduinoespressif32-libs/esp32p4_es/include/hal/esp32p4/include/hal/spimem_flash_ll.h:32,
                 from C:/.platformio/packages/framework-arduinoespressif32-libs/esp32p4_es/include/hal/esp32p4/include/hal/spi_flash_ll.h:18,
                 from C:/.platformio/packages/framework-arduinoespressif32/cores/esp32/Esp.cpp:41:
C:/.platformio/packages/framework-arduinoespressif32-libs/esp32p4_es/include/esp_hw_support/include/esp_private/periph_ctrl.h:87:64: warning: invalid suffix on literal; C++11 requires a space between literal and string macro [-Wliteral-suffix]
   87 | #define __PERIPH_CTRL_DEPRECATE_ATTR __attribute__((deprecated("This function is not functional on "CONFIG_IDF_TARGET)))
      |                                                                ^
Compiling .pio\build\guition_performance_stress\FrameworkArduino\Print.cpp.o
Compiling .pio\build\guition_performance_stress\FrameworkArduino\Stream.cpp.o
Compiling .pio\build\guition_performance_stress\FrameworkArduino\StreamString.cpp.o
Compiling .pio\build\guition_performance_stress\FrameworkArduino\Tone.cpp.o
Compiling .pio\build\guition_performance_stress\FrameworkArduino\USB.cpp.o
Compiling .pio\build\guition_performance_stress\FrameworkArduino\USBCDC.cpp.o
Compiling .pio\build\guition_performance_stress\FrameworkArduino\USBMSC.cpp.o
Compiling .pio\build\guition_performance_stress\FrameworkArduino\WMath.cpp.o
Compiling .pio\build\guition_performance_stress\FrameworkArduino\WString.cpp.o
Compiling .pio\build\guition_performance_stress\FrameworkArduino\base64.cpp.o
Compiling .pio\build\guition_performance_stress\FrameworkArduino\cbuf.cpp.o
Compiling .pio\build\guition_performance_stress\FrameworkArduino\chip-debug-report.cpp.o
Compiling .pio\build\guition_performance_stress\FrameworkArduino\esp32-hal-adc.c.o
Compiling .pio\build\guition_performance_stress\FrameworkArduino\esp32-hal-bt.c.o
Compiling .pio\build\guition_performance_stress\FrameworkArduino\esp32-hal-cpu.c.o
Compiling .pio\build\guition_performance_stress\FrameworkArduino\esp32-hal-dac.c.o
Compiling .pio\build\guition_performance_stress\FrameworkArduino\esp32-hal-gpio.c.o
Compiling .pio\build\guition_performance_stress\FrameworkArduino\esp32-hal-hosted.c.o
Compiling .pio\build\guition_performance_stress\FrameworkArduino\esp32-hal-i2c-ng.c.o
Compiling .pio\build\guition_performance_stress\FrameworkArduino\esp32-hal-i2c-slave.c.o
Compiling .pio\build\guition_performance_stress\FrameworkArduino\esp32-hal-i2c.c.o
Compiling .pio\build\guition_performance_stress\FrameworkArduino\esp32-hal-ledc.c.o
Compiling .pio\build\guition_performance_stress\FrameworkArduino\esp32-hal-log-wrapper.c.o
Compiling .pio\build\guition_performance_stress\FrameworkArduino\esp32-hal-matrix.c.o
Compiling .pio\build\guition_performance_stress\FrameworkArduino\esp32-hal-misc.c.o
Compiling .pio\build\guition_performance_stress\FrameworkArduino\esp32-hal-periman.c.o
Compiling .pio\build\guition_performance_stress\FrameworkArduino\esp32-hal-psram.c.o
Compiling .pio\build\guition_performance_stress\FrameworkArduino\esp32-hal-rgb-led.c.o
Compiling .pio\build\guition_performance_stress\FrameworkArduino\esp32-hal-rmt.c.o
Compiling .pio\build\guition_performance_stress\FrameworkArduino\esp32-hal-sigmadelta.c.o
Compiling .pio\build\guition_performance_stress\FrameworkArduino\esp32-hal-spi.c.o
Compiling .pio\build\guition_performance_stress\FrameworkArduino\esp32-hal-time.c.o
Compiling .pio\build\guition_performance_stress\FrameworkArduino\esp32-hal-timer.c.o
Compiling .pio\build\guition_performance_stress\FrameworkArduino\esp32-hal-tinyusb.c.o
Compiling .pio\build\guition_performance_stress\FrameworkArduino\esp32-hal-touch-ng.c.o
Compiling .pio\build\guition_performance_stress\FrameworkArduino\esp32-hal-touch.c.o
Compiling .pio\build\guition_performance_stress\FrameworkArduino\esp32-hal-uart.c.o
Compiling .pio\build\guition_performance_stress\FrameworkArduino\firmware_msc_fat.c.o
Compiling .pio\build\guition_performance_stress\FrameworkArduino\freertos_stats.cpp.o
Compiling .pio\build\guition_performance_stress\FrameworkArduino\libb64\cdecode.c.o
In file included from C:/.platformio/packages/framework-arduinoespressif32/cores/esp32/esp32-hal-spi.c:65:
C:/.platformio/packages/framework-arduinoespressif32/cores/esp32/esp32-hal-spi.c: In function '_spiSetClockDivInternal':
C:/.platformio/packages/framework-arduinoespressif32/cores/esp32/esp32-hal-spi.c:582:32: warning: passing argument 1 of 'spi_ll_set_clk_source' discards 'volatile' qualifier from pointer target type [-Wdiscarded-qualifiers]
  582 |       spi_ll_set_clk_source(spi->dev, new_clk_src ? SPI_CLK_SRC_SPLL : SPI_CLK_SRC_XTAL);
      |                             ~~~^~~~~
C:/.platformio/packages/framework-arduinoespressif32-libs/esp32p4_es/include/hal/esp32p4/include/hal/spi_ll.h:203:90: note: in definition of macro 'spi_ll_set_clk_source'
  203 | #define spi_ll_set_clk_source(...) (void)__DECLARE_RCC_ATOMIC_ENV; spi_ll_set_clk_source(__VA_ARGS__)
      |                                                                                          ^~~~~~~~~~~
C:/.platformio/packages/framework-arduinoespressif32-libs/esp32p4_es/include/hal/esp32p4/include/hal/spi_ll.h:177:53: note: expected 'spi_dev_t *' but argument is of type 'volatile spi_dev_t *'
  177 | static inline void spi_ll_set_clk_source(spi_dev_t *hw, spi_clock_source_t clk_source)
      |                                          ~~~~~~~~~~~^~
Compiling .pio\build\guition_performance_stress\FrameworkArduino\libb64\cencode.c.o
Compiling .pio\build\guition_performance_stress\FrameworkArduino\main.cpp.o
Compiling .pio\build\guition_performance_stress\FrameworkArduino\stdlib_noniso.c.o
Compiling .pio\build\guition_performance_stress\FrameworkArduino\wiring_pulse.c.o
Compiling .pio\build\guition_performance_stress\FrameworkArduino\wiring_shift.c.o
Archiving .pio\build\guition_performance_stress\libFrameworkArduino.a
Indexing .pio\build\guition_performance_stress\libFrameworkArduino.a
Linking .pio\build\guition_performance_stress\firmware.elf
Firmware metrics can not be shown. Set the terminal codepage to "utf-8" or "cp65001" on Windows.
Retrieving maximum program size .pio\build\guition_performance_stress\firmware.elf
Checking size .pio\build\guition_performance_stress\firmware.elf
Advanced Memory Usage is available via "PlatformIO Home > Project Inspect"
RAM:   [==        ]  19.9% (used 65052 bytes from 327680 bytes)
Flash: [=         ]  11.1% (used 728648 bytes from 6553600 bytes)
Building .pio\build\guition_performance_stress\firmware.bin
esptool v5.1.0
Creating ESP32P4 image...
Merged 4 ELF sections.
Successfully created ESP32P4 image.
========================= [SUCCESS] Took 81.96 seconds =========================

Processing guition_performance_synth_stress (platform: https://github.com/pioarduino/platform-espressif32/releases/download/55.03.36-1/platform-espressif32.zip; board: jc4880p4; framework: arduino)
--------------------------------------------------------------------------------
Verbose mode can be enabled via `-v, --verbose` option
CONFIGURATION: https://docs.platformio.org/page/boards/espressif32/jc4880p4.html
PLATFORM: Espressif 32 (55.3.36) > Guition JC4880P443C_I_W (JC-ESP32P4-M3, ESP32-P4 ES + C6)
HARDWARE: ESP32P4 360MHz, 320KB RAM, 16MB Flash
DEBUG: Current (cmsis-dap) External (cmsis-dap, esp-bridge, esp-builtin, esp-prog, iot-bus-jtag, jlink, minimodule, olimex-arm-usb-ocd, olimex-arm-usb-ocd-h, olimex-arm-usb-tiny-h, olimex-jtag-tiny, tumpa)
PACKAGES: 
 - contrib-piohome @ 3.4.4 
 - framework-arduinoespressif32 @ 3.3.6 
 - framework-arduinoespressif32-libs @ 5.5.0+sha.f56bea3d1f 
 - tool-esptoolpy @ 5.1.0 
 - toolchain-riscv32-esp @ 14.2.0+20251107
LDF: Library Dependency Finder -> https://bit.ly/configure-pio-ldf
LDF Modes: Finder ~ chain, Compatibility ~ soft
Found 44 compatible libraries
Scanning dependencies...
Dependency Graph
|-- p4sdm-es8311 @ 1.0.0
|-- SD_MMC @ 3.3.6
Building in release mode
Compiling .pio\build\guition_performance_synth_stress\lib94c\es8311\es8311.c.o
Compiling .pio\build\guition_performance_synth_stress\lib7fe\FS\FS.cpp.o
Compiling .pio\build\guition_performance_synth_stress\lib7fe\FS\vfs_api.cpp.o
Compiling .pio\build\guition_performance_synth_stress\liba11\SD_MMC\SD_MMC.cpp.o
Compiling .pio\build\guition_performance_synth_stress\src\app\projects.cpp.o
Compiling .pio\build\guition_performance_synth_stress\src\app\samples.cpp.o
Compiling .pio\build\guition_performance_synth_stress\src\app\transient_service.cpp.o
Compiling .pio\build\guition_performance_synth_stress\src\app_main.cpp.o
Compiling .pio\build\guition_performance_synth_stress\src\hal\audio_hal.cpp.o
Compiling .pio\build\guition_performance_synth_stress\src\hal\display_hal.cpp.o
Compiling .pio\build\guition_performance_synth_stress\src\hal\guition_board.cpp.o
Compiling .pio\build\guition_performance_synth_stress\src\hal\storage_hal.cpp.o
Compiling .pio\build\guition_performance_synth_stress\src\hal\touch_hal.cpp.o
Building .pio\build\guition_performance_synth_stress\bootloader.bin
Generating partitions .pio\build\guition_performance_synth_stress\partitions.bin
Compiling .pio\build\guition_performance_synth_stress\FrameworkArduino\ColorFormat.c.o
Compiling .pio\build\guition_performance_synth_stress\FrameworkArduino\Esp.cpp.o
Compiling .pio\build\guition_performance_synth_stress\FrameworkArduino\FirmwareMSC.cpp.o
esptool v5.1.0
Creating ESP32P4 image...
Merged 2 ELF sections.
Successfully created ESP32P4 image.
Compiling .pio\build\guition_performance_synth_stress\FrameworkArduino\FunctionalInterrupt.cpp.o
Compiling .pio\build\guition_performance_synth_stress\FrameworkArduino\HEXBuilder.cpp.o
Compiling .pio\build\guition_performance_synth_stress\FrameworkArduino\HWCDC.cpp.o
Compiling .pio\build\guition_performance_synth_stress\FrameworkArduino\HardwareSerial.cpp.o
Compiling .pio\build\guition_performance_synth_stress\FrameworkArduino\HashBuilder.cpp.o
Compiling .pio\build\guition_performance_synth_stress\FrameworkArduino\IPAddress.cpp.o
In file included from C:/.platformio/packages/framework-arduinoespressif32-libs/esp32p4_es/include/esp_hw_support/include/esp_private/regi2c_ctrl.h:15,
                 from C:/.platformio/packages/framework-arduinoespressif32-libs/esp32p4_es/include/hal/platform_port/include/hal/regi2c_ctrl.h:17,
                 from C:/.platformio/packages/framework-arduinoespressif32-libs/esp32p4_es/include/hal/esp32p4/include/hal/clk_tree_ll.h:19,
                 from C:/.platformio/packages/framework-arduinoespressif32-libs/esp32p4_es/include/hal/esp32p4/include/hal/spimem_flash_ll.h:32,
                 from C:/.platformio/packages/framework-arduinoespressif32-libs/esp32p4_es/include/hal/esp32p4/include/hal/spi_flash_ll.h:18,
                 from C:/.platformio/packages/framework-arduinoespressif32/cores/esp32/Esp.cpp:41:
C:/.platformio/packages/framework-arduinoespressif32-libs/esp32p4_es/include/esp_hw_support/include/esp_private/periph_ctrl.h:87:64: warning: invalid suffix on literal; C++11 requires a space between literal and string macro [-Wliteral-suffix]
   87 | #define __PERIPH_CTRL_DEPRECATE_ATTR __attribute__((deprecated("This function is not functional on "CONFIG_IDF_TARGET)))
      |                                                                ^
Compiling .pio\build\guition_performance_synth_stress\FrameworkArduino\MD5Builder.cpp.o
Compiling .pio\build\guition_performance_synth_stress\FrameworkArduino\MacAddress.cpp.o
Compiling .pio\build\guition_performance_synth_stress\FrameworkArduino\Print.cpp.o
Compiling .pio\build\guition_performance_synth_stress\FrameworkArduino\Stream.cpp.o
Compiling .pio\build\guition_performance_synth_stress\FrameworkArduino\StreamString.cpp.o
Compiling .pio\build\guition_performance_synth_stress\FrameworkArduino\Tone.cpp.o
Compiling .pio\build\guition_performance_synth_stress\FrameworkArduino\USB.cpp.o
Compiling .pio\build\guition_performance_synth_stress\FrameworkArduino\USBCDC.cpp.o
Compiling .pio\build\guition_performance_synth_stress\FrameworkArduino\USBMSC.cpp.o
Compiling .pio\build\guition_performance_synth_stress\FrameworkArduino\WMath.cpp.o
Compiling .pio\build\guition_performance_synth_stress\FrameworkArduino\WString.cpp.o
Compiling .pio\build\guition_performance_synth_stress\FrameworkArduino\base64.cpp.o
Compiling .pio\build\guition_performance_synth_stress\FrameworkArduino\cbuf.cpp.o
Compiling .pio\build\guition_performance_synth_stress\FrameworkArduino\chip-debug-report.cpp.o
Compiling .pio\build\guition_performance_synth_stress\FrameworkArduino\esp32-hal-adc.c.o
Compiling .pio\build\guition_performance_synth_stress\FrameworkArduino\esp32-hal-bt.c.o
Compiling .pio\build\guition_performance_synth_stress\FrameworkArduino\esp32-hal-cpu.c.o
Compiling .pio\build\guition_performance_synth_stress\FrameworkArduino\esp32-hal-dac.c.o
Compiling .pio\build\guition_performance_synth_stress\FrameworkArduino\esp32-hal-gpio.c.o
Compiling .pio\build\guition_performance_synth_stress\FrameworkArduino\esp32-hal-hosted.c.o
Compiling .pio\build\guition_performance_synth_stress\FrameworkArduino\esp32-hal-i2c-ng.c.o
Compiling .pio\build\guition_performance_synth_stress\FrameworkArduino\esp32-hal-i2c-slave.c.o
Compiling .pio\build\guition_performance_synth_stress\FrameworkArduino\esp32-hal-i2c.c.o
Compiling .pio\build\guition_performance_synth_stress\FrameworkArduino\esp32-hal-ledc.c.o
Compiling .pio\build\guition_performance_synth_stress\FrameworkArduino\esp32-hal-log-wrapper.c.o
Compiling .pio\build\guition_performance_synth_stress\FrameworkArduino\esp32-hal-matrix.c.o
Compiling .pio\build\guition_performance_synth_stress\FrameworkArduino\esp32-hal-misc.c.o
Compiling .pio\build\guition_performance_synth_stress\FrameworkArduino\esp32-hal-periman.c.o
Compiling .pio\build\guition_performance_synth_stress\FrameworkArduino\esp32-hal-psram.c.o
Compiling .pio\build\guition_performance_synth_stress\FrameworkArduino\esp32-hal-rgb-led.c.o
Compiling .pio\build\guition_performance_synth_stress\FrameworkArduino\esp32-hal-rmt.c.o
Compiling .pio\build\guition_performance_synth_stress\FrameworkArduino\esp32-hal-sigmadelta.c.o
Compiling .pio\build\guition_performance_synth_stress\FrameworkArduino\esp32-hal-spi.c.o
Compiling .pio\build\guition_performance_synth_stress\FrameworkArduino\esp32-hal-time.c.o
Compiling .pio\build\guition_performance_synth_stress\FrameworkArduino\esp32-hal-timer.c.o
Compiling .pio\build\guition_performance_synth_stress\FrameworkArduino\esp32-hal-tinyusb.c.o
Compiling .pio\build\guition_performance_synth_stress\FrameworkArduino\esp32-hal-touch-ng.c.o
Compiling .pio\build\guition_performance_synth_stress\FrameworkArduino\esp32-hal-touch.c.o
Compiling .pio\build\guition_performance_synth_stress\FrameworkArduino\esp32-hal-uart.c.o
Compiling .pio\build\guition_performance_synth_stress\FrameworkArduino\firmware_msc_fat.c.o
Compiling .pio\build\guition_performance_synth_stress\FrameworkArduino\freertos_stats.cpp.o
In file included from C:/.platformio/packages/framework-arduinoespressif32/cores/esp32/esp32-hal-spi.c:65:
C:/.platformio/packages/framework-arduinoespressif32/cores/esp32/esp32-hal-spi.c: In function '_spiSetClockDivInternal':
C:/.platformio/packages/framework-arduinoespressif32/cores/esp32/esp32-hal-spi.c:582:32: warning: passing argument 1 of 'spi_ll_set_clk_source' discards 'volatile' qualifier from pointer target type [-Wdiscarded-qualifiers]
  582 |       spi_ll_set_clk_source(spi->dev, new_clk_src ? SPI_CLK_SRC_SPLL : SPI_CLK_SRC_XTAL);
      |                             ~~~^~~~~
C:/.platformio/packages/framework-arduinoespressif32-libs/esp32p4_es/include/hal/esp32p4/include/hal/spi_ll.h:203:90: note: in definition of macro 'spi_ll_set_clk_source'
  203 | #define spi_ll_set_clk_source(...) (void)__DECLARE_RCC_ATOMIC_ENV; spi_ll_set_clk_source(__VA_ARGS__)
      |                                                                                          ^~~~~~~~~~~
C:/.platformio/packages/framework-arduinoespressif32-libs/esp32p4_es/include/hal/esp32p4/include/hal/spi_ll.h:177:53: note: expected 'spi_dev_t *' but argument is of type 'volatile spi_dev_t *'
  177 | static inline void spi_ll_set_clk_source(spi_dev_t *hw, spi_clock_source_t clk_source)
      |                                          ~~~~~~~~~~~^~
Compiling .pio\build\guition_performance_synth_stress\FrameworkArduino\libb64\cdecode.c.o
Compiling .pio\build\guition_performance_synth_stress\FrameworkArduino\libb64\cencode.c.o
Compiling .pio\build\guition_performance_synth_stress\FrameworkArduino\main.cpp.o
Compiling .pio\build\guition_performance_synth_stress\FrameworkArduino\stdlib_noniso.c.o
Compiling .pio\build\guition_performance_synth_stress\FrameworkArduino\wiring_pulse.c.o
Compiling .pio\build\guition_performance_synth_stress\FrameworkArduino\wiring_shift.c.o
Archiving .pio\build\guition_performance_synth_stress\libFrameworkArduino.a
Indexing .pio\build\guition_performance_synth_stress\libFrameworkArduino.a
Linking .pio\build\guition_performance_synth_stress\firmware.elf
Firmware metrics can not be shown. Set the terminal codepage to "utf-8" or "cp65001" on Windows.
Retrieving maximum program size .pio\build\guition_performance_synth_stress\firmware.elf
Checking size .pio\build\guition_performance_synth_stress\firmware.elf
Advanced Memory Usage is available via "PlatformIO Home > Project Inspect"
RAM:   [===       ]  25.4% (used 83264 bytes from 327680 bytes)
Flash: [=         ]  10.7% (used 700382 bytes from 6553600 bytes)
Building .pio\build\guition_performance_synth_stress\firmware.bin
esptool v5.1.0
Creating ESP32P4 image...
Merged 4 ELF sections.
Successfully created ESP32P4 image.
======================== [SUCCESS] Took 116.05 seconds ========================

Processing guition_repeat_stress (platform: https://github.com/pioarduino/platform-espressif32/releases/download/55.03.36-1/platform-espressif32.zip; board: jc4880p4; framework: arduino)
--------------------------------------------------------------------------------
Verbose mode can be enabled via `-v, --verbose` option
CONFIGURATION: https://docs.platformio.org/page/boards/espressif32/jc4880p4.html
PLATFORM: Espressif 32 (55.3.36) > Guition JC4880P443C_I_W (JC-ESP32P4-M3, ESP32-P4 ES + C6)
HARDWARE: ESP32P4 360MHz, 320KB RAM, 16MB Flash
DEBUG: Current (cmsis-dap) External (cmsis-dap, esp-bridge, esp-builtin, esp-prog, iot-bus-jtag, jlink, minimodule, olimex-arm-usb-ocd, olimex-arm-usb-ocd-h, olimex-arm-usb-tiny-h, olimex-jtag-tiny, tumpa)
PACKAGES: 
 - contrib-piohome @ 3.4.4 
 - framework-arduinoespressif32 @ 3.3.6 
 - framework-arduinoespressif32-libs @ 5.5.0+sha.f56bea3d1f 
 - tool-esptoolpy @ 5.1.0 
 - toolchain-riscv32-esp @ 14.2.0+20251107
LDF: Library Dependency Finder -> https://bit.ly/configure-pio-ldf
LDF Modes: Finder ~ chain, Compatibility ~ soft
Found 44 compatible libraries
Scanning dependencies...
Dependency Graph
|-- p4sdm-es8311 @ 1.0.0
|-- SD_MMC @ 3.3.6
Building in release mode
Compiling .pio\build\guition_repeat_stress\lib94c\es8311\es8311.c.o
Compiling .pio\build\guition_repeat_stress\lib7fe\FS\FS.cpp.o
Compiling .pio\build\guition_repeat_stress\lib7fe\FS\vfs_api.cpp.o
Compiling .pio\build\guition_repeat_stress\liba11\SD_MMC\SD_MMC.cpp.o
Compiling .pio\build\guition_repeat_stress\src\app\projects.cpp.o
Compiling .pio\build\guition_repeat_stress\src\app\samples.cpp.o
Compiling .pio\build\guition_repeat_stress\src\app\transient_service.cpp.o
Compiling .pio\build\guition_repeat_stress\src\app_main.cpp.o
Compiling .pio\build\guition_repeat_stress\src\hal\audio_hal.cpp.o
Compiling .pio\build\guition_repeat_stress\src\hal\display_hal.cpp.o
Compiling .pio\build\guition_repeat_stress\src\hal\guition_board.cpp.o
Compiling .pio\build\guition_repeat_stress\src\hal\storage_hal.cpp.o
Compiling .pio\build\guition_repeat_stress\src\hal\touch_hal.cpp.o
Building .pio\build\guition_repeat_stress\bootloader.bin
Generating partitions .pio\build\guition_repeat_stress\partitions.bin
Compiling .pio\build\guition_repeat_stress\FrameworkArduino\ColorFormat.c.o
Compiling .pio\build\guition_repeat_stress\FrameworkArduino\Esp.cpp.o
Compiling .pio\build\guition_repeat_stress\FrameworkArduino\FirmwareMSC.cpp.o
esptool v5.1.0
Creating ESP32P4 image...
Merged 2 ELF sections.
Successfully created ESP32P4 image.
Compiling .pio\build\guition_repeat_stress\FrameworkArduino\FunctionalInterrupt.cpp.o
Compiling .pio\build\guition_repeat_stress\FrameworkArduino\HEXBuilder.cpp.o
Compiling .pio\build\guition_repeat_stress\FrameworkArduino\HWCDC.cpp.o
Compiling .pio\build\guition_repeat_stress\FrameworkArduino\HardwareSerial.cpp.o
Compiling .pio\build\guition_repeat_stress\FrameworkArduino\HashBuilder.cpp.o
Compiling .pio\build\guition_repeat_stress\FrameworkArduino\IPAddress.cpp.o
Compiling .pio\build\guition_repeat_stress\FrameworkArduino\MD5Builder.cpp.o
In file included from C:/.platformio/packages/framework-arduinoespressif32-libs/esp32p4_es/include/esp_hw_support/include/esp_private/regi2c_ctrl.h:15,
                 from C:/.platformio/packages/framework-arduinoespressif32-libs/esp32p4_es/include/hal/platform_port/include/hal/regi2c_ctrl.h:17,
                 from C:/.platformio/packages/framework-arduinoespressif32-libs/esp32p4_es/include/hal/esp32p4/include/hal/clk_tree_ll.h:19,
                 from C:/.platformio/packages/framework-arduinoespressif32-libs/esp32p4_es/include/hal/esp32p4/include/hal/spimem_flash_ll.h:32,
                 from C:/.platformio/packages/framework-arduinoespressif32-libs/esp32p4_es/include/hal/esp32p4/include/hal/spi_flash_ll.h:18,
                 from C:/.platformio/packages/framework-arduinoespressif32/cores/esp32/Esp.cpp:41:
C:/.platformio/packages/framework-arduinoespressif32-libs/esp32p4_es/include/esp_hw_support/include/esp_private/periph_ctrl.h:87:64: warning: invalid suffix on literal; C++11 requires a space between literal and string macro [-Wliteral-suffix]
   87 | #define __PERIPH_CTRL_DEPRECATE_ATTR __attribute__((deprecated("This function is not functional on "CONFIG_IDF_TARGET)))
      |                                                                ^
Compiling .pio\build\guition_repeat_stress\FrameworkArduino\MacAddress.cpp.o
Compiling .pio\build\guition_repeat_stress\FrameworkArduino\Print.cpp.o
Compiling .pio\build\guition_repeat_stress\FrameworkArduino\Stream.cpp.o
Compiling .pio\build\guition_repeat_stress\FrameworkArduino\StreamString.cpp.o
Compiling .pio\build\guition_repeat_stress\FrameworkArduino\Tone.cpp.o
Compiling .pio\build\guition_repeat_stress\FrameworkArduino\USB.cpp.o
Compiling .pio\build\guition_repeat_stress\FrameworkArduino\USBCDC.cpp.o
Compiling .pio\build\guition_repeat_stress\FrameworkArduino\USBMSC.cpp.o
Compiling .pio\build\guition_repeat_stress\FrameworkArduino\WMath.cpp.o
Compiling .pio\build\guition_repeat_stress\FrameworkArduino\WString.cpp.o
Compiling .pio\build\guition_repeat_stress\FrameworkArduino\base64.cpp.o
Compiling .pio\build\guition_repeat_stress\FrameworkArduino\cbuf.cpp.o
Compiling .pio\build\guition_repeat_stress\FrameworkArduino\chip-debug-report.cpp.o
Compiling .pio\build\guition_repeat_stress\FrameworkArduino\esp32-hal-adc.c.o
Compiling .pio\build\guition_repeat_stress\FrameworkArduino\esp32-hal-bt.c.o
Compiling .pio\build\guition_repeat_stress\FrameworkArduino\esp32-hal-cpu.c.o
Compiling .pio\build\guition_repeat_stress\FrameworkArduino\esp32-hal-dac.c.o
Compiling .pio\build\guition_repeat_stress\FrameworkArduino\esp32-hal-gpio.c.o
Compiling .pio\build\guition_repeat_stress\FrameworkArduino\esp32-hal-hosted.c.o
Compiling .pio\build\guition_repeat_stress\FrameworkArduino\esp32-hal-i2c-ng.c.o
Compiling .pio\build\guition_repeat_stress\FrameworkArduino\esp32-hal-i2c-slave.c.o
Compiling .pio\build\guition_repeat_stress\FrameworkArduino\esp32-hal-i2c.c.o
Compiling .pio\build\guition_repeat_stress\FrameworkArduino\esp32-hal-ledc.c.o
Compiling .pio\build\guition_repeat_stress\FrameworkArduino\esp32-hal-log-wrapper.c.o
Compiling .pio\build\guition_repeat_stress\FrameworkArduino\esp32-hal-matrix.c.o
Compiling .pio\build\guition_repeat_stress\FrameworkArduino\esp32-hal-misc.c.o
Compiling .pio\build\guition_repeat_stress\FrameworkArduino\esp32-hal-periman.c.o
Compiling .pio\build\guition_repeat_stress\FrameworkArduino\esp32-hal-psram.c.o
Compiling .pio\build\guition_repeat_stress\FrameworkArduino\esp32-hal-rgb-led.c.o
Compiling .pio\build\guition_repeat_stress\FrameworkArduino\esp32-hal-rmt.c.o
Compiling .pio\build\guition_repeat_stress\FrameworkArduino\esp32-hal-sigmadelta.c.o
Compiling .pio\build\guition_repeat_stress\FrameworkArduino\esp32-hal-spi.c.o
Compiling .pio\build\guition_repeat_stress\FrameworkArduino\esp32-hal-time.c.o
Compiling .pio\build\guition_repeat_stress\FrameworkArduino\esp32-hal-timer.c.o
Compiling .pio\build\guition_repeat_stress\FrameworkArduino\esp32-hal-tinyusb.c.o
Compiling .pio\build\guition_repeat_stress\FrameworkArduino\esp32-hal-touch-ng.c.o
Compiling .pio\build\guition_repeat_stress\FrameworkArduino\esp32-hal-touch.c.o
Compiling .pio\build\guition_repeat_stress\FrameworkArduino\esp32-hal-uart.c.o
Compiling .pio\build\guition_repeat_stress\FrameworkArduino\firmware_msc_fat.c.o
Compiling .pio\build\guition_repeat_stress\FrameworkArduino\freertos_stats.cpp.o
Compiling .pio\build\guition_repeat_stress\FrameworkArduino\libb64\cdecode.c.o
In file included from C:/.platformio/packages/framework-arduinoespressif32/cores/esp32/esp32-hal-spi.c:65:
C:/.platformio/packages/framework-arduinoespressif32/cores/esp32/esp32-hal-spi.c: In function '_spiSetClockDivInternal':
C:/.platformio/packages/framework-arduinoespressif32/cores/esp32/esp32-hal-spi.c:582:32: warning: passing argument 1 of 'spi_ll_set_clk_source' discards 'volatile' qualifier from pointer target type [-Wdiscarded-qualifiers]
  582 |       spi_ll_set_clk_source(spi->dev, new_clk_src ? SPI_CLK_SRC_SPLL : SPI_CLK_SRC_XTAL);
      |                             ~~~^~~~~
C:/.platformio/packages/framework-arduinoespressif32-libs/esp32p4_es/include/hal/esp32p4/include/hal/spi_ll.h:203:90: note: in definition of macro 'spi_ll_set_clk_source'
  203 | #define spi_ll_set_clk_source(...) (void)__DECLARE_RCC_ATOMIC_ENV; spi_ll_set_clk_source(__VA_ARGS__)
      |                                                                                          ^~~~~~~~~~~
C:/.platformio/packages/framework-arduinoespressif32-libs/esp32p4_es/include/hal/esp32p4/include/hal/spi_ll.h:177:53: note: expected 'spi_dev_t *' but argument is of type 'volatile spi_dev_t *'
  177 | static inline void spi_ll_set_clk_source(spi_dev_t *hw, spi_clock_source_t clk_source)
      |                                          ~~~~~~~~~~~^~
Compiling .pio\build\guition_repeat_stress\FrameworkArduino\libb64\cencode.c.o
Compiling .pio\build\guition_repeat_stress\FrameworkArduino\main.cpp.o
Compiling .pio\build\guition_repeat_stress\FrameworkArduino\stdlib_noniso.c.o
Compiling .pio\build\guition_repeat_stress\FrameworkArduino\wiring_pulse.c.o
Compiling .pio\build\guition_repeat_stress\FrameworkArduino\wiring_shift.c.o
Archiving .pio\build\guition_repeat_stress\libFrameworkArduino.a
Indexing .pio\build\guition_repeat_stress\libFrameworkArduino.a
Linking .pio\build\guition_repeat_stress\firmware.elf
Firmware metrics can not be shown. Set the terminal codepage to "utf-8" or "cp65001" on Windows.
Retrieving maximum program size .pio\build\guition_repeat_stress\firmware.elf
Checking size .pio\build\guition_repeat_stress\firmware.elf
Advanced Memory Usage is available via "PlatformIO Home > Project Inspect"
RAM:   [==        ]  19.9% (used 65052 bytes from 327680 bytes)
Flash: [=         ]  11.1% (used 730372 bytes from 6553600 bytes)
Building .pio\build\guition_repeat_stress\firmware.bin
esptool v5.1.0
Creating ESP32P4 image...
Merged 4 ELF sections.
Successfully created ESP32P4 image.
========================= [SUCCESS] Took 85.29 seconds =========================

Processing guition_repeat_synth_stress (platform: https://github.com/pioarduino/platform-espressif32/releases/download/55.03.36-1/platform-espressif32.zip; board: jc4880p4; framework: arduino)
--------------------------------------------------------------------------------
Verbose mode can be enabled via `-v, --verbose` option
CONFIGURATION: https://docs.platformio.org/page/boards/espressif32/jc4880p4.html
PLATFORM: Espressif 32 (55.3.36) > Guition JC4880P443C_I_W (JC-ESP32P4-M3, ESP32-P4 ES + C6)
HARDWARE: ESP32P4 360MHz, 320KB RAM, 16MB Flash
DEBUG: Current (cmsis-dap) External (cmsis-dap, esp-bridge, esp-builtin, esp-prog, iot-bus-jtag, jlink, minimodule, olimex-arm-usb-ocd, olimex-arm-usb-ocd-h, olimex-arm-usb-tiny-h, olimex-jtag-tiny, tumpa)
PACKAGES: 
 - contrib-piohome @ 3.4.4 
 - framework-arduinoespressif32 @ 3.3.6 
 - framework-arduinoespressif32-libs @ 5.5.0+sha.f56bea3d1f 
 - tool-esptoolpy @ 5.1.0 
 - toolchain-riscv32-esp @ 14.2.0+20251107
LDF: Library Dependency Finder -> https://bit.ly/configure-pio-ldf
LDF Modes: Finder ~ chain, Compatibility ~ soft
Found 44 compatible libraries
Scanning dependencies...
Dependency Graph
|-- p4sdm-es8311 @ 1.0.0
|-- SD_MMC @ 3.3.6
Building in release mode
Compiling .pio\build\guition_repeat_synth_stress\lib94c\es8311\es8311.c.o
Compiling .pio\build\guition_repeat_synth_stress\lib7fe\FS\FS.cpp.o
Compiling .pio\build\guition_repeat_synth_stress\lib7fe\FS\vfs_api.cpp.o
Compiling .pio\build\guition_repeat_synth_stress\liba11\SD_MMC\SD_MMC.cpp.o
Compiling .pio\build\guition_repeat_synth_stress\src\app\projects.cpp.o
Compiling .pio\build\guition_repeat_synth_stress\src\app\samples.cpp.o
Compiling .pio\build\guition_repeat_synth_stress\src\app\transient_service.cpp.o
Compiling .pio\build\guition_repeat_synth_stress\src\app_main.cpp.o
Compiling .pio\build\guition_repeat_synth_stress\src\hal\audio_hal.cpp.o
Compiling .pio\build\guition_repeat_synth_stress\src\hal\display_hal.cpp.o
Compiling .pio\build\guition_repeat_synth_stress\src\hal\guition_board.cpp.o
Compiling .pio\build\guition_repeat_synth_stress\src\hal\storage_hal.cpp.o
Compiling .pio\build\guition_repeat_synth_stress\src\hal\touch_hal.cpp.o
Building .pio\build\guition_repeat_synth_stress\bootloader.bin
Generating partitions .pio\build\guition_repeat_synth_stress\partitions.bin
Compiling .pio\build\guition_repeat_synth_stress\FrameworkArduino\ColorFormat.c.o
Compiling .pio\build\guition_repeat_synth_stress\FrameworkArduino\Esp.cpp.o
Compiling .pio\build\guition_repeat_synth_stress\FrameworkArduino\FirmwareMSC.cpp.o
esptool v5.1.0
Creating ESP32P4 image...
Merged 2 ELF sections.
Successfully created ESP32P4 image.
Compiling .pio\build\guition_repeat_synth_stress\FrameworkArduino\FunctionalInterrupt.cpp.o
Compiling .pio\build\guition_repeat_synth_stress\FrameworkArduino\HEXBuilder.cpp.o
Compiling .pio\build\guition_repeat_synth_stress\FrameworkArduino\HWCDC.cpp.o
Compiling .pio\build\guition_repeat_synth_stress\FrameworkArduino\HardwareSerial.cpp.o
Compiling .pio\build\guition_repeat_synth_stress\FrameworkArduino\HashBuilder.cpp.o
Compiling .pio\build\guition_repeat_synth_stress\FrameworkArduino\IPAddress.cpp.o
Compiling .pio\build\guition_repeat_synth_stress\FrameworkArduino\MD5Builder.cpp.o
In file included from C:/.platformio/packages/framework-arduinoespressif32-libs/esp32p4_es/include/esp_hw_support/include/esp_private/regi2c_ctrl.h:15,
                 from C:/.platformio/packages/framework-arduinoespressif32-libs/esp32p4_es/include/hal/platform_port/include/hal/regi2c_ctrl.h:17,
                 from C:/.platformio/packages/framework-arduinoespressif32-libs/esp32p4_es/include/hal/esp32p4/include/hal/clk_tree_ll.h:19,
                 from C:/.platformio/packages/framework-arduinoespressif32-libs/esp32p4_es/include/hal/esp32p4/include/hal/spimem_flash_ll.h:32,
                 from C:/.platformio/packages/framework-arduinoespressif32-libs/esp32p4_es/include/hal/esp32p4/include/hal/spi_flash_ll.h:18,
                 from C:/.platformio/packages/framework-arduinoespressif32/cores/esp32/Esp.cpp:41:
C:/.platformio/packages/framework-arduinoespressif32-libs/esp32p4_es/include/esp_hw_support/include/esp_private/periph_ctrl.h:87:64: warning: invalid suffix on literal; C++11 requires a space between literal and string macro [-Wliteral-suffix]
   87 | #define __PERIPH_CTRL_DEPRECATE_ATTR __attribute__((deprecated("This function is not functional on "CONFIG_IDF_TARGET)))
      |                                                                ^
Compiling .pio\build\guition_repeat_synth_stress\FrameworkArduino\MacAddress.cpp.o
Compiling .pio\build\guition_repeat_synth_stress\FrameworkArduino\Print.cpp.o
Compiling .pio\build\guition_repeat_synth_stress\FrameworkArduino\Stream.cpp.o
Compiling .pio\build\guition_repeat_synth_stress\FrameworkArduino\StreamString.cpp.o
Compiling .pio\build\guition_repeat_synth_stress\FrameworkArduino\Tone.cpp.o
Compiling .pio\build\guition_repeat_synth_stress\FrameworkArduino\USB.cpp.o
Compiling .pio\build\guition_repeat_synth_stress\FrameworkArduino\USBCDC.cpp.o
Compiling .pio\build\guition_repeat_synth_stress\FrameworkArduino\USBMSC.cpp.o
Compiling .pio\build\guition_repeat_synth_stress\FrameworkArduino\WMath.cpp.o
Compiling .pio\build\guition_repeat_synth_stress\FrameworkArduino\WString.cpp.o
Compiling .pio\build\guition_repeat_synth_stress\FrameworkArduino\base64.cpp.o
Compiling .pio\build\guition_repeat_synth_stress\FrameworkArduino\cbuf.cpp.o
Compiling .pio\build\guition_repeat_synth_stress\FrameworkArduino\chip-debug-report.cpp.o
Compiling .pio\build\guition_repeat_synth_stress\FrameworkArduino\esp32-hal-adc.c.o
Compiling .pio\build\guition_repeat_synth_stress\FrameworkArduino\esp32-hal-bt.c.o
Compiling .pio\build\guition_repeat_synth_stress\FrameworkArduino\esp32-hal-cpu.c.o
Compiling .pio\build\guition_repeat_synth_stress\FrameworkArduino\esp32-hal-dac.c.o
Compiling .pio\build\guition_repeat_synth_stress\FrameworkArduino\esp32-hal-gpio.c.o
Compiling .pio\build\guition_repeat_synth_stress\FrameworkArduino\esp32-hal-hosted.c.o
Compiling .pio\build\guition_repeat_synth_stress\FrameworkArduino\esp32-hal-i2c-ng.c.o
Compiling .pio\build\guition_repeat_synth_stress\FrameworkArduino\esp32-hal-i2c-slave.c.o
Compiling .pio\build\guition_repeat_synth_stress\FrameworkArduino\esp32-hal-i2c.c.o
Compiling .pio\build\guition_repeat_synth_stress\FrameworkArduino\esp32-hal-ledc.c.o
Compiling .pio\build\guition_repeat_synth_stress\FrameworkArduino\esp32-hal-log-wrapper.c.o
Compiling .pio\build\guition_repeat_synth_stress\FrameworkArduino\esp32-hal-matrix.c.o
Compiling .pio\build\guition_repeat_synth_stress\FrameworkArduino\esp32-hal-misc.c.o
Compiling .pio\build\guition_repeat_synth_stress\FrameworkArduino\esp32-hal-periman.c.o
Compiling .pio\build\guition_repeat_synth_stress\FrameworkArduino\esp32-hal-psram.c.o
Compiling .pio\build\guition_repeat_synth_stress\FrameworkArduino\esp32-hal-rgb-led.c.o
Compiling .pio\build\guition_repeat_synth_stress\FrameworkArduino\esp32-hal-rmt.c.o
Compiling .pio\build\guition_repeat_synth_stress\FrameworkArduino\esp32-hal-sigmadelta.c.o
Compiling .pio\build\guition_repeat_synth_stress\FrameworkArduino\esp32-hal-spi.c.o
Compiling .pio\build\guition_repeat_synth_stress\FrameworkArduino\esp32-hal-time.c.o
Compiling .pio\build\guition_repeat_synth_stress\FrameworkArduino\esp32-hal-timer.c.o
Compiling .pio\build\guition_repeat_synth_stress\FrameworkArduino\esp32-hal-tinyusb.c.o
Compiling .pio\build\guition_repeat_synth_stress\FrameworkArduino\esp32-hal-touch-ng.c.o
Compiling .pio\build\guition_repeat_synth_stress\FrameworkArduino\esp32-hal-touch.c.o
Compiling .pio\build\guition_repeat_synth_stress\FrameworkArduino\esp32-hal-uart.c.o
Compiling .pio\build\guition_repeat_synth_stress\FrameworkArduino\firmware_msc_fat.c.o
In file included from C:/.platformio/packages/framework-arduinoespressif32/cores/esp32/esp32-hal-spi.c:65:
C:/.platformio/packages/framework-arduinoespressif32/cores/esp32/esp32-hal-spi.c: In function '_spiSetClockDivInternal':
C:/.platformio/packages/framework-arduinoespressif32/cores/esp32/esp32-hal-spi.c:582:32: warning: passing argument 1 of 'spi_ll_set_clk_source' discards 'volatile' qualifier from pointer target type [-Wdiscarded-qualifiers]
  582 |       spi_ll_set_clk_source(spi->dev, new_clk_src ? SPI_CLK_SRC_SPLL : SPI_CLK_SRC_XTAL);
      |                             ~~~^~~~~
C:/.platformio/packages/framework-arduinoespressif32-libs/esp32p4_es/include/hal/esp32p4/include/hal/spi_ll.h:203:90: note: in definition of macro 'spi_ll_set_clk_source'
  203 | #define spi_ll_set_clk_source(...) (void)__DECLARE_RCC_ATOMIC_ENV; spi_ll_set_clk_source(__VA_ARGS__)
      |                                                                                          ^~~~~~~~~~~
C:/.platformio/packages/framework-arduinoespressif32-libs/esp32p4_es/include/hal/esp32p4/include/hal/spi_ll.h:177:53: note: expected 'spi_dev_t *' but argument is of type 'volatile spi_dev_t *'
  177 | static inline void spi_ll_set_clk_source(spi_dev_t *hw, spi_clock_source_t clk_source)
      |                                          ~~~~~~~~~~~^~
Compiling .pio\build\guition_repeat_synth_stress\FrameworkArduino\freertos_stats.cpp.o
Compiling .pio\build\guition_repeat_synth_stress\FrameworkArduino\libb64\cdecode.c.o
Compiling .pio\build\guition_repeat_synth_stress\FrameworkArduino\libb64\cencode.c.o
Compiling .pio\build\guition_repeat_synth_stress\FrameworkArduino\main.cpp.o
Compiling .pio\build\guition_repeat_synth_stress\FrameworkArduino\stdlib_noniso.c.o
Compiling .pio\build\guition_repeat_synth_stress\FrameworkArduino\wiring_pulse.c.o
Compiling .pio\build\guition_repeat_synth_stress\FrameworkArduino\wiring_shift.c.o
Archiving .pio\build\guition_repeat_synth_stress\libFrameworkArduino.a
Indexing .pio\build\guition_repeat_synth_stress\libFrameworkArduino.a
Linking .pio\build\guition_repeat_synth_stress\firmware.elf
Firmware metrics can not be shown. Set the terminal codepage to "utf-8" or "cp65001" on Windows.
Retrieving maximum program size .pio\build\guition_repeat_synth_stress\firmware.elf
Checking size .pio\build\guition_repeat_synth_stress\firmware.elf
Advanced Memory Usage is available via "PlatformIO Home > Project Inspect"
RAM:   [===       ]  29.6% (used 97044 bytes from 327680 bytes)
Flash: [=         ]  10.7% (used 702186 bytes from 6553600 bytes)
Building .pio\build\guition_repeat_synth_stress\firmware.bin
esptool v5.1.0
Creating ESP32P4 image...
Merged 4 ELF sections.
Successfully created ESP32P4 image.
========================= [SUCCESS] Took 62.51 seconds =========================

Processing guition_transient_stress (platform: https://github.com/pioarduino/platform-espressif32/releases/download/55.03.36-1/platform-espressif32.zip; board: jc4880p4; framework: arduino)
--------------------------------------------------------------------------------
Verbose mode can be enabled via `-v, --verbose` option
CONFIGURATION: https://docs.platformio.org/page/boards/espressif32/jc4880p4.html
PLATFORM: Espressif 32 (55.3.36) > Guition JC4880P443C_I_W (JC-ESP32P4-M3, ESP32-P4 ES + C6)
HARDWARE: ESP32P4 360MHz, 320KB RAM, 16MB Flash
DEBUG: Current (cmsis-dap) External (cmsis-dap, esp-bridge, esp-builtin, esp-prog, iot-bus-jtag, jlink, minimodule, olimex-arm-usb-ocd, olimex-arm-usb-ocd-h, olimex-arm-usb-tiny-h, olimex-jtag-tiny, tumpa)
PACKAGES: 
 - contrib-piohome @ 3.4.4 
 - framework-arduinoespressif32 @ 3.3.6 
 - framework-arduinoespressif32-libs @ 5.5.0+sha.f56bea3d1f 
 - tool-esptoolpy @ 5.1.0 
 - toolchain-riscv32-esp @ 14.2.0+20251107
LDF: Library Dependency Finder -> https://bit.ly/configure-pio-ldf
LDF Modes: Finder ~ chain, Compatibility ~ soft
Found 44 compatible libraries
Scanning dependencies...
Dependency Graph
|-- p4sdm-es8311 @ 1.0.0
|-- SD_MMC @ 3.3.6
Building in release mode
Compiling .pio\build\guition_transient_stress\lib94c\es8311\es8311.c.o
Compiling .pio\build\guition_transient_stress\lib7fe\FS\FS.cpp.o
Compiling .pio\build\guition_transient_stress\lib7fe\FS\vfs_api.cpp.o
Compiling .pio\build\guition_transient_stress\liba11\SD_MMC\SD_MMC.cpp.o
Compiling .pio\build\guition_transient_stress\src\app\projects.cpp.o
Compiling .pio\build\guition_transient_stress\src\app\samples.cpp.o
Compiling .pio\build\guition_transient_stress\src\app\transient_service.cpp.o
Compiling .pio\build\guition_transient_stress\src\app_main.cpp.o
Compiling .pio\build\guition_transient_stress\src\hal\audio_hal.cpp.o
Compiling .pio\build\guition_transient_stress\src\hal\display_hal.cpp.o
Compiling .pio\build\guition_transient_stress\src\hal\guition_board.cpp.o
Compiling .pio\build\guition_transient_stress\src\hal\storage_hal.cpp.o
Compiling .pio\build\guition_transient_stress\src\hal\touch_hal.cpp.o
Building .pio\build\guition_transient_stress\bootloader.bin
Generating partitions .pio\build\guition_transient_stress\partitions.bin
Compiling .pio\build\guition_transient_stress\FrameworkArduino\ColorFormat.c.o
Compiling .pio\build\guition_transient_stress\FrameworkArduino\Esp.cpp.o
Compiling .pio\build\guition_transient_stress\FrameworkArduino\FirmwareMSC.cpp.o
esptool v5.1.0
Creating ESP32P4 image...
Merged 2 ELF sections.
Successfully created ESP32P4 image.
Compiling .pio\build\guition_transient_stress\FrameworkArduino\FunctionalInterrupt.cpp.o
Compiling .pio\build\guition_transient_stress\FrameworkArduino\HEXBuilder.cpp.o
Compiling .pio\build\guition_transient_stress\FrameworkArduino\HWCDC.cpp.o
Compiling .pio\build\guition_transient_stress\FrameworkArduino\HardwareSerial.cpp.o
Compiling .pio\build\guition_transient_stress\FrameworkArduino\HashBuilder.cpp.o
Compiling .pio\build\guition_transient_stress\FrameworkArduino\IPAddress.cpp.o
Compiling .pio\build\guition_transient_stress\FrameworkArduino\MD5Builder.cpp.o
Compiling .pio\build\guition_transient_stress\FrameworkArduino\MacAddress.cpp.o
In file included from C:/.platformio/packages/framework-arduinoespressif32-libs/esp32p4_es/include/esp_hw_support/include/esp_private/regi2c_ctrl.h:15,
                 from C:/.platformio/packages/framework-arduinoespressif32-libs/esp32p4_es/include/hal/platform_port/include/hal/regi2c_ctrl.h:17,
                 from C:/.platformio/packages/framework-arduinoespressif32-libs/esp32p4_es/include/hal/esp32p4/include/hal/clk_tree_ll.h:19,
                 from C:/.platformio/packages/framework-arduinoespressif32-libs/esp32p4_es/include/hal/esp32p4/include/hal/spimem_flash_ll.h:32,
                 from C:/.platformio/packages/framework-arduinoespressif32-libs/esp32p4_es/include/hal/esp32p4/include/hal/spi_flash_ll.h:18,
                 from C:/.platformio/packages/framework-arduinoespressif32/cores/esp32/Esp.cpp:41:
C:/.platformio/packages/framework-arduinoespressif32-libs/esp32p4_es/include/esp_hw_support/include/esp_private/periph_ctrl.h:87:64: warning: invalid suffix on literal; C++11 requires a space between literal and string macro [-Wliteral-suffix]
   87 | #define __PERIPH_CTRL_DEPRECATE_ATTR __attribute__((deprecated("This function is not functional on "CONFIG_IDF_TARGET)))
      |                                                                ^
Compiling .pio\build\guition_transient_stress\FrameworkArduino\Print.cpp.o
Compiling .pio\build\guition_transient_stress\FrameworkArduino\Stream.cpp.o
Compiling .pio\build\guition_transient_stress\FrameworkArduino\StreamString.cpp.o
Compiling .pio\build\guition_transient_stress\FrameworkArduino\Tone.cpp.o
Compiling .pio\build\guition_transient_stress\FrameworkArduino\USB.cpp.o
Compiling .pio\build\guition_transient_stress\FrameworkArduino\USBCDC.cpp.o
Compiling .pio\build\guition_transient_stress\FrameworkArduino\USBMSC.cpp.o
Compiling .pio\build\guition_transient_stress\FrameworkArduino\WMath.cpp.o
Compiling .pio\build\guition_transient_stress\FrameworkArduino\WString.cpp.o
Compiling .pio\build\guition_transient_stress\FrameworkArduino\base64.cpp.o
Compiling .pio\build\guition_transient_stress\FrameworkArduino\cbuf.cpp.o
Compiling .pio\build\guition_transient_stress\FrameworkArduino\chip-debug-report.cpp.o
Compiling .pio\build\guition_transient_stress\FrameworkArduino\esp32-hal-adc.c.o
Compiling .pio\build\guition_transient_stress\FrameworkArduino\esp32-hal-bt.c.o
Compiling .pio\build\guition_transient_stress\FrameworkArduino\esp32-hal-cpu.c.o
Compiling .pio\build\guition_transient_stress\FrameworkArduino\esp32-hal-dac.c.o
Compiling .pio\build\guition_transient_stress\FrameworkArduino\esp32-hal-gpio.c.o
Compiling .pio\build\guition_transient_stress\FrameworkArduino\esp32-hal-hosted.c.o
Compiling .pio\build\guition_transient_stress\FrameworkArduino\esp32-hal-i2c-ng.c.o
Compiling .pio\build\guition_transient_stress\FrameworkArduino\esp32-hal-i2c-slave.c.o
Compiling .pio\build\guition_transient_stress\FrameworkArduino\esp32-hal-i2c.c.o
Compiling .pio\build\guition_transient_stress\FrameworkArduino\esp32-hal-ledc.c.o
Compiling .pio\build\guition_transient_stress\FrameworkArduino\esp32-hal-log-wrapper.c.o
Compiling .pio\build\guition_transient_stress\FrameworkArduino\esp32-hal-matrix.c.o
Compiling .pio\build\guition_transient_stress\FrameworkArduino\esp32-hal-misc.c.o
Compiling .pio\build\guition_transient_stress\FrameworkArduino\esp32-hal-periman.c.o
Compiling .pio\build\guition_transient_stress\FrameworkArduino\esp32-hal-psram.c.o
Compiling .pio\build\guition_transient_stress\FrameworkArduino\esp32-hal-rgb-led.c.o
Compiling .pio\build\guition_transient_stress\FrameworkArduino\esp32-hal-rmt.c.o
Compiling .pio\build\guition_transient_stress\FrameworkArduino\esp32-hal-sigmadelta.c.o
Compiling .pio\build\guition_transient_stress\FrameworkArduino\esp32-hal-spi.c.o
Compiling .pio\build\guition_transient_stress\FrameworkArduino\esp32-hal-time.c.o
Compiling .pio\build\guition_transient_stress\FrameworkArduino\esp32-hal-timer.c.o
Compiling .pio\build\guition_transient_stress\FrameworkArduino\esp32-hal-tinyusb.c.o
Compiling .pio\build\guition_transient_stress\FrameworkArduino\esp32-hal-touch-ng.c.o
Compiling .pio\build\guition_transient_stress\FrameworkArduino\esp32-hal-touch.c.o
Compiling .pio\build\guition_transient_stress\FrameworkArduino\esp32-hal-uart.c.o
Compiling .pio\build\guition_transient_stress\FrameworkArduino\firmware_msc_fat.c.o
Compiling .pio\build\guition_transient_stress\FrameworkArduino\freertos_stats.cpp.o
Compiling .pio\build\guition_transient_stress\FrameworkArduino\libb64\cdecode.c.o
In file included from C:/.platformio/packages/framework-arduinoespressif32/cores/esp32/esp32-hal-spi.c:65:
C:/.platformio/packages/framework-arduinoespressif32/cores/esp32/esp32-hal-spi.c: In function '_spiSetClockDivInternal':
C:/.platformio/packages/framework-arduinoespressif32/cores/esp32/esp32-hal-spi.c:582:32: warning: passing argument 1 of 'spi_ll_set_clk_source' discards 'volatile' qualifier from pointer target type [-Wdiscarded-qualifiers]
  582 |       spi_ll_set_clk_source(spi->dev, new_clk_src ? SPI_CLK_SRC_SPLL : SPI_CLK_SRC_XTAL);
      |                             ~~~^~~~~
C:/.platformio/packages/framework-arduinoespressif32-libs/esp32p4_es/include/hal/esp32p4/include/hal/spi_ll.h:203:90: note: in definition of macro 'spi_ll_set_clk_source'
  203 | #define spi_ll_set_clk_source(...) (void)__DECLARE_RCC_ATOMIC_ENV; spi_ll_set_clk_source(__VA_ARGS__)
      |                                                                                          ^~~~~~~~~~~
C:/.platformio/packages/framework-arduinoespressif32-libs/esp32p4_es/include/hal/esp32p4/include/hal/spi_ll.h:177:53: note: expected 'spi_dev_t *' but argument is of type 'volatile spi_dev_t *'
  177 | static inline void spi_ll_set_clk_source(spi_dev_t *hw, spi_clock_source_t clk_source)
      |                                          ~~~~~~~~~~~^~
Compiling .pio\build\guition_transient_stress\FrameworkArduino\libb64\cencode.c.o
Compiling .pio\build\guition_transient_stress\FrameworkArduino\main.cpp.o
Compiling .pio\build\guition_transient_stress\FrameworkArduino\stdlib_noniso.c.o
Compiling .pio\build\guition_transient_stress\FrameworkArduino\wiring_pulse.c.o
Compiling .pio\build\guition_transient_stress\FrameworkArduino\wiring_shift.c.o
Archiving .pio\build\guition_transient_stress\libFrameworkArduino.a
Indexing .pio\build\guition_transient_stress\libFrameworkArduino.a
Linking .pio\build\guition_transient_stress\firmware.elf
Firmware metrics can not be shown. Set the terminal codepage to "utf-8" or "cp65001" on Windows.
Retrieving maximum program size .pio\build\guition_transient_stress\firmware.elf
Checking size .pio\build\guition_transient_stress\firmware.elf
Advanced Memory Usage is available via "PlatformIO Home > Project Inspect"
RAM:   [==        ]  19.9% (used 65064 bytes from 327680 bytes)
Flash: [=         ]  11.2% (used 731996 bytes from 6553600 bytes)
Building .pio\build\guition_transient_stress\firmware.bin
esptool v5.1.0
Creating ESP32P4 image...
Merged 4 ELF sections.
Successfully created ESP32P4 image.
========================= [SUCCESS] Took 42.35 seconds =========================

Processing guition_transient_synth_stress (platform: https://github.com/pioarduino/platform-espressif32/releases/download/55.03.36-1/platform-espressif32.zip; board: jc4880p4; framework: arduino)
--------------------------------------------------------------------------------
Verbose mode can be enabled via `-v, --verbose` option
CONFIGURATION: https://docs.platformio.org/page/boards/espressif32/jc4880p4.html
PLATFORM: Espressif 32 (55.3.36) > Guition JC4880P443C_I_W (JC-ESP32P4-M3, ESP32-P4 ES + C6)
HARDWARE: ESP32P4 360MHz, 320KB RAM, 16MB Flash
DEBUG: Current (cmsis-dap) External (cmsis-dap, esp-bridge, esp-builtin, esp-prog, iot-bus-jtag, jlink, minimodule, olimex-arm-usb-ocd, olimex-arm-usb-ocd-h, olimex-arm-usb-tiny-h, olimex-jtag-tiny, tumpa)
PACKAGES: 
 - contrib-piohome @ 3.4.4 
 - framework-arduinoespressif32 @ 3.3.6 
 - framework-arduinoespressif32-libs @ 5.5.0+sha.f56bea3d1f 
 - tool-esptoolpy @ 5.1.0 
 - toolchain-riscv32-esp @ 14.2.0+20251107
LDF: Library Dependency Finder -> https://bit.ly/configure-pio-ldf
LDF Modes: Finder ~ chain, Compatibility ~ soft
Found 44 compatible libraries
Scanning dependencies...
Dependency Graph
|-- p4sdm-es8311 @ 1.0.0
|-- SD_MMC @ 3.3.6
Building in release mode
Compiling .pio\build\guition_transient_synth_stress\lib94c\es8311\es8311.c.o
Compiling .pio\build\guition_transient_synth_stress\lib7fe\FS\FS.cpp.o
Compiling .pio\build\guition_transient_synth_stress\lib7fe\FS\vfs_api.cpp.o
Compiling .pio\build\guition_transient_synth_stress\liba11\SD_MMC\SD_MMC.cpp.o
Compiling .pio\build\guition_transient_synth_stress\src\app\projects.cpp.o
Compiling .pio\build\guition_transient_synth_stress\src\app\samples.cpp.o
Compiling .pio\build\guition_transient_synth_stress\src\app\transient_service.cpp.o
Compiling .pio\build\guition_transient_synth_stress\src\app_main.cpp.o
Compiling .pio\build\guition_transient_synth_stress\src\hal\audio_hal.cpp.o
Compiling .pio\build\guition_transient_synth_stress\src\hal\display_hal.cpp.o
Compiling .pio\build\guition_transient_synth_stress\src\hal\guition_board.cpp.o
Compiling .pio\build\guition_transient_synth_stress\src\hal\storage_hal.cpp.o
Compiling .pio\build\guition_transient_synth_stress\src\hal\touch_hal.cpp.o
Building .pio\build\guition_transient_synth_stress\bootloader.bin
Generating partitions .pio\build\guition_transient_synth_stress\partitions.bin
Compiling .pio\build\guition_transient_synth_stress\FrameworkArduino\ColorFormat.c.o
Compiling .pio\build\guition_transient_synth_stress\FrameworkArduino\Esp.cpp.o
Compiling .pio\build\guition_transient_synth_stress\FrameworkArduino\FirmwareMSC.cpp.o
esptool v5.1.0
Creating ESP32P4 image...
Merged 2 ELF sections.
Successfully created ESP32P4 image.
Compiling .pio\build\guition_transient_synth_stress\FrameworkArduino\FunctionalInterrupt.cpp.o
Compiling .pio\build\guition_transient_synth_stress\FrameworkArduino\HEXBuilder.cpp.o
Compiling .pio\build\guition_transient_synth_stress\FrameworkArduino\HWCDC.cpp.o
Compiling .pio\build\guition_transient_synth_stress\FrameworkArduino\HardwareSerial.cpp.o
Compiling .pio\build\guition_transient_synth_stress\FrameworkArduino\HashBuilder.cpp.o
Compiling .pio\build\guition_transient_synth_stress\FrameworkArduino\IPAddress.cpp.o
Compiling .pio\build\guition_transient_synth_stress\FrameworkArduino\MD5Builder.cpp.o
In file included from C:/.platformio/packages/framework-arduinoespressif32-libs/esp32p4_es/include/esp_hw_support/include/esp_private/regi2c_ctrl.h:15,
                 from C:/.platformio/packages/framework-arduinoespressif32-libs/esp32p4_es/include/hal/platform_port/include/hal/regi2c_ctrl.h:17,
                 from C:/.platformio/packages/framework-arduinoespressif32-libs/esp32p4_es/include/hal/esp32p4/include/hal/clk_tree_ll.h:19,
                 from C:/.platformio/packages/framework-arduinoespressif32-libs/esp32p4_es/include/hal/esp32p4/include/hal/spimem_flash_ll.h:32,
                 from C:/.platformio/packages/framework-arduinoespressif32-libs/esp32p4_es/include/hal/esp32p4/include/hal/spi_flash_ll.h:18,
                 from C:/.platformio/packages/framework-arduinoespressif32/cores/esp32/Esp.cpp:41:
C:/.platformio/packages/framework-arduinoespressif32-libs/esp32p4_es/include/esp_hw_support/include/esp_private/periph_ctrl.h:87:64: warning: invalid suffix on literal; C++11 requires a space between literal and string macro [-Wliteral-suffix]
   87 | #define __PERIPH_CTRL_DEPRECATE_ATTR __attribute__((deprecated("This function is not functional on "CONFIG_IDF_TARGET)))
      |                                                                ^
Compiling .pio\build\guition_transient_synth_stress\FrameworkArduino\MacAddress.cpp.o
Compiling .pio\build\guition_transient_synth_stress\FrameworkArduino\Print.cpp.o
Compiling .pio\build\guition_transient_synth_stress\FrameworkArduino\Stream.cpp.o
Compiling .pio\build\guition_transient_synth_stress\FrameworkArduino\StreamString.cpp.o
Compiling .pio\build\guition_transient_synth_stress\FrameworkArduino\Tone.cpp.o
Compiling .pio\build\guition_transient_synth_stress\FrameworkArduino\USB.cpp.o
Compiling .pio\build\guition_transient_synth_stress\FrameworkArduino\USBCDC.cpp.o
Compiling .pio\build\guition_transient_synth_stress\FrameworkArduino\USBMSC.cpp.o
Compiling .pio\build\guition_transient_synth_stress\FrameworkArduino\WMath.cpp.o
Compiling .pio\build\guition_transient_synth_stress\FrameworkArduino\WString.cpp.o
Compiling .pio\build\guition_transient_synth_stress\FrameworkArduino\base64.cpp.o
Compiling .pio\build\guition_transient_synth_stress\FrameworkArduino\cbuf.cpp.o
Compiling .pio\build\guition_transient_synth_stress\FrameworkArduino\chip-debug-report.cpp.o
Compiling .pio\build\guition_transient_synth_stress\FrameworkArduino\esp32-hal-adc.c.o
Compiling .pio\build\guition_transient_synth_stress\FrameworkArduino\esp32-hal-bt.c.o
Compiling .pio\build\guition_transient_synth_stress\FrameworkArduino\esp32-hal-cpu.c.o
Compiling .pio\build\guition_transient_synth_stress\FrameworkArduino\esp32-hal-dac.c.o
Compiling .pio\build\guition_transient_synth_stress\FrameworkArduino\esp32-hal-gpio.c.o
Compiling .pio\build\guition_transient_synth_stress\FrameworkArduino\esp32-hal-hosted.c.o
Compiling .pio\build\guition_transient_synth_stress\FrameworkArduino\esp32-hal-i2c-ng.c.o
Compiling .pio\build\guition_transient_synth_stress\FrameworkArduino\esp32-hal-i2c-slave.c.o
Compiling .pio\build\guition_transient_synth_stress\FrameworkArduino\esp32-hal-i2c.c.o
Compiling .pio\build\guition_transient_synth_stress\FrameworkArduino\esp32-hal-ledc.c.o
Compiling .pio\build\guition_transient_synth_stress\FrameworkArduino\esp32-hal-log-wrapper.c.o
Compiling .pio\build\guition_transient_synth_stress\FrameworkArduino\esp32-hal-matrix.c.o
Compiling .pio\build\guition_transient_synth_stress\FrameworkArduino\esp32-hal-misc.c.o
Compiling .pio\build\guition_transient_synth_stress\FrameworkArduino\esp32-hal-periman.c.o
Compiling .pio\build\guition_transient_synth_stress\FrameworkArduino\esp32-hal-psram.c.o
Compiling .pio\build\guition_transient_synth_stress\FrameworkArduino\esp32-hal-rgb-led.c.o
Compiling .pio\build\guition_transient_synth_stress\FrameworkArduino\esp32-hal-rmt.c.o
Compiling .pio\build\guition_transient_synth_stress\FrameworkArduino\esp32-hal-sigmadelta.c.o
Compiling .pio\build\guition_transient_synth_stress\FrameworkArduino\esp32-hal-spi.c.o
Compiling .pio\build\guition_transient_synth_stress\FrameworkArduino\esp32-hal-time.c.o
Compiling .pio\build\guition_transient_synth_stress\FrameworkArduino\esp32-hal-timer.c.o
Compiling .pio\build\guition_transient_synth_stress\FrameworkArduino\esp32-hal-tinyusb.c.o
Compiling .pio\build\guition_transient_synth_stress\FrameworkArduino\esp32-hal-touch-ng.c.o
Compiling .pio\build\guition_transient_synth_stress\FrameworkArduino\esp32-hal-touch.c.o
Compiling .pio\build\guition_transient_synth_stress\FrameworkArduino\esp32-hal-uart.c.o
Compiling .pio\build\guition_transient_synth_stress\FrameworkArduino\firmware_msc_fat.c.o
Compiling .pio\build\guition_transient_synth_stress\FrameworkArduino\freertos_stats.cpp.o
In file included from C:/.platformio/packages/framework-arduinoespressif32/cores/esp32/esp32-hal-spi.c:65:
C:/.platformio/packages/framework-arduinoespressif32/cores/esp32/esp32-hal-spi.c: In function '_spiSetClockDivInternal':
C:/.platformio/packages/framework-arduinoespressif32/cores/esp32/esp32-hal-spi.c:582:32: warning: passing argument 1 of 'spi_ll_set_clk_source' discards 'volatile' qualifier from pointer target type [-Wdiscarded-qualifiers]
  582 |       spi_ll_set_clk_source(spi->dev, new_clk_src ? SPI_CLK_SRC_SPLL : SPI_CLK_SRC_XTAL);
      |                             ~~~^~~~~
C:/.platformio/packages/framework-arduinoespressif32-libs/esp32p4_es/include/hal/esp32p4/include/hal/spi_ll.h:203:90: note: in definition of macro 'spi_ll_set_clk_source'
  203 | #define spi_ll_set_clk_source(...) (void)__DECLARE_RCC_ATOMIC_ENV; spi_ll_set_clk_source(__VA_ARGS__)
      |                                                                                          ^~~~~~~~~~~
C:/.platformio/packages/framework-arduinoespressif32-libs/esp32p4_es/include/hal/esp32p4/include/hal/spi_ll.h:177:53: note: expected 'spi_dev_t *' but argument is of type 'volatile spi_dev_t *'
  177 | static inline void spi_ll_set_clk_source(spi_dev_t *hw, spi_clock_source_t clk_source)
      |                                          ~~~~~~~~~~~^~
Compiling .pio\build\guition_transient_synth_stress\FrameworkArduino\libb64\cdecode.c.o
Compiling .pio\build\guition_transient_synth_stress\FrameworkArduino\libb64\cencode.c.o
Compiling .pio\build\guition_transient_synth_stress\FrameworkArduino\main.cpp.o
Compiling .pio\build\guition_transient_synth_stress\FrameworkArduino\stdlib_noniso.c.o
Compiling .pio\build\guition_transient_synth_stress\FrameworkArduino\wiring_pulse.c.o
Compiling .pio\build\guition_transient_synth_stress\FrameworkArduino\wiring_shift.c.o
Archiving .pio\build\guition_transient_synth_stress\libFrameworkArduino.a
Indexing .pio\build\guition_transient_synth_stress\libFrameworkArduino.a
Linking .pio\build\guition_transient_synth_stress\firmware.elf
Firmware metrics can not be shown. Set the terminal codepage to "utf-8" or "cp65001" on Windows.
Retrieving maximum program size .pio\build\guition_transient_synth_stress\firmware.elf
Checking size .pio\build\guition_transient_synth_stress\firmware.elf
Advanced Memory Usage is available via "PlatformIO Home > Project Inspect"
RAM:   [===       ]  29.6% (used 97056 bytes from 327680 bytes)
Flash: [=         ]  10.7% (used 703446 bytes from 6553600 bytes)
Building .pio\build\guition_transient_synth_stress\firmware.bin
esptool v5.1.0
Creating ESP32P4 image...
Merged 4 ELF sections.
Successfully created ESP32P4 image.
========================= [SUCCESS] Took 40.82 seconds =========================

Environment                       Status    Duration
--------------------------------  --------  ------------
guition_ui_audio_m41              SUCCESS   00:01:36.168
guition_app                       SUCCESS   00:00:44.550
guition_app_stress                SUCCESS   00:01:52.834
guition_sampler_stress            SUCCESS   00:01:37.632
guition_sample_playback_stress    SUCCESS   00:01:34.472
guition_sample_slice_stress       SUCCESS   00:01:39.763
guition_slice_lock_stress         SUCCESS   00:01:45.638
guition_project_stress            SUCCESS   00:01:39.369
guition_project_synth_stress      SUCCESS   00:01:41.467
guition_chain_stress              SUCCESS   00:01:52.257
guition_chain_synth_stress        SUCCESS   00:01:37.185
guition_performance_stress        SUCCESS   00:01:21.962
guition_performance_synth_stress  SUCCESS   00:01:56.053
guition_repeat_stress             SUCCESS   00:01:25.288
guition_repeat_synth_stress       SUCCESS   00:01:02.512
guition_transient_stress          SUCCESS   00:00:42.354
guition_transient_synth_stress    SUCCESS   00:00:40.816
========================= 17 succeeded in 00:24:50.322 =========================

BATCH_EXIT=0
TOTAL=23 FAILURES=0
