
# HOST SESSION UTC 2026-10-09T20:16:10.797644+00:00 mode=1

# HOST ESPrun reset
esptool v5.1.0
Serial port COM13:
Connecting...
Connected to ESP32-P4 on COM13:
Chip type:          ESP32-P4 (revision v1.3)
Features:           Dual Core + LP Core, 400MHz
Crystal frequency:  40MHz
USB mode:           USB-Serial/JTAG
MAC:                80:f1:b2:d3:cc:86

Uploading stub flasher...
Running stub flasher...
Stub flasher running.

Warning: ESP32-P4 has no chip ID. Reading MAC address instead.
MAC:                80:f1:b2:d3:cc:86

Hard resetting via RTS pin...
PSRAM PRE DELAY: 31246012
PSRAM POST DELAY: 30885556
[AUDIO] I2C init OK
[AUDIO] ES8311 found at 0x18
[AUDIO] I2S init 44100/16 OK, MCLK=11289600 Hz
[AUDIO] ES8311 playback configured (capture serial port disabled)
[AUDIO] PA GPIO11 enabled
[M6 budget] total=33554432 display=2304000 fx_delay=352800 samples=0 reserve=4194304 free=30779004 largest=30408692 internal=200648
[M6 SD] mounted=1 width=4 clock_khz=20000 mount_us=245158 capacity=8053063680 status=SD READY
[M6 index] files=9 entries=9 limited=0 scan_us=29122 ps_free=30752712 largest=30408692 internal=199024

# HOST INDEX
[Q COMMAND] INDEX
[M213 index] index=0 name=m19p_impulses.wav
[M213 index] index=1 name=m19p_kick.wav
[M213 index] index=2 name=m19p_snare.wav
[M213 index] index=3 name=m19p_mixed.wav
[M213 index] index=4 name=m19p_stereo.wav
[M213 index] index=5 name=m19p_large.wav
[M213 index] index=6 name=m19p_bad_depth.wav
[M213 index] index=7 name=m19p_truncated.wav
[M213 index] index=8 name=m19p_oneshot.wav

# HOST CMD 0 0 0 0 0
[Q COMMAND] CMD 0 0 0 0 0
[Q ACK] sent=1

# HOST LOAD 0 3
[Q COMMAND] LOAD 0 3
[Q ACK] load=1
[M6 read] bytes=352800 read_us=710520 bytes_per_second=496537 original_channels=1 rate=44100 total_psram=33554432
[M6 load] track=0 file_bytes=352844 pcm_bytes=352800 load_publish_us=1140458 payload=352863 transient=352800 peak_payload=352863 ps_free=30392872 largest=29884404 internal=197740 display=2304000 fx_delay=352800 reserve=4194304
[M6.1 replacement] retired_clear=1 ps_delta=360452 status=READY
[M213 address] track=0 pcm=0x482abe00 base=0x482abdfc bytes=352863 frames=176400 mod64=0 mod128=0 mod256=0 mod4096=3584 mod131072=48640 external=1 requested_caps=1028 free=30392872 largest=29884404

# HOST LOAD 1 3
[Q COMMAND] LOAD 1 3
[Q ACK] load=1
[M6 read] bytes=352800 read_us=766696 bytes_per_second=460156 original_channels=1 rate=44100 total_psram=33554432
[M6 load] track=1 file_bytes=352844 pcm_bytes=352800 load_publish_us=1196009 payload=705790 transient=352800 peak_payload=705790 ps_free=30032420 largest=29884404 internal=196136 display=2304000 fx_delay=352800 reserve=4194304
[M6.1 replacement] retired_clear=1 ps_delta=360452 status=READY
[M213 address] track=1 pcm=0x48303e40 base=0x48303e00 bytes=352927 frames=176400 mod64=0 mod128=64 mod256=64 mod4096=3648 mod131072=15936 external=1 requested_caps=1028 free=30032420 largest=29884404

# HOST LOAD 2 3
[Q COMMAND] LOAD 2 3
[Q ACK] load=1
[M6 read] bytes=352800 read_us=695764 bytes_per_second=507068 original_channels=1 rate=44100 total_psram=33554432
[M6 load] track=2 file_bytes=352844 pcm_bytes=352800 load_publish_us=1128502 payload=1058781 transient=352800 peak_payload=1058781 ps_free=29671968 largest=29360116 internal=194532 display=2304000 fx_delay=352800 reserve=4194304
[M6.1 replacement] retired_clear=1 ps_delta=360452 status=READY
[M213 address] track=2 pcm=0x4835bec0 base=0x4835be04 bytes=352991 frames=176400 mod64=0 mod128=64 mod256=192 mod4096=3776 mod131072=114368 external=1 requested_caps=1028 free=29671968 largest=29360116

# HOST LOAD 3 3
[Q COMMAND] LOAD 3 3
[Q ACK] load=1
[M6 read] bytes=352800 read_us=702919 bytes_per_second=501907 original_channels=1 rate=44100 total_psram=33554432
[M6 load] track=3 file_bytes=352844 pcm_bytes=352800 load_publish_us=1136121 payload=1411836 transient=352800 peak_payload=1411836 ps_free=29311516 largest=28835828 internal=192928 display=2304000 fx_delay=352800 reserve=4194304
[M6.1 replacement] retired_clear=1 ps_delta=360452 status=READY
[M213 address] track=3 pcm=0x483b3f00 base=0x483b3e08 bytes=353055 frames=176400 mod64=0 mod128=0 mod256=0 mod4096=3840 mod131072=81664 external=1 requested_caps=1028 free=29311516 largest=28835828

# HOST LOAD 4 3
[Q COMMAND] LOAD 4 3
[Q ACK] load=1
[M6 read] bytes=352800 read_us=704883 bytes_per_second=500508 original_channels=1 rate=44100 total_psram=33554432
[M6 load] track=4 file_bytes=352844 pcm_bytes=352800 load_publish_us=1169599 payload=1764955 transient=352800 peak_payload=1764955 ps_free=28951064 largest=28835828 internal=191324 display=2304000 fx_delay=352800 reserve=4194304
[M6.1 replacement] retired_clear=1 ps_delta=360452 status=READY
[M213 address] track=4 pcm=0x4840bf40 base=0x4840be0c bytes=353119 frames=176400 mod64=0 mod128=64 mod256=64 mod4096=3904 mod131072=48960 external=1 requested_caps=1028 free=28951064 largest=28835828

# HOST LOAD 5 3
[Q COMMAND] LOAD 5 3
[Q ACK] load=1
[M6 read] bytes=352800 read_us=700567 bytes_per_second=503592 original_channels=1 rate=44100 total_psram=33554432
[M6 load] track=5 file_bytes=352844 pcm_bytes=352800 load_publish_us=1162588 payload=2118138 transient=352800 peak_payload=2118138 ps_free=28590612 largest=28311540 internal=189720 display=2304000 fx_delay=352800 reserve=4194304
[M6.1 replacement] retired_clear=1 ps_delta=360452 status=READY
[M213 address] track=5 pcm=0x48463f80 base=0x48463e10 bytes=353183 frames=176400 mod64=0 mod128=0 mod256=128 mod4096=3968 mod131072=16256 external=1 requested_caps=1028 free=28590612 largest=28311540

# HOST LOAD 6 3
[Q COMMAND] LOAD 6 3
[Q ACK] load=1
[M6 read] bytes=352800 read_us=710676 bytes_per_second=496428 original_channels=1 rate=44100 total_psram=33554432
[M6 load] track=6 file_bytes=352844 pcm_bytes=352800 load_publish_us=1140583 payload=2471385 transient=352800 peak_payload=2471385 ps_free=28230160 largest=27787252 internal=188116 display=2304000 fx_delay=352800 reserve=4194304
[M6.1 replacement] retired_clear=1 ps_delta=360452 status=READY
[M213 address] track=6 pcm=0x484bbfc0 base=0x484bbe14 bytes=353247 frames=176400 mod64=0 mod128=64 mod256=192 mod4096=4032 mod131072=114624 external=1 requested_caps=1028 free=28230160 largest=27787252

# HOST LOAD 7 3
[Q COMMAND] LOAD 7 3
[Q ACK] load=1
[M6 read] bytes=352800 read_us=704681 bytes_per_second=500652 original_channels=1 rate=44100 total_psram=33554432
[M6 load] track=7 file_bytes=352844 pcm_bytes=352800 load_publish_us=1137858 payload=2824696 transient=352800 peak_payload=2824696 ps_free=27869708 largest=27787252 internal=186512 display=2304000 fx_delay=352800 reserve=4194304
[M6.1 replacement] retired_clear=1 ps_delta=360452 status=READY
[M213 address] track=7 pcm=0x48514000 base=0x48513e18 bytes=353311 frames=176400 mod64=0 mod128=0 mod256=0 mod4096=0 mod131072=81920 external=1 requested_caps=1028 free=27869708 largest=27787252

# HOST LOAD 8 3
[Q COMMAND] LOAD 8 3
[Q ACK] load=1
[M6 read] bytes=352800 read_us=706987 bytes_per_second=499019 original_channels=1 rate=44100 total_psram=33554432
[M6 load] track=8 file_bytes=352844 pcm_bytes=352800 load_publish_us=1140201 payload=3178071 transient=352800 peak_payload=3178071 ps_free=27509256 largest=27262964 internal=184908 display=2304000 fx_delay=352800 reserve=4194304
[M6.1 replacement] retired_clear=1 ps_delta=360452 status=READY
[M213 address] track=8 pcm=0x4856c040 base=0x4856be1c bytes=353375 frames=176400 mod64=0 mod128=64 mod256=64 mod4096=64 mod131072=49216 external=1 requested_caps=1028 free=27509256 largest=27262964

# HOST LOAD 9 3
[Q COMMAND] LOAD 9 3
[Q ACK] load=1
[M6 read] bytes=352800 read_us=709715 bytes_per_second=497100 original_channels=1 rate=44100 total_psram=33554432
[M6 load] track=9 file_bytes=352844 pcm_bytes=352800 load_publish_us=1142536 payload=3531510 transient=352800 peak_payload=3531510 ps_free=27148804 largest=26738676 internal=183304 display=2304000 fx_delay=352800 reserve=4194304
[M6.1 replacement] retired_clear=1 ps_delta=360452 status=READY
[M213 address] track=9 pcm=0x485c4080 base=0x485c3e20 bytes=353439 frames=176400 mod64=0 mod128=0 mod256=128 mod4096=128 mod131072=16512 external=1 requested_caps=1028 free=27148804 largest=26738676

# HOST LOAD 10 3
[Q COMMAND] LOAD 10 3
[Q ACK] load=1
[M6 read] bytes=352800 read_us=710183 bytes_per_second=496773 original_channels=1 rate=44100 total_psram=33554432
[M6 load] track=10 file_bytes=352844 pcm_bytes=352800 load_publish_us=1145903 payload=3885013 transient=352800 peak_payload=3885013 ps_free=26788352 largest=26738676 internal=181700 display=2304000 fx_delay=352800 reserve=4194304
[M6.1 replacement] retired_clear=1 ps_delta=360452 status=READY
[M213 address] track=10 pcm=0x4861c0c0 base=0x4861be24 bytes=353503 frames=176400 mod64=0 mod128=64 mod256=192 mod4096=192 mod131072=114880 external=1 requested_caps=1028 free=26788352 largest=26738676

# HOST LOAD 11 3
[Q COMMAND] LOAD 11 3
[Q ACK] load=1
[M6 read] bytes=352800 read_us=713993 bytes_per_second=494122 original_channels=1 rate=44100 total_psram=33554432
[M6 load] track=11 file_bytes=352844 pcm_bytes=352800 load_publish_us=1149518 payload=4238580 transient=352800 peak_payload=4238580 ps_free=26427900 largest=26214388 internal=180096 display=2304000 fx_delay=352800 reserve=4194304
[M6.1 replacement] retired_clear=1 ps_delta=360452 status=READY
[M213 address] track=11 pcm=0x48674100 base=0x48673e28 bytes=353567 frames=176400 mod64=0 mod128=0 mod256=0 mod4096=256 mod131072=82176 external=1 requested_caps=1028 free=26427900 largest=26214388

# HOST LOAD 12 3
[Q COMMAND] LOAD 12 3
[Q ACK] load=1
[M6 read] bytes=352800 read_us=773639 bytes_per_second=456026 original_channels=1 rate=44100 total_psram=33554432
[M6 load] track=12 file_bytes=352844 pcm_bytes=352800 load_publish_us=1207592 payload=4592211 transient=352800 peak_payload=4592211 ps_free=26067448 largest=25690100 internal=178492 display=2304000 fx_delay=352800 reserve=4194304
[M6.1 replacement] retired_clear=1 ps_delta=360452 status=READY
[M213 address] track=12 pcm=0x486cc140 base=0x486cbe2c bytes=353631 frames=176400 mod64=0 mod128=64 mod256=64 mod4096=320 mod131072=49472 external=1 requested_caps=1028 free=26067448 largest=25690100

# HOST LOAD 13 3
[Q COMMAND] LOAD 13 3
[Q ACK] load=1
[M6 read] bytes=352800 read_us=713088 bytes_per_second=494749 original_channels=1 rate=44100 total_psram=33554432
[M6 load] track=13 file_bytes=352844 pcm_bytes=352800 load_publish_us=1174926 payload=4945906 transient=352800 peak_payload=4945906 ps_free=25706996 largest=25690100 internal=176888 display=2304000 fx_delay=352800 reserve=4194304
[M6.1 replacement] retired_clear=1 ps_delta=360452 status=READY
[M213 address] track=13 pcm=0x48724180 base=0x48723e30 bytes=353695 frames=176400 mod64=0 mod128=0 mod256=128 mod4096=384 mod131072=16768 external=1 requested_caps=1028 free=25706996 largest=25690100

# HOST LOAD 14 3
[Q COMMAND] LOAD 14 3
[Q ACK] load=1
[M6 read] bytes=352800 read_us=708158 bytes_per_second=498193 original_channels=1 rate=44100 total_psram=33554432
[M6 load] track=14 file_bytes=352844 pcm_bytes=352800 load_publish_us=1143583 payload=5299665 transient=352800 peak_payload=5299665 ps_free=25346544 largest=25165812 internal=175284 display=2304000 fx_delay=352800 reserve=4194304
[M6.1 replacement] retired_clear=1 ps_delta=360452 status=READY
[M213 address] track=14 pcm=0x4877c1c0 base=0x4877be34 bytes=353759 frames=176400 mod64=0 mod128=64 mod256=192 mod4096=448 mod131072=115136 external=1 requested_caps=1028 free=25346544 largest=25165812

# HOST LOAD 15 3
[Q COMMAND] LOAD 15 3
[Q ACK] load=1
[M6 read] bytes=352800 read_us=711018 bytes_per_second=496189 original_channels=1 rate=44100 total_psram=33554432
[M6 load] track=15 file_bytes=352844 pcm_bytes=352800 load_publish_us=1146520 payload=5653488 transient=352800 peak_payload=5653488 ps_free=24986092 largest=24641524 internal=173680 display=2304000 fx_delay=352800 reserve=4194304
[M6.1 replacement] retired_clear=1 ps_delta=360452 status=READY
[M213 address] track=15 pcm=0x487d4200 base=0x487d3e38 bytes=353823 frames=176400 mod64=0 mod128=0 mod256=0 mod4096=512 mod131072=82432 external=1 requested_caps=1028 free=24986092 largest=24641524

# HOST STORE 8
[Q COMMAND] STORE 8
[M213 address] track=0 pcm=0x482abe00 base=0x482abdfc bytes=352863 frames=176400 mod64=0 mod128=0 mod256=0 mod4096=3584 mod131072=48640 external=1 requested_caps=1028 free=24986092 largest=24641524
[M213 address] track=1 pcm=0x48303e40 base=0x48303e00 bytes=352927 frames=176400 mod64=0 mod128=64 mod256=64 mod4096=3648 mod131072=15936 external=1 requested_caps=1028 free=24986092 largest=24641524
[M213 address] track=2 pcm=0x4835bec0 base=0x4835be04 bytes=352991 frames=176400 mod64=0 mod128=64 mod256=192 mod4096=3776 mod131072=114368 external=1 requested_caps=1028 free=24986092 largest=24641524
[M213 address] track=3 pcm=0x483b3f00 base=0x483b3e08 bytes=353055 frames=176400 mod64=0 mod128=0 mod256=0 mod4096=3840 mod131072=81664 external=1 requested_caps=1028 free=24986092 largest=24641524
[M213 address] track=4 pcm=0x4840bf40 base=0x4840be0c bytes=353119 frames=176400 mod64=0 mod128=64 mod256=64 mod4096=3904 mod131072=48960 external=1 requested_caps=1028 free=24986092 largest=24641524
[M213 address] track=5 pcm=0x48463f80 base=0x48463e10 bytes=353183 frames=176400 mod64=0 mod128=0 mod256=128 mod4096=3968 mod131072=16256 external=1 requested_caps=1028 free=24986092 largest=24641524
[M213 address] track=6 pcm=0x484bbfc0 base=0x484bbe14 bytes=353247 frames=176400 mod64=0 mod128=64 mod256=192 mod4096=4032 mod131072=114624 external=1 requested_caps=1028 free=24986092 largest=24641524
[M213 address] track=7 pcm=0x48514000 base=0x48513e18 bytes=353311 frames=176400 mod64=0 mod128=0 mod256=0 mod4096=0 mod131072=81920 external=1 requested_caps=1028 free=24986092 largest=24641524
[M213 address] track=8 pcm=0x4856c040 base=0x4856be1c bytes=353375 frames=176400 mod64=0 mod128=64 mod256=64 mod4096=64 mod131072=49216 external=1 requested_caps=1028 free=24986092 largest=24641524
[M213 address] track=9 pcm=0x485c4080 base=0x485c3e20 bytes=353439 frames=176400 mod64=0 mod128=0 mod256=128 mod4096=128 mod131072=16512 external=1 requested_caps=1028 free=24986092 largest=24641524
[M213 address] track=10 pcm=0x4861c0c0 base=0x4861be24 bytes=353503 frames=176400 mod64=0 mod128=64 mod256=192 mod4096=192 mod131072=114880 external=1 requested_caps=1028 free=24986092 largest=24641524
[M213 address] track=11 pcm=0x48674100 base=0x48673e28 bytes=353567 frames=176400 mod64=0 mod128=0 mod256=0 mod4096=256 mod131072=82176 external=1 requested_caps=1028 free=24986092 largest=24641524
[M213 address] track=12 pcm=0x486cc140 base=0x486cbe2c bytes=353631 frames=176400 mod64=0 mod128=64 mod256=64 mod4096=320 mod131072=49472 external=1 requested_caps=1028 free=24986092 largest=24641524
[M213 address] track=13 pcm=0x48724180 base=0x48723e30 bytes=353695 frames=176400 mod64=0 mod128=0 mod256=128 mod4096=384 mod131072=16768 external=1 requested_caps=1028 free=24986092 largest=24641524
[M213 address] track=14 pcm=0x4877c1c0 base=0x4877be34 bytes=353759 frames=176400 mod64=0 mod128=64 mod256=192 mod4096=448 mod131072=115136 external=1 requested_caps=1028 free=24986092 largest=24641524
[M213 address] track=15 pcm=0x487d4200 base=0x487d3e38 bytes=353823 frames=176400 mod64=0 mod128=0 mod256=0 mod4096=512 mod131072=82432 external=1 requested_caps=1028 free=24986092 largest=24641524
[M213 locality] tag=1 order=0 eviction=0 repeats=32 reads=131072 us=4520 max=204 checksum=14336000 sweep=0 concurrent_audio=1 cold_proven=0
[M213 locality] tag=1 order=1 eviction=0 repeats=32 reads=131072 us=2476 max=94 checksum=14336000 sweep=0 concurrent_audio=1 cold_proven=0
[M213 locality] tag=1 order=2 eviction=0 repeats=32 reads=131072 us=7209 max=2076 checksum=14336000 sweep=0 concurrent_audio=1 cold_proven=0
[M213 locality] tag=1 order=0 eviction=1 repeats=32 reads=131072 us=8678 max=2317 checksum=14336000 sweep=524288 concurrent_audio=1 cold_proven=0
[M213 locality] tag=1 order=1 eviction=1 repeats=32 reads=131072 us=11225 max=2341 checksum=14336000 sweep=1048576 concurrent_audio=1 cold_proven=0
[M213 locality] tag=1 order=2 eviction=1 repeats=32 reads=131072 us=11766 max=2425 checksum=14336000 sweep=1572864 concurrent_audio=1 cold_proven=0
[M213 locality complete] tag=1
[M213 physical] tag=1 complete=1
[Q HEAP] tag=store_done internal=173680 free=24986092 largest=24641524 payload=5653488
[Q STORE DONE] op=8

# HOST LOAD 15 1
[Q COMMAND] LOAD 15 1
[Q ACK] load=1
[M6 read] bytes=352800 read_us=695038 bytes_per_second=507598 original_channels=1 rate=44100 total_psram=33554432
[M6 load] track=15 file_bytes=352844 pcm_bytes=352800 load_publish_us=1159022 payload=5653488 transient=352800 peak_payload=6007311 ps_free=24986092 largest=24117236 internal=173680 display=2304000 fx_delay=352800 reserve=4194304
[M6.1 replacement] retired_clear=1 ps_delta=0 status=READY
[M213 address] track=15 pcm=0x4882c200 base=0x4882be3c bytes=353823 frames=176400 mod64=0 mod128=0 mod256=0 mod4096=512 mod131072=49664 external=1 requested_caps=1028 free=24986092 largest=24117236

# HOST LOAD 14 3
[Q COMMAND] LOAD 14 3
[Q ACK] load=1
[M6 read] bytes=352800 read_us=721986 bytes_per_second=488652 original_channels=1 rate=44100 total_psram=33554432
[M6 load] track=14 file_bytes=352844 pcm_bytes=352800 load_publish_us=1157529 payload=5653488 transient=352800 peak_payload=6007247 ps_free=24986092 largest=24117236 internal=173680 display=2304000 fx_delay=352800 reserve=4194304
[M6.1 replacement] retired_clear=1 ps_delta=0 status=READY
[M213 address] track=14 pcm=0x487d41c0 base=0x487d3e38 bytes=353759 frames=176400 mod64=0 mod128=64 mod256=192 mod4096=448 mod131072=82368 external=1 requested_caps=1028 free=24986092 largest=24117236

# HOST LOAD 13 1
[Q COMMAND] LOAD 13 1
[Q ACK] load=1
[M6 read] bytes=352800 read_us=689953 bytes_per_second=511339 original_channels=1 rate=44100 total_psram=33554432
[M6 load] track=13 file_bytes=352844 pcm_bytes=352800 load_publish_us=1190480 payload=5653488 transient=352800 peak_payload=6007183 ps_free=24986092 largest=24117236 internal=173680 display=2304000 fx_delay=352800 reserve=4194304
[M6.1 replacement] retired_clear=1 ps_delta=0 status=READY
[M213 address] track=13 pcm=0x4877c180 base=0x4877be34 bytes=353695 frames=176400 mod64=0 mod128=0 mod256=128 mod4096=384 mod131072=115072 external=1 requested_caps=1028 free=24986092 largest=24117236

# HOST LOAD 12 3
[Q COMMAND] LOAD 12 3
[Q ACK] load=1
[M6 read] bytes=352800 read_us=782174 bytes_per_second=451050 original_channels=1 rate=44100 total_psram=33554432
[M6 load] track=12 file_bytes=352844 pcm_bytes=352800 load_publish_us=1217592 payload=5653488 transient=352800 peak_payload=6007119 ps_free=24986092 largest=24117236 internal=173680 display=2304000 fx_delay=352800 reserve=4194304
[M6.1 replacement] retired_clear=1 ps_delta=0 status=READY
[M213 address] track=12 pcm=0x48724140 base=0x48723e30 bytes=353631 frames=176400 mod64=0 mod128=64 mod256=64 mod4096=320 mod131072=16704 external=1 requested_caps=1028 free=24986092 largest=24117236

# HOST LOAD 11 1
[Q COMMAND] LOAD 11 1
[Q ACK] load=1
[M6 read] bytes=352800 read_us=693827 bytes_per_second=508484 original_channels=1 rate=44100 total_psram=33554432
[M6 load] track=11 file_bytes=352844 pcm_bytes=352800 load_publish_us=1123771 payload=5653488 transient=352800 peak_payload=6007055 ps_free=24986092 largest=24117236 internal=173680 display=2304000 fx_delay=352800 reserve=4194304
[M6.1 replacement] retired_clear=1 ps_delta=0 status=READY
[M213 address] track=11 pcm=0x486cc100 base=0x486cbe2c bytes=353567 frames=176400 mod64=0 mod128=0 mod256=0 mod4096=256 mod131072=49408 external=1 requested_caps=1028 free=24986092 largest=24117236

# HOST LOAD 10 3
[Q COMMAND] LOAD 10 3
[Q ACK] load=1
[M6 read] bytes=352800 read_us=705195 bytes_per_second=500287 original_channels=1 rate=44100 total_psram=33554432
[M6 load] track=10 file_bytes=352844 pcm_bytes=352800 load_publish_us=1143285 payload=5653488 transient=352800 peak_payload=6006991 ps_free=24986092 largest=24117236 internal=173680 display=2304000 fx_delay=352800 reserve=4194304
[M6.1 replacement] retired_clear=1 ps_delta=0 status=READY
[M213 address] track=10 pcm=0x486740c0 base=0x48673e28 bytes=353503 frames=176400 mod64=0 mod128=64 mod256=192 mod4096=192 mod131072=82112 external=1 requested_caps=1028 free=24986092 largest=24117236

# HOST LOAD 9 1
[Q COMMAND] LOAD 9 1
[Q ACK] load=1
[M6 read] bytes=352800 read_us=693289 bytes_per_second=508878 original_channels=1 rate=44100 total_psram=33554432
[M6 load] track=9 file_bytes=352844 pcm_bytes=352800 load_publish_us=1128761 payload=5653488 transient=352800 peak_payload=6006927 ps_free=24986092 largest=24117236 internal=173680 display=2304000 fx_delay=352800 reserve=4194304
[M6.1 replacement] retired_clear=1 ps_delta=0 status=READY
[M213 address] track=9 pcm=0x4861c080 base=0x4861be24 bytes=353439 frames=176400 mod64=0 mod128=0 mod256=128 mod4096=128 mod131072=114816 external=1 requested_caps=1028 free=24986092 largest=24117236

# HOST LOAD 8 3
[Q COMMAND] LOAD 8 3
[Q ACK] load=1
[M6 read] bytes=352800 read_us=709583 bytes_per_second=497193 original_channels=1 rate=44100 total_psram=33554432
[M6 load] track=8 file_bytes=352844 pcm_bytes=352800 load_publish_us=1170127 payload=5653488 transient=352800 peak_payload=6006863 ps_free=24986092 largest=24117236 internal=173680 display=2304000 fx_delay=352800 reserve=4194304
[M6.1 replacement] retired_clear=1 ps_delta=0 status=READY
[M213 address] track=8 pcm=0x485c4040 base=0x485c3e20 bytes=353375 frames=176400 mod64=0 mod128=64 mod256=64 mod4096=64 mod131072=16448 external=1 requested_caps=1028 free=24986092 largest=24117236

# HOST LOAD 7 1
[Q COMMAND] LOAD 7 1
[Q ACK] load=1
[M6 read] bytes=352800 read_us=684803 bytes_per_second=515184 original_channels=1 rate=44100 total_psram=33554432
[M6 load] track=7 file_bytes=352844 pcm_bytes=352800 load_publish_us=1120212 payload=5653488 transient=352800 peak_payload=6006799 ps_free=24986092 largest=24117236 internal=173680 display=2304000 fx_delay=352800 reserve=4194304
[M6.1 replacement] retired_clear=1 ps_delta=0 status=READY
[M213 address] track=7 pcm=0x4856c000 base=0x4856be1c bytes=353311 frames=176400 mod64=0 mod128=0 mod256=0 mod4096=0 mod131072=49152 external=1 requested_caps=1028 free=24986092 largest=24117236

# HOST LOAD 6 3
[Q COMMAND] LOAD 6 3
[Q ACK] load=1
[M6 read] bytes=352800 read_us=702619 bytes_per_second=502121 original_channels=1 rate=44100 total_psram=33554432
[M6 load] track=6 file_bytes=352844 pcm_bytes=352800 load_publish_us=1135890 payload=5653488 transient=352800 peak_payload=6006735 ps_free=24986092 largest=24117236 internal=173680 display=2304000 fx_delay=352800 reserve=4194304
[M6.1 replacement] retired_clear=1 ps_delta=0 status=READY
[M213 address] track=6 pcm=0x48513fc0 base=0x48513e18 bytes=353247 frames=176400 mod64=0 mod128=64 mod256=192 mod4096=4032 mod131072=81856 external=1 requested_caps=1028 free=24986092 largest=24117236

# HOST LOAD 5 1
[Q COMMAND] LOAD 5 1
[Q ACK] load=1
[M6 read] bytes=352800 read_us=690081 bytes_per_second=511244 original_channels=1 rate=44100 total_psram=33554432
[M6 load] track=5 file_bytes=352844 pcm_bytes=352800 load_publish_us=1122965 payload=5653488 transient=352800 peak_payload=6006671 ps_free=24986092 largest=24117236 internal=173680 display=2304000 fx_delay=352800 reserve=4194304
[M6.1 replacement] retired_clear=1 ps_delta=0 status=READY
[M213 address] track=5 pcm=0x484bbf80 base=0x484bbe14 bytes=353183 frames=176400 mod64=0 mod128=0 mod256=128 mod4096=3968 mod131072=114560 external=1 requested_caps=1028 free=24986092 largest=24117236

# HOST LOAD 4 3
[Q COMMAND] LOAD 4 3
[Q ACK] load=1
[M6 read] bytes=352800 read_us=706574 bytes_per_second=499310 original_channels=1 rate=44100 total_psram=33554432
[M6 load] track=4 file_bytes=352844 pcm_bytes=352800 load_publish_us=1142116 payload=5653488 transient=352800 peak_payload=6006607 ps_free=24986092 largest=24117236 internal=173680 display=2304000 fx_delay=352800 reserve=4194304
[M6.1 replacement] retired_clear=1 ps_delta=0 status=READY
[M213 address] track=4 pcm=0x48463f40 base=0x48463e10 bytes=353119 frames=176400 mod64=0 mod128=64 mod256=64 mod4096=3904 mod131072=16192 external=1 requested_caps=1028 free=24986092 largest=24117236

# HOST LOAD 3 1
[Q COMMAND] LOAD 3 1
[Q ACK] load=1
[M6 read] bytes=352800 read_us=761231 bytes_per_second=463459 original_channels=1 rate=44100 total_psram=33554432
[M6 load] track=3 file_bytes=352844 pcm_bytes=352800 load_publish_us=1223809 payload=5653488 transient=352800 peak_payload=6006543 ps_free=24986092 largest=24117236 internal=173680 display=2304000 fx_delay=352800 reserve=4194304
[M6.1 replacement] retired_clear=1 ps_delta=0 status=READY
[M213 address] track=3 pcm=0x4840bf00 base=0x4840be0c bytes=353055 frames=176400 mod64=0 mod128=0 mod256=0 mod4096=3840 mod131072=48896 external=1 requested_caps=1028 free=24986092 largest=24117236

# HOST LOAD 2 3
[Q COMMAND] LOAD 2 3
[Q ACK] load=1
[M6 read] bytes=352800 read_us=713309 bytes_per_second=494596 original_channels=1 rate=44100 total_psram=33554432
[M6 load] track=2 file_bytes=352844 pcm_bytes=352800 load_publish_us=1146139 payload=5653488 transient=352800 peak_payload=6006479 ps_free=24986092 largest=24117236 internal=173680 display=2304000 fx_delay=352800 reserve=4194304
[M6.1 replacement] retired_clear=1 ps_delta=0 status=READY
[M213 address] track=2 pcm=0x483b3ec0 base=0x483b3e08 bytes=352991 frames=176400 mod64=0 mod128=64 mod256=192 mod4096=3776 mod131072=81600 external=1 requested_caps=1028 free=24986092 largest=24117236

# HOST LOAD 1 1
[Q COMMAND] LOAD 1 1
[Q ACK] load=1
[M6 read] bytes=352800 read_us=688531 bytes_per_second=512395 original_channels=1 rate=44100 total_psram=33554432
[M6 load] track=1 file_bytes=352844 pcm_bytes=352800 load_publish_us=1124253 payload=5653488 transient=352800 peak_payload=6006415 ps_free=24986092 largest=24117236 internal=173680 display=2304000 fx_delay=352800 reserve=4194304
[M6.1 replacement] retired_clear=1 ps_delta=0 status=READY
[M213 address] track=1 pcm=0x4835be80 base=0x4835be04 bytes=352927 frames=176400 mod64=0 mod128=0 mod256=128 mod4096=3712 mod131072=114304 external=1 requested_caps=1028 free=24986092 largest=24117236

# HOST LOAD 0 3
[Q COMMAND] LOAD 0 3
[Q ACK] load=1
[M6 read] bytes=352800 read_us=704791 bytes_per_second=500573 original_channels=1 rate=44100 total_psram=33554432
[M6 load] track=0 file_bytes=352844 pcm_bytes=352800 load_publish_us=1140255 payload=5653488 transient=352800 peak_payload=6006351 ps_free=24986092 largest=24117236 internal=173680 display=2304000 fx_delay=352800 reserve=4194304
[M6.1 replacement] retired_clear=1 ps_delta=0 status=READY
[M213 address] track=0 pcm=0x48303e00 base=0x48303e00 bytes=352863 frames=176400 mod64=0 mod128=0 mod256=0 mod4096=3584 mod131072=15872 external=1 requested_caps=1028 free=24986092 largest=24117236

# HOST LOAD 15 3
[Q COMMAND] LOAD 15 3
[Q ACK] load=1
[M6 read] bytes=352800 read_us=721950 bytes_per_second=488676 original_channels=1 rate=44100 total_psram=33554432
[M6 load] track=15 file_bytes=352844 pcm_bytes=352800 load_publish_us=1157476 payload=5653488 transient=352800 peak_payload=6007311 ps_free=24986092 largest=24641524 internal=173680 display=2304000 fx_delay=352800 reserve=4194304
[M6.1 replacement] retired_clear=1 ps_delta=0 status=READY
[M213 address] track=15 pcm=0x482ac1c0 base=0x482abdfc bytes=353823 frames=176400 mod64=0 mod128=64 mod256=192 mod4096=448 mod131072=49600 external=1 requested_caps=1028 free=24986092 largest=24641524

# HOST LOAD 14 1
[Q COMMAND] LOAD 14 1
[Q ACK] load=1
[M6 read] bytes=352800 read_us=747250 bytes_per_second=472131 original_channels=1 rate=44100 total_psram=33554432
[M6 load] track=14 file_bytes=352844 pcm_bytes=352800 load_publish_us=1211930 payload=5653488 transient=352800 peak_payload=6007247 ps_free=24986092 largest=24117236 internal=173680 display=2304000 fx_delay=352800 reserve=4194304
[M6.1 replacement] retired_clear=1 ps_delta=0 status=READY
[M213 address] track=14 pcm=0x4882c1c0 base=0x4882be3c bytes=353759 frames=176400 mod64=0 mod128=64 mod256=192 mod4096=448 mod131072=49600 external=1 requested_caps=1028 free=24986092 largest=24117236

# HOST LOAD 13 3
[Q COMMAND] LOAD 13 3
[Q ACK] load=1
[M6 read] bytes=352800 read_us=778042 bytes_per_second=453445 original_channels=1 rate=44100 total_psram=33554432
[M6 load] track=13 file_bytes=352844 pcm_bytes=352800 load_publish_us=1239950 payload=5653488 transient=352800 peak_payload=6007183 ps_free=24986092 largest=24117236 internal=173680 display=2304000 fx_delay=352800 reserve=4194304
[M6.1 replacement] retired_clear=1 ps_delta=0 status=READY
[M213 address] track=13 pcm=0x487d4180 base=0x487d3e38 bytes=353695 frames=176400 mod64=0 mod128=0 mod256=128 mod4096=384 mod131072=82304 external=1 requested_caps=1028 free=24986092 largest=24117236

# HOST LOAD 12 1
[Q COMMAND] LOAD 12 1
[Q ACK] load=1
[M5] blocks=10337 p50=1819 p95=1939 p99=1969 max=2083 misses=0 failures=0 timeouts=0 peak=0 nonzero=0 rails=0 active_min=0 active_max=0
[M8 groove] parents=0 passed=0 skipped=0 ratchets=0 pending_max=0 velocity_min=127 velocity_max=0 swing_changes=0
[MEM] M8 after 60s PSRAM total=33554432 free=24625640 largest=24117236 internal_free=166748
[M10 locks] locked=0 unlocked=0 pitch=0 volume=0 pan=0 wave=0 pattern_bytes=3106 bank_bytes=49696 engine_bytes=52616
[M11 tone] cutoff=0 resonance=0 send=0 cutoff_min=127 cutoff_max=0 resonance_min=127 resonance_max=0 send_min=127 send_max=0 blocks=0 max=0 dense=0 dense_max=0
[M12 locks] cutoff=0 resonance=0 send=0 coefficients=0 avoided=35 send_changes=0 coefficient_blocks=0 coefficient_max=0 edit_blocks=0 edit_max=0 commands=0 step_bytes=9 event_bytes=20 voice_bytes=384 idle_residue=0
[M17 chain] starts=0 advances=0 repeats=0 loops=0 stops=0 switches=0 min_length=16 max_length=0 boundary_max=0 seen=0 entry_bytes=2 chain_bytes=66 engine_bytes=52616
[M18 performance] override_requests=0 override_accepts=0 override_loops=0 override_cancels=0 returns=0 fill_requests=0 fill_accepts=0 fill_completions=0 fill_to_override=0 fill_to_arrangement=0 mute_edits=0 solo_edits=0 boundaries=0 boundary_max=0 state_bytes=352 engine_bytes=52616 publication_bytes=24
[M181 repeat] requests=0 accepts=0 cancelled=0 x2_windows=0 x4_windows=0 x8_windows=0 hits=0 x8_hits=0 changes=0 releases=0 empty=0 captured_max=0 suppressed=0 worst=0 capture_bytes=324 repeat_bytes=336
[M181 x8] blocks=0 worst=0 active_min=0 active_max=0 coefficients=0 avoided=0 chokes=0 full_blocks=0
[M181 runtime] requested=0 active=0 count=0 ui_presses=0 ui_releases=0 ui_edits=0
[M18 runtime] override_target=0 override_active=0 fill_pending=0 fill_active=0 return_pattern=0 return_end=0 mutes=0 solos=0 ui_bytes=116
[M19 analysis] requests=0 completed=0 cancelled=0 stale_discarded=0 frames=0 candidates=0 selected=0 proposals=0 apply=0 cancel=0 min_count=0 max_count=0 sensitivity=0 target=0 duration_max_us=0 chunk_max_us=0
[M19 overlap] blocks=0 worst=0 misses=0 x8_blocks=0 ui_interval_max_us=0 detector_bytes=616 candidate_bytes=512 proposal_bytes=84 status_bytes=100 storage_stack=7000 stack_free_min=0
[M18 UI] entries=0 pads=0 fills=0 toggles=0 switches=0
[M17 UI] entries=0 edits=0 rows=0 scrolls=0
[M16 project] state_bytes=53192 file_bytes=52704 snapshot_blocks=0 snapshot_max=0 apply_blocks=0 apply_max=0 fixtures=0 fixture_errors=0 dirty=1 physical_pending=1
[M13 dense] blocks=2068 active_min=0
[M13 playback] triggers=0 reverse=0 gate=0 releases=0 ends=0 choke_ops=0 choked=0 retriggers=0 region_min=0 region_max=0 max=2083 choke_max=0 retrigger_max=0 voice_bytes=64 track_bytes=116 event_bytes=20
[M15 locks] locked=0 unlocked=0 unsliced=0 requested_min=0 requested_max=0 resolved_min=0 resolved_max=0 clamped=0 edits=0 ui_edits=0 align=1 requested_seen=0 resolved_seen=0
[M14 slices] triggers=0 auditions=0 index_min=0 index_max=0 frames_min=0 frames_max=0 active_changes=0 divides=0 adds=0 deletes=0 resets=0 edit_blocks=0 edit_max=0 slice_bytes=4 bank_bytes=66 sample_bytes=1556
[M10 worst] blocks=0 max=0
[M9 tools] rotate=0 reverse=0 copy_track=0 clear_track=0 duplicate=0 euclidean=0 randomize=0 mutate=0 reroll=0 blocks=0 dense_blocks=0 max=0
[M6 read] bytes=352800 read_us=687430 bytes_per_second=513215 original_channels=1 rate=44100 total_psram=33554432
[M6 load] track=12 file_bytes=352844 pcm_bytes=352800 load_publish_us=1117372 payload=5653488 transient=352800 peak_payload=6007119 ps_free=24986092 largest=24117236 internal=173680 display=2304000 fx_delay=352800 reserve=4194304
[M6.1 replacement] retired_clear=1 ps_delta=0 status=READY
[M213 address] track=12 pcm=0x4877c140 base=0x4877be34 bytes=353631 frames=176400 mod64=0 mod128=64 mod256=64 mod4096=320 mod131072=115008 external=1 requested_caps=1028 free=24986092 largest=24117236

# HOST LOAD 11 3
[Q COMMAND] LOAD 11 3
[Q ACK] load=1
[M6 read] bytes=352800 read_us=699308 bytes_per_second=504498 original_channels=1 rate=44100 total_psram=33554432
[M6 load] track=11 file_bytes=352844 pcm_bytes=352800 load_publish_us=1129271 payload=5653488 transient=352800 peak_payload=6007055 ps_free=24986092 largest=24117236 internal=173680 display=2304000 fx_delay=352800 reserve=4194304
[M6.1 replacement] retired_clear=1 ps_delta=0 status=READY
[M213 address] track=11 pcm=0x48724100 base=0x48723e30 bytes=353567 frames=176400 mod64=0 mod128=0 mod256=0 mod4096=256 mod131072=16640 external=1 requested_caps=1028 free=24986092 largest=24117236

# HOST LOAD 10 1
[Q COMMAND] LOAD 10 1
[Q ACK] load=1
[M5 UI] seconds=63.007 submitted=85 completed=85 dirty_avg=697524 dirty_max=768000 full=76 preparation_max_us=69095 touch_errors=0 rejected=0 pads=0 steps=0 drags=0 pages=0 transport=0 bpm=0 skipped=73
[M7 patterns] switches=0 loops=0 selections=0 copies=0 clears=0 lengths=0 solos=0 mutes=0 normal_frames=9 dirty_avg=102400 dirty_max=102400 pattern_bytes=3106 command_bytes=12
[M7 applied] long_to_short=0 short_to_long=0 queue_replacements=0 copies=0 clears=0 lengths=0 solos=0 mutes=0 steps=0
[M9 UI] entries=0 copies=0 randomize=0 cell_max=0 edit_full=0
[M12 UI] entries=0 edits=0 widgets_max=0 edit_full=0
[M11 UI] entries=0 edits=0 widgets_max=0 edit_full=0
[M10 UI] entries=0 edits=0 widgets_max=0 edit_full=0
[M13 UI] entries=0 edits=0 widgets_max=0 edit_full=0
[M14 UI] entries=0 edits=0 edit_full=0 waveform_first_us=0 waveform_redraw_max_us=0 slice_redraw_max_us=0 build_count=37 build_max_us=431818 large_us=0 cache_bytes=1440 page_max_us=0 drag_dirty_max=0
[M5 memory] ps_before=30753324 ps_after=24625640 internal_before=198816 internal_after=167276 largest_before=30408692 largest_after=24117236
[M6 read] bytes=352800 read_us=752877 bytes_per_second=468602 original_channels=1 rate=44100 total_psram=33554432
[M6 load] track=10 file_bytes=352844 pcm_bytes=352800 load_publish_us=1182810 payload=5653488 transient=352800 peak_payload=6006991 ps_free=24986092 largest=24117236 internal=173408 display=2304000 fx_delay=352800 reserve=4194304
[M6.1 replacement] retired_clear=1 ps_delta=0 status=READY
[M213 address] track=10 pcm=0x486cc0c0 base=0x486cbe2c bytes=353503 frames=176400 mod64=0 mod128=64 mod256=192 mod4096=192 mod131072=49344 external=1 requested_caps=1028 free=24986092 largest=24117236

# HOST LOAD 9 3
[Q COMMAND] LOAD 9 3
[Q ACK] load=1
[M6 read] bytes=352800 read_us=766058 bytes_per_second=460539 original_channels=1 rate=44100 total_psram=33554432
[M6 load] track=9 file_bytes=352844 pcm_bytes=352800 load_publish_us=1222679 payload=5653488 transient=352800 peak_payload=6006927 ps_free=24986092 largest=24117236 internal=173408 display=2304000 fx_delay=352800 reserve=4194304
[M6.1 replacement] retired_clear=1 ps_delta=0 status=READY
[M213 address] track=9 pcm=0x48674080 base=0x48673e28 bytes=353439 frames=176400 mod64=0 mod128=0 mod256=128 mod4096=128 mod131072=82048 external=1 requested_caps=1028 free=24986092 largest=24117236

# HOST LOAD 8 1
[Q COMMAND] LOAD 8 1
[Q ACK] load=1
[M6 read] bytes=352800 read_us=693527 bytes_per_second=508704 original_channels=1 rate=44100 total_psram=33554432
[M6 load] track=8 file_bytes=352844 pcm_bytes=352800 load_publish_us=1155690 payload=5653488 transient=352800 peak_payload=6006863 ps_free=24986092 largest=24117236 internal=173408 display=2304000 fx_delay=352800 reserve=4194304
[M6.1 replacement] retired_clear=1 ps_delta=0 status=READY
[M213 address] track=8 pcm=0x4861c040 base=0x4861be24 bytes=353375 frames=176400 mod64=0 mod128=64 mod256=64 mod4096=64 mod131072=114752 external=1 requested_caps=1028 free=24986092 largest=24117236

# HOST LOAD 7 3
[Q COMMAND] LOAD 7 3
[Q ACK] load=1
[M6 read] bytes=352800 read_us=707869 bytes_per_second=498397 original_channels=1 rate=44100 total_psram=33554432
[M6 load] track=7 file_bytes=352844 pcm_bytes=352800 load_publish_us=1207644 payload=5653488 transient=352800 peak_payload=6006799 ps_free=24986092 largest=24117236 internal=173408 display=2304000 fx_delay=352800 reserve=4194304
[M6.1 replacement] retired_clear=1 ps_delta=0 status=READY
[M213 address] track=7 pcm=0x485c4000 base=0x485c3e20 bytes=353311 frames=176400 mod64=0 mod128=0 mod256=0 mod4096=0 mod131072=16384 external=1 requested_caps=1028 free=24986092 largest=24117236

# HOST LOAD 6 1
[Q COMMAND] LOAD 6 1
[Q ACK] load=1
[M6 read] bytes=352800 read_us=747054 bytes_per_second=472255 original_channels=1 rate=44100 total_psram=33554432
[M6 load] track=6 file_bytes=352844 pcm_bytes=352800 load_publish_us=1203394 payload=5653488 transient=352800 peak_payload=6006735 ps_free=24986092 largest=24117236 internal=173408 display=2304000 fx_delay=352800 reserve=4194304
[M6.1 replacement] retired_clear=1 ps_delta=0 status=READY
[M213 address] track=6 pcm=0x4856bfc0 base=0x4856be1c bytes=353247 frames=176400 mod64=0 mod128=64 mod256=192 mod4096=4032 mod131072=49088 external=1 requested_caps=1028 free=24986092 largest=24117236

# HOST LOAD 5 3
[Q COMMAND] LOAD 5 3
[Q ACK] load=1
[M6 read] bytes=352800 read_us=699434 bytes_per_second=504407 original_channels=1 rate=44100 total_psram=33554432
[M6 load] track=5 file_bytes=352844 pcm_bytes=352800 load_publish_us=1134944 payload=5653488 transient=352800 peak_payload=6006671 ps_free=24986092 largest=24117236 internal=173408 display=2304000 fx_delay=352800 reserve=4194304
[M6.1 replacement] retired_clear=1 ps_delta=0 status=READY
[M213 address] track=5 pcm=0x48513f80 base=0x48513e18 bytes=353183 frames=176400 mod64=0 mod128=0 mod256=128 mod4096=3968 mod131072=81792 external=1 requested_caps=1028 free=24986092 largest=24117236

# HOST LOAD 4 1
[Q COMMAND] LOAD 4 1
[Q ACK] load=1
[M6 read] bytes=352800 read_us=684672 bytes_per_second=515283 original_channels=1 rate=44100 total_psram=33554432
[M6 load] track=4 file_bytes=352844 pcm_bytes=352800 load_publish_us=1146727 payload=5653488 transient=352800 peak_payload=6006607 ps_free=24986092 largest=24117236 internal=173408 display=2304000 fx_delay=352800 reserve=4194304
[M6.1 replacement] retired_clear=1 ps_delta=0 status=READY
[M213 address] track=4 pcm=0x484bbf40 base=0x484bbe14 bytes=353119 frames=176400 mod64=0 mod128=64 mod256=64 mod4096=3904 mod131072=114496 external=1 requested_caps=1028 free=24986092 largest=24117236

# HOST LOAD 3 3
[Q COMMAND] LOAD 3 3
[Q ACK] load=1
[M6 read] bytes=352800 read_us=701845 bytes_per_second=502675 original_channels=1 rate=44100 total_psram=33554432
[M6 load] track=3 file_bytes=352844 pcm_bytes=352800 load_publish_us=1135039 payload=5653488 transient=352800 peak_payload=6006543 ps_free=24986092 largest=24117236 internal=173408 display=2304000 fx_delay=352800 reserve=4194304
[M6.1 replacement] retired_clear=1 ps_delta=0 status=READY
[M213 address] track=3 pcm=0x48463f00 base=0x48463e10 bytes=353055 frames=176400 mod64=0 mod128=0 mod256=0 mod4096=3840 mod131072=16128 external=1 requested_caps=1028 free=24986092 largest=24117236

# HOST LOAD 2 1
[Q COMMAND] LOAD 2 1
[Q ACK] load=1
[M6 read] bytes=352800 read_us=748673 bytes_per_second=471233 original_channels=1 rate=44100 total_psram=33554432
[M6 load] track=2 file_bytes=352844 pcm_bytes=352800 load_publish_us=1205352 payload=5653488 transient=352800 peak_payload=6006479 ps_free=24986092 largest=24117236 internal=173408 display=2304000 fx_delay=352800 reserve=4194304
[M6.1 replacement] retired_clear=1 ps_delta=0 status=READY
[M213 address] track=2 pcm=0x4840bec0 base=0x4840be0c bytes=352991 frames=176400 mod64=0 mod128=64 mod256=192 mod4096=3776 mod131072=48832 external=1 requested_caps=1028 free=24986092 largest=24117236

# HOST LOAD 1 3
[Q COMMAND] LOAD 1 3
[Q ACK] load=1
[M6 read] bytes=352800 read_us=699168 bytes_per_second=504599 original_channels=1 rate=44100 total_psram=33554432
[M6 load] track=1 file_bytes=352844 pcm_bytes=352800 load_publish_us=1134625 payload=5653488 transient=352800 peak_payload=6006415 ps_free=24986092 largest=24117236 internal=173408 display=2304000 fx_delay=352800 reserve=4194304
[M6.1 replacement] retired_clear=1 ps_delta=0 status=READY
[M213 address] track=1 pcm=0x483b3e80 base=0x483b3e08 bytes=352927 frames=176400 mod64=0 mod128=0 mod256=128 mod4096=3712 mod131072=81536 external=1 requested_caps=1028 free=24986092 largest=24117236

# HOST LOAD 0 1
[Q COMMAND] LOAD 0 1
[Q ACK] load=1
[M6 read] bytes=352800 read_us=675958 bytes_per_second=521925 original_channels=1 rate=44100 total_psram=33554432
[M6 load] track=0 file_bytes=352844 pcm_bytes=352800 load_publish_us=1105898 payload=5653488 transient=352800 peak_payload=6006351 ps_free=24986092 largest=24117236 internal=173408 display=2304000 fx_delay=352800 reserve=4194304
[M6.1 replacement] retired_clear=1 ps_delta=0 status=READY
[M213 address] track=0 pcm=0x4835be40 base=0x4835be04 bytes=352863 frames=176400 mod64=0 mod128=64 mod256=64 mod4096=3648 mod131072=114240 external=1 requested_caps=1028 free=24986092 largest=24117236

# HOST STORE 8
[Q COMMAND] STORE 8
[M213 address] track=0 pcm=0x4835be40 base=0x4835be04 bytes=352863 frames=176400 mod64=0 mod128=64 mod256=64 mod4096=3648 mod131072=114240 external=1 requested_caps=1028 free=24986092 largest=24117236
[M213 address] track=1 pcm=0x483b3e80 base=0x483b3e08 bytes=352927 frames=176400 mod64=0 mod128=0 mod256=128 mod4096=3712 mod131072=81536 external=1 requested_caps=1028 free=24986092 largest=24117236
[M213 address] track=2 pcm=0x4840bec0 base=0x4840be0c bytes=352991 frames=176400 mod64=0 mod128=64 mod256=192 mod4096=3776 mod131072=48832 external=1 requested_caps=1028 free=24986092 largest=24117236
[M213 address] track=3 pcm=0x48463f00 base=0x48463e10 bytes=353055 frames=176400 mod64=0 mod128=0 mod256=0 mod4096=3840 mod131072=16128 external=1 requested_caps=1028 free=24986092 largest=24117236
[M213 address] track=4 pcm=0x484bbf40 base=0x484bbe14 bytes=353119 frames=176400 mod64=0 mod128=64 mod256=64 mod4096=3904 mod131072=114496 external=1 requested_caps=1028 free=24986092 largest=24117236
[M213 address] track=5 pcm=0x48513f80 base=0x48513e18 bytes=353183 frames=176400 mod64=0 mod128=0 mod256=128 mod4096=3968 mod131072=81792 external=1 requested_caps=1028 free=24986092 largest=24117236
[M213 address] track=6 pcm=0x4856bfc0 base=0x4856be1c bytes=353247 frames=176400 mod64=0 mod128=64 mod256=192 mod4096=4032 mod131072=49088 external=1 requested_caps=1028 free=24986092 largest=24117236
[M213 address] track=7 pcm=0x485c4000 base=0x485c3e20 bytes=353311 frames=176400 mod64=0 mod128=0 mod256=0 mod4096=0 mod131072=16384 external=1 requested_caps=1028 free=24986092 largest=24117236
[M213 address] track=8 pcm=0x4861c040 base=0x4861be24 bytes=353375 frames=176400 mod64=0 mod128=64 mod256=64 mod4096=64 mod131072=114752 external=1 requested_caps=1028 free=24986092 largest=24117236
[M213 address] track=9 pcm=0x48674080 base=0x48673e28 bytes=353439 frames=176400 mod64=0 mod128=0 mod256=128 mod4096=128 mod131072=82048 external=1 requested_caps=1028 free=24986092 largest=24117236
[M213 address] track=10 pcm=0x486cc0c0 base=0x486cbe2c bytes=353503 frames=176400 mod64=0 mod128=64 mod256=192 mod4096=192 mod131072=49344 external=1 requested_caps=1028 free=24986092 largest=24117236
[M213 address] track=11 pcm=0x48724100 base=0x48723e30 bytes=353567 frames=176400 mod64=0 mod128=0 mod256=0 mod4096=256 mod131072=16640 external=1 requested_caps=1028 free=24986092 largest=24117236
[M213 address] track=12 pcm=0x4877c140 base=0x4877be34 bytes=353631 frames=176400 mod64=0 mod128=64 mod256=64 mod4096=320 mod131072=115008 external=1 requested_caps=1028 free=24986092 largest=24117236
[M213 address] track=13 pcm=0x487d4180 base=0x487d3e38 bytes=353695 frames=176400 mod64=0 mod128=0 mod256=128 mod4096=384 mod131072=82304 external=1 requested_caps=1028 free=24986092 largest=24117236
[M213 address] track=14 pcm=0x4882c1c0 base=0x4882be3c bytes=353759 frames=176400 mod64=0 mod128=64 mod256=192 mod4096=448 mod131072=49600 external=1 requested_caps=1028 free=24986092 largest=24117236
[M213 address] track=15 pcm=0x482ac1c0 base=0x482abdfc bytes=353823 frames=176400 mod64=0 mod128=64 mod256=192 mod4096=448 mod131072=49600 external=1 requested_caps=1028 free=24986092 largest=24117236
[M213 locality] tag=2 order=0 eviction=0 repeats=32 reads=131072 us=6542 max=2028 checksum=3150639360 sweep=0 concurrent_audio=1 cold_proven=0
[M213 locality] tag=2 order=1 eviction=0 repeats=32 reads=131072 us=4384 max=1944 checksum=3150639360 sweep=0 concurrent_audio=1 cold_proven=0
[M213 locality] tag=2 order=2 eviction=0 repeats=32 reads=131072 us=7239 max=2072 checksum=3150639360 sweep=0 concurrent_audio=1 cold_proven=0
[M213 locality] tag=2 order=0 eviction=1 repeats=32 reads=131072 us=12707 max=2332 checksum=3150639360 sweep=524288 concurrent_audio=1 cold_proven=0
[M213 locality] tag=2 order=1 eviction=1 repeats=32 reads=131072 us=6784 max=2281 checksum=3150639360 sweep=1048576 concurrent_audio=1 cold_proven=0
[M213 locality] tag=2 order=2 eviction=1 repeats=32 reads=131072 us=13830 max=2425 checksum=3150639360 sweep=1572864 concurrent_audio=1 cold_proven=0
[M213 locality complete] tag=2
[M213 physical] tag=2 complete=1
[Q HEAP] tag=store_done internal=173408 free=24986092 largest=24117236 payload=5653488
[Q STORE DONE] op=8

# HOST LOAD 0 1
[Q COMMAND] LOAD 0 1
[Q ACK] load=1
[M6 read] bytes=352800 read_us=758161 bytes_per_second=465336 original_channels=1 rate=44100 total_psram=33554432
[M6 load] track=0 file_bytes=352844 pcm_bytes=352800 load_publish_us=1193896 payload=5653488 transient=352800 peak_payload=6006351 ps_free=24986092 largest=24117236 internal=173408 display=2304000 fx_delay=352800 reserve=4194304
[M6.1 replacement] retired_clear=1 ps_delta=0 status=READY
[M213 address] track=0 pcm=0x48303e00 base=0x48303e00 bytes=352863 frames=176400 mod64=0 mod128=0 mod256=0 mod4096=3584 mod131072=15872 external=1 requested_caps=1028 free=24986092 largest=24117236

# HOST LOAD 1 2
[Q COMMAND] LOAD 1 2
[Q ACK] load=1
[M6 read] bytes=352800 read_us=690408 bytes_per_second=511002 original_channels=1 rate=44100 total_psram=33554432
[M6 load] track=1 file_bytes=352844 pcm_bytes=352800 load_publish_us=1190084 payload=5653488 transient=352800 peak_payload=6006415 ps_free=24986092 largest=24117236 internal=173408 display=2304000 fx_delay=352800 reserve=4194304
[M6.1 replacement] retired_clear=1 ps_delta=0 status=READY
[M213 address] track=1 pcm=0x4835be80 base=0x4835be04 bytes=352927 frames=176400 mod64=0 mod128=0 mod256=128 mod4096=3712 mod131072=114304 external=1 requested_caps=1028 free=24986092 largest=24117236

# HOST LOAD 2 3
[Q COMMAND] LOAD 2 3
[Q ACK] load=1
[M6 read] bytes=352800 read_us=712380 bytes_per_second=495241 original_channels=1 rate=44100 total_psram=33554432
[M6 load] track=2 file_bytes=352844 pcm_bytes=352800 load_publish_us=1173103 payload=5653488 transient=352800 peak_payload=6006479 ps_free=24986092 largest=24117236 internal=173408 display=2304000 fx_delay=352800 reserve=4194304
[M6.1 replacement] retired_clear=1 ps_delta=0 status=READY
[M213 address] track=2 pcm=0x483b3ec0 base=0x483b3e08 bytes=352991 frames=176400 mod64=0 mod128=64 mod256=192 mod4096=3776 mod131072=81600 external=1 requested_caps=1028 free=24986092 largest=24117236

# HOST LOAD 3 4
[Q COMMAND] LOAD 3 4
[Q ACK] load=1
[M6 read] bytes=705600 read_us=1181950 bytes_per_second=596979 original_channels=2 rate=44100 total_psram=33554432
[M6 load] track=3 file_bytes=705644 pcm_bytes=352800 load_publish_us=1616810 payload=5653488 transient=352800 peak_payload=6006543 ps_free=24986092 largest=24117236 internal=173408 display=2304000 fx_delay=352800 reserve=4194304
[M6.1 replacement] retired_clear=1 ps_delta=0 status=READY
[M213 address] track=3 pcm=0x4840bf00 base=0x4840be0c bytes=353055 frames=176400 mod64=0 mod128=0 mod256=0 mod4096=3840 mod131072=48896 external=1 requested_caps=1028 free=24986092 largest=24117236

# HOST LOAD 4 8
[Q COMMAND] LOAD 4 8
[Q ACK] load=1
[M6 read] bytes=44100 read_us=87176 bytes_per_second=505873 original_channels=1 rate=44100 total_psram=33554432
[M6 load] track=4 file_bytes=44144 pcm_bytes=44100 load_publish_us=543289 payload=5344788 transient=44100 peak_payload=5697907 ps_free=25301484 largest=24117236 internal=173408 display=2304000 fx_delay=352800 reserve=4194304
[M6.1 replacement] retired_clear=1 ps_delta=-315392 status=READY
[M213 address] track=4 pcm=0x48463f40 base=0x48463e10 bytes=44419 frames=22050 mod64=0 mod128=64 mod256=64 mod4096=3904 mod131072=16192 external=1 requested_caps=1028 free=25301484 largest=24117236

# HOST LOAD 5 1
[Q COMMAND] LOAD 5 1
[Q ACK] load=1
[M6 read] bytes=352800 read_us=672056 bytes_per_second=524956 original_channels=1 rate=44100 total_psram=33554432
[M6 load] track=5 file_bytes=352844 pcm_bytes=352800 load_publish_us=1107784 payload=5344788 transient=352800 peak_payload=5697971 ps_free=25301484 largest=24117236 internal=173408 display=2304000 fx_delay=352800 reserve=4194304
[M6.1 replacement] retired_clear=1 ps_delta=0 status=READY
[M213 address] track=5 pcm=0x4846ef80 base=0x4846ee14 bytes=353183 frames=176400 mod64=0 mod128=0 mod256=128 mod4096=3968 mod131072=61312 external=1 requested_caps=1028 free=25301484 largest=24117236

# HOST LOAD 6 2
[Q COMMAND] LOAD 6 2
[Q ACK] load=1
[M6 read] bytes=352800 read_us=700279 bytes_per_second=503799 original_channels=1 rate=44100 total_psram=33554432
[M6 load] track=6 file_bytes=352844 pcm_bytes=352800 load_publish_us=1201944 payload=5344788 transient=352800 peak_payload=5698035 ps_free=25301484 largest=24117236 internal=173408 display=2304000 fx_delay=352800 reserve=4194304
[M6.1 replacement] retired_clear=1 ps_delta=0 status=READY
[M213 address] track=6 pcm=0x484c6fc0 base=0x484c6e18 bytes=353247 frames=176400 mod64=0 mod128=64 mod256=192 mod4096=4032 mod131072=28608 external=1 requested_caps=1028 free=25301484 largest=24117236

# HOST LOAD 7 3
[Q COMMAND] LOAD 7 3
[Q ACK] load=1
[M6 read] bytes=352800 read_us=773658 bytes_per_second=456015 original_channels=1 rate=44100 total_psram=33554432
[M6 load] track=7 file_bytes=352844 pcm_bytes=352800 load_publish_us=1234240 payload=5344788 transient=352800 peak_payload=5698099 ps_free=25301484 largest=24117236 internal=173408 display=2304000 fx_delay=352800 reserve=4194304
[M6.1 replacement] retired_clear=1 ps_delta=0 status=READY
[M213 address] track=7 pcm=0x4851f000 base=0x4851ee1c bytes=353311 frames=176400 mod64=0 mod128=0 mod256=0 mod4096=0 mod131072=126976 external=1 requested_caps=1028 free=25301484 largest=24117236

# HOST LOAD 8 4
[Q COMMAND] LOAD 8 4
[Q ACK] load=1
[M6 read] bytes=705600 read_us=1251796 bytes_per_second=563670 original_channels=2 rate=44100 total_psram=33554432
[M6 load] track=8 file_bytes=705644 pcm_bytes=352800 load_publish_us=1689431 payload=5344788 transient=352800 peak_payload=5698163 ps_free=25301484 largest=24117236 internal=173408 display=2304000 fx_delay=352800 reserve=4194304
[M6.1 replacement] retired_clear=1 ps_delta=0 status=READY
[M213 address] track=8 pcm=0x48577040 base=0x48576e20 bytes=353375 frames=176400 mod64=0 mod128=64 mod256=64 mod4096=64 mod131072=94272 external=1 requested_caps=1028 free=25301484 largest=24117236

# HOST LOAD 9 8
[Q COMMAND] LOAD 9 8
[Q ACK] load=1
[M6 read] bytes=44100 read_us=87739 bytes_per_second=502627 original_channels=1 rate=44100 total_psram=33554432
[M6 load] track=9 file_bytes=44144 pcm_bytes=44100 load_publish_us=516328 payload=5036088 transient=44100 peak_payload=5389527 ps_free=25616876 largest=24117236 internal=173408 display=2304000 fx_delay=352800 reserve=4194304
[M6.1 replacement] retired_clear=1 ps_delta=-315392 status=READY
[M213 address] track=9 pcm=0x485cf080 base=0x485cee24 bytes=44739 frames=22050 mod64=0 mod128=0 mod256=128 mod4096=128 mod131072=61568 external=1 requested_caps=1028 free=25616876 largest=24117236

# HOST LOAD 10 1
[Q COMMAND] LOAD 10 1
[Q ACK] load=1
[M6 read] bytes=352800 read_us=742897 bytes_per_second=474897 original_channels=1 rate=44100 total_psram=33554432
[M6 load] track=10 file_bytes=352844 pcm_bytes=352800 load_publish_us=1178629 payload=5036088 transient=352800 peak_payload=5389591 ps_free=25616876 largest=24117236 internal=173408 display=2304000 fx_delay=352800 reserve=4194304
[M6.1 replacement] retired_clear=1 ps_delta=0 status=READY
[M213 address] track=10 pcm=0x485da0c0 base=0x485d9e28 bytes=353503 frames=176400 mod64=0 mod128=64 mod256=192 mod4096=192 mod131072=106688 external=1 requested_caps=1028 free=25616876 largest=24117236

# HOST LOAD 11 2
[Q COMMAND] LOAD 11 2
[Q ACK] load=1
[M6 read] bytes=352800 read_us=705644 bytes_per_second=499968 original_channels=1 rate=44100 total_psram=33554432
[M6 load] track=11 file_bytes=352844 pcm_bytes=352800 load_publish_us=1207180 payload=5036088 transient=352800 peak_payload=5389655 ps_free=25616876 largest=24117236 internal=173408 display=2304000 fx_delay=352800 reserve=4194304
[M6.1 replacement] retired_clear=1 ps_delta=0 status=READY
[M213 address] track=11 pcm=0x48632100 base=0x48631e2c bytes=353567 frames=176400 mod64=0 mod128=0 mod256=0 mod4096=256 mod131072=73984 external=1 requested_caps=1028 free=25616876 largest=24117236

# HOST LOAD 12 3
[Q COMMAND] LOAD 12 3
[Q ACK] load=1
[M6 read] bytes=352800 read_us=770258 bytes_per_second=458028 original_channels=1 rate=44100 total_psram=33554432
[M6 load] track=12 file_bytes=352844 pcm_bytes=352800 load_publish_us=1205988 payload=5036088 transient=352800 peak_payload=5389719 ps_free=25616876 largest=24117236 internal=173408 display=2304000 fx_delay=352800 reserve=4194304
[M6.1 replacement] retired_clear=1 ps_delta=0 status=READY
[M213 address] track=12 pcm=0x4868a140 base=0x48689e30 bytes=353631 frames=176400 mod64=0 mod128=64 mod256=64 mod4096=320 mod131072=41280 external=1 requested_caps=1028 free=25616876 largest=24117236

# HOST LOAD 13 4
[Q COMMAND] LOAD 13 4
[Q ACK] load=1
[M6 read] bytes=705600 read_us=1182242 bytes_per_second=596832 original_channels=2 rate=44100 total_psram=33554432
[M6 load] track=13 file_bytes=705644 pcm_bytes=352800 load_publish_us=1617113 payload=5036088 transient=352800 peak_payload=5389783 ps_free=25616876 largest=24117236 internal=173408 display=2304000 fx_delay=352800 reserve=4194304
[M6.1 replacement] retired_clear=1 ps_delta=0 status=READY
[M213 address] track=13 pcm=0x486e2180 base=0x486e1e34 bytes=353695 frames=176400 mod64=0 mod128=0 mod256=128 mod4096=384 mod131072=8576 external=1 requested_caps=1028 free=25616876 largest=24117236

# HOST LOAD 14 8
[Q COMMAND] LOAD 14 8
[Q ACK] load=1
[M6 read] bytes=44100 read_us=87455 bytes_per_second=504259 original_channels=1 rate=44100 total_psram=33554432
[M6 load] track=14 file_bytes=44144 pcm_bytes=44100 load_publish_us=516261 payload=4727388 transient=44100 peak_payload=5081147 ps_free=25931244 largest=25690100 internal=173408 display=2304000 fx_delay=352800 reserve=4194304
[M6.1 replacement] retired_clear=1 ps_delta=-314368 status=READY
[M213 address] track=14 pcm=0x4873a1c0 base=0x48739e38 bytes=45059 frames=22050 mod64=0 mod128=64 mod256=192 mod4096=448 mod131072=106944 external=1 requested_caps=1028 free=25931244 largest=25690100

# HOST LOAD 15 1
[Q COMMAND] LOAD 15 1
[Q ACK] load=1
[M6 read] bytes=352800 read_us=749369 bytes_per_second=470796 original_channels=1 rate=44100 total_psram=33554432
[M6 load] track=15 file_bytes=352844 pcm_bytes=352800 load_publish_us=1182301 payload=4727388 transient=352800 peak_payload=5081211 ps_free=25931244 largest=25165812 internal=173408 display=2304000 fx_delay=352800 reserve=4194304
[M6.1 replacement] retired_clear=1 ps_delta=0 status=READY
[M213 address] track=15 pcm=0x48745600 base=0x4874523c bytes=353823 frames=176400 mod64=0 mod128=0 mod256=0 mod4096=1536 mod131072=22016 external=1 requested_caps=1028 free=25931244 largest=25165812

# HOST LOAD 0 5
[Q COMMAND] LOAD 0 5
[Q ACK] load=1
[M6 read] bytes=4194304 read_us=7966329 bytes_per_second=526503 original_channels=1 rate=44100 total_psram=33554432
[M6 load] track=0 file_bytes=4194348 pcm_bytes=4194304 load_publish_us=8486104 payload=8568892 transient=4194304 peak_payload=8921755 ps_free=21966316 largest=20971508 internal=173408 display=2304000 fx_delay=352800 reserve=4194304
[M6.1 replacement] retired_clear=1 ps_delta=3964928 status=READY
[M213 address] track=0 pcm=0x4879d240 base=0x4879d240 bytes=4194367 frames=2097152 mod64=0 mod128=64 mod256=64 mod4096=576 mod131072=119360 external=1 requested_caps=1028 free=21966316 largest=20971508

# HOST STORE 8
[Q COMMAND] STORE 8
[M213 address] track=0 pcm=0x4879d240 base=0x4879d240 bytes=4194367 frames=2097152 mod64=0 mod128=64 mod256=64 mod4096=576 mod131072=119360 external=1 requested_caps=1028 free=21966316 largest=20971508
[M213 address] track=1 pcm=0x4835be80 base=0x4835be04 bytes=352927 frames=176400 mod64=0 mod128=0 mod256=128 mod4096=3712 mod131072=114304 external=1 requested_caps=1028 free=21966316 largest=20971508
[M213 address] track=2 pcm=0x483b3ec0 base=0x483b3e08 bytes=352991 frames=176400 mod64=0 mod128=64 mod256=192 mod4096=3776 mod131072=81600 external=1 requested_caps=1028 free=21966316 largest=20971508
[M213 address] track=3 pcm=0x4840bf00 base=0x4840be0c bytes=353055 frames=176400 mod64=0 mod128=0 mod256=0 mod4096=3840 mod131072=48896 external=1 requested_caps=1028 free=21966316 largest=20971508
[M213 address] track=4 pcm=0x48463f40 base=0x48463e10 bytes=44419 frames=22050 mod64=0 mod128=64 mod256=64 mod4096=3904 mod131072=16192 external=1 requested_caps=1028 free=21966316 largest=20971508
[M213 address] track=5 pcm=0x4846ef80 base=0x4846ee14 bytes=353183 frames=176400 mod64=0 mod128=0 mod256=128 mod4096=3968 mod131072=61312 external=1 requested_caps=1028 free=21966316 largest=20971508
[M213 address] track=6 pcm=0x484c6fc0 base=0x484c6e18 bytes=353247 frames=176400 mod64=0 mod128=64 mod256=192 mod4096=4032 mod131072=28608 external=1 requested_caps=1028 free=21966316 largest=20971508
[M213 address] track=7 pcm=0x4851f000 base=0x4851ee1c bytes=353311 frames=176400 mod64=0 mod128=0 mod256=0 mod4096=0 mod131072=126976 external=1 requested_caps=1028 free=21966316 largest=20971508
[M213 address] track=8 pcm=0x48577040 base=0x48576e20 bytes=353375 frames=176400 mod64=0 mod128=64 mod256=64 mod4096=64 mod131072=94272 external=1 requested_caps=1028 free=21966316 largest=20971508
[M213 address] track=9 pcm=0x485cf080 base=0x485cee24 bytes=44739 frames=22050 mod64=0 mod128=0 mod256=128 mod4096=128 mod131072=61568 external=1 requested_caps=1028 free=21966316 largest=20971508
[M213 address] track=10 pcm=0x485da0c0 base=0x485d9e28 bytes=353503 frames=176400 mod64=0 mod128=64 mod256=192 mod4096=192 mod131072=106688 external=1 requested_caps=1028 free=21966316 largest=20971508
[M213 address] track=11 pcm=0x48632100 base=0x48631e2c bytes=353567 frames=176400 mod64=0 mod128=0 mod256=0 mod4096=256 mod131072=73984 external=1 requested_caps=1028 free=21966316 largest=20971508
[M213 address] track=12 pcm=0x4868a140 base=0x48689e30 bytes=353631 frames=176400 mod64=0 mod128=64 mod256=64 mod4096=320 mod131072=41280 external=1 requested_caps=1028 free=21966316 largest=20971508
[M213 address] track=13 pcm=0x486e2180 base=0x486e1e34 bytes=353695 frames=176400 mod64=0 mod128=0 mod256=128 mod4096=384 mod131072=8576 external=1 requested_caps=1028 free=21966316 largest=20971508
[M213 address] track=14 pcm=0x4873a1c0 base=0x48739e38 bytes=45059 frames=22050 mod64=0 mod128=64 mod256=192 mod4096=448 mod131072=106944 external=1 requested_caps=1028 free=21966316 largest=20971508
[M213 address] track=15 pcm=0x48745600 base=0x4874523c bytes=353823 frames=176400 mod64=0 mod128=0 mod256=0 mod4096=1536 mod131072=22016 external=1 requested_caps=1028 free=21966316 largest=20971508
[M213 locality] tag=3 order=0 eviction=0 repeats=32 reads=131072 us=6215 max=1992 checksum=3441764352 sweep=0 concurrent_audio=1 cold_proven=0
[M213 locality] tag=3 order=1 eviction=0 repeats=32 reads=131072 us=4173 max=1944 checksum=3441764352 sweep=0 concurrent_audio=1 cold_proven=0
[M213 locality] tag=3 order=2 eviction=0 repeats=32 reads=131072 us=8836 max=2042 checksum=3441764352 sweep=0 concurrent_audio=1 cold_proven=0
[M213 locality] tag=3 order=0 eviction=1 repeats=32 reads=131072 us=8443 max=2263 checksum=3441764352 sweep=524288 concurrent_audio=1 cold_proven=0
[M213 locality] tag=3 order=1 eviction=1 repeats=32 reads=131072 us=6664 max=2190 checksum=3441764352 sweep=1048576 concurrent_audio=1 cold_proven=0
[M213 locality] tag=3 order=2 eviction=1 repeats=32 reads=131072 us=15991 max=2399 checksum=3441764352 sweep=1572864 concurrent_audio=1 cold_proven=0
[M213 locality complete] tag=3
[M213 physical] tag=3 complete=1
[Q HEAP] tag=store_done internal=173408 free=21966316 largest=20971508 payload=8568892
[Q STORE DONE] op=8

# HOST LOAD 0 6
[Q COMMAND] LOAD 0 6
[Q ACK] load=1

# HOST LOAD 0 7
[Q COMMAND] LOAD 0 7
[Q ACK] load=1

# HOST STORE 9
[Q COMMAND] STORE 9
[M213 missing] accepted=0 preserved=1
[Q HEAP] tag=store_done internal=173408 free=21966316 largest=20971508 payload=8568892
[Q STORE DONE] op=9

# HOST STORE 8
[Q COMMAND] STORE 8
[M213 address] track=0 pcm=0x4879d240 base=0x4879d240 bytes=4194367 frames=2097152 mod64=0 mod128=64 mod256=64 mod4096=576 mod131072=119360 external=1 requested_caps=1028 free=21966316 largest=20971508
[M213 address] track=1 pcm=0x4835be80 base=0x4835be04 bytes=352927 frames=176400 mod64=0 mod128=0 mod256=128 mod4096=3712 mod131072=114304 external=1 requested_caps=1028 free=21966316 largest=20971508
[M213 address] track=2 pcm=0x483b3ec0 base=0x483b3e08 bytes=352991 frames=176400 mod64=0 mod128=64 mod256=192 mod4096=3776 mod131072=81600 external=1 requested_caps=1028 free=21966316 largest=20971508
[M213 address] track=3 pcm=0x4840bf00 base=0x4840be0c bytes=353055 frames=176400 mod64=0 mod128=0 mod256=0 mod4096=3840 mod131072=48896 external=1 requested_caps=1028 free=21966316 largest=20971508
[M213 address] track=4 pcm=0x48463f40 base=0x48463e10 bytes=44419 frames=22050 mod64=0 mod128=64 mod256=64 mod4096=3904 mod131072=16192 external=1 requested_caps=1028 free=21966316 largest=20971508
[M213 address] track=5 pcm=0x4846ef80 base=0x4846ee14 bytes=353183 frames=176400 mod64=0 mod128=0 mod256=128 mod4096=3968 mod131072=61312 external=1 requested_caps=1028 free=21966316 largest=20971508
[M213 address] track=6 pcm=0x484c6fc0 base=0x484c6e18 bytes=353247 frames=176400 mod64=0 mod128=64 mod256=192 mod4096=4032 mod131072=28608 external=1 requested_caps=1028 free=21966316 largest=20971508
[M213 address] track=7 pcm=0x4851f000 base=0x4851ee1c bytes=353311 frames=176400 mod64=0 mod128=0 mod256=0 mod4096=0 mod131072=126976 external=1 requested_caps=1028 free=21966316 largest=20971508
[M213 address] track=8 pcm=0x48577040 base=0x48576e20 bytes=353375 frames=176400 mod64=0 mod128=64 mod256=64 mod4096=64 mod131072=94272 external=1 requested_caps=1028 free=21966316 largest=20971508
[M213 address] track=9 pcm=0x485cf080 base=0x485cee24 bytes=44739 frames=22050 mod64=0 mod128=0 mod256=128 mod4096=128 mod131072=61568 external=1 requested_caps=1028 free=21966316 largest=20971508
[M213 address] track=10 pcm=0x485da0c0 base=0x485d9e28 bytes=353503 frames=176400 mod64=0 mod128=64 mod256=192 mod4096=192 mod131072=106688 external=1 requested_caps=1028 free=21966316 largest=20971508
[M213 address] track=11 pcm=0x48632100 base=0x48631e2c bytes=353567 frames=176400 mod64=0 mod128=0 mod256=0 mod4096=256 mod131072=73984 external=1 requested_caps=1028 free=21966316 largest=20971508
[M213 address] track=12 pcm=0x4868a140 base=0x48689e30 bytes=353631 frames=176400 mod64=0 mod128=64 mod256=64 mod4096=320 mod131072=41280 external=1 requested_caps=1028 free=21966316 largest=20971508
[M213 address] track=13 pcm=0x486e2180 base=0x486e1e34 bytes=353695 frames=176400 mod64=0 mod128=0 mod256=128 mod4096=384 mod131072=8576 external=1 requested_caps=1028 free=21966316 largest=20971508
[M213 address] track=14 pcm=0x4873a1c0 base=0x48739e38 bytes=45059 frames=22050 mod64=0 mod128=64 mod256=192 mod4096=448 mod131072=106944 external=1 requested_caps=1028 free=21966316 largest=20971508
[M213 address] track=15 pcm=0x48745600 base=0x4874523c bytes=353823 frames=176400 mod64=0 mod128=0 mod256=0 mod4096=1536 mod131072=22016 external=1 requested_caps=1028 free=21966316 largest=20971508
[M213 locality] tag=4 order=0 eviction=0 repeats=32 reads=131072 us=8110 max=2036 checksum=3441764352 sweep=0 concurrent_audio=1 cold_proven=0
[M213 locality] tag=4 order=1 eviction=0 repeats=32 reads=131072 us=2305 max=77 checksum=3441764352 sweep=0 concurrent_audio=1 cold_proven=0
[M213 locality] tag=4 order=2 eviction=0 repeats=32 reads=131072 us=6972 max=2042 checksum=3441764352 sweep=0 concurrent_audio=1 cold_proven=0
[M213 locality] tag=4 order=0 eviction=1 repeats=32 reads=131072 us=8444 max=2234 checksum=3441764352 sweep=524288 concurrent_audio=1 cold_proven=0
[M213 locality] tag=4 order=1 eviction=1 repeats=32 reads=131072 us=8820 max=2278 checksum=3441764352 sweep=1048576 concurrent_audio=1 cold_proven=0
[M213 locality] tag=4 order=2 eviction=1 repeats=32 reads=131072 us=11718 max=2297 checksum=3441764352 sweep=1572864 concurrent_audio=1 cold_proven=0
[M213 locality complete] tag=4
[M213 physical] tag=4 complete=1
[Q HEAP] tag=store_done internal=173408 free=21966316 largest=20971508 payload=8568892
[Q STORE DONE] op=8

# HOST STORE 10
[Q COMMAND] STORE 10
[Q HEAP] tag=fragmented internal=173408 free=19803500 largest=17301492 payload=8568892
[Q HEAP] tag=store_done internal=173408 free=19803500 largest=17301492 payload=8568892
[Q STORE DONE] op=10

# HOST LOAD 15 2
[Q COMMAND] LOAD 15 2
[Q ACK] load=1
[M6 read] bytes=352800 read_us=707333 bytes_per_second=498774 original_channels=1 rate=44100 total_psram=33554432
[M6 load] track=15 file_bytes=352844 pcm_bytes=352800 load_publish_us=1136663 payload=8568892 transient=352800 peak_payload=8922715 ps_free=19803500 largest=16777204 internal=173408 display=2304000 fx_delay=352800 reserve=4194304
[M6.1 replacement] retired_clear=1 ps_delta=0 status=READY
[M213 address] track=15 pcm=0x48f38700 base=0x48f3831c bytes=353823 frames=176400 mod64=0 mod128=0 mod256=0 mod4096=1792 mod131072=100096 external=1 requested_caps=1028 free=19803500 largest=16777204

# HOST LOAD 14 1
[Q COMMAND] LOAD 14 1
[Q ACK] load=1
[M6 read] bytes=352800 read_us=751610 bytes_per_second=469392 original_channels=1 rate=44100 total_psram=33554432
[M6 load] track=14 file_bytes=352844 pcm_bytes=352800 load_publish_us=1184402 payload=8877592 transient=352800 peak_payload=8922651 ps_free=19489132 largest=16777204 internal=173408 display=2304000 fx_delay=352800 reserve=4194304
[M6.1 replacement] retired_clear=1 ps_delta=314368 status=READY
[M213 address] track=14 pcm=0x487455c0 base=0x4874523c bytes=353759 frames=176400 mod64=0 mod128=64 mod256=192 mod4096=1472 mod131072=21952 external=1 requested_caps=1028 free=19489132 largest=16777204

# HOST LOAD 13 8
[Q COMMAND] LOAD 13 8
[Q ACK] load=1
[M6 read] bytes=44100 read_us=86717 bytes_per_second=508550 original_channels=1 rate=44100 total_psram=33554432
[M6 load] track=13 file_bytes=44144 pcm_bytes=44100 load_publish_us=515210 payload=8568892 transient=44100 peak_payload=8922587 ps_free=19804524 largest=16777204 internal=173408 display=2304000 fx_delay=352800 reserve=4194304
[M6.1 replacement] retired_clear=1 ps_delta=-315392 status=READY
[M213 address] track=13 pcm=0x4873a180 base=0x48739e38 bytes=44995 frames=22050 mod64=0 mod128=0 mod256=128 mod4096=384 mod131072=106880 external=1 requested_caps=1028 free=19804524 largest=16777204

# HOST LOAD 12 4
[Q COMMAND] LOAD 12 4
[Q ACK] load=1
[M6 read] bytes=705600 read_us=1254325 bytes_per_second=562533 original_channels=2 rate=44100 total_psram=33554432
[M6 load] track=12 file_bytes=705644 pcm_bytes=352800 load_publish_us=1687777 payload=8568892 transient=352800 peak_payload=8922523 ps_free=19804524 largest=16777204 internal=173408 display=2304000 fx_delay=352800 reserve=4194304
[M6.1 replacement] retired_clear=1 ps_delta=0 status=READY
[M213 address] track=12 pcm=0x486e2140 base=0x486e1e34 bytes=353631 frames=176400 mod64=0 mod128=64 mod256=64 mod4096=320 mod131072=8512 external=1 requested_caps=1028 free=19804524 largest=16777204

# HOST LOAD 11 3
[Q COMMAND] LOAD 11 3
[Q ACK] load=1
[M6 read] bytes=352800 read_us=712154 bytes_per_second=495398 original_channels=1 rate=44100 total_psram=33554432
[M6 load] track=11 file_bytes=352844 pcm_bytes=352800 load_publish_us=1172654 payload=8568892 transient=352800 peak_payload=8922459 ps_free=19804524 largest=16777204 internal=173408 display=2304000 fx_delay=352800 reserve=4194304
[M6.1 replacement] retired_clear=1 ps_delta=0 status=READY
[M213 address] track=11 pcm=0x4868a100 base=0x48689e30 bytes=353567 frames=176400 mod64=0 mod128=0 mod256=0 mod4096=256 mod131072=41216 external=1 requested_caps=1028 free=19804524 largest=16777204

# HOST LOAD 10 2
[Q COMMAND] LOAD 10 2
[Q ACK] load=1
[M6 read] bytes=352800 read_us=694172 bytes_per_second=508231 original_channels=1 rate=44100 total_psram=33554432
[M6 load] track=10 file_bytes=352844 pcm_bytes=352800 load_publish_us=1123584 payload=8568892 transient=352800 peak_payload=8922395 ps_free=19804524 largest=16777204 internal=173408 display=2304000 fx_delay=352800 reserve=4194304
[M6.1 replacement] retired_clear=1 ps_delta=0 status=READY
[M213 address] track=10 pcm=0x486320c0 base=0x48631e2c bytes=353503 frames=176400 mod64=0 mod128=64 mod256=192 mod4096=192 mod131072=73920 external=1 requested_caps=1028 free=19804524 largest=16777204

# HOST LOAD 9 1
[Q COMMAND] LOAD 9 1
[Q ACK] load=1
[M6 read] bytes=352800 read_us=755253 bytes_per_second=467128 original_channels=1 rate=44100 total_psram=33554432
[M6 load] track=9 file_bytes=352844 pcm_bytes=352800 load_publish_us=1188114 payload=8877592 transient=352800 peak_payload=8922331 ps_free=19489132 largest=16777204 internal=173408 display=2304000 fx_delay=352800 reserve=4194304
[M6.1 replacement] retired_clear=1 ps_delta=315392 status=READY
[M213 address] track=9 pcm=0x485da080 base=0x485d9e28 bytes=353439 frames=176400 mod64=0 mod128=0 mod256=128 mod4096=128 mod131072=106624 external=1 requested_caps=1028 free=19489132 largest=16777204

# HOST LOAD 8 8
[Q COMMAND] LOAD 8 8
[Q ACK] load=1
[M6 read] bytes=44100 read_us=89202 bytes_per_second=494383 original_channels=1 rate=44100 total_psram=33554432
[M6 load] track=8 file_bytes=44144 pcm_bytes=44100 load_publish_us=547993 payload=8568892 transient=44100 peak_payload=8922267 ps_free=19804524 largest=16777204 internal=173408 display=2304000 fx_delay=352800 reserve=4194304
[M6.1 replacement] retired_clear=1 ps_delta=-315392 status=READY
[M213 address] track=8 pcm=0x485cf040 base=0x485cee24 bytes=44675 frames=22050 mod64=0 mod128=64 mod256=64 mod4096=64 mod131072=61504 external=1 requested_caps=1028 free=19804524 largest=16777204

# HOST LOAD 7 4
[Q COMMAND] LOAD 7 4
[Q ACK] load=1
[M6 read] bytes=705600 read_us=1187798 bytes_per_second=594040 original_channels=2 rate=44100 total_psram=33554432
[M6 load] track=7 file_bytes=705644 pcm_bytes=352800 load_publish_us=1622639 payload=8568892 transient=352800 peak_payload=8922203 ps_free=19804524 largest=16777204 internal=173408 display=2304000 fx_delay=352800 reserve=4194304
[M6.1 replacement] retired_clear=1 ps_delta=0 status=READY
[M213 address] track=7 pcm=0x48577000 base=0x48576e20 bytes=353311 frames=176400 mod64=0 mod128=0 mod256=0 mod4096=0 mod131072=94208 external=1 requested_caps=1028 free=19804524 largest=16777204

# HOST LOAD 6 3
[Q COMMAND] LOAD 6 3
[Q ACK] load=1
[M6 read] bytes=352800 read_us=707272 bytes_per_second=498817 original_channels=1 rate=44100 total_psram=33554432
[M6 load] track=6 file_bytes=352844 pcm_bytes=352800 load_publish_us=1137214 payload=8568892 transient=352800 peak_payload=8922139 ps_free=19804524 largest=16777204 internal=173408 display=2304000 fx_delay=352800 reserve=4194304
[M6.1 replacement] retired_clear=1 ps_delta=0 status=READY
[M213 address] track=6 pcm=0x4851efc0 base=0x4851ee1c bytes=353247 frames=176400 mod64=0 mod128=64 mod256=192 mod4096=4032 mod131072=126912 external=1 requested_caps=1028 free=19804524 largest=16777204

# HOST LOAD 5 2
[Q COMMAND] LOAD 5 2
[Q ACK] load=1
[M6 read] bytes=352800 read_us=761058 bytes_per_second=463565 original_channels=1 rate=44100 total_psram=33554432
[M6 load] track=5 file_bytes=352844 pcm_bytes=352800 load_publish_us=1193895 payload=8568892 transient=352800 peak_payload=8922075 ps_free=19804524 largest=16777204 internal=173408 display=2304000 fx_delay=352800 reserve=4194304
[M6.1 replacement] retired_clear=1 ps_delta=0 status=READY
[M213 address] track=5 pcm=0x484c6f80 base=0x484c6e18 bytes=353183 frames=176400 mod64=0 mod128=0 mod256=128 mod4096=3968 mod131072=28544 external=1 requested_caps=1028 free=19804524 largest=16777204

# HOST LOAD 4 1
[Q COMMAND] LOAD 4 1
[Q ACK] load=1
[M6 read] bytes=352800 read_us=688140 bytes_per_second=512686 original_channels=1 rate=44100 total_psram=33554432
[M6 load] track=4 file_bytes=352844 pcm_bytes=352800 load_publish_us=1118075 payload=8877592 transient=352800 peak_payload=8922011 ps_free=19489132 largest=16777204 internal=173408 display=2304000 fx_delay=352800 reserve=4194304
[M6.1 replacement] retired_clear=1 ps_delta=315392 status=READY
[M213 address] track=4 pcm=0x4846ef40 base=0x4846ee14 bytes=353119 frames=176400 mod64=0 mod128=64 mod256=64 mod4096=3904 mod131072=61248 external=1 requested_caps=1028 free=19489132 largest=16777204

# HOST LOAD 3 8
[Q COMMAND] LOAD 3 8
[Q ACK] load=1
[M6 read] bytes=44100 read_us=88082 bytes_per_second=500669 original_channels=1 rate=44100 total_psram=33554432
[M6 load] track=3 file_bytes=44144 pcm_bytes=44100 load_publish_us=542866 payload=8568892 transient=44100 peak_payload=8921947 ps_free=19804524 largest=16777204 internal=173408 display=2304000 fx_delay=352800 reserve=4194304
[M6.1 replacement] retired_clear=1 ps_delta=-315392 status=READY
[M213 address] track=3 pcm=0x48463f00 base=0x48463e10 bytes=44355 frames=22050 mod64=0 mod128=0 mod256=0 mod4096=3840 mod131072=16128 external=1 requested_caps=1028 free=19804524 largest=16777204

# HOST LOAD 2 4
[Q COMMAND] LOAD 2 4
[Q ACK] load=1
[M6 read] bytes=705600 read_us=1179972 bytes_per_second=597980 original_channels=2 rate=44100 total_psram=33554432
[M6 load] track=2 file_bytes=705644 pcm_bytes=352800 load_publish_us=1612256 payload=8568892 transient=352800 peak_payload=8921883 ps_free=19804524 largest=16777204 internal=173408 display=2304000 fx_delay=352800 reserve=4194304
[M6.1 replacement] retired_clear=1 ps_delta=0 status=READY
[M213 address] track=2 pcm=0x4840bec0 base=0x4840be0c bytes=352991 frames=176400 mod64=0 mod128=64 mod256=192 mod4096=3776 mod131072=48832 external=1 requested_caps=1028 free=19804524 largest=16777204

# HOST LOAD 1 3
[Q COMMAND] LOAD 1 3
[Q ACK] load=1
[M6 read] bytes=352800 read_us=783156 bytes_per_second=450484 original_channels=1 rate=44100 total_psram=33554432
[M6 load] track=1 file_bytes=352844 pcm_bytes=352800 load_publish_us=1217094 payload=8568892 transient=352800 peak_payload=8921819 ps_free=19804524 largest=16777204 internal=173408 display=2304000 fx_delay=352800 reserve=4194304
[M6.1 replacement] retired_clear=1 ps_delta=0 status=READY
[M213 address] track=1 pcm=0x483b3e80 base=0x483b3e08 bytes=352927 frames=176400 mod64=0 mod128=0 mod256=128 mod4096=3712 mod131072=81536 external=1 requested_caps=1028 free=19804524 largest=16777204

# HOST LOAD 0 2
[Q COMMAND] LOAD 0 2
[Q ACK] load=1
[M6 read] bytes=352800 read_us=698204 bytes_per_second=505296 original_channels=1 rate=44100 total_psram=33554432
[M6 load] track=0 file_bytes=352844 pcm_bytes=352800 load_publish_us=1130985 payload=4727388 transient=352800 peak_payload=8921755 ps_free=23769452 largest=16777204 internal=173408 display=2304000 fx_delay=352800 reserve=4194304
[M6.1 replacement] retired_clear=1 ps_delta=-3964928 status=READY
[M213 address] track=0 pcm=0x48350e40 base=0x48350e24 bytes=352863 frames=176400 mod64=0 mod128=64 mod256=64 mod4096=3648 mod131072=69184 external=1 requested_caps=1028 free=23769452 largest=16777204

# HOST STORE 8
[Q COMMAND] STORE 8
[M213 address] track=0 pcm=0x48350e40 base=0x48350e24 bytes=352863 frames=176400 mod64=0 mod128=64 mod256=64 mod4096=3648 mod131072=69184 external=1 requested_caps=1028 free=23769452 largest=16777204
[M213 address] track=1 pcm=0x483b3e80 base=0x483b3e08 bytes=352927 frames=176400 mod64=0 mod128=0 mod256=128 mod4096=3712 mod131072=81536 external=1 requested_caps=1028 free=23769452 largest=16777204
[M213 address] track=2 pcm=0x4840bec0 base=0x4840be0c bytes=352991 frames=176400 mod64=0 mod128=64 mod256=192 mod4096=3776 mod131072=48832 external=1 requested_caps=1028 free=23769452 largest=16777204
[M213 address] track=3 pcm=0x48463f00 base=0x48463e10 bytes=44355 frames=22050 mod64=0 mod128=0 mod256=0 mod4096=3840 mod131072=16128 external=1 requested_caps=1028 free=23769452 largest=16777204
[M213 address] track=4 pcm=0x4846ef40 base=0x4846ee14 bytes=353119 frames=176400 mod64=0 mod128=64 mod256=64 mod4096=3904 mod131072=61248 external=1 requested_caps=1028 free=23769452 largest=16777204
[M213 address] track=5 pcm=0x484c6f80 base=0x484c6e18 bytes=353183 frames=176400 mod64=0 mod128=0 mod256=128 mod4096=3968 mod131072=28544 external=1 requested_caps=1028 free=23769452 largest=16777204
[M213 address] track=6 pcm=0x4851efc0 base=0x4851ee1c bytes=353247 frames=176400 mod64=0 mod128=64 mod256=192 mod4096=4032 mod131072=126912 external=1 requested_caps=1028 free=23769452 largest=16777204
[M213 address] track=7 pcm=0x48577000 base=0x48576e20 bytes=353311 frames=176400 mod64=0 mod128=0 mod256=0 mod4096=0 mod131072=94208 external=1 requested_caps=1028 free=23769452 largest=16777204
[M213 address] track=8 pcm=0x485cf040 base=0x485cee24 bytes=44675 frames=22050 mod64=0 mod128=64 mod256=64 mod4096=64 mod131072=61504 external=1 requested_caps=1028 free=23769452 largest=16777204
[M213 address] track=9 pcm=0x485da080 base=0x485d9e28 bytes=353439 frames=176400 mod64=0 mod128=0 mod256=128 mod4096=128 mod131072=106624 external=1 requested_caps=1028 free=23769452 largest=16777204
[M213 address] track=10 pcm=0x486320c0 base=0x48631e2c bytes=353503 frames=176400 mod64=0 mod128=64 mod256=192 mod4096=192 mod131072=73920 external=1 requested_caps=1028 free=23769452 largest=16777204
[M213 address] track=11 pcm=0x4868a100 base=0x48689e30 bytes=353567 frames=176400 mod64=0 mod128=0 mod256=0 mod4096=256 mod131072=41216 external=1 requested_caps=1028 free=23769452 largest=16777204
[M213 address] track=12 pcm=0x486e2140 base=0x486e1e34 bytes=353631 frames=176400 mod64=0 mod128=64 mod256=64 mod4096=320 mod131072=8512 external=1 requested_caps=1028 free=23769452 largest=16777204
[M213 address] track=13 pcm=0x4873a180 base=0x48739e38 bytes=44995 frames=22050 mod64=0 mod128=0 mod256=128 mod4096=384 mod131072=106880 external=1 requested_caps=1028 free=23769452 largest=16777204
[M213 address] track=14 pcm=0x487455c0 base=0x4874523c bytes=353759 frames=176400 mod64=0 mod128=64 mod256=192 mod4096=1472 mod131072=21952 external=1 requested_caps=1028 free=23769452 largest=16777204
[M213 address] track=15 pcm=0x48f38700 base=0x48f3831c bytes=353823 frames=176400 mod64=0 mod128=0 mod256=0 mod4096=1792 mod131072=100096 external=1 requested_caps=1028 free=23769452 largest=16777204
[M213 locality] tag=5 order=0 eviction=0 repeats=32 reads=131072 us=8096 max=2025 checksum=3442474688 sweep=0 concurrent_audio=1 cold_proven=0
[M213 locality] tag=5 order=1 eviction=0 repeats=32 reads=131072 us=2296 max=77 checksum=3442474688 sweep=0 concurrent_audio=1 cold_proven=0
[M213 locality] tag=5 order=2 eviction=0 repeats=32 reads=131072 us=8836 max=2042 checksum=3442474688 sweep=0 concurrent_audio=1 cold_proven=0
[M213 locality] tag=5 order=0 eviction=1 repeats=32 reads=131072 us=10565 max=2255 checksum=3442474688 sweep=524288 concurrent_audio=1 cold_proven=0
[M213 locality] tag=5 order=1 eviction=1 repeats=32 reads=131072 us=6746 max=2273 checksum=3442474688 sweep=1048576 concurrent_audio=1 cold_proven=0
[M213 locality] tag=5 order=2 eviction=1 repeats=32 reads=131072 us=18362 max=2391 checksum=3442474688 sweep=1572864 concurrent_audio=1 cold_proven=0
[M213 locality complete] tag=5
[M213 physical] tag=5 complete=1
[Q HEAP] tag=store_done internal=173408 free=23769452 largest=16777204 payload=4727388
[Q STORE DONE] op=8

# HOST STORE 12
[Q COMMAND] STORE 12
[Q HEAP] tag=pressure internal=173408 free=5386580 largest=4718580 payload=4727388
[Q HEAP] tag=store_done internal=173408 free=5386580 largest=4718580 payload=4727388
[Q STORE DONE] op=12

# HOST LOAD 0 5
[Q COMMAND] LOAD 0 5
[Q ACK] load=1
[Q COMMAND] 
[Q ACK] invalid=1

# HOST STATE
[Q COMMAND] STATE
[Q STATE] bpm=120 swing=50 playing=0 mode=0 chain_length=0 chain_loop=0 project_busy=0 restoring=0 sample_busy=0 project_status=PROJECT READY sample_status=Sample exceeds PSRAM budget
[Q TRACK] track=0 source=1 pitch=60 synth_pitch=36 sample_pitch=60 mute=0 solo=0 start=0 end=65535 reverse=0 mode=0 choke=0 cutoff=0 resonance=0 send=127 slices=1 enabled=0 selected=0 frames=176400 waveform=5e370bb2 name=m19p_snare.wav
[Q SLICE] track=0 index=0 start=0 end=65535
[Q TRACK] track=1 source=1 pitch=60 synth_pitch=39 sample_pitch=60 mute=0 solo=0 start=0 end=65535 reverse=0 mode=0 choke=0 cutoff=0 resonance=0 send=127 slices=1 enabled=0 selected=0 frames=176400 waveform=0720701a name=m19p_mixed.wav
[Q SLICE] track=1 index=0 start=0 end=65535
[Q TRACK] track=2 source=1 pitch=60 synth_pitch=42 sample_pitch=60 mute=0 solo=0 start=0 end=65535 reverse=0 mode=0 choke=0 cutoff=0 resonance=0 send=127 slices=1 enabled=0 selected=0 frames=176400 waveform=595ef306 name=m19p_stereo.wav
[Q SLICE] track=2 index=0 start=0 end=65535
[Q TRACK] track=3 source=1 pitch=60 synth_pitch=45 sample_pitch=60 mute=0 solo=0 start=0 end=65535 reverse=0 mode=0 choke=0 cutoff=0 resonance=0 send=127 slices=1 enabled=0 selected=0 frames=22050 waveform=0ee7dbac name=m19p_oneshot.wav
[Q SLICE] track=3 index=0 start=0 end=65535
[Q PATTERN] index=0 length=16 masks=0000,0000,0000
[Q LOCK] pattern=0 step=0 mask=0 slice=0
[Q LOCK] pattern=0 step=1 mask=0 slice=0
[Q LOCK] pattern=0 step=2 mask=0 slice=0
[Q LOCK] pattern=0 step=3 mask=0 slice=0
[Q PATTERN] index=1 length=16 masks=0000,0000,0000
[Q LOCK] pattern=1 step=0 mask=0 slice=0
[Q LOCK] pattern=1 step=1 mask=0 slice=0
[Q LOCK] pattern=1 step=2 mask=0 slice=0
[Q LOCK] pattern=1 step=3 mask=0 slice=0
[Q PATTERN] index=2 length=16 masks=0000,0000,0000
[Q LOCK] pattern=2 step=0 mask=0 slice=0
[Q LOCK] pattern=2 step=1 mask=0 slice=0
[Q LOCK] pattern=2 step=2 mask=0 slice=0
[Q LOCK] pattern=2 step=3 mask=0 slice=0
[Q PATTERN] index=3 length=16 masks=0000,0000,0000
[Q LOCK] pattern=3 step=0 mask=0 slice=0
[Q LOCK] pattern=3 step=1 mask=0 slice=0
[Q LOCK] pattern=3 step=2 mask=0 slice=0
[Q LOCK] pattern=3 step=3 mask=0 slice=0
[Q TRANSIENT] state=0 request=0 progress=0 count=1 stale_discarded=0 apply=0 cancel=0 duration_max_us=0 chunk_max_us=0
[Q PROPOSAL] index=0 start=0 end=65535
[Q HEAP] tag=state internal=173408 free=5386580 largest=4718580
[Q PLAYBACK] triggers=0 reverse=0 gate=0 releases=0 chokes=0 retriggers=0 repeat_accepts=0 repeat_hits=0 chain_loops=0

# HOST STORE 13
[Q COMMAND] STORE 13
[Q HEAP] tag=store_done internal=173408 free=25932268 largest=16777204 payload=4727388
[Q STORE DONE] op=13

# HOST LOAD 0 5
[Q COMMAND] LOAD 0 5
[Q ACK] load=1
[M6 read] bytes=4194304 read_us=7939416 bytes_per_second=528288 original_channels=1 rate=44100 total_psram=33554432
[M6 load] track=0 file_bytes=4194348 pcm_bytes=4194304 load_publish_us=8431788 payload=8568892 transient=4194304 peak_payload=8921755 ps_free=21967340 largest=16777204 internal=173408 display=2304000 fx_delay=352800 reserve=4194304
[M6.1 replacement] retired_clear=1 ps_delta=3964928 status=READY
[M213 address] track=0 pcm=0x4879d240 base=0x4879d240 bytes=4194367 frames=2097152 mod64=0 mod128=64 mod256=64 mod4096=576 mod131072=119360 external=1 requested_caps=1028 free=21967340 largest=16777204

# HOST STORE 8
[Q COMMAND] STORE 8
[M213 address] track=0 pcm=0x4879d240 base=0x4879d240 bytes=4194367 frames=2097152 mod64=0 mod128=64 mod256=64 mod4096=576 mod131072=119360 external=1 requested_caps=1028 free=21967340 largest=16777204
[M213 address] track=1 pcm=0x483b3e80 base=0x483b3e08 bytes=352927 frames=176400 mod64=0 mod128=0 mod256=128 mod4096=3712 mod131072=81536 external=1 requested_caps=1028 free=21967340 largest=16777204
[M213 address] track=2 pcm=0x4840bec0 base=0x4840be0c bytes=352991 frames=176400 mod64=0 mod128=64 mod256=192 mod4096=3776 mod131072=48832 external=1 requested_caps=1028 free=21967340 largest=16777204
[M213 address] track=3 pcm=0x48463f00 base=0x48463e10 bytes=44355 frames=22050 mod64=0 mod128=0 mod256=0 mod4096=3840 mod131072=16128 external=1 requested_caps=1028 free=21967340 largest=16777204
[M213 address] track=4 pcm=0x4846ef40 base=0x4846ee14 bytes=353119 frames=176400 mod64=0 mod128=64 mod256=64 mod4096=3904 mod131072=61248 external=1 requested_caps=1028 free=21967340 largest=16777204
[M213 address] track=5 pcm=0x484c6f80 base=0x484c6e18 bytes=353183 frames=176400 mod64=0 mod128=0 mod256=128 mod4096=3968 mod131072=28544 external=1 requested_caps=1028 free=21967340 largest=16777204
[M213 address] track=6 pcm=0x4851efc0 base=0x4851ee1c bytes=353247 frames=176400 mod64=0 mod128=64 mod256=192 mod4096=4032 mod131072=126912 external=1 requested_caps=1028 free=21967340 largest=16777204
[M213 address] track=7 pcm=0x48577000 base=0x48576e20 bytes=353311 frames=176400 mod64=0 mod128=0 mod256=0 mod4096=0 mod131072=94208 external=1 requested_caps=1028 free=21967340 largest=16777204
[M213 address] track=8 pcm=0x485cf040 base=0x485cee24 bytes=44675 frames=22050 mod64=0 mod128=64 mod256=64 mod4096=64 mod131072=61504 external=1 requested_caps=1028 free=21967340 largest=16777204
[M213 address] track=9 pcm=0x485da080 base=0x485d9e28 bytes=353439 frames=176400 mod64=0 mod128=0 mod256=128 mod4096=128 mod131072=106624 external=1 requested_caps=1028 free=21967340 largest=16777204
[M213 address] track=10 pcm=0x486320c0 base=0x48631e2c bytes=353503 frames=176400 mod64=0 mod128=64 mod256=192 mod4096=192 mod131072=73920 external=1 requested_caps=1028 free=21967340 largest=16777204
[M213 address] track=11 pcm=0x4868a100 base=0x48689e30 bytes=353567 frames=176400 mod64=0 mod128=0 mod256=0 mod4096=256 mod131072=41216 external=1 requested_caps=1028 free=21967340 largest=16777204
[M213 address] track=12 pcm=0x486e2140 base=0x486e1e34 bytes=353631 frames=176400 mod64=0 mod128=64 mod256=64 mod4096=320 mod131072=8512 external=1 requested_caps=1028 free=21967340 largest=16777204
[M213 address] track=13 pcm=0x4873a180 base=0x48739e38 bytes=44995 frames=22050 mod64=0 mod128=0 mod256=128 mod4096=384 mod131072=106880 external=1 requested_caps=1028 free=21967340 largest=16777204
[M213 address] track=14 pcm=0x487455c0 base=0x4874523c bytes=353759 frames=176400 mod64=0 mod128=64 mod256=192 mod4096=1472 mod131072=21952 external=1 requested_caps=1028 free=21967340 largest=16777204
[M213 address] track=15 pcm=0x48f38700 base=0x48f3831c bytes=353823 frames=176400 mod64=0 mod128=0 mod256=0 mod4096=1792 mod131072=100096 external=1 requested_caps=1028 free=21967340 largest=16777204
[M213 locality] tag=6 order=0 eviction=0 repeats=32 reads=131072 us=6186 max=2000 checksum=3441764352 sweep=0 concurrent_audio=1 cold_proven=0
[M213 locality] tag=6 order=1 eviction=0 repeats=32 reads=131072 us=2333 max=101 checksum=3441764352 sweep=0 concurrent_audio=1 cold_proven=0
[M213 locality] tag=6 order=2 eviction=0 repeats=32 reads=131072 us=8846 max=2045 checksum=3441764352 sweep=0 concurrent_audio=1 cold_proven=0
[M213 locality] tag=6 order=0 eviction=1 repeats=32 reads=131072 us=6374 max=218 checksum=3441764352 sweep=524288 concurrent_audio=1 cold_proven=0
[M213 locality] tag=6 order=1 eviction=1 repeats=32 reads=131072 us=10831 max=2186 checksum=3441764352 sweep=1048576 concurrent_audio=1 cold_proven=0
[M213 locality] tag=6 order=2 eviction=1 repeats=32 reads=131072 us=9561 max=2269 checksum=3441764352 sweep=1572864 concurrent_audio=1 cold_proven=0
[M213 locality complete] tag=6
[M213 physical] tag=6 complete=1
[Q HEAP] tag=store_done internal=173408 free=21967340 largest=16777204 payload=8568892
[Q STORE DONE] op=8

# HOST SAVE M213_LAYOUT_QUAL
[Q COMMAND] SAVE M213_LAYOUT_QUAL
[Q ACK] save=1

# HOST PROJECT M213_LAYOUT_QUAL
[Q COMMAND] PROJECT M213_LAYOUT_QUAL
[Q ACK] project=1
[Q COMMAND] 
[Q ACK] invalid=1

# HOST STATE
[Q COMMAND] STATE
[Q STATE] bpm=120 swing=50 playing=0 mode=0 chain_length=0 chain_loop=0 project_busy=1 restoring=1 sample_busy=0 project_status=LOADING SAMPLES 1/16 sample_status=SAMPLE READY
[Q TRACK] track=0 source=1 pitch=60 synth_pitch=36 sample_pitch=60 mute=0 solo=0 start=0 end=65535 reverse=0 mode=0 choke=0 cutoff=0 resonance=0 send=127 slices=1 enabled=0 selected=0 frames=0 waveform=5f6c8245 name=
[Q SLICE] track=0 index=0 start=0 end=65535
[Q TRACK] track=1 source=1 pitch=60 synth_pitch=39 sample_pitch=60 mute=0 solo=0 start=0 end=65535 reverse=0 mode=0 choke=0 cutoff=0 resonance=0 send=127 slices=1 enabled=0 selected=0 frames=0 waveform=5f6c8245 name=
[Q SLICE] track=1 index=0 start=0 end=65535
[Q TRACK] track=2 source=1 pitch=60 synth_pitch=42 sample_pitch=60 mute=0 solo=0 start=0 end=65535 reverse=0 mode=0 choke=0 cutoff=0 resonance=0 send=127 slices=1 enabled=0 selected=0 frames=0 waveform=5f6c8245 name=
[Q SLICE] track=2 index=0 start=0 end=65535
[Q TRACK] track=3 source=1 pitch=60 synth_pitch=45 sample_pitch=60 mute=0 solo=0 start=0 end=65535 reverse=0 mode=0 choke=0 cutoff=0 resonance=0 send=127 slices=1 enabled=0 selected=0 frames=0 waveform=5f6c8245 name=
[Q SLICE] track=3 index=0 start=0 end=65535
[Q PATTERN] index=0 length=16 masks=0000,0000,0000
[Q LOCK] pattern=0 step=0 mask=0 slice=0
[Q LOCK] pattern=0 step=1 mask=0 slice=0
[Q LOCK] pattern=0 step=2 mask=0 slice=0
[Q LOCK] pattern=0 step=3 mask=0 slice=0
[Q PATTERN] index=1 length=16 masks=0000,0000,0000
[Q LOCK] pattern=1 step=0 mask=0 slice=0
[Q LOCK] pattern=1 step=1 mask=0 slice=0
[Q LOCK] pattern=1 step=2 mask=0 slice=0
[Q LOCK] pattern=1 step=3 mask=0 slice=0
[Q PATTERN] index=2 length=16 masks=0000,0000,0000
[Q LOCK] pattern=2 step=0 mask=0 slice=0
[Q LOCK] pattern=2 step=1 mask=0 slice=0
[Q LOCK] pattern=2 step=2 mask=0 slice=0
[Q LOCK] pattern=2 step=3 mask=0 slice=0
[Q PATTERN] index=3 length=16 masks=0000,0000,0000
[Q LOCK] pattern=3 step=0 mask=0 slice=0
[Q LOCK] pattern=3 step=1 mask=0 slice=0
[Q LOCK] pattern=3 step=2 mask=0 slice=0
[Q LOCK] pattern=3 step=3 mask=0 slice=0
[Q TRANSIENT] state=0 request=0 progress=0 count=1 stale_discarded=0 apply=0 cancel=0 duration_max_us=0 chunk_max_us=0
[Q PROPOSAL] index=0 start=0 end=65535
[Q HEAP] tag=state internal=191924 free=26427944 largest=26214388
[Q PLAYBACK] triggers=0 reverse=0 gate=0 releases=0 chokes=0 retriggers=0 repeat_accepts=0 repeat_hits=0 chain_loops=0
[Q COMMAND] 
[Q ACK] invalid=1

# HOST STATE
[Q COMMAND] STATE
[Q STATE] bpm=120 swing=50 playing=0 mode=0 chain_length=0 chain_loop=0 project_busy=1 restoring=1 sample_busy=0 project_status=LOADING SAMPLES 1/16 sample_status=SAMPLE READY
[Q TRACK] track=0 source=1 pitch=60 synth_pitch=36 sample_pitch=60 mute=0 solo=0 start=0 end=65535 reverse=0 mode=0 choke=0 cutoff=0 resonance=0 send=127 slices=1 enabled=0 selected=0 frames=0 waveform=5f6c8245 name=
[Q SLICE] track=0 index=0 start=0 end=65535
[Q TRACK] track=1 source=1 pitch=60 synth_pitch=39 sample_pitch=60 mute=0 solo=0 start=0 end=65535 reverse=0 mode=0 choke=0 cutoff=0 resonance=0 send=127 slices=1 enabled=0 selected=0 frames=0 waveform=5f6c8245 name=
[Q SLICE] track=1 index=0 start=0 end=65535
[Q TRACK] track=2 source=1 pitch=60 synth_pitch=42 sample_pitch=60 mute=0 solo=0 start=0 end=65535 reverse=0 mode=0 choke=0 cutoff=0 resonance=0 send=127 slices=1 enabled=0 selected=0 frames=0 waveform=5f6c8245 name=
[Q SLICE] track=2 index=0 start=0 end=65535
[Q TRACK] track=3 source=1 pitch=60 synth_pitch=45 sample_pitch=60 mute=0 solo=0 start=0 end=65535 reverse=0 mode=0 choke=0 cutoff=0 resonance=0 send=127 slices=1 enabled=0 selected=0 frames=0 waveform=5f6c8245 name=
[Q SLICE] track=3 index=0 start=0 end=65535
[Q PATTERN] index=0 length=16 masks=0000,0000,0000
[Q LOCK] pattern=0 step=0 mask=0 slice=0
[Q LOCK] pattern=0 step=1 mask=0 slice=0
[Q LOCK] pattern=0 step=2 mask=0 slice=0
[Q LOCK] pattern=0 step=3 mask=0 slice=0
[Q PATTERN] index=1 length=16 masks=0000,0000,0000
[Q LOCK] pattern=1 step=0 mask=0 slice=0
[Q LOCK] pattern=1 step=1 mask=0 slice=0
[Q LOCK] pattern=1 step=2 mask=0 slice=0
[Q LOCK] pattern=1 step=3 mask=0 slice=0
[Q PATTERN] index=2 length=16 masks=0000,0000,0000
[Q LOCK] pattern=2 step=0 mask=0 slice=0
[Q LOCK] pattern=2 step=1 mask=0 slice=0
[Q LOCK] pattern=2 step=2 mask=0 slice=0
[Q LOCK] pattern=2 step=3 mask=0 slice=0
[Q PATTERN] index=3 length=16 masks=0000,0000,0000
[Q LOCK] pattern=3 step=0 mask=0 slice=0
[Q LOCK] pattern=3 step=1 mask=0 slice=0
[Q LOCK] pattern=3 step=2 mask=0 slice=0
[Q LOCK] pattern=3 step=3 mask=0 slice=0
[Q TRANSIENT] state=0 request=0 progress=0 count=1 stale_discarded=0 apply=0 cancel=0 duration_max_us=0 chunk_max_us=0
[Q PROPOSAL] index=0 start=0 end=65535
[Q HEAP] tag=state internal=191924 free=26427944 largest=26214388
[Q PLAYBACK] triggers=0 reverse=0 gate=0 releases=0 chokes=0 retriggers=0 repeat_accepts=0 repeat_hits=0 chain_loops=0
[Q COMMAND] 
[Q ACK] invalid=1

# HOST STATE
[Q COMMAND] STATE
[Q STATE] bpm=120 swing=50 playing=0 mode=0 chain_length=0 chain_loop=0 project_busy=1 restoring=1 sample_busy=0 project_status=LOADING SAMPLES 1/16 sample_status=SAMPLE READY
[Q TRACK] track=0 source=1 pitch=60 synth_pitch=36 sample_pitch=60 mute=0 solo=0 start=0 end=65535 reverse=0 mode=0 choke=0 cutoff=0 resonance=0 send=127 slices=1 enabled=0 selected=0 frames=0 waveform=5f6c8245 name=
[Q SLICE] track=0 index=0 start=0 end=65535
[Q TRACK] track=1 source=1 pitch=60 synth_pitch=39 sample_pitch=60 mute=0 solo=0 start=0 end=65535 reverse=0 mode=0 choke=0 cutoff=0 resonance=0 send=127 slices=1 enabled=0 selected=0 frames=0 waveform=5f6c8245 name=
[Q SLICE] track=1 index=0 start=0 end=65535
[Q TRACK] track=2 source=1 pitch=60 synth_pitch=42 sample_pitch=60 mute=0 solo=0 start=0 end=65535 reverse=0 mode=0 choke=0 cutoff=0 resonance=0 send=127 slices=1 enabled=0 selected=0 frames=0 waveform=5f6c8245 name=
[Q SLICE] track=2 index=0 start=0 end=65535
[Q TRACK] track=3 source=1 pitch=60 synth_pitch=45 sample_pitch=60 mute=0 solo=0 start=0 end=65535 reverse=0 mode=0 choke=0 cutoff=0 resonance=0 send=127 slices=1 enabled=0 selected=0 frames=0 waveform=5f6c8245 name=
[Q SLICE] track=3 index=0 start=0 end=65535
[Q PATTERN] index=0 length=16 masks=0000,0000,0000
[Q LOCK] pattern=0 step=0 mask=0 slice=0
[Q LOCK] pattern=0 step=1 mask=0 slice=0
[Q LOCK] pattern=0 step=2 mask=0 slice=0
[Q LOCK] pattern=0 step=3 mask=0 slice=0
[Q PATTERN] index=1 length=16 masks=0000,0000,0000
[Q LOCK] pattern=1 step=0 mask=0 slice=0
[Q LOCK] pattern=1 step=1 mask=0 slice=0
[Q LOCK] pattern=1 step=2 mask=0 slice=0
[Q LOCK] pattern=1 step=3 mask=0 slice=0
[Q PATTERN] index=2 length=16 masks=0000,0000,0000
[Q LOCK] pattern=2 step=0 mask=0 slice=0
[Q LOCK] pattern=2 step=1 mask=0 slice=0
[Q LOCK] pattern=2 step=2 mask=0 slice=0
[Q LOCK] pattern=2 step=3 mask=0 slice=0
[Q PATTERN] index=3 length=16 masks=0000,0000,0000
[Q LOCK] pattern=3 step=0 mask=0 slice=0
[Q LOCK] pattern=3 step=1 mask=0 slice=0
[Q LOCK] pattern=3 step=2 mask=0 slice=0
[Q LOCK] pattern=3 step=3 mask=0 slice=0
[Q TRANSIENT] state=0 request=0 progress=0 count=1 stale_discarded=0 apply=0 cancel=0 duration_max_us=0 chunk_max_us=0
[Q PROPOSAL] index=0 start=0 end=65535
[Q HEAP] tag=state internal=191924 free=26427944 largest=26214388
[Q PLAYBACK] triggers=0 reverse=0 gate=0 releases=0 chokes=0 retriggers=0 repeat_accepts=0 repeat_hits=0 chain_loops=0
[Q COMMAND] 
[Q ACK] invalid=1

# HOST STATE
[Q COMMAND] STATE
[Q STATE] bpm=120 swing=50 playing=0 mode=0 chain_length=0 chain_loop=0 project_busy=1 restoring=1 sample_busy=0 project_status=LOADING SAMPLES 1/16 sample_status=SAMPLE READY
[Q TRACK] track=0 source=1 pitch=60 synth_pitch=36 sample_pitch=60 mute=0 solo=0 start=0 end=65535 reverse=0 mode=0 choke=0 cutoff=0 resonance=0 send=127 slices=1 enabled=0 selected=0 frames=0 waveform=5f6c8245 name=
[Q SLICE] track=0 index=0 start=0 end=65535
[Q TRACK] track=1 source=1 pitch=60 synth_pitch=39 sample_pitch=60 mute=0 solo=0 start=0 end=65535 reverse=0 mode=0 choke=0 cutoff=0 resonance=0 send=127 slices=1 enabled=0 selected=0 frames=0 waveform=5f6c8245 name=
[Q SLICE] track=1 index=0 start=0 end=65535
[Q TRACK] track=2 source=1 pitch=60 synth_pitch=42 sample_pitch=60 mute=0 solo=0 start=0 end=65535 reverse=0 mode=0 choke=0 cutoff=0 resonance=0 send=127 slices=1 enabled=0 selected=0 frames=0 waveform=5f6c8245 name=
[Q SLICE] track=2 index=0 start=0 end=65535
[Q TRACK] track=3 source=1 pitch=60 synth_pitch=45 sample_pitch=60 mute=0 solo=0 start=0 end=65535 reverse=0 mode=0 choke=0 cutoff=0 resonance=0 send=127 slices=1 enabled=0 selected=0 frames=0 waveform=5f6c8245 name=
[Q SLICE] track=3 index=0 start=0 end=65535
[Q PATTERN] index=0 length=16 masks=0000,0000,0000
[Q LOCK] pattern=0 step=0 mask=0 slice=0
[Q LOCK] pattern=0 step=1 mask=0 slice=0
[Q LOCK] pattern=0 step=2 mask=0 slice=0
[Q LOCK] pattern=0 step=3 mask=0 slice=0
[Q PATTERN] index=1 length=16 masks=0000,0000,0000
[Q LOCK] pattern=1 step=0 mask=0 slice=0
[Q LOCK] pattern=1 step=1 mask=0 slice=0
[Q LOCK] pattern=1 step=2 mask=0 slice=0
[Q LOCK] pattern=1 step=3 mask=0 slice=0
[Q PATTERN] index=2 length=16 masks=0000,0000,0000
[Q LOCK] pattern=2 step=0 mask=0 slice=0
[Q LOCK] pattern=2 step=1 mask=0 slice=0
[Q LOCK] pattern=2 step=2 mask=0 slice=0
[Q LOCK] pattern=2 step=3 mask=0 slice=0
[Q PATTERN] index=3 length=16 masks=0000,0000,0000
[Q LOCK] pattern=3 step=0 mask=0 slice=0
[Q LOCK] pattern=3 step=1 mask=0 slice=0
[Q LOCK] pattern=3 step=2 mask=0 slice=0
[Q LOCK] pattern=3 step=3 mask=0 slice=0
[Q TRANSIENT] state=0 request=0 progress=0 count=1 stale_discarded=0 apply=0 cancel=0 duration_max_us=0 chunk_max_us=0
[Q PROPOSAL] index=0 start=0 end=65535
[Q HEAP] tag=state internal=191924 free=26427944 largest=26214388
[Q PLAYBACK] triggers=0 reverse=0 gate=0 releases=0 chokes=0 retriggers=0 repeat_accepts=0 repeat_hits=0 chain_loops=0
[Q COMMAND] 
[Q ACK] invalid=1

# HOST STATE
[Q COMMAND] STATE
[Q STATE] bpm=120 swing=50 playing=0 mode=0 chain_length=0 chain_loop=0 project_busy=1 restoring=1 sample_busy=0 project_status=LOADING SAMPLES 1/16 sample_status=SAMPLE READY
[Q TRACK] track=0 source=1 pitch=60 synth_pitch=36 sample_pitch=60 mute=0 solo=0 start=0 end=65535 reverse=0 mode=0 choke=0 cutoff=0 resonance=0 send=127 slices=1 enabled=0 selected=0 frames=0 waveform=5f6c8245 name=
[Q SLICE] track=0 index=0 start=0 end=65535
[Q TRACK] track=1 source=1 pitch=60 synth_pitch=39 sample_pitch=60 mute=0 solo=0 start=0 end=65535 reverse=0 mode=0 choke=0 cutoff=0 resonance=0 send=127 slices=1 enabled=0 selected=0 frames=0 waveform=5f6c8245 name=
[Q SLICE] track=1 index=0 start=0 end=65535
[Q TRACK] track=2 source=1 pitch=60 synth_pitch=42 sample_pitch=60 mute=0 solo=0 start=0 end=65535 reverse=0 mode=0 choke=0 cutoff=0 resonance=0 send=127 slices=1 enabled=0 selected=0 frames=0 waveform=5f6c8245 name=
[Q SLICE] track=2 index=0 start=0 end=65535
[Q TRACK] track=3 source=1 pitch=60 synth_pitch=45 sample_pitch=60 mute=0 solo=0 start=0 end=65535 reverse=0 mode=0 choke=0 cutoff=0 resonance=0 send=127 slices=1 enabled=0 selected=0 frames=0 waveform=5f6c8245 name=
[Q SLICE] track=3 index=0 start=0 end=65535
[Q PATTERN] index=0 length=16 masks=0000,0000,0000
[Q LOCK] pattern=0 step=0 mask=0 slice=0
[Q LOCK] pattern=0 step=1 mask=0 slice=0
[Q LOCK] pattern=0 step=2 mask=0 slice=0
[Q LOCK] pattern=0 step=3 mask=0 slice=0
[Q PATTERN] index=1 length=16 masks=0000,0000,0000
[Q LOCK] pattern=1 step=0 mask=0 slice=0
[Q LOCK] pattern=1 step=1 mask=0 slice=0
[Q LOCK] pattern=1 step=2 mask=0 slice=0
[Q LOCK] pattern=1 step=3 mask=0 slice=0
[Q PATTERN] index=2 length=16 masks=0000,0000,0000
[Q LOCK] pattern=2 step=0 mask=0 slice=0
[Q LOCK] pattern=2 step=1 mask=0 slice=0
[Q LOCK] pattern=2 step=2 mask=0 slice=0
[Q LOCK] pattern=2 step=3 mask=0 slice=0
[Q PATTERN] index=3 length=16 masks=0000,0000,0000
[Q LOCK] pattern=3 step=0 mask=0 slice=0
[Q LOCK] pattern=3 step=1 mask=0 slice=0
[Q LOCK] pattern=3 step=2 mask=0 slice=0
[Q LOCK] pattern=3 step=3 mask=0 slice=0
[Q TRANSIENT] state=0 request=0 progress=0 count=1 stale_discarded=0 apply=0 cancel=0 duration_max_us=0 chunk_max_us=0
[Q PROPOSAL] index=0 start=0 end=65535
[Q HEAP] tag=state internal=197252 free=26427944 largest=26214388
[Q PLAYBACK] triggers=0 reverse=0 gate=0 releases=0 chokes=0 retriggers=0 repeat_accepts=0 repeat_hits=0 chain_loops=0
[M6 read] bytes=4194304 read_us=8042213 bytes_per_second=521536 original_channels=1 rate=44100 total_psram=33554432
[M6 load] track=0 file_bytes=4194348 pcm_bytes=4194304 load_publish_us=8537907 payload=4194367 transient=4194304 peak_payload=4194367 ps_free=26427944 largest=26214388 internal=197252 display=2304000 fx_delay=352800 reserve=4194304
[M6.1 replacement] retired_clear=1 ps_delta=4325380 status=READY
[M213 address] track=0 pcm=0x482abe00 base=0x482abdfc bytes=4194367 frames=2097152 mod64=0 mod128=0 mod256=0 mod4096=3584 mod131072=48640 external=1 requested_caps=1028 free=26427944 largest=26214388
[Q COMMAND] 
[Q ACK] invalid=1

# HOST STATE
[Q COMMAND] STATE
[Q STATE] bpm=120 swing=50 playing=0 mode=0 chain_length=0 chain_loop=0 project_busy=1 restoring=1 sample_busy=0 project_status=LOADING SAMPLES 2/16 sample_status=SAMPLE READY
[Q TRACK] track=0 source=1 pitch=60 synth_pitch=36 sample_pitch=60 mute=0 solo=0 start=0 end=65535 reverse=0 mode=0 choke=0 cutoff=0 resonance=0 send=127 slices=1 enabled=0 selected=0 frames=2097152 waveform=0e481651 name=m19p_large.wav
[Q SLICE] track=0 index=0 start=0 end=65535
[Q TRACK] track=1 source=1 pitch=60 synth_pitch=39 sample_pitch=60 mute=0 solo=0 start=0 end=65535 reverse=0 mode=0 choke=0 cutoff=0 resonance=0 send=127 slices=1 enabled=0 selected=0 frames=0 waveform=5f6c8245 name=
[Q SLICE] track=1 index=0 start=0 end=65535
[Q TRACK] track=2 source=1 pitch=60 synth_pitch=42 sample_pitch=60 mute=0 solo=0 start=0 end=65535 reverse=0 mode=0 choke=0 cutoff=0 resonance=0 send=127 slices=1 enabled=0 selected=0 frames=0 waveform=5f6c8245 name=
[M6 read] bytes=352800 read_us=779746 bytes_per_second=452455 original_channels=1 rate=44100 total_psram=33554432
[M6 load] track=1 file_bytes=352844 pcm_bytes=352800 load_publish_us=1212371 payload=4547294 transient=352800 peak_payload=4547294 ps_free=26067492 largest=25690100 internal=195648 display=2304000 fx_delay=352800 reserve=4194304
[M6.1 replacement] retired_clear=1 ps_delta=360452 status=READY
[M213 address] track=1 pcm=0x486cbe40 base=0x486cbe00 bytes=352927 frames=176400 mod64=0 mod128=64 mod256=64 mod4096=3648 mod131072=48704 external=1 requested_caps=1028 free=26067492 largest=25690100
[Q SLICE] track=2 index=0 start=0 end=65535
[Q TRACK] track=3 source=1 pitch=60 synth_pitch=45 sample_pitch=60 mute=0 solo=0 start=0 end=65535 reverse=0 mode=0 choke=0 cutoff=0 resonance=0 send=127 slices=1 enabled=0 selected=0 frames=0 waveform=5f6c8245 name=
[Q SLICE] track=3 index=0 start=0 end=65535
[Q PATTERN] index=0 length=16 masks=0000,0000,0000
[Q LOCK] pattern=0 step=0 mask=0 slice=0
[Q LOCK] pattern=0 step=1 mask=0 slice=0
[Q LOCK] pattern=0 step=2 mask=0 slice=0
[Q LOCK] pattern=0 step=3 mask=0 slice=0
[Q PATTERN] index=1 length=16 masks=0000,0000,0000
[Q LOCK] pattern=1 step=0 mask=0 slice=0
[Q LOCK] pattern=1 step=1 mask=0 slice=0
[Q LOCK] pattern=1 step=2 mask=0 slice=0
[Q LOCK] pattern=1 step=3 mask=0 slice=0
[Q PATTERN] index=2 length=16 masks=0000,0000,0000
[Q LOCK] pattern=2 step=0 mask=0 slice=0
[Q LOCK] pattern=2 step=1 mask=0 slice=0
[Q LOCK] pattern=2 step=2 mask=0 slice=0
[Q LOCK] pattern=2 step=3 mask=0 slice=0
[Q PATTERN] index=3 length=16 masks=0000,0000,0000
[Q LOCK] pattern=3 step=0 mask=0 slice=0
[Q LOCK] pattern=3 step=1 mask=0 slice=0
[Q LOCK] pattern=3 step=2 mask=0 slice=0
[Q LOCK] pattern=3 step=3 mask=0 slice=0
[Q TRANSIENT] state=0 request=0 progress=0 count=1 stale_discarded=0 apply=0 cancel=0 duration_max_us=0 chunk_max_us=0
[Q PROPOSAL] index=0 start=0 end=65535
[Q HEAP] tag=state internal=188716 free=25707040 largest=25690100
[Q PLAYBACK] triggers=0 reverse=0 gate=0 releases=0 chokes=0 retriggers=0 repeat_accepts=0 repeat_hits=0 chain_loops=0
[Q COMMAND] 
[Q ACK] invalid=1
[M6 read] bytes=705600 read_us=1265145 bytes_per_second=557722 original_channels=2 rate=44100 total_psram=33554432
[M6 load] track=2 file_bytes=705644 pcm_bytes=352800 load_publish_us=1694654 payload=4900285 transient=352800 peak_payload=4900285 ps_free=25707040 largest=25690100 internal=194044 display=2304000 fx_delay=352800 reserve=4194304
[M6.1 replacement] retired_clear=1 ps_delta=360452 status=READY
[M213 address] track=2 pcm=0x48723ec0 base=0x48723e04 bytes=352991 frames=176400 mod64=0 mod128=64 mod256=192 mod4096=3776 mod131072=16064 external=1 requested_caps=1028 free=25707040 largest=25690100

# HOST STATE
[Q COMMAND] STATE
[Q STATE] bpm=120 swing=50 playing=0 mode=0 chain_length=0 chain_loop=0 project_busy=1 restoring=1 sample_busy=0 project_status=LOADING SAMPLES 4/16 sample_status=SAMPLE READY
[Q TRACK] track=0 source=1 pitch=60 synth_pitch=36 sample_pitch=60 mute=0 solo=0 start=0 end=65535 reverse=0 mode=0 choke=0 cutoff=0 resonance=0 send=127 slices=1 enabled=0 selected=0 frames=2097152 waveform=0e481651 name=m19p_large.wav
[Q SLICE] track=0 index=0 start=0 end=65535
[Q TRACK] track=1 source=1 pitch=60 synth_pitch=39 sample_pitch=60 mute=0 solo=0 start=0 end=65535 reverse=0 mode=0 choke=0 cutoff=0 resonance=0 send=127 slices=1 enabled=0 selected=0 frames=176400 waveform=0720701a name=m19p_mixed.wav
[Q SLICE] track=1 index=0 start=0 end=65535
[Q TRACK] track=2 source=1 pitch=60 synth_pitch=42 sample_pitch=60 mute=0 solo=0 start=0 end=65535 reverse=0 mode=0 choke=0 cutoff=0 resonance=0 send=127 slices=1 enabled=0 selected=0 frames=176400 waveform=595ef306 name=m19p_stereo.wav
[Q SLICE] track=2 index=0 start=0 end=65535
[Q TRACK] track=3 source=1 pitch=60 synth_pitch=45 sample_pitch=60 mute=0 solo=0 start=0 end=65535 reverse=0 mode=0 choke=0 cutoff=0 resonance=0 send=127 slices=1 enabled=0 selected=0 frames=0 waveform=5f6c8245 name=
[Q SLICE] track=3 index=0 start=0 end=65535
[Q PATTERN] index=0 length=16 masks=0000,0000,0000
[Q LOCK] pattern=0 step=0 mask=0 slice=0
[Q LOCK] pattern=0 step=1 mask=0 slice=0
[Q LOCK] pattern=0 step=2 mask=0 slice=0
[Q LOCK] pattern=0 step=3 mask=0 slice=0
[Q PATTERN] index=1 length=16 masks=0000,0000,0000
[Q LOCK] pattern=1 step=0 mask=0 slice=0
[Q LOCK] pattern=1 step=1 mask=0 slice=0
[Q LOCK] pattern=1 step=2 mask=0 slice=0
[Q LOCK] pattern=1 step=3 mask=0 slice=0
[Q PATTERN] index=2 length=16 masks=0000,0000,0000
[Q LOCK] pattern=2 step=0 mask=0 slice=0
[Q LOCK] pattern=2 step=1 mask=0 slice=0
[Q LOCK] pattern=2 step=2 mask=0 slice=0
[Q LOCK] pattern=2 step=3 mask=0 slice=0
[Q PATTERN] index=3 length=16 masks=0000,0000,0000
[Q LOCK] pattern=3 step=0 mask=0 slice=0
[Q LOCK] pattern=3 step=1 mask=0 slice=0
[Q LOCK] pattern=3 step=2 mask=0 slice=0
[Q LOCK] pattern=3 step=3 mask=0 slice=0
[Q TRANSIENT] state=0 request=0 progress=0 count=1 stale_discarded=0 apply=0 cancel=0 duration_max_us=0 chunk_max_us=0
[Q PROPOSAL] index=0 start=0 end=65535
[Q HEAP] tag=state internal=192440 free=25661980 largest=25165812
[Q PLAYBACK] triggers=0 reverse=0 gate=0 releases=0 chokes=0 retriggers=0 repeat_accepts=0 repeat_hits=0 chain_loops=0
[M6 read] bytes=44100 read_us=93424 bytes_per_second=472041 original_channels=1 rate=44100 total_psram=33554432
[M6 load] track=3 file_bytes=44144 pcm_bytes=44100 load_publish_us=521834 payload=4944640 transient=44100 peak_payload=4944640 ps_free=25661980 largest=25165812 internal=192440 display=2304000 fx_delay=352800 reserve=4194304
[M6.1 replacement] retired_clear=1 ps_delta=45060 status=READY
[M213 address] track=3 pcm=0x4877bf00 base=0x4877be08 bytes=44355 frames=22050 mod64=0 mod128=0 mod256=0 mod4096=3840 mod131072=114432 external=1 requested_caps=1028 free=25661980 largest=25165812
[Q COMMAND] 
[Q ACK] invalid=1
[M6 read] bytes=352800 read_us=803395 bytes_per_second=439136 original_channels=1 rate=44100 total_psram=33554432
[M6 load] track=4 file_bytes=352844 pcm_bytes=352800 load_publish_us=1236053 payload=5297759 transient=352800 peak_payload=5297759 ps_free=25301528 largest=25165812 internal=190836 display=2304000 fx_delay=352800 reserve=4194304
[M6.1 replacement] retired_clear=1 ps_delta=360452 status=READY
[M213 address] track=4 pcm=0x48786f40 base=0x48786e0c bytes=353119 frames=176400 mod64=0 mod128=64 mod256=64 mod4096=3904 mod131072=28480 external=1 requested_caps=1028 free=25301528 largest=25165812

# HOST STATE
[Q COMMAND] STATE
[Q STATE] bpm=120 swing=50 playing=0 mode=0 chain_length=0 chain_loop=0 project_busy=1 restoring=1 sample_busy=0 project_status=LOADING SAMPLES 6/16 sample_status=SAMPLE READY
[Q TRACK] track=0 source=1 pitch=60 synth_pitch=36 sample_pitch=60 mute=0 solo=0 start=0 end=65535 reverse=0 mode=0 choke=0 cutoff=0 resonance=0 send=127 slices=1 enabled=0 selected=0 frames=2097152 waveform=0e481651 name=m19p_large.wav
[Q SLICE] track=0 index=0 start=0 end=65535
[Q TRACK] track=1 source=1 pitch=60 synth_pitch=39 sample_pitch=60 mute=0 solo=0 start=0 end=65535 reverse=0 mode=0 choke=0 cutoff=0 resonance=0 send=127 slices=1 enabled=0 selected=0 frames=176400 waveform=0720701a name=m19p_mixed.wav
[Q SLICE] track=1 index=0 start=0 end=65535
[Q TRACK] track=2 source=1 pitch=60 synth_pitch=42 sample_pitch=60 mute=0 solo=0 start=0 end=65535 reverse=0 mode=0 choke=0 cutoff=0 resonance=0 send=127 slices=1 enabled=0 selected=0 frames=176400 waveform=595ef306 name=m19p_stereo.wav
[Q SLICE] track=2 index=0 start=0 end=65535
[Q TRACK] track=3 source=1 pitch=60 synth_pitch=45 sample_pitch=60 mute=0 solo=0 start=0 end=65535 reverse=0 mode=0 choke=0 cutoff=0 resonance=0 send=127 slices=1 enabled=0 selected=0 frames=22050 waveform=0ee7dbac name=m19p_oneshot.wav
[Q SLICE] track=3 index=0 start=0 end=65535
[Q PATTERN] index=0 length=16 masks=0000,0000,0000
[Q LOCK] pattern=0 step=0 mask=0 slice=0
[Q LOCK] pattern=0 step=1 mask=0 slice=0
[Q LOCK] pattern=0 step=2 mask=0 slice=0
[Q LOCK] pattern=0 step=3 mask=0 slice=0
[Q PATTERN] index=1 length=16 masks=0000,0000,0000
[Q LOCK] pattern=1 step=0 mask=0 slice=0
[Q LOCK] pattern=1 step=1 mask=0 slice=0
[Q LOCK] pattern=1 step=2 mask=0 slice=0
[Q LOCK] pattern=1 step=3 mask=0 slice=0
[Q PATTERN] index=2 length=16 masks=0000,0000,0000
[Q LOCK] pattern=2 step=0 mask=0 slice=0
[Q LOCK] pattern=2 step=1 mask=0 slice=0
[Q LOCK] pattern=2 step=2 mask=0 slice=0
[Q LOCK] pattern=2 step=3 mask=0 slice=0
[Q PATTERN] index=3 length=16 masks=0000,0000,0000
[Q LOCK] pattern=3 step=0 mask=0 slice=0
[Q LOCK] pattern=3 step=1 mask=0 slice=0
[Q LOCK] pattern=3 step=2 mask=0 slice=0
[Q LOCK] pattern=3 step=3 mask=0 slice=0
[Q TRANSIENT] state=0 request=0 progress=0 count=1 stale_discarded=0 apply=0 cancel=0 duration_max_us=0 chunk_max_us=0
[Q PROPOSAL] index=0 start=0 end=65535
[Q HEAP] tag=state internal=183904 free=24941076 largest=24641524
[Q PLAYBACK] triggers=0 reverse=0 gate=0 releases=0 chokes=0 retriggers=0 repeat_accepts=0 repeat_hits=0 chain_loops=0
[M6 read] bytes=352800 read_us=705135 bytes_per_second=500329 original_channels=1 rate=44100 total_psram=33554432
[M6 load] track=5 file_bytes=352844 pcm_bytes=352800 load_publish_us=1134372 payload=5650942 transient=352800 peak_payload=5650942 ps_free=24941076 largest=24641524 internal=189232 display=2304000 fx_delay=352800 reserve=4194304
[M6.1 replacement] retired_clear=1 ps_delta=360452 status=READY
[M213 address] track=5 pcm=0x487def80 base=0x487dee10 bytes=353183 frames=176400 mod64=0 mod128=0 mod256=128 mod4096=3968 mod131072=126848 external=1 requested_caps=1028 free=24941076 largest=24641524
[Q COMMAND] 
[Q ACK] invalid=1

# HOST STATE
[Q COMMAND] STATE
[Q STATE] bpm=120 swing=50 playing=0 mode=0 chain_length=0 chain_loop=0 project_busy=1 restoring=1 sample_busy=0 project_status=LOADING SAMPLES 7/16 sample_status=SAMPLE READY
[Q TRACK] track=0 source=1 pitch=60 synth_pitch=36 sample_pitch=60 mute=0 solo=0 start=0 end=65535 reverse=0 mode=0 choke=0 cutoff=0 resonance=0 send=127 slices=1 enabled=0 selected=0 frames=2097152 waveform=0e481651 name=m19p_large.wav
[Q SLICE] track=0 index=0 start=0 end=65535
[Q TRACK] track=1 source=1 pitch=60 synth_pitch=39 sample_pitch=60 mute=0 solo=0 start=0 end=65535 reverse=0 mode=0 choke=0 cutoff=0 resonance=0 send=127 slices=1 enabled=0 selected=0 frames=176400 waveform=0720701a name=m19p_mixed.wav
[Q SLICE] track=1 index=0 start=0 end=65535
[Q TRACK] track=2 source=1 pitch=60 synth_pitch=42 sample_pitch=60 mute=0 solo=0 start=0 end=65535 reverse=0 mode=0 choke=0 cutoff=0 resonance=0 send=127 slices=1 enabled=0 selected=0 frames=176400 waveform=595ef306 name=m19p_stereo.wav
[Q SLICE] track=2 index=0 start=0 end=65535
[Q TRACK] track=3 source=1 pitch=60 synth_pitch=45 sample_pitch=60 mute=0 solo=0 start=0 end=65535 reverse=0 mode=0 choke=0 cutoff=0 resonance=0 send=127 slices=1 enabled=0 selected=0 frames=22050 waveform=0ee7dbac name=m19p_oneshot.wav
[Q SLICE] track=3 index=0 start=0 end=65535
[Q PATTERN] index=0 length=16 masks=0000,0000,0000
[Q LOCK] pattern=0 step=0 mask=0 slice=0
[Q LOCK] pattern=0 step=1 mask=0 slice=0
[Q LOCK] pattern=0 step=2 mask=0 slice=0
[Q LOCK] pattern=0 step=3 mask=0 slice=0
[Q PATTERN] index=1 length=16 masks=0000,0000,0000
[Q LOCK] pattern=1 step=0 mask=0 slice=0
[Q LOCK] pattern=1 step=1 mask=0 slice=0
[Q LOCK] pattern=1 step=2 mask=0 slice=0
[Q LOCK] pattern=1 step=3 mask=0 slice=0
[Q PATTERN] index=2 length=16 masks=0000,0000,0000
[Q LOCK] pattern=2 step=0 mask=0 slice=0
[Q LOCK] pattern=2 step=1 mask=0 slice=0
[Q LOCK] pattern=2 step=2 mask=0 slice=0
[Q LOCK] pattern=2 step=3 mask=0 slice=0
[Q PATTERN] index=3 length=16 masks=0000,0000,0000
[Q LOCK] pattern=3 step=0 mask=0 slice=0
[Q LOCK] pattern=3 step=1 mask=0 slice=0
[Q LOCK] pattern=3 step=2 mask=0 slice=0
[Q LOCK] pattern=3 step=3 mask=0 slice=0
[Q TRANSIENT] state=0 request=0 progress=0 count=1 stale_discarded=0 apply=0 cancel=0 duration_max_us=0 chunk_max_us=0
[Q PROPOSAL] index=0 start=0 end=65535
[Q HEAP] tag=state internal=187628 free=24580624 largest=24117236
[Q PLAYBACK] triggers=0 reverse=0 gate=0 releases=0 chokes=0 retriggers=0 repeat_accepts=0 repeat_hits=0 chain_loops=0
[M6 read] bytes=352800 read_us=771233 bytes_per_second=457449 original_channels=1 rate=44100 total_psram=33554432
[M6 load] track=6 file_bytes=352844 pcm_bytes=352800 load_publish_us=1206589 payload=6004189 transient=352800 peak_payload=6004189 ps_free=24580624 largest=24117236 internal=187628 display=2304000 fx_delay=352800 reserve=4194304
[M6.1 replacement] retired_clear=1 ps_delta=360452 status=READY
[M213 address] track=6 pcm=0x48836fc0 base=0x48836e14 bytes=353247 frames=176400 mod64=0 mod128=64 mod256=192 mod4096=4032 mod131072=94144 external=1 requested_caps=1028 free=24580624 largest=24117236
[Q COMMAND] 
[Q ACK] invalid=1

# HOST STATE
[Q COMMAND] STATE
[Q STATE] bpm=120 swing=50 playing=0 mode=0 chain_length=0 chain_loop=0 project_busy=1 restoring=1 sample_busy=0 project_status=LOADING SAMPLES 8/16 sample_status=SAMPLE READY
[Q TRACK] track=0 source=1 pitch=60 synth_pitch=36 sample_pitch=60 mute=0 solo=0 start=0 end=65535 reverse=0 mode=0 choke=0 cutoff=0 resonance=0 send=127 slices=1 enabled=0 selected=0 frames=2097152 waveform=0e481651 name=m19p_large.wav
[Q SLICE] track=0 index=0 start=0 end=65535
[Q TRACK] track=1 source=1 pitch=60 synth_pitch=39 sample_pitch=60 mute=0 solo=0 start=0 end=65535 reverse=0 mode=0 choke=0 cutoff=0 resonance=0 send=127 slices=1 enabled=0 selected=0 frames=176400 waveform=0720701a name=m19p_mixed.wav
[Q SLICE] track=1 index=0 start=0 end=65535
[Q TRACK] track=2 source=1 pitch=60 synth_pitch=42 sample_pitch=60 mute=0 solo=0 start=0 end=65535 reverse=0 mode=0 choke=0 cutoff=0 resonance=0 send=127 slices=1 enabled=0 selected=0 frames=176400 waveform=595ef306 name=m19p_stereo.wav
[Q SLICE] track=2 index=0 start=0 end=65535
[Q TRACK] track=3 source=1 pitch=60 synth_pitch=45 sample_pitch=60 mute=0 solo=0 start=0 end=65535 reverse=0 mode=0 choke=0 cutoff=0 resonance=0 send=127 slices=1 enabled=0 selected=0 frames=22050 waveform=0ee7dbac name=m19p_oneshot.wav
[Q SLICE] track=3 index=0 start=0 end=65535
[Q PATTERN] index=0 length=16 masks=0000,0000,0000
[Q LOCK] pattern=0 step=0 mask=0 slice=0
[Q LOCK] pattern=0 step=1 mask=0 slice=0
[Q LOCK] pattern=0 step=2 mask=0 slice=0
[Q LOCK] pattern=0 step=3 mask=0 slice=0
[Q PATTERN] index=1 length=16 masks=0000,0000,0000
[Q LOCK] pattern=1 step=0 mask=0 slice=0
[Q LOCK] pattern=1 step=1 mask=0 slice=0
[Q LOCK] pattern=1 step=2 mask=0 slice=0
[Q LOCK] pattern=1 step=3 mask=0 slice=0
[Q PATTERN] index=2 length=16 masks=0000,0000,0000
[Q LOCK] pattern=2 step=0 mask=0 slice=0
[Q LOCK] pattern=2 step=1 mask=0 slice=0
[M6 read] bytes=705600 read_us=1186212 bytes_per_second=594834 original_channels=2 rate=44100 total_psram=33554432
[M6 load] track=7 file_bytes=705644 pcm_bytes=352800 load_publish_us=1625379 payload=6357500 transient=352800 peak_payload=6357500 ps_free=24220172 largest=24117236 internal=186024 display=2304000 fx_delay=352800 reserve=4194304
[M6.1 replacement] retired_clear=1 ps_delta=360452 status=READY
[M213 address] track=7 pcm=0x4888f000 base=0x4888ee18 bytes=353311 frames=176400 mod64=0 mod128=0 mod256=0 mod4096=0 mod131072=61440 external=1 requested_caps=1028 free=24220172 largest=24117236
[Q LOCK] pattern=2 step=2 mask=0 slice=0
[Q LOCK] pattern=2 step=3 mask=0 slice=0
[Q PATTERN] index=3 length=16 masks=0000,0000,0000
[Q LOCK] pattern=3 step=0 mask=0 slice=0
[Q LOCK] pattern=3 step=1 mask=0 slice=0
[Q LOCK] pattern=3 step=2 mask=0 slice=0
[Q LOCK] pattern=3 step=3 mask=0 slice=0
[Q TRANSIENT] state=0 request=0 progress=0 count=1 stale_discarded=0 apply=0 cancel=0 duration_max_us=0 chunk_max_us=0
[Q PROPOSAL] index=0 start=0 end=65535
[Q HEAP] tag=state internal=179620 free=24175112 largest=24117236
[Q PLAYBACK] triggers=0 reverse=0 gate=0 releases=0 chokes=0 retriggers=0 repeat_accepts=0 repeat_hits=0 chain_loops=0
[M6 read] bytes=44100 read_us=86649 bytes_per_second=508949 original_channels=1 rate=44100 total_psram=33554432
[M6 load] track=8 file_bytes=44144 pcm_bytes=44100 load_publish_us=585070 payload=6402175 transient=44100 peak_payload=6402175 ps_free=24175112 largest=24117236 internal=184420 display=2304000 fx_delay=352800 reserve=4194304
[M6.1 replacement] retired_clear=1 ps_delta=45060 status=READY
[M213 address] track=8 pcm=0x488e7040 base=0x488e6e1c bytes=44675 frames=22050 mod64=0 mod128=64 mod256=64 mod4096=64 mod131072=28736 external=1 requested_caps=1028 free=24175112 largest=24117236
[Q COMMAND] 
[Q ACK] invalid=1

# HOST STATE
[Q COMMAND] STATE
[Q STATE] bpm=120 swing=50 playing=0 mode=0 chain_length=0 chain_loop=0 project_busy=1 restoring=1 sample_busy=0 project_status=LOADING SAMPLES 10/16 sample_status=SAMPLE READY
[Q TRACK] track=0 source=1 pitch=60 synth_pitch=36 sample_pitch=60 mute=0 solo=0 start=0 end=65535 reverse=0 mode=0 choke=0 cutoff=0 resonance=0 send=127 slices=1 enabled=0 selected=0 frames=2097152 waveform=0e481651 name=m19p_large.wav
[Q SLICE] track=0 index=0 start=0 end=65535
[Q TRACK] track=1 source=1 pitch=60 synth_pitch=39 sample_pitch=60 mute=0 solo=0 start=0 end=65535 reverse=0 mode=0 choke=0 cutoff=0 resonance=0 send=127 slices=1 enabled=0 selected=0 frames=176400 waveform=0720701a name=m19p_mixed.wav
[Q SLICE] track=1 index=0 start=0 end=65535
[Q TRACK] track=2 source=1 pitch=60 synth_pitch=42 sample_pitch=60 mute=0 solo=0 start=0 end=65535 reverse=0 mode=0 choke=0 cutoff=0 resonance=0 send=127 slices=1 enabled=0 selected=0 frames=176400 waveform=595ef306 name=m19p_stereo.wav
[Q SLICE] track=2 index=0 start=0 end=65535
[Q TRACK] track=3 source=1 pitch=60 synth_pitch=45 sample_pitch=60 mute=0 solo=0 start=0 end=65535 reverse=0 mode=0 choke=0 cutoff=0 resonance=0 send=127 slices=1 enabled=0 selected=0 frames=22050 waveform=0ee7dbac name=m19p_oneshot.wav
[Q SLICE] track=3 index=0 start=0 end=65535
[Q PATTERN] index=0 length=16 masks=0000,0000,0000
[Q LOCK] pattern=0 step=0 mask=0 slice=0
[Q LOCK] pattern=0 step=1 mask=0 slice=0
[Q LOCK] pattern=0 step=2 mask=0 slice=0
[Q LOCK] pattern=0 step=3 mask=0 slice=0
[M6 read] bytes=352800 read_us=679057 bytes_per_second=519544 original_channels=1 rate=44100 total_psram=33554432
[M6 load] track=9 file_bytes=352844 pcm_bytes=352800 load_publish_us=1114633 payload=6755614 transient=352800 peak_payload=6755614 ps_free=23814660 largest=23592948 internal=182816 display=2304000 fx_delay=352800 reserve=4194304
[M6.1 replacement] retired_clear=1 ps_delta=360452 status=READY
[M213 address] track=9 pcm=0x488f2080 base=0x488f1e20 bytes=353439 frames=176400 mod64=0 mod128=0 mod256=128 mod4096=128 mod131072=73856 external=1 requested_caps=1028 free=23814660 largest=23592948
[Q PATTERN] index=1 length=16 masks=0000,0000,0000
[Q LOCK] pattern=1 step=0 mask=0 slice=0
[Q LOCK] pattern=1 step=1 mask=0 slice=0
[Q LOCK] pattern=1 step=2 mask=0 slice=0
[Q LOCK] pattern=1 step=3 mask=0 slice=0
[Q PATTERN] index=2 length=16 masks=0000,0000,0000
[Q LOCK] pattern=2 step=0 mask=0 slice=0
[Q LOCK] pattern=2 step=1 mask=0 slice=0
[Q LOCK] pattern=2 step=2 mask=0 slice=0
[Q LOCK] pattern=2 step=3 mask=0 slice=0
[Q PATTERN] index=3 length=16 masks=0000,0000,0000
[Q LOCK] pattern=3 step=0 mask=0 slice=0
[Q LOCK] pattern=3 step=1 mask=0 slice=0
[Q LOCK] pattern=3 step=2 mask=0 slice=0
[Q LOCK] pattern=3 step=3 mask=0 slice=0
[Q TRANSIENT] state=0 request=0 progress=0 count=1 stale_discarded=0 apply=0 cancel=0 duration_max_us=0 chunk_max_us=0
[Q PROPOSAL] index=0 start=0 end=65535
[Q HEAP] tag=state internal=175884 free=23454208 largest=23068660
[Q PLAYBACK] triggers=0 reverse=0 gate=0 releases=0 chokes=0 retriggers=0 repeat_accepts=0 repeat_hits=0 chain_loops=0
[M6 read] bytes=352800 read_us=765606 bytes_per_second=460811 original_channels=1 rate=44100 total_psram=33554432
[M6 load] track=10 file_bytes=352844 pcm_bytes=352800 load_publish_us=1261995 payload=7109117 transient=352800 peak_payload=7109117 ps_free=23454208 largest=23068660 internal=181212 display=2304000 fx_delay=352800 reserve=4194304
[M6.1 replacement] retired_clear=1 ps_delta=360452 status=READY
[M213 address] track=10 pcm=0x4894a0c0 base=0x48949e24 bytes=353503 frames=176400 mod64=0 mod128=64 mod256=192 mod4096=192 mod131072=41152 external=1 requested_caps=1028 free=23454208 largest=23068660
[Q COMMAND] 
[Q ACK] invalid=1

# HOST STATE
[Q COMMAND] STATE
[Q STATE] bpm=120 swing=50 playing=0 mode=0 chain_length=0 chain_loop=0 project_busy=1 restoring=1 sample_busy=0 project_status=LOADING SAMPLES 12/16 sample_status=SAMPLE READY
[Q TRACK] track=0 source=1 pitch=60 synth_pitch=36 sample_pitch=60 mute=0 solo=0 start=0 end=65535 reverse=0 mode=0 choke=0 cutoff=0 resonance=0 send=127 slices=1 enabled=0 selected=0 frames=2097152 waveform=0e481651 name=m19p_large.wav
[Q SLICE] track=0 index=0 start=0 end=65535
[Q TRACK] track=1 source=1 pitch=60 synth_pitch=39 sample_pitch=60 mute=0 solo=0 start=0 end=65535 reverse=0 mode=0 choke=0 cutoff=0 resonance=0 send=127 slices=1 enabled=0 selected=0 frames=176400 waveform=0720701a name=m19p_mixed.wav
[Q SLICE] track=1 index=0 start=0 end=65535
[Q TRACK] track=2 source=1 pitch=60 synth_pitch=42 sample_pitch=60 mute=0 solo=0 start=0 end=65535 reverse=0 mode=0 choke=0 cutoff=0 resonance=0 send=127 slices=1 enabled=0 selected=0 frames=176400 waveform=595ef306 name=m19p_stereo.wav
[Q SLICE] track=2 index=0 start=0 end=65535
[Q TRACK] track=3 source=1 pitch=60 synth_pitch=45 sample_pitch=60 mute=0 solo=0 start=0 end=65535 reverse=0 mode=0 choke=0 cutoff=0 resonance=0 send=127 slices=1 enabled=0 selected=0 frames=22050 waveform=0ee7dbac name=m19p_oneshot.wav
[Q SLICE] track=3 index=0 start=0 end=65535
[Q PATTERN] index=0 length=16 masks=0000,0000,0000
[Q LOCK] pattern=0 step=0 mask=0 slice=0
[Q LOCK] pattern=0 step=1 mask=0 slice=0
[Q LOCK] pattern=0 step=2 mask=0 slice=0
[Q LOCK] pattern=0 step=3 mask=0 slice=0
[Q PATTERN] index=1 length=16 masks=0000,0000,0000
[Q LOCK] pattern=1 step=0 mask=0 slice=0
[Q LOCK] pattern=1 step=1 mask=0 slice=0
[Q LOCK] pattern=1 step=2 mask=0 slice=0
[Q LOCK] pattern=1 step=3 mask=0 slice=0
[Q PATTERN] index=2 length=16 masks=0000,0000,0000
[Q LOCK] pattern=2 step=0 mask=0 slice=0
[Q LOCK] pattern=2 step=1 mask=0 slice=0
[Q LOCK] pattern=2 step=2 mask=0 slice=0
[Q LOCK] pattern=2 step=3 mask=0 slice=0
[Q PATTERN] index=3 length=16 masks=0000,0000,0000
[Q LOCK] pattern=3 step=0 mask=0 slice=0
[Q LOCK] pattern=3 step=1 mask=0 slice=0
[Q LOCK] pattern=3 step=2 mask=0 slice=0
[Q LOCK] pattern=3 step=3 mask=0 slice=0
[Q TRANSIENT] state=0 request=0 progress=0 count=1 stale_discarded=0 apply=0 cancel=0 duration_max_us=0 chunk_max_us=0
[Q PROPOSAL] index=0 start=0 end=65535
[Q HEAP] tag=state internal=174808 free=23093756 largest=23068660
[Q PLAYBACK] triggers=0 reverse=0 gate=0 releases=0 chokes=0 retriggers=0 repeat_accepts=0 repeat_hits=0 chain_loops=0
[M6 read] bytes=352800 read_us=774699 bytes_per_second=455402 original_channels=1 rate=44100 total_psram=33554432
[M6 load] track=11 file_bytes=352844 pcm_bytes=352800 load_publish_us=1209684 payload=7462684 transient=352800 peak_payload=7462684 ps_free=23093756 largest=23068660 internal=179608 display=2304000 fx_delay=352800 reserve=4194304
[M6.1 replacement] retired_clear=1 ps_delta=360452 status=READY
[M213 address] track=11 pcm=0x489a2100 base=0x489a1e28 bytes=353567 frames=176400 mod64=0 mod128=0 mod256=0 mod4096=256 mod131072=8448 external=1 requested_caps=1028 free=23093756 largest=23068660
[Q COMMAND] 
[Q ACK] invalid=1

# HOST STATE
[Q COMMAND] STATE
[Q STATE] bpm=120 swing=50 playing=0 mode=0 chain_length=0 chain_loop=0 project_busy=1 restoring=1 sample_busy=0 project_status=LOADING SAMPLES 13/16 sample_status=SAMPLE READY
[Q TRACK] track=0 source=1 pitch=60 synth_pitch=36 sample_pitch=60 mute=0 solo=0 start=0 end=65535 reverse=0 mode=0 choke=0 cutoff=0 resonance=0 send=127 slices=1 enabled=0 selected=0 frames=2097152 waveform=0e481651 name=m19p_large.wav
[Q SLICE] track=0 index=0 start=0 end=65535
[Q TRACK] track=1 source=1 pitch=60 synth_pitch=39 sample_pitch=60 mute=0 solo=0 start=0 end=65535 reverse=0 mode=0 choke=0 cutoff=0 resonance=0 send=127 slices=1 enabled=0 selected=0 frames=176400 waveform=0720701a name=m19p_mixed.wav
[Q SLICE] track=1 index=0 start=0 end=65535
[Q TRACK] track=2 source=1 pitch=60 synth_pitch=42 sample_pitch=60 mute=0 solo=0 start=0 end=65535 reverse=0 mode=0 choke=0 cutoff=0 resonance=0 send=127 slices=1 enabled=0 selected=0 frames=176400 waveform=595ef306 name=m19p_stereo.wav
[Q SLICE] track=2 index=0 start=0 end=65535
[Q TRACK] track=3 source=1 pitch=60 synth_pitch=45 sample_pitch=60 mute=0 solo=0 start=0 end=65535 reverse=0 mode=0 choke=0 cutoff=0 resonance=0 send=127 slices=1 enabled=0 selected=0 frames=22050 waveform=0ee7dbac name=m19p_oneshot.wav
[Q SLICE] track=3 index=0 start=0 end=65535
[Q PATTERN] index=0 length=16 masks=0000,0000,0000
[Q LOCK] pattern=0 step=0 mask=0 slice=0
[Q LOCK] pattern=0 step=1 mask=0 slice=0
[Q LOCK] pattern=0 step=2 mask=0 slice=0
[Q LOCK] pattern=0 step=3 mask=0 slice=0
[Q PATTERN] index=1 length=16 masks=0000,0000,0000
[Q LOCK] pattern=1 step=0 mask=0 slice=0
[Q LOCK] pattern=1 step=1 mask=0 slice=0
[Q LOCK] pattern=1 step=2 mask=0 slice=0
[Q LOCK] pattern=1 step=3 mask=0 slice=0
[Q PATTERN] index=2 length=16 masks=0000,0000,0000
[Q LOCK] pattern=2 step=0 mask=0 slice=0
[Q LOCK] pattern=2 step=1 mask=0 slice=0
[Q LOCK] pattern=2 step=2 mask=0 slice=0
[Q LOCK] pattern=2 step=3 mask=0 slice=0
[Q PATTERN] index=3 length=16 masks=0000,0000,0000
[Q LOCK] pattern=3 step=0 mask=0 slice=0
[Q LOCK] pattern=3 step=1 mask=0 slice=0
[Q LOCK] pattern=3 step=2 mask=0 slice=0
[Q LOCK] pattern=3 step=3 mask=0 slice=0
[Q TRANSIENT] state=0 request=0 progress=0 count=1 stale_discarded=0 apply=0 cancel=0 duration_max_us=0 chunk_max_us=0
[Q PROPOSAL] index=0 start=0 end=65535
[Q HEAP] tag=state internal=178004 free=22733304 largest=22544372
[Q PLAYBACK] triggers=0 reverse=0 gate=0 releases=0 chokes=0 retriggers=0 repeat_accepts=0 repeat_hits=0 chain_loops=0
[M6 read] bytes=705600 read_us=1193054 bytes_per_second=591423 original_channels=2 rate=44100 total_psram=33554432
[M6 load] track=12 file_bytes=705644 pcm_bytes=352800 load_publish_us=1627903 payload=7816315 transient=352800 peak_payload=7816315 ps_free=22733304 largest=22544372 internal=178004 display=2304000 fx_delay=352800 reserve=4194304
[M6.1 replacement] retired_clear=1 ps_delta=360452 status=READY
[M213 address] track=12 pcm=0x489fa140 base=0x489f9e2c bytes=353631 frames=176400 mod64=0 mod128=64 mod256=64 mod4096=320 mod131072=106816 external=1 requested_caps=1028 free=22733304 largest=22544372
[M6 read] bytes=44100 read_us=85418 bytes_per_second=516284 original_channels=1 rate=44100 total_psram=33554432
[M6 load] track=13 file_bytes=44144 pcm_bytes=44100 load_publish_us=515319 payload=7861310 transient=44100 peak_payload=7861310 ps_free=22688244 largest=22544372 internal=176400 display=2304000 fx_delay=352800 reserve=4194304
[M6.1 replacement] retired_clear=1 ps_delta=45060 status=READY
[M213 address] track=13 pcm=0x48a52180 base=0x48a51e30 bytes=44995 frames=22050 mod64=0 mod128=0 mod256=128 mod4096=384 mod131072=74112 external=1 requested_caps=1028 free=22688244 largest=22544372
[Q COMMAND] 
[Q ACK] invalid=1

# HOST STATE
[Q COMMAND] STATE
[Q STATE] bpm=120 swing=50 playing=0 mode=0 chain_length=0 chain_loop=0 project_busy=1 restoring=1 sample_busy=0 project_status=LOADING SAMPLES 15/16 sample_status=SAMPLE READY
[Q TRACK] track=0 source=1 pitch=60 synth_pitch=36 sample_pitch=60 mute=0 solo=0 start=0 end=65535 reverse=0 mode=0 choke=0 cutoff=0 resonance=0 send=127 slices=1 enabled=0 selected=0 frames=2097152 waveform=0e481651 name=m19p_large.wav
[Q SLICE] track=0 index=0 start=0 end=65535
[Q TRACK] track=1 source=1 pitch=60 synth_pitch=39 sample_pitch=60 mute=0 solo=0 start=0 end=65535 reverse=0 mode=0 choke=0 cutoff=0 resonance=0 send=127 slices=1 enabled=0 selected=0 frames=176400 waveform=0720701a name=m19p_mixed.wav
[Q SLICE] track=1 index=0 start=0 end=65535
[Q TRACK] track=2 source=1 pitch=60 synth_pitch=42 sample_pitch=60 mute=0 solo=0 start=0 end=65535 reverse=0 mode=0 choke=0 cutoff=0 resonance=0 send=127 slices=1 enabled=0 selected=0 frames=176400 waveform=595ef306 name=m19p_stereo.wav
[Q SLICE] track=2 index=0 start=0 end=65535
[Q TRACK] track=3 source=1 pitch=60 synth_pitch=45 sample_pitch=60 mute=0 solo=0 start=0 end=65535 reverse=0 mode=0 choke=0 cutoff=0 resonance=0 send=127 slices=1 enabled=0 selected=0 frames=22050 waveform=0ee7dbac name=m19p_oneshot.wav
[Q SLICE] track=3 index=0 start=0 end=65535
[Q PATTERN] index=0 length=16 masks=0000,0000,0000
[Q LOCK] pattern=0 step=0 mask=0 slice=0
[Q LOCK] pattern=0 step=1 mask=0 slice=0
[Q LOCK] pattern=0 step=2 mask=0 slice=0
[Q LOCK] pattern=0 step=3 mask=0 slice=0
[Q PATTERN] index=1 length=16 masks=0000,0000,0000
[Q LOCK] pattern=1 step=0 mask=0 slice=0
[Q LOCK] pattern=1 step=1 mask=0 slice=0
[Q LOCK] pattern=1 step=2 mask=0 slice=0
[Q LOCK] pattern=1 step=3 mask=0 slice=0
[Q PATTERN] index=2 length=16 masks=0000,0000,0000
[Q LOCK] pattern=2 step=0 mask=0 slice=0
[Q LOCK] pattern=2 step=1 mask=0 slice=0
[Q LOCK] pattern=2 step=2 mask=0 slice=0
[Q LOCK] pattern=2 step=3 mask=0 slice=0
[Q PATTERN] index=3 length=16 masks=0000,0000,0000
[Q LOCK] pattern=3 step=0 mask=0 slice=0
[Q LOCK] pattern=3 step=1 mask=0 slice=0
[Q LOCK] pattern=3 step=2 mask=0 slice=0
[Q LOCK] pattern=3 step=3 mask=0 slice=0
[Q TRANSIENT] state=0 request=0 progress=0 count=1 stale_discarded=0 apply=0 cancel=0 duration_max_us=0 chunk_max_us=0
[Q PROPOSAL] index=0 start=0 end=65535
[Q HEAP] tag=state internal=174796 free=22327792 largest=22020084
[Q PLAYBACK] triggers=0 reverse=0 gate=0 releases=0 chokes=0 retriggers=0 repeat_accepts=0 repeat_hits=0 chain_loops=0
[M6 read] bytes=352800 read_us=690017 bytes_per_second=511291 original_channels=1 rate=44100 total_psram=33554432
[M6 load] track=14 file_bytes=352844 pcm_bytes=352800 load_publish_us=1122776 payload=8215069 transient=352800 peak_payload=8215069 ps_free=22327792 largest=22020084 internal=174796 display=2304000 fx_delay=352800 reserve=4194304
[M6.1 replacement] retired_clear=1 ps_delta=360452 status=READY
[M213 address] track=14 pcm=0x48a5d1c0 base=0x48a5ce34 bytes=353759 frames=176400 mod64=0 mod128=64 mod256=192 mod4096=448 mod131072=119232 external=1 requested_caps=1028 free=22327792 largest=22020084
[Q COMMAND] 
[Q ACK] invalid=1
[M6 read] bytes=352800 read_us=765684 bytes_per_second=460764 original_channels=1 rate=44100 total_psram=33554432
[M6 load] track=15 file_bytes=352844 pcm_bytes=352800 load_publish_us=1200793 payload=8568892 transient=352800 peak_payload=8568892 ps_free=21967340 largest=21495796 internal=173192 display=2304000 fx_delay=352800 reserve=4194304
[M6.1 replacement] retired_clear=1 ps_delta=360452 status=READY
[M213 address] track=15 pcm=0x48ab5200 base=0x48ab4e38 bytes=353823 frames=176400 mod64=0 mod128=0 mod256=0 mod4096=512 mod131072=86528 external=1 requested_caps=1028 free=21967340 largest=21495796

# HOST STATE
[Q COMMAND] STATE
[Q STATE] bpm=120 swing=50 playing=0 mode=0 chain_length=0 chain_loop=0 project_busy=0 restoring=0 sample_busy=0 project_status=PROJECT READY / 0 MISSING sample_status=SAMPLE READY
[Q TRACK] track=0 source=1 pitch=60 synth_pitch=36 sample_pitch=60 mute=0 solo=0 start=0 end=65535 reverse=0 mode=0 choke=0 cutoff=0 resonance=0 send=127 slices=1 enabled=0 selected=0 frames=2097152 waveform=0e481651 name=m19p_large.wav
[Q SLICE] track=0 index=0 start=0 end=65535
[Q TRACK] track=1 source=1 pitch=60 synth_pitch=39 sample_pitch=60 mute=0 solo=0 start=0 end=65535 reverse=0 mode=0 choke=0 cutoff=0 resonance=0 send=127 slices=1 enabled=0 selected=0 frames=176400 waveform=0720701a name=m19p_mixed.wav
[Q SLICE] track=1 index=0 start=0 end=65535
[Q TRACK] track=2 source=1 pitch=60 synth_pitch=42 sample_pitch=60 mute=0 solo=0 start=0 end=65535 reverse=0 mode=0 choke=0 cutoff=0 resonance=0 send=127 slices=1 enabled=0 selected=0 frames=176400 waveform=595ef306 name=m19p_stereo.wav
[Q SLICE] track=2 index=0 start=0 end=65535
[Q TRACK] track=3 source=1 pitch=60 synth_pitch=45 sample_pitch=60 mute=0 solo=0 start=0 end=65535 reverse=0 mode=0 choke=0 cutoff=0 resonance=0 send=127 slices=1 enabled=0 selected=0 frames=22050 waveform=0ee7dbac name=m19p_oneshot.wav
[Q SLICE] track=3 index=0 start=0 end=65535
[Q PATTERN] index=0 length=16 masks=0000,0000,0000
[Q LOCK] pattern=0 step=0 mask=0 slice=0
[Q LOCK] pattern=0 step=1 mask=0 slice=0
[Q LOCK] pattern=0 step=2 mask=0 slice=0
[Q LOCK] pattern=0 step=3 mask=0 slice=0
[Q PATTERN] index=1 length=16 masks=0000,0000,0000
[Q LOCK] pattern=1 step=0 mask=0 slice=0
[Q LOCK] pattern=1 step=1 mask=0 slice=0
[Q LOCK] pattern=1 step=2 mask=0 slice=0
[Q LOCK] pattern=1 step=3 mask=0 slice=0
[Q PATTERN] index=2 length=16 masks=0000,0000,0000
[Q LOCK] pattern=2 step=0 mask=0 slice=0
[Q LOCK] pattern=2 step=1 mask=0 slice=0
[Q LOCK] pattern=2 step=2 mask=0 slice=0
[Q LOCK] pattern=2 step=3 mask=0 slice=0
[Q PATTERN] index=3 length=16 masks=0000,0000,0000
[Q LOCK] pattern=3 step=0 mask=0 slice=0
[Q LOCK] pattern=3 step=1 mask=0 slice=0
[Q LOCK] pattern=3 step=2 mask=0 slice=0
[Q LOCK] pattern=3 step=3 mask=0 slice=0
[Q TRANSIENT] state=0 request=0 progress=0 count=1 stale_discarded=0 apply=0 cancel=0 duration_max_us=0 chunk_max_us=0
[Q PROPOSAL] index=0 start=0 end=65535
[Q HEAP] tag=state internal=173192 free=21967340 largest=21495796
[Q PLAYBACK] triggers=0 reverse=0 gate=0 releases=0 chokes=0 retriggers=0 repeat_accepts=0 repeat_hits=0 chain_loops=0

# HOST STORE 8
[Q COMMAND] STORE 8
[M213 address] track=0 pcm=0x482abe00 base=0x482abdfc bytes=4194367 frames=2097152 mod64=0 mod128=0 mod256=0 mod4096=3584 mod131072=48640 external=1 requested_caps=1028 free=21967340 largest=21495796
[M213 address] track=1 pcm=0x486cbe40 base=0x486cbe00 bytes=352927 frames=176400 mod64=0 mod128=64 mod256=64 mod4096=3648 mod131072=48704 external=1 requested_caps=1028 free=21967340 largest=21495796
[M213 address] track=2 pcm=0x48723ec0 base=0x48723e04 bytes=352991 frames=176400 mod64=0 mod128=64 mod256=192 mod4096=3776 mod131072=16064 external=1 requested_caps=1028 free=21967340 largest=21495796
[M213 address] track=3 pcm=0x4877bf00 base=0x4877be08 bytes=44355 frames=22050 mod64=0 mod128=0 mod256=0 mod4096=3840 mod131072=114432 external=1 requested_caps=1028 free=21967340 largest=21495796
[M213 address] track=4 pcm=0x48786f40 base=0x48786e0c bytes=353119 frames=176400 mod64=0 mod128=64 mod256=64 mod4096=3904 mod131072=28480 external=1 requested_caps=1028 free=21967340 largest=21495796
[M213 address] track=5 pcm=0x487def80 base=0x487dee10 bytes=353183 frames=176400 mod64=0 mod128=0 mod256=128 mod4096=3968 mod131072=126848 external=1 requested_caps=1028 free=21967340 largest=21495796
[M213 address] track=6 pcm=0x48836fc0 base=0x48836e14 bytes=353247 frames=176400 mod64=0 mod128=64 mod256=192 mod4096=4032 mod131072=94144 external=1 requested_caps=1028 free=21967340 largest=21495796
[M213 address] track=7 pcm=0x4888f000 base=0x4888ee18 bytes=353311 frames=176400 mod64=0 mod128=0 mod256=0 mod4096=0 mod131072=61440 external=1 requested_caps=1028 free=21967340 largest=21495796
[M213 address] track=8 pcm=0x488e7040 base=0x488e6e1c bytes=44675 frames=22050 mod64=0 mod128=64 mod256=64 mod4096=64 mod131072=28736 external=1 requested_caps=1028 free=21967340 largest=21495796
[M213 address] track=9 pcm=0x488f2080 base=0x488f1e20 bytes=353439 frames=176400 mod64=0 mod128=0 mod256=128 mod4096=128 mod131072=73856 external=1 requested_caps=1028 free=21967340 largest=21495796
[M213 address] track=10 pcm=0x4894a0c0 base=0x48949e24 bytes=353503 frames=176400 mod64=0 mod128=64 mod256=192 mod4096=192 mod131072=41152 external=1 requested_caps=1028 free=21967340 largest=21495796
[M213 address] track=11 pcm=0x489a2100 base=0x489a1e28 bytes=353567 frames=176400 mod64=0 mod128=0 mod256=0 mod4096=256 mod131072=8448 external=1 requested_caps=1028 free=21967340 largest=21495796
[M213 address] track=12 pcm=0x489fa140 base=0x489f9e2c bytes=353631 frames=176400 mod64=0 mod128=64 mod256=64 mod4096=320 mod131072=106816 external=1 requested_caps=1028 free=21967340 largest=21495796
[M213 address] track=13 pcm=0x48a52180 base=0x48a51e30 bytes=44995 frames=22050 mod64=0 mod128=0 mod256=128 mod4096=384 mod131072=74112 external=1 requested_caps=1028 free=21967340 largest=21495796
[M213 address] track=14 pcm=0x48a5d1c0 base=0x48a5ce34 bytes=353759 frames=176400 mod64=0 mod128=64 mod256=192 mod4096=448 mod131072=119232 external=1 requested_caps=1028 free=21967340 largest=21495796
[M213 address] track=15 pcm=0x48ab5200 base=0x48ab4e38 bytes=353823 frames=176400 mod64=0 mod128=0 mod256=0 mod4096=512 mod131072=86528 external=1 requested_caps=1028 free=21967340 largest=21495796
[M213 locality] tag=7 order=0 eviction=0 repeats=32 reads=131072 us=8096 max=2028 checksum=3441764352 sweep=0 concurrent_audio=1 cold_proven=0
[M213 locality] tag=7 order=1 eviction=0 repeats=32 reads=131072 us=4158 max=1929 checksum=3441764352 sweep=0 concurrent_audio=1 cold_proven=0
[M213 locality] tag=7 order=2 eviction=0 repeats=32 reads=131072 us=8850 max=2044 checksum=3441764352 sweep=0 concurrent_audio=1 cold_proven=0
[M213 locality] tag=7 order=0 eviction=1 repeats=32 reads=131072 us=8478 max=2249 checksum=3441764352 sweep=524288 concurrent_audio=1 cold_proven=0
[M213 locality] tag=7 order=1 eviction=1 repeats=32 reads=131072 us=6525 max=2195 checksum=3441764352 sweep=1048576 concurrent_audio=1 cold_proven=0
[M213 locality] tag=7 order=2 eviction=1 repeats=32 reads=131072 us=7403 max=276 checksum=3441764352 sweep=1572864 concurrent_audio=1 cold_proven=0
[M213 locality complete] tag=7
[M213 physical] tag=7 complete=1
[Q HEAP] tag=store_done internal=173192 free=21967340 largest=21495796 payload=8568892
[Q STORE DONE] op=8

# HOST MEASURE 1
[Q COMMAND] MEASURE 1

# HOST CMD 6 0 47 0 0
[Q COMMAND] CMD 6 0 47 0 0
[Q ACK] sent=1

# HOST CMD 46 0 0 0 0
[Q COMMAND] CMD 46 0 0 0 0
[Q ACK] sent=1

# HOST CMD 55 0 4 0 0
[Q COMMAND] CMD 55 0 4 0 0
[Q ACK] sent=1

# HOST CMD 51 0 1 0 0
[Q COMMAND] CMD 51 0 1 0 0
[Q ACK] sent=1

# HOST CMD 47 0 0 0 0
[Q COMMAND] CMD 47 0 0 0 0
[Q ACK] sent=1

# HOST CMD 59 0 0 0 2
[Q COMMAND] CMD 59 0 0 0 2
[Q ACK] sent=1

# HOST CMD 6 1 48 0 0
[Q COMMAND] CMD 6 1 48 0 0
[Q ACK] sent=1

# HOST CMD 46 1 1 0 0
[Q COMMAND] CMD 46 1 1 0 0
[Q ACK] sent=1

# HOST CMD 55 1 4 0 0
[Q COMMAND] CMD 55 1 4 0 0
[Q ACK] sent=1

# HOST CMD 51 1 1 0 0
[Q COMMAND] CMD 51 1 1 0 0
[Q ACK] sent=1

# HOST CMD 47 1 0 0 0
[Q COMMAND] CMD 47 1 0 0 0
[Q ACK] sent=1

# HOST CMD 59 1 0 0 2
[Q COMMAND] CMD 59 1 0 0 2
[Q ACK] sent=1

# HOST CMD 6 2 49 0 0
[Q COMMAND] CMD 6 2 49 0 0
[Q ACK] sent=1

# HOST CMD 46 2 0 0 0
[Q COMMAND] CMD 46 2 0 0 0
[Q ACK] sent=1

# HOST CMD 55 2 4 0 0
[Q COMMAND] CMD 55 2 4 0 0
[Q ACK] sent=1

# HOST CMD 51 2 1 0 0
[Q COMMAND] CMD 51 2 1 0 0
[Q ACK] sent=1

# HOST CMD 47 2 0 0 0
[Q COMMAND] CMD 47 2 0 0 0
[Q ACK] sent=1

# HOST CMD 59 2 0 0 2
[Q COMMAND] CMD 59 2 0 0 2
[Q ACK] sent=1

# HOST CMD 6 3 50 0 0
[Q COMMAND] CMD 6 3 50 0 0
[Q ACK] sent=1

# HOST CMD 46 3 1 0 0
[Q COMMAND] CMD 46 3 1 0 0
[Q ACK] sent=1

# HOST CMD 55 3 4 0 0
[Q COMMAND] CMD 55 3 4 0 0
[Q ACK] sent=1

# HOST CMD 51 3 1 0 0
[Q COMMAND] CMD 51 3 1 0 0
[Q ACK] sent=1

# HOST CMD 47 3 0 0 0
[Q COMMAND] CMD 47 3 0 0 0
[Q ACK] sent=1

# HOST CMD 59 3 0 0 2
[Q COMMAND] CMD 59 3 0 0 2
[Q ACK] sent=1

# HOST CMD 6 4 51 0 0
[Q COMMAND] CMD 6 4 51 0 0
[Q ACK] sent=1

# HOST CMD 46 4 0 0 0
[Q COMMAND] CMD 46 4 0 0 0
[Q ACK] sent=1

# HOST CMD 55 4 4 0 0
[Q COMMAND] CMD 55 4 4 0 0
[Q ACK] sent=1

# HOST CMD 51 4 1 0 0
[Q COMMAND] CMD 51 4 1 0 0
[Q ACK] sent=1

# HOST CMD 47 4 0 0 0
[Q COMMAND] CMD 47 4 0 0 0
[Q ACK] sent=1

# HOST CMD 59 4 0 0 2
[Q COMMAND] CMD 59 4 0 0 2
[Q ACK] sent=1

# HOST CMD 6 5 52 0 0
[Q COMMAND] CMD 6 5 52 0 0
[Q ACK] sent=1

# HOST CMD 46 5 1 0 0
[Q COMMAND] CMD 46 5 1 0 0
[Q ACK] sent=1

# HOST CMD 55 5 4 0 0
[Q COMMAND] CMD 55 5 4 0 0
[Q ACK] sent=1

# HOST CMD 51 5 1 0 0
[Q COMMAND] CMD 51 5 1 0 0
[Q ACK] sent=1

# HOST CMD 47 5 0 0 0
[Q COMMAND] CMD 47 5 0 0 0
[Q ACK] sent=1

# HOST CMD 59 5 0 0 2
[Q COMMAND] CMD 59 5 0 0 2
[Q ACK] sent=1

# HOST CMD 6 6 53 0 0
[Q COMMAND] CMD 6 6 53 0 0
[Q ACK] sent=1

# HOST CMD 46 6 0 0 0
[Q COMMAND] CMD 46 6 0 0 0
[Q ACK] sent=1

# HOST CMD 55 6 4 0 0
[Q COMMAND] CMD 55 6 4 0 0
[Q ACK] sent=1

# HOST CMD 51 6 1 0 0
[Q COMMAND] CMD 51 6 1 0 0
[Q ACK] sent=1

# HOST CMD 47 6 0 0 0
[Q COMMAND] CMD 47 6 0 0 0
[Q ACK] sent=1

# HOST CMD 59 6 0 0 2
[Q COMMAND] CMD 59 6 0 0 2
[Q ACK] sent=1

# HOST CMD 6 7 54 0 0
[Q COMMAND] CMD 6 7 54 0 0
[Q ACK] sent=1

# HOST CMD 46 7 1 0 0
[Q COMMAND] CMD 46 7 1 0 0
[Q ACK] sent=1

# HOST CMD 55 7 4 0 0
[Q COMMAND] CMD 55 7 4 0 0
[Q ACK] sent=1

# HOST CMD 51 7 1 0 0
[Q COMMAND] CMD 51 7 1 0 0
[Q ACK] sent=1

# HOST CMD 47 7 0 0 0
[Q COMMAND] CMD 47 7 0 0 0
[Q ACK] sent=1

# HOST CMD 59 7 0 0 2
[Q COMMAND] CMD 59 7 0 0 2
[Q ACK] sent=1

# HOST CMD 6 8 55 0 0
[Q COMMAND] CMD 6 8 55 0 0
[Q ACK] sent=1

# HOST CMD 46 8 0 0 0
[Q COMMAND] CMD 46 8 0 0 0
[Q ACK] sent=1

# HOST CMD 55 8 4 0 0
[Q COMMAND] CMD 55 8 4 0 0
[Q ACK] sent=1

# HOST CMD 51 8 1 0 0
[Q COMMAND] CMD 51 8 1 0 0
[Q ACK] sent=1

# HOST CMD 47 8 0 0 0
[Q COMMAND] CMD 47 8 0 0 0
[Q ACK] sent=1

# HOST CMD 59 8 0 0 2
[Q COMMAND] CMD 59 8 0 0 2
[Q ACK] sent=1

# HOST CMD 6 9 56 0 0
[Q COMMAND] CMD 6 9 56 0 0
[Q ACK] sent=1

# HOST CMD 46 9 1 0 0
[Q COMMAND] CMD 46 9 1 0 0
[Q ACK] sent=1

# HOST CMD 55 9 4 0 0
[Q COMMAND] CMD 55 9 4 0 0
[Q ACK] sent=1

# HOST CMD 51 9 1 0 0
[Q COMMAND] CMD 51 9 1 0 0
[Q ACK] sent=1

# HOST CMD 47 9 0 0 0
[Q COMMAND] CMD 47 9 0 0 0
[Q ACK] sent=1

# HOST CMD 59 9 0 0 2
[Q COMMAND] CMD 59 9 0 0 2
[Q ACK] sent=1

# HOST CMD 6 10 57 0 0
[Q COMMAND] CMD 6 10 57 0 0
[Q ACK] sent=1

# HOST CMD 46 10 0 0 0
[Q COMMAND] CMD 46 10 0 0 0
[Q ACK] sent=1

# HOST CMD 55 10 4 0 0
[Q COMMAND] CMD 55 10 4 0 0
[Q ACK] sent=1

# HOST CMD 51 10 1 0 0
[Q COMMAND] CMD 51 10 1 0 0
[Q ACK] sent=1

# HOST CMD 47 10 0 0 0
[Q COMMAND] CMD 47 10 0 0 0
[Q ACK] sent=1

# HOST CMD 59 10 0 0 2
[Q COMMAND] CMD 59 10 0 0 2
[Q ACK] sent=1

# HOST CMD 6 11 58 0 0
[Q COMMAND] CMD 6 11 58 0 0
[Q ACK] sent=1

# HOST CMD 46 11 1 0 0
[Q COMMAND] CMD 46 11 1 0 0
[Q ACK] sent=1

# HOST CMD 55 11 4 0 0
[Q COMMAND] CMD 55 11 4 0 0
[Q ACK] sent=1

# HOST CMD 51 11 1 0 0
[Q COMMAND] CMD 51 11 1 0 0
[Q ACK] sent=1

# HOST CMD 47 11 0 0 0
[Q COMMAND] CMD 47 11 0 0 0
[Q ACK] sent=1

# HOST CMD 59 11 0 0 2
[Q COMMAND] CMD 59 11 0 0 2
[Q ACK] sent=1

# HOST CMD 6 12 59 0 0
[Q COMMAND] CMD 6 12 59 0 0
[Q ACK] sent=1

# HOST CMD 46 12 0 0 0
[Q COMMAND] CMD 46 12 0 0 0
[Q ACK] sent=1

# HOST CMD 55 12 4 0 0
[Q COMMAND] CMD 55 12 4 0 0
[Q ACK] sent=1

# HOST CMD 51 12 1 0 0
[Q COMMAND] CMD 51 12 1 0 0
[Q ACK] sent=1

# HOST CMD 47 12 0 0 0
[Q COMMAND] CMD 47 12 0 0 0
[Q ACK] sent=1

# HOST CMD 59 12 0 0 2
[Q COMMAND] CMD 59 12 0 0 2
[Q ACK] sent=1

# HOST CMD 6 13 60 0 0
[Q COMMAND] CMD 6 13 60 0 0
[Q ACK] sent=1

# HOST CMD 46 13 1 0 0
[Q COMMAND] CMD 46 13 1 0 0
[Q ACK] sent=1

# HOST CMD 55 13 4 0 0
[Q COMMAND] CMD 55 13 4 0 0
[Q ACK] sent=1

# HOST CMD 51 13 1 0 0
[Q COMMAND] CMD 51 13 1 0 0
[Q ACK] sent=1

# HOST CMD 47 13 0 0 0
[Q COMMAND] CMD 47 13 0 0 0
[Q ACK] sent=1

# HOST CMD 59 13 0 0 2
[Q COMMAND] CMD 59 13 0 0 2
[Q ACK] sent=1

# HOST CMD 6 14 61 0 0
[Q COMMAND] CMD 6 14 61 0 0
[Q ACK] sent=1

# HOST CMD 46 14 0 0 0
[Q COMMAND] CMD 46 14 0 0 0
[Q ACK] sent=1

# HOST CMD 55 14 4 0 0
[Q COMMAND] CMD 55 14 4 0 0
[Q ACK] sent=1

# HOST CMD 51 14 1 0 0
[Q COMMAND] CMD 51 14 1 0 0
[Q ACK] sent=1

# HOST CMD 47 14 0 0 0
[Q COMMAND] CMD 47 14 0 0 0
[Q ACK] sent=1

# HOST CMD 59 14 0 0 2
[Q COMMAND] CMD 59 14 0 0 2
[Q ACK] sent=1

# HOST CMD 6 15 62 0 0
[Q COMMAND] CMD 6 15 62 0 0
[Q ACK] sent=1

# HOST CMD 46 15 1 0 0
[Q COMMAND] CMD 46 15 1 0 0
[Q ACK] sent=1

# HOST CMD 55 15 4 0 0
[Q COMMAND] CMD 55 15 4 0 0
[Q ACK] sent=1

# HOST CMD 51 15 1 0 0
[Q COMMAND] CMD 51 15 1 0 0
[Q ACK] sent=1

# HOST CMD 47 15 0 0 0
[Q COMMAND] CMD 47 15 0 0 0
[Q ACK] sent=1

# HOST CMD 59 15 0 0 2
[Q COMMAND] CMD 59 15 0 0 2
[Q ACK] sent=1

# HOST CMD 47 0 1 0 0
[Q COMMAND] CMD 47 0 1 0 0
[Q ACK] sent=1

# HOST CMD 3 0 0 0 0
[Q COMMAND] CMD 3 0 0 0 0
[Q ACK] sent=1

# HOST CMD 50 0 0 0 0
[Q COMMAND] CMD 50 0 0 0 0
[Q ACK] sent=1

# HOST CMD 48 0 1 0 0
[Q COMMAND] CMD 48 0 1 0 0
[Q ACK] sent=1

# HOST CMD 3 0 0 0 0
[Q COMMAND] CMD 3 0 0 0 0
[Q ACK] sent=1

# HOST LOAD 0 3
[Q COMMAND] LOAD 0 3
[Q ACK] load=1
[M6 read] bytes=352800 read_us=782602 bytes_per_second=450803 original_channels=1 rate=44100 total_psram=33554432
[M6 load] track=0 file_bytes=352844 pcm_bytes=352800 load_publish_us=1254637 payload=4727388 transient=352800 peak_payload=8921755 ps_free=25932268 largest=21495796 internal=173192 display=2304000 fx_delay=352800 reserve=4194304
[M6.1 replacement] retired_clear=1 ps_delta=-3964928 status=READY
[M213 address] track=0 pcm=0x48b0ce40 base=0x48b0ce3c bytes=352863 frames=176400 mod64=0 mod128=64 mod256=64 mod4096=3648 mod131072=52800 external=1 requested_caps=1028 free=25932268 largest=21495796

# HOST CMD 78 0 264 0 0
[Q COMMAND] CMD 78 0 264 0 0
[Q ACK] sent=1
[Q COMMAND] 
[Q ACK] invalid=1

# HOST STATE
[Q COMMAND] STATE
[Q STATE] bpm=120 swing=50 playing=0 mode=0 chain_length=0 chain_loop=0 project_busy=0 restoring=0 sample_busy=0 project_status=PROJECT READY / 0 MISSING sample_status=SAMPLE READY
[Q TRACK] track=0 source=1 pitch=47 synth_pitch=36 sample_pitch=47 mute=0 solo=0 start=0 end=65535 reverse=0 mode=1 choke=1 cutoff=0 resonance=0 send=127 slices=4 enabled=1 selected=0 frames=176400 waveform=0720701a name=m19p_mixed.wav
[Q SLICE] track=0 index=0 start=0 end=16383
[Q SLICE] track=0 index=1 start=16383 end=32767
[Q SLICE] track=0 index=2 start=32767 end=49151
[Q SLICE] track=0 index=3 start=49151 end=65535
[Q TRACK] track=1 source=1 pitch=48 synth_pitch=39 sample_pitch=48 mute=0 solo=0 start=0 end=65535 reverse=1 mode=0 choke=0 cutoff=0 resonance=0 send=127 slices=4 enabled=1 selected=0 frames=176400 waveform=0720701a name=m19p_mixed.wav
[Q SLICE] track=1 index=0 start=0 end=16383
[Q SLICE] track=1 index=1 start=16383 end=32767
[Q SLICE] track=1 index=2 start=32767 end=49151
[Q SLICE] track=1 index=3 start=49151 end=65535
[Q TRACK] track=2 source=1 pitch=49 synth_pitch=42 sample_pitch=49 mute=0 solo=0 start=0 end=65535 reverse=0 mode=0 choke=0 cutoff=0 resonance=0 send=127 slices=4 enabled=1 selected=0 frames=176400 waveform=595ef306 name=m19p_stereo.wav
[Q SLICE] track=2 index=0 start=0 end=16383
[Q SLICE] track=2 index=1 start=16383 end=32767
[Q SLICE] track=2 index=2 start=32767 end=49151
[Q SLICE] track=2 index=3 start=49151 end=65535
[Q TRACK] track=3 source=1 pitch=50 synth_pitch=45 sample_pitch=50 mute=0 solo=0 start=0 end=65535 reverse=1 mode=0 choke=0 cutoff=0 resonance=0 send=127 slices=4 enabled=1 selected=0 frames=22050 waveform=0ee7dbac name=m19p_oneshot.wav
[Q SLICE] track=3 index=0 start=0 end=16383
[Q SLICE] track=3 index=1 start=16383 end=32767
[Q SLICE] track=3 index=2 start=32767 end=49151
[Q SLICE] track=3 index=3 start=49151 end=65535
[Q PATTERN] index=0 length=16 masks=0000,0000,0000
[Q LOCK] pattern=0 step=0 mask=0 slice=0
[Q LOCK] pattern=0 step=1 mask=0 slice=0
[Q LOCK] pattern=0 step=2 mask=0 slice=0
[Q LOCK] pattern=0 step=3 mask=0 slice=0
[Q PATTERN] index=1 length=16 masks=0000,0000,0000
[Q LOCK] pattern=1 step=0 mask=0 slice=0
[Q LOCK] pattern=1 step=1 mask=0 slice=0
[Q LOCK] pattern=1 step=2 mask=0 slice=0
[Q LOCK] pattern=1 step=3 mask=0 slice=0
[Q PATTERN] index=2 length=16 masks=0000,0000,0000
[Q LOCK] pattern=2 step=0 mask=0 slice=0
[Q LOCK] pattern=2 step=1 mask=0 slice=0
[Q LOCK] pattern=2 step=2 mask=0 slice=0
[Q LOCK] pattern=2 step=3 mask=0 slice=0
[Q PATTERN] index=3 length=16 masks=0000,0000,0000
[Q LOCK] pattern=3 step=0 mask=0 slice=0
[Q LOCK] pattern=3 step=1 mask=0 slice=0
[Q LOCK] pattern=3 step=2 mask=0 slice=0
[Q LOCK] pattern=3 step=3 mask=0 slice=0
[Q TRANSIENT] state=3 request=1 progress=100 count=8 stale_discarded=0 apply=0 cancel=0 duration_max_us=64047 chunk_max_us=2365
[Q PROPOSAL] index=0 start=0 end=8192
[Q PROPOSAL] index=1 start=8192 end=16384
[Q PROPOSAL] index=2 start=16384 end=20480
[Q PROPOSAL] index=3 start=20480 end=28672
[Q PROPOSAL] index=4 start=28672 end=32768
[Q PROPOSAL] index=5 start=32768 end=45056
[Q PROPOSAL] index=6 start=45056 end=57344
[Q PROPOSAL] index=7 start=57344 end=65535
[Q HEAP] tag=state internal=173192 free=25932268 largest=21495796
[Q PLAYBACK] triggers=18 reverse=8 gate=2 releases=1 chokes=1 retriggers=1 repeat_accepts=0 repeat_hits=0 chain_loops=0

# HOST CMD 80 0 0 0 0
[Q COMMAND] CMD 80 0 0 0 0
[Q ACK] sent=1

# HOST CMD 78 0 264 0 0
[Q COMMAND] CMD 78 0 264 0 0
[Q ACK] sent=1
[Q COMMAND] 
[Q ACK] invalid=1

# HOST STATE
[Q COMMAND] STATE
[Q STATE] bpm=120 swing=50 playing=0 mode=0 chain_length=0 chain_loop=0 project_busy=0 restoring=0 sample_busy=0 project_status=PROJECT READY / 0 MISSING sample_status=SAMPLE READY
[Q TRACK] track=0 source=1 pitch=47 synth_pitch=36 sample_pitch=47 mute=0 solo=0 start=0 end=65535 reverse=0 mode=1 choke=1 cutoff=0 resonance=0 send=127 slices=4 enabled=1 selected=0 frames=176400 waveform=0720701a name=m19p_mixed.wav
[Q SLICE] track=0 index=0 start=0 end=16383
[Q SLICE] track=0 index=1 start=16383 end=32767
[Q SLICE] track=0 index=2 start=32767 end=49151
[Q SLICE] track=0 index=3 start=49151 end=65535
[Q TRACK] track=1 source=1 pitch=48 synth_pitch=39 sample_pitch=48 mute=0 solo=0 start=0 end=65535 reverse=1 mode=0 choke=0 cutoff=0 resonance=0 send=127 slices=4 enabled=1 selected=0 frames=176400 waveform=0720701a name=m19p_mixed.wav
[Q SLICE] track=1 index=0 start=0 end=16383
[Q SLICE] track=1 index=1 start=16383 end=32767
[Q SLICE] track=1 index=2 start=32767 end=49151
[Q SLICE] track=1 index=3 start=49151 end=65535
[Q TRACK] track=2 source=1 pitch=49 synth_pitch=42 sample_pitch=49 mute=0 solo=0 start=0 end=65535 reverse=0 mode=0 choke=0 cutoff=0 resonance=0 send=127 slices=4 enabled=1 selected=0 frames=176400 waveform=595ef306 name=m19p_stereo.wav
[Q SLICE] track=2 index=0 start=0 end=16383
[Q SLICE] track=2 index=1 start=16383 end=32767
[Q SLICE] track=2 index=2 start=32767 end=49151
[Q SLICE] track=2 index=3 start=49151 end=65535
[Q TRACK] track=3 source=1 pitch=50 synth_pitch=45 sample_pitch=50 mute=0 solo=0 start=0 end=65535 reverse=1 mode=0 choke=0 cutoff=0 resonance=0 send=127 slices=4 enabled=1 selected=0 frames=22050 waveform=0ee7dbac name=m19p_oneshot.wav
[Q SLICE] track=3 index=0 start=0 end=16383
[Q SLICE] track=3 index=1 start=16383 end=32767
[Q SLICE] track=3 index=2 start=32767 end=49151
[Q SLICE] track=3 index=3 start=49151 end=65535
[Q PATTERN] index=0 length=16 masks=0000,0000,0000
[Q LOCK] pattern=0 step=0 mask=0 slice=0
[Q LOCK] pattern=0 step=1 mask=0 slice=0
[Q LOCK] pattern=0 step=2 mask=0 slice=0
[Q LOCK] pattern=0 step=3 mask=0 slice=0
[Q PATTERN] index=1 length=16 masks=0000,0000,0000
[Q LOCK] pattern=1 step=0 mask=0 slice=0
[Q LOCK] pattern=1 step=1 mask=0 slice=0
[Q LOCK] pattern=1 step=2 mask=0 slice=0
[Q LOCK] pattern=1 step=3 mask=0 slice=0
[Q PATTERN] index=2 length=16 masks=0000,0000,0000
[Q LOCK] pattern=2 step=0 mask=0 slice=0
[Q LOCK] pattern=2 step=1 mask=0 slice=0
[Q LOCK] pattern=2 step=2 mask=0 slice=0
[Q LOCK] pattern=2 step=3 mask=0 slice=0
[Q PATTERN] index=3 length=16 masks=0000,0000,0000
[Q LOCK] pattern=3 step=0 mask=0 slice=0
[Q LOCK] pattern=3 step=1 mask=0 slice=0
[Q LOCK] pattern=3 step=2 mask=0 slice=0
[Q LOCK] pattern=3 step=3 mask=0 slice=0
[Q TRANSIENT] state=3 request=3 progress=100 count=8 stale_discarded=0 apply=0 cancel=1 duration_max_us=64047 chunk_max_us=2394
[Q PROPOSAL] index=0 start=0 end=8192
[Q PROPOSAL] index=1 start=8192 end=16384
[Q PROPOSAL] index=2 start=16384 end=20480
[Q PROPOSAL] index=3 start=20480 end=28672
[Q PROPOSAL] index=4 start=28672 end=32768
[Q PROPOSAL] index=5 start=32768 end=45056
[Q PROPOSAL] index=6 start=45056 end=57344
[Q PROPOSAL] index=7 start=57344 end=65535
[Q HEAP] tag=state internal=173192 free=25932268 largest=21495796
[Q PLAYBACK] triggers=18 reverse=8 gate=2 releases=1 chokes=1 retriggers=1 repeat_accepts=0 repeat_hits=0 chain_loops=0
[Q COMMAND] 
[Q ACK] invalid=1

# HOST STATE
[Q COMMAND] STATE
[Q STATE] bpm=120 swing=50 playing=0 mode=0 chain_length=0 chain_loop=0 project_busy=0 restoring=0 sample_busy=0 project_status=PROJECT READY / 0 MISSING sample_status=SAMPLE READY
[Q TRACK] track=0 source=1 pitch=47 synth_pitch=36 sample_pitch=47 mute=0 solo=0 start=0 end=65535 reverse=0 mode=1 choke=1 cutoff=0 resonance=0 send=127 slices=4 enabled=1 selected=0 frames=176400 waveform=0720701a name=m19p_mixed.wav
[Q SLICE] track=0 index=0 start=0 end=16383
[Q SLICE] track=0 index=1 start=16383 end=32767
[Q SLICE] track=0 index=2 start=32767 end=49151
[Q SLICE] track=0 index=3 start=49151 end=65535
[Q TRACK] track=1 source=1 pitch=48 synth_pitch=39 sample_pitch=48 mute=0 solo=0 start=0 end=65535 reverse=1 mode=0 choke=0 cutoff=0 resonance=0 send=127 slices=4 enabled=1 selected=0 frames=176400 waveform=0720701a name=m19p_mixed.wav
[Q SLICE] track=1 index=0 start=0 end=16383
[Q SLICE] track=1 index=1 start=16383 end=32767
[Q SLICE] track=1 index=2 start=32767 end=49151
[Q SLICE] track=1 index=3 start=49151 end=65535
[Q TRACK] track=2 source=1 pitch=49 synth_pitch=42 sample_pitch=49 mute=0 solo=0 start=0 end=65535 reverse=0 mode=0 choke=0 cutoff=0 resonance=0 send=127 slices=4 enabled=1 selected=0 frames=176400 waveform=595ef306 name=m19p_stereo.wav
[Q SLICE] track=2 index=0 start=0 end=16383
[Q SLICE] track=2 index=1 start=16383 end=32767
[Q SLICE] track=2 index=2 start=32767 end=49151
[Q SLICE] track=2 index=3 start=49151 end=65535
[Q TRACK] track=3 source=1 pitch=50 synth_pitch=45 sample_pitch=50 mute=0 solo=0 start=0 end=65535 reverse=1 mode=0 choke=0 cutoff=0 resonance=0 send=127 slices=4 enabled=1 selected=0 frames=22050 waveform=0ee7dbac name=m19p_oneshot.wav
[Q SLICE] track=3 index=0 start=0 end=16383
[Q SLICE] track=3 index=1 start=16383 end=32767
[Q SLICE] track=3 index=2 start=32767 end=49151
[Q SLICE] track=3 index=3 start=49151 end=65535
[Q PATTERN] index=0 length=16 masks=0000,0000,0000
[Q LOCK] pattern=0 step=0 mask=0 slice=0
[Q LOCK] pattern=0 step=1 mask=0 slice=0
[Q LOCK] pattern=0 step=2 mask=0 slice=0
[Q LOCK] pattern=0 step=3 mask=0 slice=0
[Q PATTERN] index=1 length=16 masks=0000,0000,0000
[Q LOCK] pattern=1 step=0 mask=0 slice=0
[Q LOCK] pattern=1 step=1 mask=0 slice=0
[Q LOCK] pattern=1 step=2 mask=0 slice=0
[Q LOCK] pattern=1 step=3 mask=0 slice=0
[Q PATTERN] index=2 length=16 masks=0000,0000,0000
[Q LOCK] pattern=2 step=0 mask=0 slice=0
[Q LOCK] pattern=2 step=1 mask=0 slice=0
[Q LOCK] pattern=2 step=2 mask=0 slice=0
[Q LOCK] pattern=2 step=3 mask=0 slice=0
[Q PATTERN] index=3 length=16 masks=0000,0000,0000
[Q LOCK] pattern=3 step=0 mask=0 slice=0
[Q LOCK] pattern=3 step=1 mask=0 slice=0
[Q LOCK] pattern=3 step=2 mask=0 slice=0
[Q LOCK] pattern=3 step=3 mask=0 slice=0
[Q TRANSIENT] state=3 request=3 progress=100 count=8 stale_discarded=0 apply=0 cancel=1 duration_max_us=64047 chunk_max_us=2394
[Q PROPOSAL] index=0 start=0 end=8192
[Q PROPOSAL] index=1 start=8192 end=16384
[Q PROPOSAL] index=2 start=16384 end=20480
[Q PROPOSAL] index=3 start=20480 end=28672
[Q PROPOSAL] index=4 start=28672 end=32768
[Q PROPOSAL] index=5 start=32768 end=45056
[Q PROPOSAL] index=6 start=45056 end=57344
[Q PROPOSAL] index=7 start=57344 end=65535
[Q HEAP] tag=state internal=173192 free=25932268 largest=21495796
[Q PLAYBACK] triggers=18 reverse=8 gate=2 releases=1 chokes=1 retriggers=1 repeat_accepts=0 repeat_hits=0 chain_loops=0

# HOST CMD 79 0 3 0 0
[Q COMMAND] CMD 79 0 3 0 0
[Q ACK] sent=1

# HOST CMD 60 0 0 0 0
[Q COMMAND] CMD 60 0 0 0 0
[Q ACK] sent=1

# HOST CMD 13 0 0 0 0
[Q COMMAND] CMD 13 0 0 0 0
[Q ACK] sent=1

# HOST CMD 17 0 0 0 0
[Q COMMAND] CMD 17 0 0 0 0
[Q ACK] sent=1

# HOST CMD 1 0 240 0 0
[Q COMMAND] CMD 1 0 240 0 0
[Q ACK] sent=1

# HOST CMD 15 0 16 0 0
[Q COMMAND] CMD 15 0 16 0 0
[Q ACK] sent=1

# HOST CMD 10 0 0 0 0
[Q COMMAND] CMD 10 0 0 0 0
[Q ACK] sent=1

# HOST CMD 12 0 0 0 0
[Q COMMAND] CMD 12 0 0 0 0
[Q ACK] sent=1

# HOST CMD 47 0 0 0 0
[Q COMMAND] CMD 47 0 0 0 0
[Q ACK] sent=1

# HOST CMD 2 0 0 0 0
[Q COMMAND] CMD 2 0 0 0 0
[Q ACK] sent=1

# HOST CMD 38 0 0 0 0
[Q COMMAND] CMD 38 0 0 0 0
[Q ACK] sent=1

# HOST CMD 2 0 1 0 1
[Q COMMAND] CMD 2 0 1 0 1
[Q ACK] sent=1

# HOST CMD 38 0 1 0 1
[Q COMMAND] CMD 38 0 1 0 1
[Q ACK] sent=1

# HOST CMD 2 0 2 0 2
[Q COMMAND] CMD 2 0 2 0 2
[Q ACK] sent=1

# HOST CMD 38 0 2 0 2
[Q COMMAND] CMD 38 0 2 0 2
[Q ACK] sent=1

# HOST CMD 2 0 3 0 3
[Q COMMAND] CMD 2 0 3 0 3
[Q ACK] sent=1

# HOST CMD 38 0 3 0 3
[Q COMMAND] CMD 38 0 3 0 3
[Q ACK] sent=1

# HOST CMD 2 0 4 0 4
[Q COMMAND] CMD 2 0 4 0 4
[Q ACK] sent=1

# HOST CMD 38 0 0 0 4
[Q COMMAND] CMD 38 0 0 0 4
[Q ACK] sent=1

# HOST CMD 2 0 5 0 5
[Q COMMAND] CMD 2 0 5 0 5
[Q ACK] sent=1

# HOST CMD 38 0 1 0 5
[Q COMMAND] CMD 38 0 1 0 5
[Q ACK] sent=1

# HOST CMD 2 0 6 0 6
[Q COMMAND] CMD 2 0 6 0 6
[Q ACK] sent=1

# HOST CMD 38 0 2 0 6
[Q COMMAND] CMD 38 0 2 0 6
[Q ACK] sent=1

# HOST CMD 2 0 7 0 7
[Q COMMAND] CMD 2 0 7 0 7
[Q ACK] sent=1

# HOST CMD 38 0 3 0 7
[Q COMMAND] CMD 38 0 3 0 7
[Q ACK] sent=1

# HOST CMD 2 0 8 0 8
[Q COMMAND] CMD 2 0 8 0 8
[Q ACK] sent=1

# HOST CMD 38 0 0 0 8
[Q COMMAND] CMD 38 0 0 0 8
[Q ACK] sent=1

# HOST CMD 2 0 9 0 9
[Q COMMAND] CMD 2 0 9 0 9
[Q ACK] sent=1

# HOST CMD 38 0 1 0 9
[Q COMMAND] CMD 38 0 1 0 9
[Q ACK] sent=1

# HOST CMD 2 0 10 0 10
[Q COMMAND] CMD 2 0 10 0 10
[Q ACK] sent=1

# HOST CMD 38 0 2 0 10
[Q COMMAND] CMD 38 0 2 0 10
[Q ACK] sent=1

# HOST CMD 2 0 11 0 11
[Q COMMAND] CMD 2 0 11 0 11
[Q ACK] sent=1

# HOST CMD 38 0 3 0 11
[Q COMMAND] CMD 38 0 3 0 11
[Q ACK] sent=1

# HOST CMD 2 0 12 0 12
[Q COMMAND] CMD 2 0 12 0 12
[Q ACK] sent=1

# HOST CMD 38 0 0 0 12
[Q COMMAND] CMD 38 0 0 0 12
[Q ACK] sent=1

# HOST CMD 2 0 13 0 13
[Q COMMAND] CMD 2 0 13 0 13
[Q ACK] sent=1

# HOST CMD 38 0 1 0 13
[Q COMMAND] CMD 38 0 1 0 13
[Q ACK] sent=1

# HOST CMD 2 0 14 0 14
[Q COMMAND] CMD 2 0 14 0 14
[Q ACK] sent=1

# HOST CMD 38 0 2 0 14
[Q COMMAND] CMD 38 0 2 0 14
[Q ACK] sent=1

# HOST CMD 2 0 15 0 15
[Q COMMAND] CMD 2 0 15 0 15
[Q ACK] sent=1

# HOST CMD 38 0 3 0 15
[Q COMMAND] CMD 38 0 3 0 15
[Q ACK] sent=1

# HOST CMD 10 1 0 0 0
[Q COMMAND] CMD 10 1 0 0 0
[Q ACK] sent=1

# HOST CMD 12 1 0 0 0
[Q COMMAND] CMD 12 1 0 0 0
[Q ACK] sent=1

# HOST CMD 47 1 0 0 0
[Q COMMAND] CMD 47 1 0 0 0
[Q ACK] sent=1

# HOST CMD 2 1 0 0 0
[Q COMMAND] CMD 2 1 0 0 0
[Q ACK] sent=1

# HOST CMD 38 1 0 0 0
[Q COMMAND] CMD 38 1 0 0 0
[Q ACK] sent=1

# HOST CMD 2 1 1 0 1
[Q COMMAND] CMD 2 1 1 0 1
[Q ACK] sent=1

# HOST CMD 38 1 1 0 1
[Q COMMAND] CMD 38 1 1 0 1
[Q ACK] sent=1

# HOST CMD 2 1 2 0 2
[Q COMMAND] CMD 2 1 2 0 2
[Q ACK] sent=1

# HOST CMD 38 1 2 0 2
[Q COMMAND] CMD 38 1 2 0 2
[Q ACK] sent=1

# HOST CMD 2 1 3 0 3
[Q COMMAND] CMD 2 1 3 0 3
[Q ACK] sent=1

# HOST CMD 38 1 3 0 3
[Q COMMAND] CMD 38 1 3 0 3
[Q ACK] sent=1

# HOST CMD 2 1 4 0 4
[Q COMMAND] CMD 2 1 4 0 4
[Q ACK] sent=1

# HOST CMD 38 1 0 0 4
[Q COMMAND] CMD 38 1 0 0 4
[Q ACK] sent=1

# HOST CMD 2 1 5 0 5
[Q COMMAND] CMD 2 1 5 0 5
[Q ACK] sent=1

# HOST CMD 38 1 1 0 5
[Q COMMAND] CMD 38 1 1 0 5
[Q ACK] sent=1

# HOST CMD 2 1 6 0 6
[Q COMMAND] CMD 2 1 6 0 6
[Q ACK] sent=1

# HOST CMD 38 1 2 0 6
[Q COMMAND] CMD 38 1 2 0 6
[Q ACK] sent=1

# HOST CMD 2 1 7 0 7
[Q COMMAND] CMD 2 1 7 0 7
[Q ACK] sent=1

# HOST CMD 38 1 3 0 7
[Q COMMAND] CMD 38 1 3 0 7
[Q ACK] sent=1

# HOST CMD 2 1 8 0 8
[Q COMMAND] CMD 2 1 8 0 8
[Q ACK] sent=1

# HOST CMD 38 1 0 0 8
[Q COMMAND] CMD 38 1 0 0 8
[Q ACK] sent=1

# HOST CMD 2 1 9 0 9
[Q COMMAND] CMD 2 1 9 0 9
[Q ACK] sent=1

# HOST CMD 38 1 1 0 9
[Q COMMAND] CMD 38 1 1 0 9
[Q ACK] sent=1

# HOST CMD 2 1 10 0 10
[Q COMMAND] CMD 2 1 10 0 10
[Q ACK] sent=1

# HOST CMD 38 1 2 0 10
[Q COMMAND] CMD 38 1 2 0 10
[Q ACK] sent=1

# HOST CMD 2 1 11 0 11
[Q COMMAND] CMD 2 1 11 0 11
[Q ACK] sent=1

# HOST CMD 38 1 3 0 11
[Q COMMAND] CMD 38 1 3 0 11
[Q ACK] sent=1

# HOST CMD 2 1 12 0 12
[Q COMMAND] CMD 2 1 12 0 12
[Q ACK] sent=1

# HOST CMD 38 1 0 0 12
[Q COMMAND] CMD 38 1 0 0 12
[Q ACK] sent=1

# HOST CMD 2 1 13 0 13
[Q COMMAND] CMD 2 1 13 0 13
[Q ACK] sent=1

# HOST CMD 38 1 1 0 13
[Q COMMAND] CMD 38 1 1 0 13
[Q ACK] sent=1

# HOST CMD 2 1 14 0 14
[Q COMMAND] CMD 2 1 14 0 14
[Q ACK] sent=1

# HOST CMD 38 1 2 0 14
[Q COMMAND] CMD 38 1 2 0 14
[Q ACK] sent=1

# HOST CMD 2 1 15 0 15
[Q COMMAND] CMD 2 1 15 0 15
[Q ACK] sent=1

# HOST CMD 38 1 3 0 15
[Q COMMAND] CMD 38 1 3 0 15
[Q ACK] sent=1

# HOST CMD 10 2 0 0 0
[Q COMMAND] CMD 10 2 0 0 0
[Q ACK] sent=1

# HOST CMD 12 2 0 0 0
[Q COMMAND] CMD 12 2 0 0 0
[Q ACK] sent=1

# HOST CMD 47 2 0 0 0
[Q COMMAND] CMD 47 2 0 0 0
[Q ACK] sent=1

# HOST CMD 2 2 0 0 0
[Q COMMAND] CMD 2 2 0 0 0
[Q ACK] sent=1

# HOST CMD 38 2 0 0 0
[Q COMMAND] CMD 38 2 0 0 0
[Q ACK] sent=1

# HOST CMD 2 2 1 0 1
[Q COMMAND] CMD 2 2 1 0 1
[Q ACK] sent=1

# HOST CMD 38 2 1 0 1
[Q COMMAND] CMD 38 2 1 0 1
[Q ACK] sent=1

# HOST CMD 2 2 2 0 2
[Q COMMAND] CMD 2 2 2 0 2
[Q ACK] sent=1

# HOST CMD 38 2 2 0 2
[Q COMMAND] CMD 38 2 2 0 2
[Q ACK] sent=1

# HOST CMD 2 2 3 0 3
[Q COMMAND] CMD 2 2 3 0 3
[Q ACK] sent=1

# HOST CMD 38 2 3 0 3
[Q COMMAND] CMD 38 2 3 0 3
[Q ACK] sent=1

# HOST CMD 2 2 4 0 4
[Q COMMAND] CMD 2 2 4 0 4
[Q ACK] sent=1

# HOST CMD 38 2 0 0 4
[Q COMMAND] CMD 38 2 0 0 4
[Q ACK] sent=1

# HOST CMD 2 2 5 0 5
[Q COMMAND] CMD 2 2 5 0 5
[Q ACK] sent=1

# HOST CMD 38 2 1 0 5
[Q COMMAND] CMD 38 2 1 0 5
[Q ACK] sent=1

# HOST CMD 2 2 6 0 6
[Q COMMAND] CMD 2 2 6 0 6
[Q ACK] sent=1

# HOST CMD 38 2 2 0 6
[Q COMMAND] CMD 38 2 2 0 6
[Q ACK] sent=1

# HOST CMD 2 2 7 0 7
[Q COMMAND] CMD 2 2 7 0 7
[Q ACK] sent=1

# HOST CMD 38 2 3 0 7
[Q COMMAND] CMD 38 2 3 0 7
[Q ACK] sent=1

# HOST CMD 2 2 8 0 8
[Q COMMAND] CMD 2 2 8 0 8
[Q ACK] sent=1

# HOST CMD 38 2 0 0 8
[Q COMMAND] CMD 38 2 0 0 8
[Q ACK] sent=1

# HOST CMD 2 2 9 0 9
[Q COMMAND] CMD 2 2 9 0 9
[Q ACK] sent=1

# HOST CMD 38 2 1 0 9
[Q COMMAND] CMD 38 2 1 0 9
[Q ACK] sent=1

# HOST CMD 2 2 10 0 10
[Q COMMAND] CMD 2 2 10 0 10
[Q ACK] sent=1

# HOST CMD 38 2 2 0 10
[Q COMMAND] CMD 38 2 2 0 10
[Q ACK] sent=1

# HOST CMD 2 2 11 0 11
[Q COMMAND] CMD 2 2 11 0 11
[Q ACK] sent=1

# HOST CMD 38 2 3 0 11
[Q COMMAND] CMD 38 2 3 0 11
[Q ACK] sent=1

# HOST CMD 2 2 12 0 12
[Q COMMAND] CMD 2 2 12 0 12
[Q ACK] sent=1

# HOST CMD 38 2 0 0 12
[Q COMMAND] CMD 38 2 0 0 12
[Q ACK] sent=1

# HOST CMD 2 2 13 0 13
[Q COMMAND] CMD 2 2 13 0 13
[Q ACK] sent=1

# HOST CMD 38 2 1 0 13
[Q COMMAND] CMD 38 2 1 0 13
[Q ACK] sent=1

# HOST CMD 2 2 14 0 14
[Q COMMAND] CMD 2 2 14 0 14
[Q ACK] sent=1

# HOST CMD 38 2 2 0 14
[Q COMMAND] CMD 38 2 2 0 14
[Q ACK] sent=1

# HOST CMD 2 2 15 0 15
[Q COMMAND] CMD 2 2 15 0 15
[Q ACK] sent=1

# HOST CMD 38 2 3 0 15
[Q COMMAND] CMD 38 2 3 0 15
[Q ACK] sent=1

# HOST CMD 10 3 0 0 0
[Q COMMAND] CMD 10 3 0 0 0
[Q ACK] sent=1

# HOST CMD 12 3 0 0 0
[Q COMMAND] CMD 12 3 0 0 0
[Q ACK] sent=1

# HOST CMD 47 3 0 0 0
[Q COMMAND] CMD 47 3 0 0 0
[Q ACK] sent=1

# HOST CMD 2 3 0 0 0
[Q COMMAND] CMD 2 3 0 0 0
[Q ACK] sent=1

# HOST CMD 38 3 0 0 0
[Q COMMAND] CMD 38 3 0 0 0
[Q ACK] sent=1

# HOST CMD 2 3 1 0 1
[Q COMMAND] CMD 2 3 1 0 1
[Q ACK] sent=1

# HOST CMD 38 3 1 0 1
[Q COMMAND] CMD 38 3 1 0 1
[Q ACK] sent=1

# HOST CMD 2 3 2 0 2
[Q COMMAND] CMD 2 3 2 0 2
[Q ACK] sent=1

# HOST CMD 38 3 2 0 2
[Q COMMAND] CMD 38 3 2 0 2
[Q ACK] sent=1

# HOST CMD 2 3 3 0 3
[Q COMMAND] CMD 2 3 3 0 3
[Q ACK] sent=1

# HOST CMD 38 3 3 0 3
[Q COMMAND] CMD 38 3 3 0 3
[Q ACK] sent=1

# HOST CMD 2 3 4 0 4
[Q COMMAND] CMD 2 3 4 0 4
[Q ACK] sent=1

# HOST CMD 38 3 0 0 4
[Q COMMAND] CMD 38 3 0 0 4
[Q ACK] sent=1

# HOST CMD 2 3 5 0 5
[Q COMMAND] CMD 2 3 5 0 5
[Q ACK] sent=1

# HOST CMD 38 3 1 0 5
[Q COMMAND] CMD 38 3 1 0 5
[Q ACK] sent=1

# HOST CMD 2 3 6 0 6
[Q COMMAND] CMD 2 3 6 0 6
[Q ACK] sent=1

# HOST CMD 38 3 2 0 6
[Q COMMAND] CMD 38 3 2 0 6
[Q ACK] sent=1

# HOST CMD 2 3 7 0 7
[Q COMMAND] CMD 2 3 7 0 7
[Q ACK] sent=1

# HOST CMD 38 3 3 0 7
[Q COMMAND] CMD 38 3 3 0 7
[Q ACK] sent=1

# HOST CMD 2 3 8 0 8
[Q COMMAND] CMD 2 3 8 0 8
[Q ACK] sent=1

# HOST CMD 38 3 0 0 8
[Q COMMAND] CMD 38 3 0 0 8
[Q ACK] sent=1

# HOST CMD 2 3 9 0 9
[Q COMMAND] CMD 2 3 9 0 9
[Q ACK] sent=1

# HOST CMD 38 3 1 0 9
[Q COMMAND] CMD 38 3 1 0 9
[Q ACK] sent=1

# HOST CMD 2 3 10 0 10
[Q COMMAND] CMD 2 3 10 0 10
[Q ACK] sent=1

# HOST CMD 38 3 2 0 10
[Q COMMAND] CMD 38 3 2 0 10
[Q ACK] sent=1

# HOST CMD 2 3 11 0 11
[Q COMMAND] CMD 2 3 11 0 11
[Q ACK] sent=1

# HOST CMD 38 3 3 0 11
[Q COMMAND] CMD 38 3 3 0 11
[Q ACK] sent=1

# HOST CMD 2 3 12 0 12
[Q COMMAND] CMD 2 3 12 0 12
[Q ACK] sent=1

# HOST CMD 38 3 0 0 12
[Q COMMAND] CMD 38 3 0 0 12
[Q ACK] sent=1

# HOST CMD 2 3 13 0 13
[Q COMMAND] CMD 2 3 13 0 13
[Q ACK] sent=1

# HOST CMD 38 3 1 0 13
[Q COMMAND] CMD 38 3 1 0 13
[Q ACK] sent=1

# HOST CMD 2 3 14 0 14
[Q COMMAND] CMD 2 3 14 0 14
[Q ACK] sent=1

# HOST CMD 38 3 2 0 14
[Q COMMAND] CMD 38 3 2 0 14
[Q ACK] sent=1

# HOST CMD 2 3 15 0 15
[Q COMMAND] CMD 2 3 15 0 15
[Q ACK] sent=1

# HOST CMD 38 3 3 0 15
[Q COMMAND] CMD 38 3 3 0 15
[Q ACK] sent=1

# HOST CMD 10 4 0 0 0
[Q COMMAND] CMD 10 4 0 0 0
[Q ACK] sent=1

# HOST CMD 12 4 0 0 0
[Q COMMAND] CMD 12 4 0 0 0
[Q ACK] sent=1

# HOST CMD 47 4 0 0 0
[Q COMMAND] CMD 47 4 0 0 0
[Q ACK] sent=1

# HOST CMD 2 4 0 0 0
[Q COMMAND] CMD 2 4 0 0 0
[Q ACK] sent=1

# HOST CMD 38 4 0 0 0
[Q COMMAND] CMD 38 4 0 0 0
[Q ACK] sent=1

# HOST CMD 2 4 1 0 1
[Q COMMAND] CMD 2 4 1 0 1
[Q ACK] sent=1

# HOST CMD 38 4 1 0 1
[Q COMMAND] CMD 38 4 1 0 1
[Q ACK] sent=1

# HOST CMD 2 4 2 0 2
[Q COMMAND] CMD 2 4 2 0 2
[Q ACK] sent=1

# HOST CMD 38 4 2 0 2
[Q COMMAND] CMD 38 4 2 0 2
[Q ACK] sent=1

# HOST CMD 2 4 3 0 3
[Q COMMAND] CMD 2 4 3 0 3
[Q ACK] sent=1

# HOST CMD 38 4 3 0 3
[Q COMMAND] CMD 38 4 3 0 3
[Q ACK] sent=1

# HOST CMD 2 4 4 0 4
[Q COMMAND] CMD 2 4 4 0 4
[Q ACK] sent=1

# HOST CMD 38 4 0 0 4
[Q COMMAND] CMD 38 4 0 0 4
[Q ACK] sent=1

# HOST CMD 2 4 5 0 5
[Q COMMAND] CMD 2 4 5 0 5
[Q ACK] sent=1

# HOST CMD 38 4 1 0 5
[Q COMMAND] CMD 38 4 1 0 5
[Q ACK] sent=1

# HOST CMD 2 4 6 0 6
[Q COMMAND] CMD 2 4 6 0 6
[Q ACK] sent=1

# HOST CMD 38 4 2 0 6
[Q COMMAND] CMD 38 4 2 0 6
[Q ACK] sent=1

# HOST CMD 2 4 7 0 7
[Q COMMAND] CMD 2 4 7 0 7
[Q ACK] sent=1

# HOST CMD 38 4 3 0 7
[Q COMMAND] CMD 38 4 3 0 7
[Q ACK] sent=1

# HOST CMD 2 4 8 0 8
[Q COMMAND] CMD 2 4 8 0 8
[Q ACK] sent=1

# HOST CMD 38 4 0 0 8
[Q COMMAND] CMD 38 4 0 0 8
[Q ACK] sent=1

# HOST CMD 2 4 9 0 9
[Q COMMAND] CMD 2 4 9 0 9
[Q ACK] sent=1

# HOST CMD 38 4 1 0 9
[Q COMMAND] CMD 38 4 1 0 9
[Q ACK] sent=1

# HOST CMD 2 4 10 0 10
[Q COMMAND] CMD 2 4 10 0 10
[Q ACK] sent=1

# HOST CMD 38 4 2 0 10
[Q COMMAND] CMD 38 4 2 0 10
[Q ACK] sent=1

# HOST CMD 2 4 11 0 11
[Q COMMAND] CMD 2 4 11 0 11
[Q ACK] sent=1

# HOST CMD 38 4 3 0 11
[Q COMMAND] CMD 38 4 3 0 11
[Q ACK] sent=1

# HOST CMD 2 4 12 0 12
[Q COMMAND] CMD 2 4 12 0 12
[Q ACK] sent=1

# HOST CMD 38 4 0 0 12
[Q COMMAND] CMD 38 4 0 0 12
[Q ACK] sent=1

# HOST CMD 2 4 13 0 13
[Q COMMAND] CMD 2 4 13 0 13
[Q ACK] sent=1

# HOST CMD 38 4 1 0 13
[Q COMMAND] CMD 38 4 1 0 13
[Q ACK] sent=1

# HOST CMD 2 4 14 0 14
[Q COMMAND] CMD 2 4 14 0 14
[Q ACK] sent=1

# HOST CMD 38 4 2 0 14
[Q COMMAND] CMD 38 4 2 0 14
[Q ACK] sent=1

# HOST CMD 2 4 15 0 15
[Q COMMAND] CMD 2 4 15 0 15
[Q ACK] sent=1

# HOST CMD 38 4 3 0 15
[Q COMMAND] CMD 38 4 3 0 15
[Q ACK] sent=1

# HOST CMD 10 5 0 0 0
[Q COMMAND] CMD 10 5 0 0 0
[Q ACK] sent=1

# HOST CMD 12 5 0 0 0
[Q COMMAND] CMD 12 5 0 0 0
[Q ACK] sent=1

# HOST CMD 47 5 0 0 0
[Q COMMAND] CMD 47 5 0 0 0
[Q ACK] sent=1

# HOST CMD 2 5 0 0 0
[Q COMMAND] CMD 2 5 0 0 0
[Q ACK] sent=1

# HOST CMD 38 5 0 0 0
[Q COMMAND] CMD 38 5 0 0 0
[Q ACK] sent=1

# HOST CMD 2 5 1 0 1
[Q COMMAND] CMD 2 5 1 0 1
[Q ACK] sent=1

# HOST CMD 38 5 1 0 1
[Q COMMAND] CMD 38 5 1 0 1
[Q ACK] sent=1

# HOST CMD 2 5 2 0 2
[Q COMMAND] CMD 2 5 2 0 2
[Q ACK] sent=1

# HOST CMD 38 5 2 0 2
[Q COMMAND] CMD 38 5 2 0 2
[Q ACK] sent=1

# HOST CMD 2 5 3 0 3
[Q COMMAND] CMD 2 5 3 0 3
[Q ACK] sent=1

# HOST CMD 38 5 3 0 3
[Q COMMAND] CMD 38 5 3 0 3
[Q ACK] sent=1

# HOST CMD 2 5 4 0 4
[Q COMMAND] CMD 2 5 4 0 4
[Q ACK] sent=1

# HOST CMD 38 5 0 0 4
[Q COMMAND] CMD 38 5 0 0 4
[Q ACK] sent=1

# HOST CMD 2 5 5 0 5
[Q COMMAND] CMD 2 5 5 0 5
[Q ACK] sent=1

# HOST CMD 38 5 1 0 5
[Q COMMAND] CMD 38 5 1 0 5
[Q ACK] sent=1

# HOST CMD 2 5 6 0 6
[Q COMMAND] CMD 2 5 6 0 6
[Q ACK] sent=1

# HOST CMD 38 5 2 0 6
[Q COMMAND] CMD 38 5 2 0 6
[Q ACK] sent=1

# HOST CMD 2 5 7 0 7
[Q COMMAND] CMD 2 5 7 0 7
[Q ACK] sent=1

# HOST CMD 38 5 3 0 7
[Q COMMAND] CMD 38 5 3 0 7
[Q ACK] sent=1

# HOST CMD 2 5 8 0 8
[Q COMMAND] CMD 2 5 8 0 8
[Q ACK] sent=1

# HOST CMD 38 5 0 0 8
[Q COMMAND] CMD 38 5 0 0 8
[Q ACK] sent=1

# HOST CMD 2 5 9 0 9
[Q COMMAND] CMD 2 5 9 0 9
[Q ACK] sent=1

# HOST CMD 38 5 1 0 9
[Q COMMAND] CMD 38 5 1 0 9
[Q ACK] sent=1

# HOST CMD 2 5 10 0 10
[Q COMMAND] CMD 2 5 10 0 10
[Q ACK] sent=1

# HOST CMD 38 5 2 0 10
[Q COMMAND] CMD 38 5 2 0 10
[Q ACK] sent=1

# HOST CMD 2 5 11 0 11
[Q COMMAND] CMD 2 5 11 0 11
[Q ACK] sent=1

# HOST CMD 38 5 3 0 11
[Q COMMAND] CMD 38 5 3 0 11
[Q ACK] sent=1

# HOST CMD 2 5 12 0 12
[Q COMMAND] CMD 2 5 12 0 12
[Q ACK] sent=1

# HOST CMD 38 5 0 0 12
[Q COMMAND] CMD 38 5 0 0 12
[Q ACK] sent=1

# HOST CMD 2 5 13 0 13
[Q COMMAND] CMD 2 5 13 0 13
[Q ACK] sent=1

# HOST CMD 38 5 1 0 13
[Q COMMAND] CMD 38 5 1 0 13
[Q ACK] sent=1

# HOST CMD 2 5 14 0 14
[Q COMMAND] CMD 2 5 14 0 14
[Q ACK] sent=1

# HOST CMD 38 5 2 0 14
[Q COMMAND] CMD 38 5 2 0 14
[Q ACK] sent=1

# HOST CMD 2 5 15 0 15
[Q COMMAND] CMD 2 5 15 0 15
[Q ACK] sent=1

# HOST CMD 38 5 3 0 15
[Q COMMAND] CMD 38 5 3 0 15
[Q ACK] sent=1

# HOST CMD 10 6 0 0 0
[Q COMMAND] CMD 10 6 0 0 0
[Q ACK] sent=1

# HOST CMD 12 6 0 0 0
[Q COMMAND] CMD 12 6 0 0 0
[Q ACK] sent=1

# HOST CMD 47 6 0 0 0
[Q COMMAND] CMD 47 6 0 0 0
[Q ACK] sent=1

# HOST CMD 2 6 0 0 0
[Q COMMAND] CMD 2 6 0 0 0
[Q ACK] sent=1

# HOST CMD 38 6 0 0 0
[Q COMMAND] CMD 38 6 0 0 0
[Q ACK] sent=1

# HOST CMD 2 6 1 0 1
[Q COMMAND] CMD 2 6 1 0 1
[Q ACK] sent=1

# HOST CMD 38 6 1 0 1
[Q COMMAND] CMD 38 6 1 0 1
[Q ACK] sent=1

# HOST CMD 2 6 2 0 2
[Q COMMAND] CMD 2 6 2 0 2
[Q ACK] sent=1

# HOST CMD 38 6 2 0 2
[Q COMMAND] CMD 38 6 2 0 2
[Q ACK] sent=1

# HOST CMD 2 6 3 0 3
[Q COMMAND] CMD 2 6 3 0 3
[Q ACK] sent=1

# HOST CMD 38 6 3 0 3
[Q COMMAND] CMD 38 6 3 0 3
[Q ACK] sent=1

# HOST CMD 2 6 4 0 4
[Q COMMAND] CMD 2 6 4 0 4
[Q ACK] sent=1

# HOST CMD 38 6 0 0 4
[Q COMMAND] CMD 38 6 0 0 4
[Q ACK] sent=1

# HOST CMD 2 6 5 0 5
[Q COMMAND] CMD 2 6 5 0 5
[Q ACK] sent=1

# HOST CMD 38 6 1 0 5
[Q COMMAND] CMD 38 6 1 0 5
[Q ACK] sent=1

# HOST CMD 2 6 6 0 6
[Q COMMAND] CMD 2 6 6 0 6
[Q ACK] sent=1

# HOST CMD 38 6 2 0 6
[Q COMMAND] CMD 38 6 2 0 6
[Q ACK] sent=1

# HOST CMD 2 6 7 0 7
[Q COMMAND] CMD 2 6 7 0 7
[Q ACK] sent=1

# HOST CMD 38 6 3 0 7
[Q COMMAND] CMD 38 6 3 0 7
[Q ACK] sent=1

# HOST CMD 2 6 8 0 8
[Q COMMAND] CMD 2 6 8 0 8
[Q ACK] sent=1

# HOST CMD 38 6 0 0 8
[Q COMMAND] CMD 38 6 0 0 8
[Q ACK] sent=1

# HOST CMD 2 6 9 0 9
[Q COMMAND] CMD 2 6 9 0 9
[Q ACK] sent=1

# HOST CMD 38 6 1 0 9
[Q COMMAND] CMD 38 6 1 0 9
[Q ACK] sent=1

# HOST CMD 2 6 10 0 10
[Q COMMAND] CMD 2 6 10 0 10
[Q ACK] sent=1

# HOST CMD 38 6 2 0 10
[Q COMMAND] CMD 38 6 2 0 10
[Q ACK] sent=1

# HOST CMD 2 6 11 0 11
[Q COMMAND] CMD 2 6 11 0 11
[Q ACK] sent=1

# HOST CMD 38 6 3 0 11
[Q COMMAND] CMD 38 6 3 0 11
[Q ACK] sent=1

# HOST CMD 2 6 12 0 12
[Q COMMAND] CMD 2 6 12 0 12
[Q ACK] sent=1

# HOST CMD 38 6 0 0 12
[Q COMMAND] CMD 38 6 0 0 12
[Q ACK] sent=1

# HOST CMD 2 6 13 0 13
[Q COMMAND] CMD 2 6 13 0 13
[Q ACK] sent=1

# HOST CMD 38 6 1 0 13
[Q COMMAND] CMD 38 6 1 0 13
[Q ACK] sent=1

# HOST CMD 2 6 14 0 14
[Q COMMAND] CMD 2 6 14 0 14
[Q ACK] sent=1

# HOST CMD 38 6 2 0 14
[Q COMMAND] CMD 38 6 2 0 14
[Q ACK] sent=1

# HOST CMD 2 6 15 0 15
[Q COMMAND] CMD 2 6 15 0 15
[Q ACK] sent=1

# HOST CMD 38 6 3 0 15
[Q COMMAND] CMD 38 6 3 0 15
[Q ACK] sent=1

# HOST CMD 10 7 0 0 0
[Q COMMAND] CMD 10 7 0 0 0
[Q ACK] sent=1

# HOST CMD 12 7 0 0 0
[Q COMMAND] CMD 12 7 0 0 0
[Q ACK] sent=1

# HOST CMD 47 7 0 0 0
[Q COMMAND] CMD 47 7 0 0 0
[Q ACK] sent=1

# HOST CMD 2 7 0 0 0
[Q COMMAND] CMD 2 7 0 0 0
[Q ACK] sent=1

# HOST CMD 38 7 0 0 0
[Q COMMAND] CMD 38 7 0 0 0
[Q ACK] sent=1

# HOST CMD 2 7 1 0 1
[Q COMMAND] CMD 2 7 1 0 1
[Q ACK] sent=1

# HOST CMD 38 7 1 0 1
[Q COMMAND] CMD 38 7 1 0 1
[Q ACK] sent=1

# HOST CMD 2 7 2 0 2
[Q COMMAND] CMD 2 7 2 0 2
[Q ACK] sent=1

# HOST CMD 38 7 2 0 2
[Q COMMAND] CMD 38 7 2 0 2
[Q ACK] sent=1

# HOST CMD 2 7 3 0 3
[Q COMMAND] CMD 2 7 3 0 3
[Q ACK] sent=1

# HOST CMD 38 7 3 0 3
[Q COMMAND] CMD 38 7 3 0 3
[Q ACK] sent=1

# HOST CMD 2 7 4 0 4
[Q COMMAND] CMD 2 7 4 0 4
[Q ACK] sent=1

# HOST CMD 38 7 0 0 4
[Q COMMAND] CMD 38 7 0 0 4
[Q ACK] sent=1

# HOST CMD 2 7 5 0 5
[Q COMMAND] CMD 2 7 5 0 5
[Q ACK] sent=1

# HOST CMD 38 7 1 0 5
[Q COMMAND] CMD 38 7 1 0 5
[Q ACK] sent=1

# HOST CMD 2 7 6 0 6
[Q COMMAND] CMD 2 7 6 0 6
[Q ACK] sent=1

# HOST CMD 38 7 2 0 6
[Q COMMAND] CMD 38 7 2 0 6
[Q ACK] sent=1

# HOST CMD 2 7 7 0 7
[Q COMMAND] CMD 2 7 7 0 7
[Q ACK] sent=1

# HOST CMD 38 7 3 0 7
[Q COMMAND] CMD 38 7 3 0 7
[Q ACK] sent=1

# HOST CMD 2 7 8 0 8
[Q COMMAND] CMD 2 7 8 0 8
[Q ACK] sent=1

# HOST CMD 38 7 0 0 8
[Q COMMAND] CMD 38 7 0 0 8
[Q ACK] sent=1

# HOST CMD 2 7 9 0 9
[Q COMMAND] CMD 2 7 9 0 9
[Q ACK] sent=1

# HOST CMD 38 7 1 0 9
[Q COMMAND] CMD 38 7 1 0 9
[Q ACK] sent=1

# HOST CMD 2 7 10 0 10
[Q COMMAND] CMD 2 7 10 0 10
[Q ACK] sent=1

# HOST CMD 38 7 2 0 10
[Q COMMAND] CMD 38 7 2 0 10
[Q ACK] sent=1

# HOST CMD 2 7 11 0 11
[Q COMMAND] CMD 2 7 11 0 11
[Q ACK] sent=1

# HOST CMD 38 7 3 0 11
[Q COMMAND] CMD 38 7 3 0 11
[Q ACK] sent=1

# HOST CMD 2 7 12 0 12
[Q COMMAND] CMD 2 7 12 0 12
[Q ACK] sent=1

# HOST CMD 38 7 0 0 12
[Q COMMAND] CMD 38 7 0 0 12
[Q ACK] sent=1

# HOST CMD 2 7 13 0 13
[Q COMMAND] CMD 2 7 13 0 13
[Q ACK] sent=1

# HOST CMD 38 7 1 0 13
[Q COMMAND] CMD 38 7 1 0 13
[Q ACK] sent=1

# HOST CMD 2 7 14 0 14
[Q COMMAND] CMD 2 7 14 0 14
[Q ACK] sent=1

# HOST CMD 38 7 2 0 14
[Q COMMAND] CMD 38 7 2 0 14
[Q ACK] sent=1

# HOST CMD 2 7 15 0 15
[Q COMMAND] CMD 2 7 15 0 15
[Q ACK] sent=1

# HOST CMD 38 7 3 0 15
[Q COMMAND] CMD 38 7 3 0 15
[Q ACK] sent=1

# HOST CMD 10 8 0 0 0
[Q COMMAND] CMD 10 8 0 0 0
[Q ACK] sent=1

# HOST CMD 12 8 0 0 0
[Q COMMAND] CMD 12 8 0 0 0
[Q ACK] sent=1

# HOST CMD 47 8 0 0 0
[Q COMMAND] CMD 47 8 0 0 0
[Q ACK] sent=1

# HOST CMD 2 8 0 0 0
[Q COMMAND] CMD 2 8 0 0 0
[Q ACK] sent=1

# HOST CMD 38 8 0 0 0
[Q COMMAND] CMD 38 8 0 0 0
[Q ACK] sent=1

# HOST CMD 2 8 1 0 1
[Q COMMAND] CMD 2 8 1 0 1
[Q ACK] sent=1

# HOST CMD 38 8 1 0 1
[Q COMMAND] CMD 38 8 1 0 1
[Q ACK] sent=1

# HOST CMD 2 8 2 0 2
[Q COMMAND] CMD 2 8 2 0 2
[Q ACK] sent=1

# HOST CMD 38 8 2 0 2
[Q COMMAND] CMD 38 8 2 0 2
[Q ACK] sent=1

# HOST CMD 2 8 3 0 3
[Q COMMAND] CMD 2 8 3 0 3
[Q ACK] sent=1

# HOST CMD 38 8 3 0 3
[Q COMMAND] CMD 38 8 3 0 3
[Q ACK] sent=1

# HOST CMD 2 8 4 0 4
[Q COMMAND] CMD 2 8 4 0 4
[Q ACK] sent=1

# HOST CMD 38 8 0 0 4
[Q COMMAND] CMD 38 8 0 0 4
[Q ACK] sent=1

# HOST CMD 2 8 5 0 5
[Q COMMAND] CMD 2 8 5 0 5
[Q ACK] sent=1

# HOST CMD 38 8 1 0 5
[Q COMMAND] CMD 38 8 1 0 5
[Q ACK] sent=1

# HOST CMD 2 8 6 0 6
[Q COMMAND] CMD 2 8 6 0 6
[Q ACK] sent=1

# HOST CMD 38 8 2 0 6
[Q COMMAND] CMD 38 8 2 0 6
[Q ACK] sent=1

# HOST CMD 2 8 7 0 7
[Q COMMAND] CMD 2 8 7 0 7
[Q ACK] sent=1

# HOST CMD 38 8 3 0 7
[Q COMMAND] CMD 38 8 3 0 7
[Q ACK] sent=1

# HOST CMD 2 8 8 0 8
[Q COMMAND] CMD 2 8 8 0 8
[Q ACK] sent=1

# HOST CMD 38 8 0 0 8
[Q COMMAND] CMD 38 8 0 0 8
[Q ACK] sent=1

# HOST CMD 2 8 9 0 9
[Q COMMAND] CMD 2 8 9 0 9
[Q ACK] sent=1

# HOST CMD 38 8 1 0 9
[Q COMMAND] CMD 38 8 1 0 9
[Q ACK] sent=1

# HOST CMD 2 8 10 0 10
[Q COMMAND] CMD 2 8 10 0 10
[Q ACK] sent=1

# HOST CMD 38 8 2 0 10
[Q COMMAND] CMD 38 8 2 0 10
[Q ACK] sent=1

# HOST CMD 2 8 11 0 11
[Q COMMAND] CMD 2 8 11 0 11
[Q ACK] sent=1

# HOST CMD 38 8 3 0 11
[Q COMMAND] CMD 38 8 3 0 11
[Q ACK] sent=1

# HOST CMD 2 8 12 0 12
[Q COMMAND] CMD 2 8 12 0 12
[Q ACK] sent=1

# HOST CMD 38 8 0 0 12
[Q COMMAND] CMD 38 8 0 0 12
[Q ACK] sent=1

# HOST CMD 2 8 13 0 13
[Q COMMAND] CMD 2 8 13 0 13
[Q ACK] sent=1

# HOST CMD 38 8 1 0 13
[Q COMMAND] CMD 38 8 1 0 13
[Q ACK] sent=1

# HOST CMD 2 8 14 0 14
[Q COMMAND] CMD 2 8 14 0 14
[Q ACK] sent=1

# HOST CMD 38 8 2 0 14
[Q COMMAND] CMD 38 8 2 0 14
[Q ACK] sent=1

# HOST CMD 2 8 15 0 15
[Q COMMAND] CMD 2 8 15 0 15
[Q ACK] sent=1

# HOST CMD 38 8 3 0 15
[Q COMMAND] CMD 38 8 3 0 15
[Q ACK] sent=1

# HOST CMD 10 9 0 0 0
[Q COMMAND] CMD 10 9 0 0 0
[Q ACK] sent=1

# HOST CMD 12 9 0 0 0
[Q COMMAND] CMD 12 9 0 0 0
[Q ACK] sent=1

# HOST CMD 47 9 0 0 0
[Q COMMAND] CMD 47 9 0 0 0
[Q ACK] sent=1

# HOST CMD 2 9 0 0 0
[Q COMMAND] CMD 2 9 0 0 0
[Q ACK] sent=1

# HOST CMD 38 9 0 0 0
[Q COMMAND] CMD 38 9 0 0 0
[Q ACK] sent=1

# HOST CMD 2 9 1 0 1
[Q COMMAND] CMD 2 9 1 0 1
[Q ACK] sent=1

# HOST CMD 38 9 1 0 1
[Q COMMAND] CMD 38 9 1 0 1
[Q ACK] sent=1

# HOST CMD 2 9 2 0 2
[Q COMMAND] CMD 2 9 2 0 2
[Q ACK] sent=1

# HOST CMD 38 9 2 0 2
[Q COMMAND] CMD 38 9 2 0 2
[Q ACK] sent=1

# HOST CMD 2 9 3 0 3
[Q COMMAND] CMD 2 9 3 0 3
[Q ACK] sent=1

# HOST CMD 38 9 3 0 3
[Q COMMAND] CMD 38 9 3 0 3
[Q ACK] sent=1

# HOST CMD 2 9 4 0 4
[Q COMMAND] CMD 2 9 4 0 4
[Q ACK] sent=1

# HOST CMD 38 9 0 0 4
[Q COMMAND] CMD 38 9 0 0 4
[Q ACK] sent=1

# HOST CMD 2 9 5 0 5
[Q COMMAND] CMD 2 9 5 0 5
[Q ACK] sent=1

# HOST CMD 38 9 1 0 5
[Q COMMAND] CMD 38 9 1 0 5
[Q ACK] sent=1

# HOST CMD 2 9 6 0 6
[Q COMMAND] CMD 2 9 6 0 6
[Q ACK] sent=1

# HOST CMD 38 9 2 0 6
[Q COMMAND] CMD 38 9 2 0 6
[Q ACK] sent=1

# HOST CMD 2 9 7 0 7
[Q COMMAND] CMD 2 9 7 0 7
[Q ACK] sent=1

# HOST CMD 38 9 3 0 7
[Q COMMAND] CMD 38 9 3 0 7
[Q ACK] sent=1

# HOST CMD 2 9 8 0 8
[Q COMMAND] CMD 2 9 8 0 8
[Q ACK] sent=1

# HOST CMD 38 9 0 0 8
[Q COMMAND] CMD 38 9 0 0 8
[Q ACK] sent=1

# HOST CMD 2 9 9 0 9
[Q COMMAND] CMD 2 9 9 0 9
[Q ACK] sent=1

# HOST CMD 38 9 1 0 9
[Q COMMAND] CMD 38 9 1 0 9
[Q ACK] sent=1

# HOST CMD 2 9 10 0 10
[Q COMMAND] CMD 2 9 10 0 10
[Q ACK] sent=1

# HOST CMD 38 9 2 0 10
[Q COMMAND] CMD 38 9 2 0 10
[Q ACK] sent=1

# HOST CMD 2 9 11 0 11
[Q COMMAND] CMD 2 9 11 0 11
[Q ACK] sent=1

# HOST CMD 38 9 3 0 11
[Q COMMAND] CMD 38 9 3 0 11
[Q ACK] sent=1

# HOST CMD 2 9 12 0 12
[Q COMMAND] CMD 2 9 12 0 12
[Q ACK] sent=1

# HOST CMD 38 9 0 0 12
[Q COMMAND] CMD 38 9 0 0 12
[Q ACK] sent=1

# HOST CMD 2 9 13 0 13
[Q COMMAND] CMD 2 9 13 0 13
[Q ACK] sent=1

# HOST CMD 38 9 1 0 13
[Q COMMAND] CMD 38 9 1 0 13
[Q ACK] sent=1

# HOST CMD 2 9 14 0 14
[Q COMMAND] CMD 2 9 14 0 14
[Q ACK] sent=1

# HOST CMD 38 9 2 0 14
[Q COMMAND] CMD 38 9 2 0 14
[Q ACK] sent=1

# HOST CMD 2 9 15 0 15
[Q COMMAND] CMD 2 9 15 0 15
[Q ACK] sent=1

# HOST CMD 38 9 3 0 15
[Q COMMAND] CMD 38 9 3 0 15
[Q ACK] sent=1

# HOST CMD 10 10 0 0 0
[Q COMMAND] CMD 10 10 0 0 0
[Q ACK] sent=1

# HOST CMD 12 10 0 0 0
[Q COMMAND] CMD 12 10 0 0 0
[Q ACK] sent=1

# HOST CMD 47 10 0 0 0
[Q COMMAND] CMD 47 10 0 0 0
[Q ACK] sent=1

# HOST CMD 2 10 0 0 0
[Q COMMAND] CMD 2 10 0 0 0
[Q ACK] sent=1

# HOST CMD 38 10 0 0 0
[Q COMMAND] CMD 38 10 0 0 0
[Q ACK] sent=1

# HOST CMD 2 10 1 0 1
[Q COMMAND] CMD 2 10 1 0 1
[Q ACK] sent=1

# HOST CMD 38 10 1 0 1
[Q COMMAND] CMD 38 10 1 0 1
[Q ACK] sent=1

# HOST CMD 2 10 2 0 2
[Q COMMAND] CMD 2 10 2 0 2
[Q ACK] sent=1

# HOST CMD 38 10 2 0 2
[Q COMMAND] CMD 38 10 2 0 2
[Q ACK] sent=1

# HOST CMD 2 10 3 0 3
[Q COMMAND] CMD 2 10 3 0 3
[Q ACK] sent=1

# HOST CMD 38 10 3 0 3
[Q COMMAND] CMD 38 10 3 0 3
[Q ACK] sent=1

# HOST CMD 2 10 4 0 4
[Q COMMAND] CMD 2 10 4 0 4
[Q ACK] sent=1

# HOST CMD 38 10 0 0 4
[Q COMMAND] CMD 38 10 0 0 4
[Q ACK] sent=1

# HOST CMD 2 10 5 0 5
[Q COMMAND] CMD 2 10 5 0 5
[Q ACK] sent=1

# HOST CMD 38 10 1 0 5
[Q COMMAND] CMD 38 10 1 0 5
[Q ACK] sent=1

# HOST CMD 2 10 6 0 6
[Q COMMAND] CMD 2 10 6 0 6
[Q ACK] sent=1

# HOST CMD 38 10 2 0 6
[Q COMMAND] CMD 38 10 2 0 6
[Q ACK] sent=1

# HOST CMD 2 10 7 0 7
[Q COMMAND] CMD 2 10 7 0 7
[Q ACK] sent=1

# HOST CMD 38 10 3 0 7
[Q COMMAND] CMD 38 10 3 0 7
[Q ACK] sent=1

# HOST CMD 2 10 8 0 8
[Q COMMAND] CMD 2 10 8 0 8
[Q ACK] sent=1

# HOST CMD 38 10 0 0 8
[Q COMMAND] CMD 38 10 0 0 8
[Q ACK] sent=1

# HOST CMD 2 10 9 0 9
[Q COMMAND] CMD 2 10 9 0 9
[Q ACK] sent=1

# HOST CMD 38 10 1 0 9
[Q COMMAND] CMD 38 10 1 0 9
[Q ACK] sent=1

# HOST CMD 2 10 10 0 10
[Q COMMAND] CMD 2 10 10 0 10
[Q ACK] sent=1

# HOST CMD 38 10 2 0 10
[Q COMMAND] CMD 38 10 2 0 10
[Q ACK] sent=1

# HOST CMD 2 10 11 0 11
[Q COMMAND] CMD 2 10 11 0 11
[Q ACK] sent=1

# HOST CMD 38 10 3 0 11
[Q COMMAND] CMD 38 10 3 0 11
[Q ACK] sent=1

# HOST CMD 2 10 12 0 12
[Q COMMAND] CMD 2 10 12 0 12
[Q ACK] sent=1

# HOST CMD 38 10 0 0 12
[Q COMMAND] CMD 38 10 0 0 12
[Q ACK] sent=1

# HOST CMD 2 10 13 0 13
[Q COMMAND] CMD 2 10 13 0 13
[Q ACK] sent=1

# HOST CMD 38 10 1 0 13
[Q COMMAND] CMD 38 10 1 0 13
[Q ACK] sent=1

# HOST CMD 2 10 14 0 14
[Q COMMAND] CMD 2 10 14 0 14
[Q ACK] sent=1

# HOST CMD 38 10 2 0 14
[Q COMMAND] CMD 38 10 2 0 14
[Q ACK] sent=1

# HOST CMD 2 10 15 0 15
[Q COMMAND] CMD 2 10 15 0 15
[Q ACK] sent=1

# HOST CMD 38 10 3 0 15
[Q COMMAND] CMD 38 10 3 0 15
[Q ACK] sent=1

# HOST CMD 10 11 0 0 0
[Q COMMAND] CMD 10 11 0 0 0
[Q ACK] sent=1

# HOST CMD 12 11 0 0 0
[Q COMMAND] CMD 12 11 0 0 0
[Q ACK] sent=1

# HOST CMD 47 11 0 0 0
[Q COMMAND] CMD 47 11 0 0 0
[Q ACK] sent=1

# HOST CMD 2 11 0 0 0
[Q COMMAND] CMD 2 11 0 0 0
[Q ACK] sent=1

# HOST CMD 38 11 0 0 0
[Q COMMAND] CMD 38 11 0 0 0
[Q ACK] sent=1

# HOST CMD 2 11 1 0 1
[Q COMMAND] CMD 2 11 1 0 1
[Q ACK] sent=1

# HOST CMD 38 11 1 0 1
[Q COMMAND] CMD 38 11 1 0 1
[Q ACK] sent=1

# HOST CMD 2 11 2 0 2
[Q COMMAND] CMD 2 11 2 0 2
[Q ACK] sent=1

# HOST CMD 38 11 2 0 2
[Q COMMAND] CMD 38 11 2 0 2
[Q ACK] sent=1

# HOST CMD 2 11 3 0 3
[Q COMMAND] CMD 2 11 3 0 3
[Q ACK] sent=1

# HOST CMD 38 11 3 0 3
[Q COMMAND] CMD 38 11 3 0 3
[Q ACK] sent=1

# HOST CMD 2 11 4 0 4
[Q COMMAND] CMD 2 11 4 0 4
[Q ACK] sent=1

# HOST CMD 38 11 0 0 4
[Q COMMAND] CMD 38 11 0 0 4
[Q ACK] sent=1

# HOST CMD 2 11 5 0 5
[Q COMMAND] CMD 2 11 5 0 5
[Q ACK] sent=1

# HOST CMD 38 11 1 0 5
[Q COMMAND] CMD 38 11 1 0 5
[Q ACK] sent=1

# HOST CMD 2 11 6 0 6
[Q COMMAND] CMD 2 11 6 0 6
[Q ACK] sent=1

# HOST CMD 38 11 2 0 6
[Q COMMAND] CMD 38 11 2 0 6
[Q ACK] sent=1

# HOST CMD 2 11 7 0 7
[Q COMMAND] CMD 2 11 7 0 7
[Q ACK] sent=1

# HOST CMD 38 11 3 0 7
[Q COMMAND] CMD 38 11 3 0 7
[Q ACK] sent=1

# HOST CMD 2 11 8 0 8
[Q COMMAND] CMD 2 11 8 0 8
[Q ACK] sent=1

# HOST CMD 38 11 0 0 8
[Q COMMAND] CMD 38 11 0 0 8
[Q ACK] sent=1

# HOST CMD 2 11 9 0 9
[Q COMMAND] CMD 2 11 9 0 9
[Q ACK] sent=1

# HOST CMD 38 11 1 0 9
[Q COMMAND] CMD 38 11 1 0 9
[Q ACK] sent=1

# HOST CMD 2 11 10 0 10
[Q COMMAND] CMD 2 11 10 0 10
[Q ACK] sent=1

# HOST CMD 38 11 2 0 10
[Q COMMAND] CMD 38 11 2 0 10
[Q ACK] sent=1

# HOST CMD 2 11 11 0 11
[Q COMMAND] CMD 2 11 11 0 11
[Q ACK] sent=1

# HOST CMD 38 11 3 0 11
[Q COMMAND] CMD 38 11 3 0 11
[Q ACK] sent=1

# HOST CMD 2 11 12 0 12
[Q COMMAND] CMD 2 11 12 0 12
[Q ACK] sent=1

# HOST CMD 38 11 0 0 12
[Q COMMAND] CMD 38 11 0 0 12
[Q ACK] sent=1

# HOST CMD 2 11 13 0 13
[Q COMMAND] CMD 2 11 13 0 13
[Q ACK] sent=1

# HOST CMD 38 11 1 0 13
[Q COMMAND] CMD 38 11 1 0 13
[Q ACK] sent=1

# HOST CMD 2 11 14 0 14
[Q COMMAND] CMD 2 11 14 0 14
[Q ACK] sent=1

# HOST CMD 38 11 2 0 14
[Q COMMAND] CMD 38 11 2 0 14
[Q ACK] sent=1

# HOST CMD 2 11 15 0 15
[Q COMMAND] CMD 2 11 15 0 15
[Q ACK] sent=1

# HOST CMD 38 11 3 0 15
[Q COMMAND] CMD 38 11 3 0 15
[Q ACK] sent=1

# HOST CMD 10 12 0 0 0
[Q COMMAND] CMD 10 12 0 0 0
[Q ACK] sent=1

# HOST CMD 12 12 0 0 0
[Q COMMAND] CMD 12 12 0 0 0
[Q ACK] sent=1

# HOST CMD 47 12 0 0 0
[Q COMMAND] CMD 47 12 0 0 0
[Q ACK] sent=1

# HOST CMD 2 12 0 0 0
[Q COMMAND] CMD 2 12 0 0 0
[Q ACK] sent=1

# HOST CMD 38 12 0 0 0
[Q COMMAND] CMD 38 12 0 0 0
[Q ACK] sent=1

# HOST CMD 2 12 1 0 1
[Q COMMAND] CMD 2 12 1 0 1
[Q ACK] sent=1

# HOST CMD 38 12 1 0 1
[Q COMMAND] CMD 38 12 1 0 1
[Q ACK] sent=1

# HOST CMD 2 12 2 0 2
[Q COMMAND] CMD 2 12 2 0 2
[Q ACK] sent=1

# HOST CMD 38 12 2 0 2
[Q COMMAND] CMD 38 12 2 0 2
[Q ACK] sent=1

# HOST CMD 2 12 3 0 3
[Q COMMAND] CMD 2 12 3 0 3
[Q ACK] sent=1

# HOST CMD 38 12 3 0 3
[Q COMMAND] CMD 38 12 3 0 3
[Q ACK] sent=1

# HOST CMD 2 12 4 0 4
[Q COMMAND] CMD 2 12 4 0 4
[Q ACK] sent=1

# HOST CMD 38 12 0 0 4
[Q COMMAND] CMD 38 12 0 0 4
[Q ACK] sent=1

# HOST CMD 2 12 5 0 5
[Q COMMAND] CMD 2 12 5 0 5
[Q ACK] sent=1

# HOST CMD 38 12 1 0 5
[Q COMMAND] CMD 38 12 1 0 5
[Q ACK] sent=1

# HOST CMD 2 12 6 0 6
[Q COMMAND] CMD 2 12 6 0 6
[Q ACK] sent=1

# HOST CMD 38 12 2 0 6
[Q COMMAND] CMD 38 12 2 0 6
[Q ACK] sent=1

# HOST CMD 2 12 7 0 7
[Q COMMAND] CMD 2 12 7 0 7
[Q ACK] sent=1

# HOST CMD 38 12 3 0 7
[Q COMMAND] CMD 38 12 3 0 7
[Q ACK] sent=1

# HOST CMD 2 12 8 0 8
[Q COMMAND] CMD 2 12 8 0 8
[Q ACK] sent=1

# HOST CMD 38 12 0 0 8
[Q COMMAND] CMD 38 12 0 0 8
[Q ACK] sent=1

# HOST CMD 2 12 9 0 9
[Q COMMAND] CMD 2 12 9 0 9
[Q ACK] sent=1

# HOST CMD 38 12 1 0 9
[Q COMMAND] CMD 38 12 1 0 9
[Q ACK] sent=1

# HOST CMD 2 12 10 0 10
[Q COMMAND] CMD 2 12 10 0 10
[Q ACK] sent=1

# HOST CMD 38 12 2 0 10
[Q COMMAND] CMD 38 12 2 0 10
[Q ACK] sent=1

# HOST CMD 2 12 11 0 11
[Q COMMAND] CMD 2 12 11 0 11
[Q ACK] sent=1

# HOST CMD 38 12 3 0 11
[Q COMMAND] CMD 38 12 3 0 11
[Q ACK] sent=1

# HOST CMD 2 12 12 0 12
[Q COMMAND] CMD 2 12 12 0 12
[Q ACK] sent=1

# HOST CMD 38 12 0 0 12
[Q COMMAND] CMD 38 12 0 0 12
[Q ACK] sent=1

# HOST CMD 2 12 13 0 13
[Q COMMAND] CMD 2 12 13 0 13
[Q ACK] sent=1

# HOST CMD 38 12 1 0 13
[Q COMMAND] CMD 38 12 1 0 13
[Q ACK] sent=1

# HOST CMD 2 12 14 0 14
[Q COMMAND] CMD 2 12 14 0 14
[Q ACK] sent=1

# HOST CMD 38 12 2 0 14
[Q COMMAND] CMD 38 12 2 0 14
[Q ACK] sent=1

# HOST CMD 2 12 15 0 15
[Q COMMAND] CMD 2 12 15 0 15
[Q ACK] sent=1

# HOST CMD 38 12 3 0 15
[Q COMMAND] CMD 38 12 3 0 15
[Q ACK] sent=1

# HOST CMD 10 13 0 0 0
[Q COMMAND] CMD 10 13 0 0 0
[Q ACK] sent=1

# HOST CMD 12 13 0 0 0
[Q COMMAND] CMD 12 13 0 0 0
[Q ACK] sent=1

# HOST CMD 47 13 0 0 0
[Q COMMAND] CMD 47 13 0 0 0
[Q ACK] sent=1

# HOST CMD 2 13 0 0 0
[Q COMMAND] CMD 2 13 0 0 0
[Q ACK] sent=1

# HOST CMD 38 13 0 0 0
[Q COMMAND] CMD 38 13 0 0 0
[Q ACK] sent=1

# HOST CMD 2 13 1 0 1
[Q COMMAND] CMD 2 13 1 0 1
[Q ACK] sent=1

# HOST CMD 38 13 1 0 1
[Q COMMAND] CMD 38 13 1 0 1
[Q ACK] sent=1

# HOST CMD 2 13 2 0 2
[Q COMMAND] CMD 2 13 2 0 2
[Q ACK] sent=1

# HOST CMD 38 13 2 0 2
[Q COMMAND] CMD 38 13 2 0 2
[Q ACK] sent=1

# HOST CMD 2 13 3 0 3
[Q COMMAND] CMD 2 13 3 0 3
[Q ACK] sent=1

# HOST CMD 38 13 3 0 3
[Q COMMAND] CMD 38 13 3 0 3
[Q ACK] sent=1

# HOST CMD 2 13 4 0 4
[Q COMMAND] CMD 2 13 4 0 4
[Q ACK] sent=1

# HOST CMD 38 13 0 0 4
[Q COMMAND] CMD 38 13 0 0 4
[Q ACK] sent=1

# HOST CMD 2 13 5 0 5
[Q COMMAND] CMD 2 13 5 0 5
[Q ACK] sent=1

# HOST CMD 38 13 1 0 5
[Q COMMAND] CMD 38 13 1 0 5
[Q ACK] sent=1

# HOST CMD 2 13 6 0 6
[Q COMMAND] CMD 2 13 6 0 6
[Q ACK] sent=1

# HOST CMD 38 13 2 0 6
[Q COMMAND] CMD 38 13 2 0 6
[Q ACK] sent=1

# HOST CMD 2 13 7 0 7
[Q COMMAND] CMD 2 13 7 0 7
[Q ACK] sent=1

# HOST CMD 38 13 3 0 7
[Q COMMAND] CMD 38 13 3 0 7
[Q ACK] sent=1

# HOST CMD 2 13 8 0 8
[Q COMMAND] CMD 2 13 8 0 8
[Q ACK] sent=1

# HOST CMD 38 13 0 0 8
[Q COMMAND] CMD 38 13 0 0 8
[Q ACK] sent=1

# HOST CMD 2 13 9 0 9
[Q COMMAND] CMD 2 13 9 0 9
[Q ACK] sent=1

# HOST CMD 38 13 1 0 9
[Q COMMAND] CMD 38 13 1 0 9
[Q ACK] sent=1

# HOST CMD 2 13 10 0 10
[Q COMMAND] CMD 2 13 10 0 10
[Q ACK] sent=1

# HOST CMD 38 13 2 0 10
[Q COMMAND] CMD 38 13 2 0 10
[Q ACK] sent=1

# HOST CMD 2 13 11 0 11
[Q COMMAND] CMD 2 13 11 0 11
[Q ACK] sent=1

# HOST CMD 38 13 3 0 11
[Q COMMAND] CMD 38 13 3 0 11
[Q ACK] sent=1

# HOST CMD 2 13 12 0 12
[Q COMMAND] CMD 2 13 12 0 12
[Q ACK] sent=1

# HOST CMD 38 13 0 0 12
[Q COMMAND] CMD 38 13 0 0 12
[Q ACK] sent=1

# HOST CMD 2 13 13 0 13
[Q COMMAND] CMD 2 13 13 0 13
[Q ACK] sent=1

# HOST CMD 38 13 1 0 13
[Q COMMAND] CMD 38 13 1 0 13
[Q ACK] sent=1

# HOST CMD 2 13 14 0 14
[Q COMMAND] CMD 2 13 14 0 14
[Q ACK] sent=1

# HOST CMD 38 13 2 0 14
[Q COMMAND] CMD 38 13 2 0 14
[Q ACK] sent=1

# HOST CMD 2 13 15 0 15
[Q COMMAND] CMD 2 13 15 0 15
[Q ACK] sent=1

# HOST CMD 38 13 3 0 15
[Q COMMAND] CMD 38 13 3 0 15
[Q ACK] sent=1

# HOST CMD 10 14 0 0 0
[Q COMMAND] CMD 10 14 0 0 0
[Q ACK] sent=1

# HOST CMD 12 14 0 0 0
[Q COMMAND] CMD 12 14 0 0 0
[Q ACK] sent=1

# HOST CMD 47 14 0 0 0
[Q COMMAND] CMD 47 14 0 0 0
[Q ACK] sent=1

# HOST CMD 2 14 0 0 0
[Q COMMAND] CMD 2 14 0 0 0
[Q ACK] sent=1

# HOST CMD 38 14 0 0 0
[Q COMMAND] CMD 38 14 0 0 0
[Q ACK] sent=1

# HOST CMD 2 14 1 0 1
[Q COMMAND] CMD 2 14 1 0 1
[Q ACK] sent=1

# HOST CMD 38 14 1 0 1
[Q COMMAND] CMD 38 14 1 0 1
[Q ACK] sent=1

# HOST CMD 2 14 2 0 2
[Q COMMAND] CMD 2 14 2 0 2
[Q ACK] sent=1

# HOST CMD 38 14 2 0 2
[Q COMMAND] CMD 38 14 2 0 2
[Q ACK] sent=1

# HOST CMD 2 14 3 0 3
[Q COMMAND] CMD 2 14 3 0 3
[Q ACK] sent=1

# HOST CMD 38 14 3 0 3
[Q COMMAND] CMD 38 14 3 0 3
[Q ACK] sent=1

# HOST CMD 2 14 4 0 4
[Q COMMAND] CMD 2 14 4 0 4
[Q ACK] sent=1

# HOST CMD 38 14 0 0 4
[Q COMMAND] CMD 38 14 0 0 4
[Q ACK] sent=1

# HOST CMD 2 14 5 0 5
[Q COMMAND] CMD 2 14 5 0 5
[Q ACK] sent=1

# HOST CMD 38 14 1 0 5
[Q COMMAND] CMD 38 14 1 0 5
[Q ACK] sent=1

# HOST CMD 2 14 6 0 6
[Q COMMAND] CMD 2 14 6 0 6
[Q ACK] sent=1

# HOST CMD 38 14 2 0 6
[Q COMMAND] CMD 38 14 2 0 6
[Q ACK] sent=1

# HOST CMD 2 14 7 0 7
[Q COMMAND] CMD 2 14 7 0 7
[Q ACK] sent=1

# HOST CMD 38 14 3 0 7
[Q COMMAND] CMD 38 14 3 0 7
[Q ACK] sent=1

# HOST CMD 2 14 8 0 8
[Q COMMAND] CMD 2 14 8 0 8
[Q ACK] sent=1

# HOST CMD 38 14 0 0 8
[Q COMMAND] CMD 38 14 0 0 8
[Q ACK] sent=1

# HOST CMD 2 14 9 0 9
[Q COMMAND] CMD 2 14 9 0 9
[Q ACK] sent=1

# HOST CMD 38 14 1 0 9
[Q COMMAND] CMD 38 14 1 0 9
[Q ACK] sent=1

# HOST CMD 2 14 10 0 10
[Q COMMAND] CMD 2 14 10 0 10
[Q ACK] sent=1

# HOST CMD 38 14 2 0 10
[Q COMMAND] CMD 38 14 2 0 10
[Q ACK] sent=1

# HOST CMD 2 14 11 0 11
[Q COMMAND] CMD 2 14 11 0 11
[Q ACK] sent=1

# HOST CMD 38 14 3 0 11
[Q COMMAND] CMD 38 14 3 0 11
[Q ACK] sent=1

# HOST CMD 2 14 12 0 12
[Q COMMAND] CMD 2 14 12 0 12
[Q ACK] sent=1

# HOST CMD 38 14 0 0 12
[Q COMMAND] CMD 38 14 0 0 12
[Q ACK] sent=1

# HOST CMD 2 14 13 0 13
[Q COMMAND] CMD 2 14 13 0 13
[Q ACK] sent=1

# HOST CMD 38 14 1 0 13
[Q COMMAND] CMD 38 14 1 0 13
[Q ACK] sent=1

# HOST CMD 2 14 14 0 14
[Q COMMAND] CMD 2 14 14 0 14
[Q ACK] sent=1

# HOST CMD 38 14 2 0 14
[Q COMMAND] CMD 38 14 2 0 14
[Q ACK] sent=1

# HOST CMD 2 14 15 0 15
[Q COMMAND] CMD 2 14 15 0 15
[Q ACK] sent=1

# HOST CMD 38 14 3 0 15
[Q COMMAND] CMD 38 14 3 0 15
[Q ACK] sent=1

# HOST CMD 10 15 0 0 0
[Q COMMAND] CMD 10 15 0 0 0
[Q ACK] sent=1

# HOST CMD 12 15 0 0 0
[Q COMMAND] CMD 12 15 0 0 0
[Q ACK] sent=1

# HOST CMD 47 15 0 0 0
[Q COMMAND] CMD 47 15 0 0 0
[Q ACK] sent=1

# HOST CMD 2 15 0 0 0
[Q COMMAND] CMD 2 15 0 0 0
[Q ACK] sent=1

# HOST CMD 38 15 0 0 0
[Q COMMAND] CMD 38 15 0 0 0
[Q ACK] sent=1

# HOST CMD 2 15 1 0 1
[Q COMMAND] CMD 2 15 1 0 1
[Q ACK] sent=1

# HOST CMD 38 15 1 0 1
[Q COMMAND] CMD 38 15 1 0 1
[Q ACK] sent=1

# HOST CMD 2 15 2 0 2
[Q COMMAND] CMD 2 15 2 0 2
[Q ACK] sent=1

# HOST CMD 38 15 2 0 2
[Q COMMAND] CMD 38 15 2 0 2
[Q ACK] sent=1

# HOST CMD 2 15 3 0 3
[Q COMMAND] CMD 2 15 3 0 3
[Q ACK] sent=1

# HOST CMD 38 15 3 0 3
[Q COMMAND] CMD 38 15 3 0 3
[Q ACK] sent=1

# HOST CMD 2 15 4 0 4
[Q COMMAND] CMD 2 15 4 0 4
[Q ACK] sent=1

# HOST CMD 38 15 0 0 4
[Q COMMAND] CMD 38 15 0 0 4
[Q ACK] sent=1

# HOST CMD 2 15 5 0 5
[Q COMMAND] CMD 2 15 5 0 5
[Q ACK] sent=1

# HOST CMD 38 15 1 0 5
[Q COMMAND] CMD 38 15 1 0 5
[Q ACK] sent=1

# HOST CMD 2 15 6 0 6
[Q COMMAND] CMD 2 15 6 0 6
[Q ACK] sent=1

# HOST CMD 38 15 2 0 6
[Q COMMAND] CMD 38 15 2 0 6
[Q ACK] sent=1

# HOST CMD 2 15 7 0 7
[Q COMMAND] CMD 2 15 7 0 7
[Q ACK] sent=1

# HOST CMD 38 15 3 0 7
[Q COMMAND] CMD 38 15 3 0 7
[Q ACK] sent=1

# HOST CMD 2 15 8 0 8
[Q COMMAND] CMD 2 15 8 0 8
[Q ACK] sent=1

# HOST CMD 38 15 0 0 8
[Q COMMAND] CMD 38 15 0 0 8
[Q ACK] sent=1

# HOST CMD 2 15 9 0 9
[Q COMMAND] CMD 2 15 9 0 9
[Q ACK] sent=1

# HOST CMD 38 15 1 0 9
[Q COMMAND] CMD 38 15 1 0 9
[Q ACK] sent=1

# HOST CMD 2 15 10 0 10
[Q COMMAND] CMD 2 15 10 0 10
[Q ACK] sent=1

# HOST CMD 38 15 2 0 10
[Q COMMAND] CMD 38 15 2 0 10
[Q ACK] sent=1

# HOST CMD 2 15 11 0 11
[Q COMMAND] CMD 2 15 11 0 11
[Q ACK] sent=1

# HOST CMD 38 15 3 0 11
[Q COMMAND] CMD 38 15 3 0 11
[Q ACK] sent=1

# HOST CMD 2 15 12 0 12
[Q COMMAND] CMD 2 15 12 0 12
[Q ACK] sent=1

# HOST CMD 38 15 0 0 12
[Q COMMAND] CMD 38 15 0 0 12
[Q ACK] sent=1

# HOST CMD 2 15 13 0 13
[Q COMMAND] CMD 2 15 13 0 13
[Q ACK] sent=1

# HOST CMD 38 15 1 0 13
[Q COMMAND] CMD 38 15 1 0 13
[Q ACK] sent=1

# HOST CMD 2 15 14 0 14
[Q COMMAND] CMD 2 15 14 0 14
[Q ACK] sent=1

# HOST CMD 38 15 2 0 14
[Q COMMAND] CMD 38 15 2 0 14
[Q ACK] sent=1

# HOST CMD 2 15 15 0 15
[Q COMMAND] CMD 2 15 15 0 15
[Q ACK] sent=1

# HOST CMD 38 15 3 0 15
[Q COMMAND] CMD 38 15 3 0 15
[Q ACK] sent=1

# HOST CMD 0 0 1 0 0
[Q COMMAND] CMD 0 0 1 0 0
[Q ACK] sent=1

# HOST CMD 75 0 8 0 0
[Q COMMAND] CMD 75 0 8 0 0
[Q ACK] sent=1

# HOST LOAD 1 4
[Q COMMAND] LOAD 1 4
[Q ACK] load=1
[M6 read] bytes=705600 read_us=13508879 bytes_per_second=52232 original_channels=2 rate=44100 total_psram=33554432
[M6 load] track=1 file_bytes=705644 pcm_bytes=352800 load_publish_us=17246096 payload=4727388 transient=352800 peak_payload=5080315 ps_free=25932268 largest=21495796 internal=173192 display=2304000 fx_delay=352800 reserve=4194304
[M6.1 replacement] retired_clear=1 ps_delta=0 status=READY
[M213 address] track=1 pcm=0x482abe40 base=0x482abdfc bytes=352927 frames=176400 mod64=0 mod128=64 mod256=64 mod4096=3648 mod131072=48704 external=1 requested_caps=1028 free=25932268 largest=21495796

# HOST CMD 77 0 0 0 0
[Q COMMAND] CMD 77 0 0 0 0
[Q ACK] sent=1

# HOST CMD 0 0 0 0 0
[Q COMMAND] CMD 0 0 0 0 0
[Q ACK] sent=1
[Q COMMAND] 
[Q ACK] invalid=1

# HOST STATE
[Q COMMAND] STATE
[Q STATE] bpm=240 swing=50 playing=0 mode=0 chain_length=0 chain_loop=0 project_busy=0 restoring=0 sample_busy=0 project_status=PROJECT READY / 0 MISSING sample_status=SAMPLE READY
[Q TRACK] track=0 source=1 pitch=47 synth_pitch=36 sample_pitch=47 mute=0 solo=0 start=0 end=65535 reverse=0 mode=0 choke=1 cutoff=0 resonance=0 send=127 slices=8 enabled=1 selected=0 frames=176400 waveform=0720701a name=m19p_mixed.wav
[Q SLICE] track=0 index=0 start=0 end=8192
[Q SLICE] track=0 index=1 start=8192 end=16384
[Q SLICE] track=0 index=2 start=16384 end=20480
[Q SLICE] track=0 index=3 start=20480 end=28672
[Q SLICE] track=0 index=4 start=28672 end=32768
[Q SLICE] track=0 index=5 start=32768 end=45056
[Q SLICE] track=0 index=6 start=45056 end=57344
[Q SLICE] track=0 index=7 start=57344 end=65535
[Q TRACK] track=1 source=1 pitch=48 synth_pitch=39 sample_pitch=48 mute=0 solo=0 start=0 end=65535 reverse=1 mode=0 choke=0 cutoff=0 resonance=0 send=127 slices=4 enabled=1 selected=0 frames=176400 waveform=595ef306 name=m19p_stereo.wav
[Q SLICE] track=1 index=0 start=0 end=16383
[Q SLICE] track=1 index=1 start=16383 end=32767
[Q SLICE] track=1 index=2 start=32767 end=49151
[Q SLICE] track=1 index=3 start=49151 end=65535
[Q TRACK] track=2 source=1 pitch=49 synth_pitch=42 sample_pitch=49 mute=0 solo=0 start=0 end=65535 reverse=0 mode=0 choke=0 cutoff=0 resonance=0 send=127 slices=4 enabled=1 selected=0 frames=176400 waveform=595ef306 name=m19p_stereo.wav
[Q SLICE] track=2 index=0 start=0 end=16383
[Q SLICE] track=2 index=1 start=16383 end=32767
[Q SLICE] track=2 index=2 start=32767 end=49151
[Q SLICE] track=2 index=3 start=49151 end=65535
[Q TRACK] track=3 source=1 pitch=50 synth_pitch=45 sample_pitch=50 mute=0 solo=0 start=0 end=65535 reverse=1 mode=0 choke=0 cutoff=0 resonance=0 send=127 slices=4 enabled=1 selected=0 frames=22050 waveform=0ee7dbac name=m19p_oneshot.wav
[Q SLICE] track=3 index=0 start=0 end=16383
[Q SLICE] track=3 index=1 start=16383 end=32767
[Q SLICE] track=3 index=2 start=32767 end=49151
[Q SLICE] track=3 index=3 start=49151 end=65535
[Q PATTERN] index=0 length=16 masks=ffff,ffff,ffff
[Q LOCK] pattern=0 step=0 mask=128 slice=0
[Q LOCK] pattern=0 step=1 mask=128 slice=1
[Q LOCK] pattern=0 step=2 mask=128 slice=2
[Q LOCK] pattern=0 step=3 mask=128 slice=3
[Q PATTERN] index=1 length=16 masks=0000,0000,0000
[Q LOCK] pattern=1 step=0 mask=0 slice=0
[Q LOCK] pattern=1 step=1 mask=0 slice=0
[Q LOCK] pattern=1 step=2 mask=0 slice=0
[Q LOCK] pattern=1 step=3 mask=0 slice=0
[Q PATTERN] index=2 length=16 masks=0000,0000,0000
[Q LOCK] pattern=2 step=0 mask=0 slice=0
[Q LOCK] pattern=2 step=1 mask=0 slice=0
[Q LOCK] pattern=2 step=2 mask=0 slice=0
[Q LOCK] pattern=2 step=3 mask=0 slice=0
[Q PATTERN] index=3 length=16 masks=0000,0000,0000
[Q LOCK] pattern=3 step=0 mask=0 slice=0
[Q LOCK] pattern=3 step=1 mask=0 slice=0
[Q LOCK] pattern=3 step=2 mask=0 slice=0
[Q LOCK] pattern=3 step=3 mask=0 slice=0
[Q TRANSIENT] state=4 request=3 progress=100 count=8 stale_discarded=0 apply=1 cancel=1 duration_max_us=64047 chunk_max_us=2394
[Q PROPOSAL] index=0 start=0 end=8192
[Q PROPOSAL] index=1 start=8192 end=16384
[Q PROPOSAL] index=2 start=16384 end=20480
[Q PROPOSAL] index=3 start=20480 end=28672
[Q PROPOSAL] index=4 start=28672 end=32768
[Q PROPOSAL] index=5 start=32768 end=45056
[Q PROPOSAL] index=6 start=45056 end=57344
[Q PROPOSAL] index=7 start=57344 end=65535
[Q HEAP] tag=state internal=173192 free=25932268 largest=21495796
[Q PLAYBACK] triggers=41186 reverse=20592 gate=2 releases=1 chokes=39 retriggers=41152 repeat_accepts=1 repeat_hits=40560 chain_loops=0

# HOST MEASURE 0
[Q COMMAND] MEASURE 0

# HOST METRICS
[Q COMMAND] METRICS
[Q METRICS] blocks=18251 stored=16384 p99=4389 max=4505 misses=0 failures=0 timeouts=0 nonzero=9266122 overlap=21 overlap_max=1878 active_max=16

# HOST SAVE M213_LAYOUT_QUAL
[Q COMMAND] SAVE M213_LAYOUT_QUAL
[Q ACK] save=1

# HOST PROJECT M213_LAYOUT_QUAL
[Q COMMAND] PROJECT M213_LAYOUT_QUAL
[Q ACK] project=1
[Q COMMAND] 
[Q ACK] invalid=1

# HOST STATE
[Q COMMAND] STATE
[Q STATE] bpm=240 swing=50 playing=0 mode=0 chain_length=0 chain_loop=0 project_busy=1 restoring=1 sample_busy=0 project_status=LOADING SAMPLES 1/16 sample_status=SAMPLE READY
[Q TRACK] track=0 source=1 pitch=47 synth_pitch=36 sample_pitch=47 mute=0 solo=0 start=0 end=65535 reverse=0 mode=0 choke=1 cutoff=0 resonance=0 send=127 slices=8 enabled=1 selected=0 frames=0 waveform=5f6c8245 name=
[Q SLICE] track=0 index=0 start=0 end=8192
[Q SLICE] track=0 index=1 start=8192 end=16384
[Q SLICE] track=0 index=2 start=16384 end=20480
[Q SLICE] track=0 index=3 start=20480 end=28672
[Q SLICE] track=0 index=4 start=28672 end=32768
[Q SLICE] track=0 index=5 start=32768 end=45056
[Q SLICE] track=0 index=6 start=45056 end=57344
[Q SLICE] track=0 index=7 start=57344 end=65535
[Q TRACK] track=1 source=1 pitch=48 synth_pitch=39 sample_pitch=48 mute=0 solo=0 start=0 end=65535 reverse=1 mode=0 choke=0 cutoff=0 resonance=0 send=127 slices=4 enabled=1 selected=0 frames=0 waveform=5f6c8245 name=
[Q SLICE] track=1 index=0 start=0 end=16383
[Q SLICE] track=1 index=1 start=16383 end=32767
[Q SLICE] track=1 index=2 start=32767 end=49151
[Q SLICE] track=1 index=3 start=49151 end=65535
[Q TRACK] track=2 source=1 pitch=49 synth_pitch=42 sample_pitch=49 mute=0 solo=0 start=0 end=65535 reverse=0 mode=0 choke=0 cutoff=0 resonance=0 send=127 slices=4 enabled=1 selected=0 frames=0 waveform=5f6c8245 name=
[Q SLICE] track=2 index=0 start=0 end=16383
[Q SLICE] track=2 index=1 start=16383 end=32767
[Q SLICE] track=2 index=2 start=32767 end=49151
[Q SLICE] track=2 index=3 start=49151 end=65535
[Q TRACK] track=3 source=1 pitch=50 synth_pitch=45 sample_pitch=50 mute=0 solo=0 start=0 end=65535 reverse=1 mode=0 choke=0 cutoff=0 resonance=0 send=127 slices=4 enabled=1 selected=0 frames=0 waveform=5f6c8245 name=
[Q SLICE] track=3 index=0 start=0 end=16383
[Q SLICE] track=3 index=1 start=16383 end=32767
[Q SLICE] track=3 index=2 start=32767 end=49151
[Q SLICE] track=3 index=3 start=49151 end=65535
[Q PATTERN] index=0 length=16 masks=ffff,ffff,ffff
[Q LOCK] pattern=0 step=0 mask=128 slice=0
[Q LOCK] pattern=0 step=1 mask=128 slice=1
[Q LOCK] pattern=0 step=2 mask=128 slice=2
[Q LOCK] pattern=0 step=3 mask=128 slice=3
[Q PATTERN] index=1 length=16 masks=0000,0000,0000
[Q LOCK] pattern=1 step=0 mask=0 slice=0
[Q LOCK] pattern=1 step=1 mask=0 slice=0
[Q LOCK] pattern=1 step=2 mask=0 slice=0
[Q LOCK] pattern=1 step=3 mask=0 slice=0
[Q PATTERN] index=2 length=16 masks=0000,0000,0000
[Q LOCK] pattern=2 step=0 mask=0 slice=0
[Q LOCK] pattern=2 step=1 mask=0 slice=0
[Q LOCK] pattern=2 step=2 mask=0 slice=0
[Q LOCK] pattern=2 step=3 mask=0 slice=0
[Q PATTERN] index=3 length=16 masks=0000,0000,0000
[Q LOCK] pattern=3 step=0 mask=0 slice=0
[Q LOCK] pattern=3 step=1 mask=0 slice=0
[Q LOCK] pattern=3 step=2 mask=0 slice=0
[Q LOCK] pattern=3 step=3 mask=0 slice=0
[Q TRANSIENT] state=4 request=3 progress=100 count=8 stale_discarded=0 apply=1 cancel=1 duration_max_us=64047 chunk_max_us=2394
[Q PROPOSAL] index=0 start=0 end=8192
[Q PROPOSAL] index=1 start=8192 end=16384
[Q PROPOSAL] index=2 start=16384 end=20480
[Q PROPOSAL] index=3 start=20480 end=28672
[Q PROPOSAL] index=4 start=28672 end=32768
[Q PROPOSAL] index=5 start=32768 end=45056
[Q PROPOSAL] index=6 start=45056 end=57344
[Q PROPOSAL] index=7 start=57344 end=65535
[Q HEAP] tag=state internal=192452 free=30392872 largest=29884404
[Q PLAYBACK] triggers=41186 reverse=20592 gate=2 releases=1 chokes=39 retriggers=41152 repeat_accepts=1 repeat_hits=40560 chain_loops=0
[M6 read] bytes=352800 read_us=706607 bytes_per_second=499287 original_channels=1 rate=44100 total_psram=33554432
[M6 load] track=0 file_bytes=352844 pcm_bytes=352800 load_publish_us=1141086 payload=352863 transient=352800 peak_payload=352863 ps_free=30392872 largest=29884404 internal=197252 display=2304000 fx_delay=352800 reserve=4194304
[M6.1 replacement] retired_clear=1 ps_delta=360452 status=READY
[M213 address] track=0 pcm=0x482abe00 base=0x482abdfc bytes=352863 frames=176400 mod64=0 mod128=0 mod256=0 mod4096=3584 mod131072=48640 external=1 requested_caps=1028 free=30392872 largest=29884404
[Q COMMAND] 
[Q ACK] invalid=1

# HOST STATE
[Q COMMAND] STATE
[Q STATE] bpm=240 swing=50 playing=0 mode=0 chain_length=0 chain_loop=0 project_busy=1 restoring=1 sample_busy=0 project_status=LOADING SAMPLES 2/16 sample_status=SAMPLE READY
[Q TRACK] track=0 source=1 pitch=47 synth_pitch=36 sample_pitch=47 mute=0 solo=0 start=0 end=65535 reverse=0 mode=0 choke=1 cutoff=0 resonance=0 send=127 slices=8 enabled=1 selected=0 frames=176400 waveform=0720701a name=m19p_mixed.wav
[Q SLICE] track=0 index=0 start=0 end=8192
[Q SLICE] track=0 index=1 start=8192 end=16384
[Q SLICE] track=0 index=2 start=16384 end=20480
[Q SLICE] track=0 index=3 start=20480 end=28672
[Q SLICE] track=0 index=4 start=28672 end=32768
[Q SLICE] track=0 index=5 start=32768 end=45056
[Q SLICE] track=0 index=6 start=45056 end=57344
[Q SLICE] track=0 index=7 start=57344 end=65535
[Q TRACK] track=1 source=1 pitch=48 synth_pitch=39 sample_pitch=48 mute=0 solo=0 start=0 end=65535 reverse=1 mode=0 choke=0 cutoff=0 resonance=0 send=127 slices=4 enabled=1 selected=0 frames=0 waveform=5f6c8245 name=
[Q SLICE] track=1 index=0 start=0 end=16383
[Q SLICE] track=1 index=1 start=16383 end=32767
[Q SLICE] track=1 index=2 start=32767 end=49151
[Q SLICE] track=1 index=3 start=49151 end=65535
[Q TRACK] track=2 source=1 pitch=49 synth_pitch=42 sample_pitch=49 mute=0 solo=0 start=0 end=65535 reverse=0 mode=0 choke=0 cutoff=0 resonance=0 send=127 slices=4 enabled=1 selected=0 frames=0 waveform=5f6c8245 name=
[Q SLICE] track=2 index=0 start=0 end=16383
[Q SLICE] track=2 index=1 start=16383 end=32767
[Q SLICE] track=2 index=2 start=32767 end=49151
[Q SLICE] track=2 index=3 start=49151 end=65535
[Q TRACK] track=3 source=1 pitch=50 synth_pitch=45 sample_pitch=50 mute=0 solo=0 start=0 end=65535 reverse=1 mode=0 choke=0 cutoff=0 resonance=0 send=127 slices=4 enabled=1 selected=0 frames=0 waveform=5f6c8245 name=
[Q SLICE] track=3 index=0 start=0 end=16383
[Q SLICE] track=3 index=1 start=16383 end=32767
[Q SLICE] track=3 index=2 start=32767 end=49151
[Q SLICE] track=3 index=3 start=49151 end=65535
[Q PATTERN] index=0 length=16 masks=ffff,ffff,ffff
[Q LOCK] pattern=0 step=0 mask=128 slice=0
[Q LOCK] pattern=0 step=1 mask=128 slice=1
[Q LOCK] pattern=0 step=2 mask=128 slice=2
[Q LOCK] pattern=0 step=3 mask=128 slice=3
[Q PATTERN] index=1 length=16 masks=0000,0000,0000
[Q LOCK] pattern=1 step=0 mask=0 slice=0
[Q LOCK] pattern=1 step=1 mask=0 slice=0
[Q LOCK] pattern=1 step=2 mask=0 slice=0
[Q LOCK] pattern=1 step=3 mask=0 slice=0
[Q PATTERN] index=2 length=16 masks=0000,0000,0000
[Q LOCK] pattern=2 step=0 mask=0 slice=0
[Q LOCK] pattern=2 step=1 mask=0 slice=0
[Q LOCK] pattern=2 step=2 mask=0 slice=0
[Q LOCK] pattern=2 step=3 mask=0 slice=0
[Q PATTERN] index=3 length=16 masks=0000,0000,0000
[Q LOCK] pattern=3 step=0 mask=0 slice=0
[Q LOCK] pattern=3 step=1 mask=0 slice=0
[Q LOCK] pattern=3 step=2 mask=0 slice=0
[Q LOCK] pattern=3 step=3 mask=0 slice=0
[Q TRANSIENT] state=4 request=3 progress=100 count=8 stale_discarded=0 apply=1 cancel=1 duration_max_us=64047 chunk_max_us=2394
[Q PROPOSAL] index=0 start=0 end=8192
[Q PROPOSAL] index=1 start=8192 end=16384
[Q PROPOSAL] index=2 start=16384 end=20480
[Q PROPOSAL] index=3 start=20480 end=28672
[Q PROPOSAL] index=4 start=28672 end=32768
[Q PROPOSAL] index=5 start=32768 end=45056
[Q PROPOSAL] index=6 start=45056 end=57344
[Q PROPOSAL] index=7 start=57344 end=65535
[Q HEAP] tag=state internal=195648 free=30032420 largest=29884404
[Q PLAYBACK] triggers=41186 reverse=20592 gate=2 releases=1 chokes=39 retriggers=41152 repeat_ac[M6 read] bytes=705600 read_us=1254952 bytes_per_second=562252 original_channels=2 rate=44100 total_psram=33554432
[M6 load] track=1 file_bytes=705644 pcm_bytes=352800 load_publish_us=1688353 payload=705790 transient=352800 peak_payload=705790 ps_free=30032420 largest=29884404 internal=195648 display=2304000 fx_delay=352800 reserve=4194304
[M6.1 replacement] retired_clear=1 ps_delta=360452 status=READY
[M213 address] track=1 pcm=0x48303e40 base=0x48303e00 bytes=352927 frames=176400 mod64=0 mod128=64 mod256=64 mod4096=3648 mod131072=15936 external=1 requested_caps=1028 free=30032420 largest=29884404
cepts=1 repeat_hits=40560 chain_loops=0
[Q COMMAND] 
[Q ACK] invalid=1

# HOST STATE
[Q COMMAND] STATE
[Q STATE] bpm=240 swing=50 playing=0 mode=0 chain_length=0 chain_loop=0 project_busy=1 restoring=1 sample_busy=0 project_status=LOADING SAMPLES 3/16 sample_status=SAMPLE READY
[Q TRACK] track=0 source=1 pitch=47 synth_pitch=36 sample_pitch=47 mute=0 solo=0 start=0 end=65535 reverse=0 mode=0 choke=1 cutoff=0 resonance=0 send=127 slices=8 enabled=1 selected=0 frames=176400 waveform=0720701a name=m19p_mixed.wav
[Q SLICE] track=0 index=0 start=0 end=8192
[Q SLICE] track=0 index=1 start=8192 end=16384
[Q SLICE] track=0 index=2 start=16384 end=20480
[Q SLICE] track=0 index=3 start=20480 end=28672
[Q SLICE] track=0 index=4 start=28672 end=32768
[Q SLICE] track=0 index=5 start=32768 end=45056
[Q SLICE] track=0 index=6 start=45056 end=57344
[Q SLICE] track=0 index=7 start=57344 end=65535
[Q TRACK] track=1 source=1 pitch=48 synth_pitch=39 sample_pitch=48 mute=0 solo=0 start=0 end=65535 reverse=1 mode=0 choke=0 cutoff=0 resonance=0 send=127 slices=4 enabled=1 selected=0 frames=176400 waveform=595ef306 name=m19p_stereo.wav
[Q SLICE] track=1 index=0 start=[M6 read] bytes=705600 read_us=1255347 bytes_per_second=562075 original_channels=2 rate=44100 total_psram=33554432
[M6 load] track=2 file_bytes=705644 pcm_bytes=352800 load_publish_us=1688820 payload=1058781 transient=352800 peak_payload=1058781 ps_free=29671968 largest=29360116 internal=194044 display=2304000 fx_delay=352800 reserve=4194304
[M6.1 replacement] retired_clear=1 ps_delta=360452 status=READY
[M213 address] track=2 pcm=0x4835bec0 base=0x4835be04 bytes=352991 frames=176400 mod64=0 mod128=64 mod256=192 mod4096=3776 mod131072=114368 external=1 requested_caps=1028 free=29671968 largest=29360116
0 end=16383
[Q SLICE] track=1 index=1 start=16383 end=32767
[Q SLICE] track=1 index=2 start=32767 end=49151
[Q SLICE] track=1 index=3 start=49151 end=65535
[Q TRACK] track=2 source=1 pitch=49 synth_pitch=42 sample_pitch=49 mute=0 solo=0 start=0 end=65535 reverse=0 mode=0 choke=0 cutoff=0 resonance=0 send=127 slices=4 enabled=1 selected=0 frames=176400 waveform=595ef306 name=m19p_stereo.wav
[Q SLICE] track=2 index=0 start=0 end=16383
[Q SLICE] track=2 index=1 start=16383 end=32767
[Q SLICE] track=2 index=2 start=32767 end=49151
[Q SLICE] track=2 index=3 start=49151 end=65535
[Q TRACK] track=3 source=1 pitch=50 synth_pitch=45 sample_pitch=50 mute=0 solo=0 start=0 end=65535 reverse=1 mode=0 choke=0 cutoff=0 resonance=0 send=127 slices=4 enabled=1 selected=0 frames=0 waveform=5f6c8245 name=
[Q SLICE] track=3 index=0 start=0 end=16383
[Q SLICE] track=3 index=1 start=16383 end=32767
[Q SLICE] track=3 index=2 start=32767 end=49151
[Q SLICE] track=3 index=3 start=49151 end=65535
[Q PATTERN] index=0 length=16 masks=ffff,ffff,ffff
[Q LOCK] pattern=0 step=0 mask=128 slice=0
[Q LOCK] pattern=0 step=1 mask=128 slice=1
[Q LOCK] pattern=0 step=2 mask=128 slice=2
[Q LOCK] pattern=0 step=3 mask=128 slice=3
[Q PATTERN] index=1 length=16 masks=0000,0000,0000
[Q LOCK] pattern=1 step=0 mask=0 slice=0
[Q LOCK] pattern=1 step=1 mask=0 slice=0
[Q LOCK] pattern=1 step=2 mask=0 slice=0
[Q LOCK] pattern=1 step=3 mask=0 slice=0
[Q PATTERN] index=2 length=16 masks=0000,0000,0000
[Q LOCK] pattern=2 step=0 mask=0 slice=0
[Q LOCK] pattern=2 step=1 mask=0 slice=0
[Q LOCK] pattern=2 step=2 mask=0 slice=0
[Q LOCK] pattern=2 step=3 mask=0 slice=0
[Q PATTERN] index=3 length=16 masks=0000,0000,0000
[Q LOCK] pattern=3 step=0 mask=0 slice=0
[Q LOCK] pattern=3 step=1 mask=0 slice=0
[Q LOCK] pattern=3 step=2 mask=0 slice=0
[Q LOCK] pattern=3 step=3 mask=0 slice=0
[Q TRANSIENT] state=4 request=3 progress=100 count=8 stale_discarded=0 apply=1 cancel=1 duration_max_us=64047 chunk_max_us=2394
[Q PROPOSAL] index=0 start=0 end=8192
[Q PROPOSAL] index=1 start=8192 end=16384
[Q PROPOSAL] index=2 start=16384 end=20480
[Q PROPOSAL] index=3 start=20480 end=28672
[Q PROPOSAL] index=4 start=28672 end=32768
[Q PROPOSAL] index=5 start=32768 end=45056
[Q PROPOSAL] index=6 start=45056 end=57344
[Q PROPOSAL] index=7 start=57344 end=65535
[Q HEAP] tag=state internal=192440 free=29626908 largest=29360116
[Q PLAYBACK] triggers=41186 reverse=20592 gate=2 releases=1 chokes=39 retriggers=41152 repeat_accepts=1 repeat_hits=40560 chain_loops=0
[M6 read] bytes=44100 read_us=87396 bytes_per_second=504599 original_channels=1 rate=44100 total_psram=33554432
[M6 load] track=3 file_bytes=44144 pcm_bytes=44100 load_publish_us=585071 payload=1103136 transient=44100 peak_payload=1103136 ps_free=29626908 largest=29360116 internal=192440 display=2304000 fx_delay=352800 reserve=4194304
[M6.1 replacement] retired_clear=1 ps_delta=45060 status=READY
[M213 address] track=3 pcm=0x483b3f00 base=0x483b3e08 bytes=44355 frames=22050 mod64=0 mod128=0 mod256=0 mod4096=3840 mod131072=81664 external=1 requested_caps=1028 free=29626908 largest=29360116
[M6 read] bytes=352800 read_us=684096 bytes_per_second=515717 original_channels=1 rate=44100 total_psram=33554432
[M6 load] track=4 file_bytes=352844 pcm_bytes=352800 load_publish_us=1116829 payload=1456255 transient=352800 peak_payload=1456255 ps_free=29266456 largest=28835828 internal=190836 display=2304000 fx_delay=352800 reserve=4194304
[M6.1 replacement] retired_clear=1 ps_delta=360452 status=READY
[M213 address] track=4 pcm=0x483bef40 base=0x483bee0c bytes=353119 frames=176400 mod64=0 mod128=64 mod256=64 mod4096=3904 mod131072=126784 external=1 requested_caps=1028 free=29266456 largest=28835828
[Q COMMAND] 
[Q ACK] invalid=1

# HOST STATE
[Q COMMAND] STATE
[Q STATE] bpm=240 swing=50 playing=0 mode=0 chain_length=0 chain_loop=0 project_busy=1 restoring=1 sample_busy=0 project_status=LOADING SAMPLES 6/16 sample_status=SAMPLE READY
[Q TRACK] track=0 source=1 pitch=47 synth_pitch=36 sample_pitch=47 mute=0 solo=0 start=0 end=65535 reverse=0 mode=0 choke=1 cutoff=0 resonance=0 send=127 slices=8 enabled=1 selected=0 frames=176400 waveform=0720701a name=m19p_mixed.wav
[Q SLICE] track=0 index=0 start=0 end=8192
[Q SLICE] track=0 index=1 start=8192 end=16384
[Q SLICE] track=0 index=2 start=16384 end=20480
[Q SLICE] track=0 index=3 start=20480 end=28672
[Q SLICE] track=0 index=4 start=28672 end=32768
[Q SLICE] track=0 index=5 start=32768 end=45056
[Q SLICE] track=0 index=6 start=45056 end=57344
[Q SLICE] track=0 index=7 start=57344 end=65535
[Q TRACK] track=1 source=1 pitch=48 synth_pitch=39 sample_pitch=48 mute=0 solo=0 start=0 end=65535 reverse=1 mode=0 choke=0 cutoff=0 resonance=0 send=127 slices=4 enabled=1 selected=0 frames=176400 waveform=595ef306 name=m19p_stereo.wav
[Q SLICE] track=1 index=0 start=0 end=16383
[Q SLICE] track=1 index=1 start=16383 end=32767
[Q SLICE] track=1 index=2 start=32767 end=49151
[Q SLICE] track=1 index=3 start=49151 end=65535
[Q TRACK] track=2 source=1 pitch=49 synth_pitch=42 sample_pitch=49 mute=0 solo=0 start=0 end=65535 reverse=0 mode=0 choke=0 cutoff=0 resonance=0 send=127 slices=4 enabled=1 selected=0 frames=176400 waveform=595ef306 name=m19p_stereo.wav
[Q SLICE] track=2 index=0 start=0 end=16383
[Q SLICE] track=2 index=1 start=16383 end=32767
[Q SLICE] track=2 index=2 start=32767 end=49151
[Q SLICE] track=2 index=3 start=49151 end=65535
[Q TRACK] track=3 source=1 pitch=50 synth_pitch=45 sample_pitch=50 mute=0 solo=0 start=0 end=65535 reverse=1 mode=0 choke=0 cutoff=0 resonance=0 send=127 slices=4 enabled=1 selected=0 frames=22050 waveform=0ee7dbac name=m19p_oneshot.wav
[Q SLICE] track=3 index=0 start=0 end=16383
[Q SLICE] track=3 index=1 start=16383 end=32767
[Q SLICE] track=3 index=2 start=32767 end=49151
[Q SLICE] track=3 index=3 start=49151 end=65535
[Q PATTERN] index=0 length=16 masks=ffff,ffff,ffff
[Q LOCK] pattern=0 step=0 mask=128 slice=0
[Q LOCK] pattern=0 step=1 mask=128 slice=1
[Q LOCK] pattern=0 step=2 mask=128 slice=2
[Q LOCK] pattern=0 step=3 mask=128 slice=3
[Q PATTERN] index=1 length=16 masks=0000,0000,0000
[Q LOCK] pattern=1 step=0 mask=0 slice=0
[Q LOCK] pattern=1 step=1 mask=0 slice=0
[Q LOCK] pattern=1 step=2 mask=0 slice=0
[Q LOCK] pattern=1 step=3 mask=0 slice=0
[Q PATTERN] index=2 length=16 masks=0000,0000,0000
[Q LOCK] pattern=2 step=0 mask=0 slice=0
[Q LOCK] pattern=2 step=1 mask=0 slice=0
[Q LOCK] pattern=2 step=2 mask=0 slice=0
[Q LOCK] pattern=2 step=3 mask=0 slice=0
[Q PATTERN] index=3 length=16 masks=0000,0000,0000
[Q LOCK] pattern=3 step=0 mask=0 slice=0
[Q LOCK] pattern=3 step=1 mask=0 slice=0
[Q LOCK] pattern=3 step=2 mask=0 slice=0
[Q LOCK] pattern=3 step=3 mask=0 slice=0
[Q TRANSIENT] state=4 request=3 progress=100 count=8 stale_discarded=0 apply=1 cancel=1 duration_max_us=64047 chunk_max_us=2394
[Q PROPOSAL] index=0 start=0 end=8192
[Q PROPOSAL] index=1 start=8192 end=16384
[Q PROPOSAL] index=2 start=16384 end=20480
[Q PROPOSAL] index=3 start=20480 end=28672
[Q PROPOSAL] index=4 start=28672 end=32768
[Q PROPOSAL] index=5 start=32768 end=45056
[Q PROPOSAL] index=6 start=45056 end=57344
[Q PROPOSAL] index=7 start=57344 end=65535
[Q HEAP] tag=state internal=183904 free=28906004 largest=28835828
[Q PLAYBACK] triggers=41186 reverse=20592 gate=2 releases=1 chokes=39 retriggers=41152 repeat_accepts=1 repeat_hits=40560 chain_loops=0
[M6 read] bytes=352800 read_us=706292 bytes_per_second=499510 original_channels=1 rate=44100 total_psram=33554432
[M6 load] track=5 file_bytes=352844 pcm_bytes=352800 load_publish_us=1140245 payload=1809438 transient=352800 peak_payload=1809438 ps_free=28906004 largest=28835828 internal=189232 display=2304000 fx_delay=352800 reserve=4194304
[M6.1 replacement] retired_clear=1 ps_delta=360452 status=READY
[M213 address] track=5 pcm=0x48416f80 base=0x48416e10 bytes=353183 frames=176400 mod64=0 mod128=0 mod256=128 mod4096=3968 mod131072=94080 external=1 requested_caps=1028 free=28906004 largest=28835828
[Q COMMAND] 
[Q ACK] invalid=1

# HOST STATE
[Q COMMAND] STATE
[Q STATE] bpm=240 swing=50 playing=0 mode=0 chain_length=0 chain_loop=0 project_busy=1 restoring=1 sample_busy=0 project_status=LOADING SAMPLES 7/16 sample_status=SAMPLE READY
[Q TRACK] track=0 source=1 pitch=47 synth_pitch=36 sample_pitch=47 mute=0 solo=0 start=0 end=65535 reverse=0 mode=0 choke=1 cutoff=0 resonance=0 send=127 slices=8 enabled=1 selected=0 frames=176400 waveform=0720701a name=m19p_mixed.wav
[Q SLICE] track=0 index=0 start=0 end=8192
[Q SLICE] track=0 index=1 start=8192 end=16384
[Q SLICE] track=0 index=2 start=16384 end=20480
[Q SLICE] track=0 index=3 start=20480 end=28672
[Q SLICE] track=0 index=4 start=28672 end=32768
[Q SLICE] track=0 index=5 start=32768 end=45056
[Q SLICE] track=0 index=6 start=45056 end=57344
[Q SLICE] track=0 index=7 start=[M6 read] bytes=352800 read_us=707241 bytes_per_second=498839 original_channels=1 rate=44100 total_psram=33554432
[M6 load] track=6 file_bytes=352844 pcm_bytes=352800 load_publish_us=1140364 payload=2162685 transient=352800 peak_payload=2162685 ps_free=28545552 largest=28311540 internal=187628 display=2304000 fx_delay=352800 reserve=4194304
[M6.1 replacement] retired_clear=1 ps_delta=360452 status=READY
[M213 address] track=6 pcm=0x4846efc0 base=0x4846ee14 bytes=353247 frames=176400 mod64=0 mod128=64 mod256=192 mod4096=4032 mod131072=61376 external=1 requested_caps=1028 free=28545552 largest=28311540
57344 end=65535
[Q TRACK] track=1 source=1 pitch=48 synth_pitch=39 sample_pitch=48 mute=0 solo=0 start=0 end=65535 reverse=1 mode=0 choke=0 cutoff=0 resonance=0 send=127 slices=4 enabled=1 selected=0 frames=176400 waveform=595ef306 name=m19p_stereo.wav
[Q SLICE] track=1 index=0 start=0 end=16383
[Q SLICE] track=1 index=1 start=16383 end=32767
[Q SLICE] track=1 index=2 start=32767 end=49151
[Q SLICE] track=1 index=3 start=49151 end=65535
[Q TRACK] track=2 source=1 pitch=49 synth_pitch=42 sample_pitch=49 mute=0 solo=0 start=0 end=65535 reverse=0 mode=0 choke=0 cutoff=0 resonance=0 send=127 slices=4 enabled=1 selected=0 frames=176400 waveform=595ef306 name=m19p_stereo.wav
[Q SLICE] track=2 index=0 start=0 end=16383
[Q SLICE] track=2 index=1 start=16383 end=32767
[Q SLICE] track=2 index=2 start=32767 end=49151
[Q SLICE] track=2 index=3 start=49151 end=65535
[Q TRACK] track=3 source=1 pitch=50 synth_pitch=45 sample_pitch=50 mute=0 solo=0 start=0 end=65535 reverse=1 mode=0 choke=0 cutoff=0 resonance=0 send=127 slices=4 enabled=1 selected=0 frames=22050 waveform=0ee7dbac name=m19p_oneshot.wav
[Q SLICE] track=3 index=0 start=0 end=16383
[Q SLICE] track=3 index=1 start=16383 end=32767
[Q SLICE] track=3 index=2 start=32767 end=49151
[Q SLICE] track=3 index=3 start=49151 end=65535
[Q PATTERN] index=0 length=16 masks=ffff,ffff,ffff
[Q LOCK] pattern=0 step=0 mask=128 slice=0
[Q LOCK] pattern=0 step=1 mask=128 slice=1
[Q LOCK] pattern=0 step=2 mask=128 slice=2
[Q LOCK] pattern=0 step=3 mask=128 slice=3
[Q PATTERN] index=1 length=16 masks=0000,0000,0000
[Q LOCK] pattern=1 step=0 mask=0 slice=0
[Q LOCK] pattern=1 step=1 mask=0 slice=0
[Q LOCK] pattern=1 step=2 mask=0 slice=0
[Q LOCK] pattern=1 step=3 mask=0 slice=0
[Q PATTERN] index=2 length=16 masks=0000,0000,0000
[Q LOCK] pattern=2 step=0 mask=0 slice=0
[Q LOCK] pattern=2 step=1 mask=0 slice=0
[Q LOCK] pattern=2 step=2 mask=0 slice=0
[Q LOCK] pattern=2 step=3 mask=0 slice=0
[Q PATTERN] index=3 length=16 masks=0000,0000,0000
[Q LOCK] pattern=3 step=0 mask=0 slice=0
[Q LOCK] pattern=3 step=1 mask=0 slice=0
[Q LOCK] pattern=3 step=2 mask=0 slice=0
[Q LOCK] pattern=3 step=3 mask=0 slice=0
[Q TRANSIENT] state=4 request=3 progress=100 count=8 stale_discarded=0 apply=1 cancel=1 duration_max_us=64047 chunk_max_us=2394
[Q PROPOSAL] index=0 start=0 end=8192
[Q PROPOSAL] index=1 start=8192 end=16384
[Q PROPOSAL] index=2 start=16384 end=20480
[Q PROPOSAL] index=3 start=20480 end=28672
[Q PROPOSAL] index=4 start=28672 end=32768
[Q PROPOSAL] index=5 start=32768 end=45056
[Q PROPOSAL] index=6 start=45056 end=57344
[Q PROPOSAL] index=7 start=57344 end=65535
[Q HEAP] tag=state internal=180696 free=28185100 largest=27787252
[Q PLAYBACK] triggers=41186 reverse=20592 gate=2 releases=1 chokes=39 retriggers=41152 repeat_accepts=1 repeat_hits=40560 chain_loops=0
[M6 read] bytes=705600 read_us=1250648 bytes_per_second=564187 original_channels=2 rate=44100 total_psram=33554432
[M6 load] track=7 file_bytes=705644 pcm_bytes=352800 load_publish_us=1683087 payload=2515996 transient=352800 peak_payload=2515996 ps_free=28185100 largest=27787252 internal=186024 display=2304000 fx_delay=352800 reserve=4194304
[M6.1 replacement] retired_clear=1 ps_delta=360452 status=READY
[M213 address] track=7 pcm=0x484c7000 base=0x484c6e18 bytes=353311 frames=176400 mod64=0 mod128=0 mod256=0 mod4096=0 mod131072=28672 external=1 requested_caps=1028 free=28185100 largest=27787252
[Q COMMAND] 
[Q ACK] invalid=1

# HOST STATE
[Q COMMAND] STATE
[Q STATE] bpm=240 swing=50 playing=0 mode=0 chain_length=0 chain_loop=0 project_busy=1 restoring=1 sample_busy=0 project_status=LOADING SAMPLES 9/16 sample_status=SAMPLE READY
[Q TRACK] track=0 source=1 pitch=47 synth_pitch=36 sample_pitch=47 mute=0 solo=0 start=0 end=65535 reverse=0 mode=0 choke=1 cutoff=0 resonance=0 send=127 slices=8 enabled=1 selected=0 frames=176400 waveform=0720701a name=m19p_mixed.wav
[Q SLICE] track=0 index=0 start=0 end=8192
[Q SLICE] track=0 index=1 start=8192 end=16384
[Q SLICE] track=0 index=2 start=16384 end=20480
[Q SLICE] track=0 index=3 start=20480 end=28672
[Q SLICE] track=0 index=4 start=28672 end=32768
[Q SLICE] track=0 index=5 start=32768 end=45056
[Q SLICE] track=0 index=6 start=45056 end=57344
[Q SLICE] track=0 index=7 start=57344 end=65535
[Q TRACK] track=1 source=1 pitch=48 synth_pitch=39 sample_pitch=48 mute=0 solo=0 start=0 end=65535 reverse=1 mode=0 choke=0 cutoff=0 resonance=0 send=127 slices=4 enabled=1 selected=0 frames=176400 waveform=595ef306 name=m19p_stereo.wav
[Q SLICE] track=1 index=0 start=0 end=16383
[Q SLICE] track=1 index=1 start=16383 end=32767
[Q SLICE] track=1 index=2 start=32767 end=49151
[Q SLICE] track=1 index=3 start=49151 end=65535
[Q TRACK] track=2 source=1 pitch=49 synth_pitch=42 sample_pitch=49 mute=0 solo=0 start=0 end=65535 reverse=0 mode=0 choke=0 cutoff=0 resonance=0 send=127 slices=4 enabled=1 selected=0 frames=176400 waveform=595ef306 name=m19p_stereo.wav
[Q SLICE] track=2 index=0 start=0 end=16383
[Q SLICE] track=2 index=1 start=16383 end=32767
[Q SLICE] track=2 index=2 start=32767 end=49151
[Q SLICE] track=2 index=3 start=49151 end=65535
[M6 read] bytes=44100 read_us=86167 bytes_per_second=511796 original_channels=1 rate=44100 total_psram=33554432
[M6 load] track=8 file_bytes=44144 pcm_bytes=44100 load_publish_us=510124 payload=2560671 transient=44100 peak_payload=2560671 ps_free=28140040 largest=27787252 internal=184420 display=2304000 fx_delay=352800 reserve=4194304
[M6.1 replacement] retired_clear=1 ps_delta=45060 status=READY
[M213 address] track=8 pcm=0x4851f040 base=0x4851ee1c bytes=44675 frames=22050 mod64=0 mod128=64 mod256=64 mod4096=64 mod131072=127040 external=1 requested_caps=1028 free=28140040 largest=27787252
[Q TRACK] track=3 source=1 pitch=50 synth_pitch=45 sample_pitch=50 mute=0 solo=0 start=0 end=65535 reverse=1 mode=0 choke=0 cutoff=0 resonance=0 send=127 slices=4 enabled=1 selected=0 frames=22050 waveform=0ee7dbac name=m19p_oneshot.wav
[Q SLICE] track=3 index=0 start=0 end=16383
[Q SLICE] track=3 index=1 start=16383 end=32767
[Q SLICE] track=3 index=2 start=32767 end=49151
[Q SLICE] track=3 index=3 start=49151 end=65535
[Q PATTERN] index=0 length=16 masks=ffff,ffff,ffff
[Q LOCK] pattern=0 step=0 mask=128 slice=0
[Q LOCK] pattern=0 step=1 mask=128 slice=1
[Q LOCK] pattern=0 step=2 mask=128 slice=2
[Q LOCK] pattern=0 step=3 mask=128 slice=3
[Q PATTERN] index=1 length=16 masks=0000,0000,0000
[Q LOCK] pattern=1 step=0 mask=0 slice=0
[Q LOCK] pattern=1 step=1 mask=0 slice=0
[Q LOCK] pattern=1 step=2 mask=0 slice=0
[Q LOCK] pattern=1 step=3 mask=0 slice=0
[Q PATTERN] index=2 length=16 masks=0000,0000,0000
[Q LOCK] pattern=2 step=0 mask=0 slice=0
[Q LOCK] pattern=2 step=1 mask=0 slice=0
[Q LOCK] pattern=2 step=2 mask=0 slice=0
[Q LOCK] pattern=2 step=3 mask=0 slice=0
[Q PATTERN] index=3 length=16 masks=0000,0000,0000
[Q LOCK] pattern=3 step=0 mask=0 slice=0
[Q LOCK] pattern=3 step=1 mask=0 slice=0
[Q LOCK] pattern=3 step=2 mask=0 slice=0
[Q LOCK] pattern=3 step=3 mask=0 slice=0
[Q TRANSIENT] state=4 request=3 progress=100 count=8 stale_discarded=0 apply=1 cancel=1 duration_max_us=64047 chunk_max_us=2394
[Q PROPOSAL] index=0 start=0 end=8192
[Q PROPOSAL] index=1 start=8192 end=16384
[Q PROPOSAL] index=2 start=16384 end=20480
[Q PROPOSAL] index=3 start=20480 end=28672
[Q PROPOSAL] index=4 start=28672 end=32768
[Q PROPOSAL] index=5 start=32768 end=45056
[Q PROPOSAL] index=6 start=45056 end=57344
[Q PROPOSAL] index=7 start=57344 end=65535
[Q HEAP] tag=state internal=177488 free=27779588 largest=27262964
[Q PLAYBACK] triggers=41186 reverse=20592 gate=2 releases=1 chokes=39 retriggers=41152 repeat_accepts=1 repeat_hits=40560 chain_loops=0
[M6 read] bytes=352800 read_us=759811 bytes_per_second=464325 original_channels=1 rate=44100 total_psram=33554432
[M6 load] track=9 file_bytes=352844 pcm_bytes=352800 load_publish_us=1189710 payload=2914110 transient=352800 peak_payload=2914110 ps_free=27779588 largest=27262964 internal=182816 display=2304000 fx_delay=352800 reserve=4194304
[M6.1 replacement] retired_clear=1 ps_delta=360452 status=READY
[M213 address] track=9 pcm=0x4852a080 base=0x48529e20 bytes=353439 frames=176400 mod64=0 mod128=0 mod256=128 mod4096=128 mod131072=41088 external=1 requested_caps=1028 free=27779588 largest=27262964
[Q COMMAND] 
[Q ACK] invalid=1

# HOST STATE
[Q COMMAND] STATE
[Q STATE] bpm=240 swing=50 playing=0 mode=0 chain_length=0 chain_loop=0 project_busy=1 restoring=1 sample_busy=0 project_status=LOADING SAMPLES 11/16 sample_status=SAMPLE READY
[Q TRACK] track=0 source=1 pitch=47 synth_pitch=36 sample_pitch=47 mute=0 solo=0 start=0 end=65535 reverse=0 mode=0 choke=1 cutoff=0 resonance=0 send=127 slices=8 enabled=1 selected=0 frames=176400 waveform=0720701a name=m19p_mixed.wav
[Q SLICE] track=0 index=0 start=0 end=8192
[Q SLICE] track=0 index=1 start=8192 end=16384
[Q SLICE] track=0 index=2 start=16384 end=20480
[Q SLICE] track=0 index=3 start=20480 end=28672
[Q SLICE] track=0 index=4 start=28672 end=32768
[Q SLICE] track=0 index=5 start=32768 end=45056
[Q SLICE] track=0 index=6 start=45056 end=57344
[Q SLICE] track=0 index=7 start=57344 end=65535
[Q TRACK] track=1 source=1 pitch=48 synth_pitch=39 sample_pitch=48 mute=0 solo=0 start=0 end=65535 reverse=1 mode=0 choke=0 cutoff=0 resonance=0 send=127 slices=4 enabled=1 selected=0 frames=176400 waveform=595ef306 name=m19p_stereo.wav
[Q SLICE] track=1 index=0 start=0 end=16383
[Q SLICE] track=1 index=1 start=16383 end=32767
[Q SLICE] track=1 index=2 start=32767 end=49151
[Q SLICE] track=1 index=3 start=49151 end=65535
[Q TRACK] track=2 source=1 pitch=49 synth_pitch=42 sample_pitch=49 mute=0 solo=0 start=0 end=65535 reverse=0 mode=0 choke=0 cutoff=0 resonance=0 send=127 slices=4 enabled=1 selected=0 frames=176400 waveform=595ef306 name=m19p_stereo.wav
[Q SLICE] track=2 index=0 start=0 end=16383
[Q SLICE] track=2 index=1 start=16383 end=32767
[Q SLICE] track=2 index=2 start=32767 end=49151
[Q SLICE] track=2 index=3 start=49151 end=65535
[Q TRACK] track=3 source=1 pitch=50 synth_pitch=45 sample_pitch=50 mute=0 solo=0 start=0 end=65535 reverse=1 mode=0 choke=0 cutoff=0 resonance=0 send=127 slices=4 enabled=1 selected=0 frames=22050 waveform=0ee7dbac name=m19p_oneshot.wav
[Q SLICE] track=3 index=0 start=0 end=16383
[Q SLICE] track=3 index=1 start=16383 end=32767
[Q SLICE] track=3 index=2 start=32767 end=49151
[Q SLICE] track=3 index=3 start=49151 end=65535
[Q PATTERN] index=0 length=16 masks=ffff,ffff,ffff
[Q LOCK] pattern=0 step=0 mask=128 slice=0
[Q LOCK] pattern=0 step=1 mask=128 slice=1
[Q LOCK] pattern=0 step=2 mask=128 slice=2
[Q LOCK] pattern=0 step=3 mask=128 slice=3
[Q PATTERN] index=1 length=16 masks=0000,0000,0000
[Q LOCK] pattern=1 step=0 mask=0 slice=0
[Q LOCK] pattern=1 step=1 mask=0 slice=0
[Q LOCK] pattern=1 step=2 mask=0 slice=0
[Q LOCK] pattern=1 step=3 mask=0 slice=0
[Q PATTERN] index=2 length=16 masks=0000,0000,0000
[Q LOCK] pattern=2 step=0 mask=0 slice=0
[Q LOCK] pattern=2 step=1 mask=0 slice=0
[Q LOCK] pattern=2 step=2 mask=0 slice=0
[Q LOCK] pattern=2 step=3 mask=0 slice=0
[Q PATTERN] index=3 length=16 masks=0000,0000,0000
[Q LOCK] pattern=3 step=0 mask=0 slice=0
[Q LOCK] pattern=3 step=1 mask=0 slice=0
[Q LOCK] pattern=3 step=2 mask=0 slice=0
[Q LOCK] pattern=3 step=3 mask=0 slice=0
[Q TRANSIENT] state=4 request=3 progress=100 count=8 stale_discarded=0 apply=1 cancel=1 duration_max_us=64047 chunk_max_us=2394
[Q PROPOSAL] index=0 start=0 end=8192
[Q PROPOSAL] index=1 start=8192 end=16384
[Q PROPOSAL] index=2 start=16384 end=20480
[Q PROPOSAL] index=3 start=20480 end=28672
[Q PROPOSAL] index=4 start=28672 end=32768
[Q PROPOSAL] index=5 start=32768 end=45056
[Q PROPOSAL] index=6 start=45056[M6 read] bytes=352800 read_us=691040 bytes_per_second=510534 original_channels=1 rate=44100 total_psram=33554432
[M6 load] track=10 file_bytes=352844 pcm_bytes=352800 load_publish_us=1126159 payload=3267613 transient=352800 peak_payload=3267613 ps_free=27419136 largest=27262964 internal=181212 display=2304000 fx_delay=352800 reserve=4194304
[M6.1 replacement] retired_clear=1 ps_delta=360452 status=READY
[M213 address] track=10 pcm=0x485820c0 base=0x48581e24 bytes=353503 frames=176400 mod64=0 mod128=64 mod256=192 mod4096=192 mod131072=8384 external=1 requested_caps=1028 free=27419136 largest=27262964
 end=57344
[Q PROPOSAL] index=7 start=57344 end=65535
[Q HEAP] tag=state internal=174280 free=27058684 largest=26738676
[Q PLAYBACK] triggers=41186 reverse=20592 gate=2 releases=1 chokes=39 retriggers=41152 repeat_accepts=1 repeat_hits=40560 chain_loops=0
[M6 read] bytes=352800 read_us=771659 bytes_per_second=457196 original_channels=1 rate=44100 total_psram=33554432
[M6 load] track=11 file_bytes=352844 pcm_bytes=352800 load_publish_us=1207142 payload=3621180 transient=352800 peak_payload=3621180 ps_free=27058684 largest=26738676 internal=179608 display=2304000 fx_delay=352800 reserve=4194304
[M6.1 replacement] retired_clear=1 ps_delta=360452 status=READY
[M213 address] track=11 pcm=0x485da100 base=0x485d9e28 bytes=353567 frames=176400 mod64=0 mod128=0 mod256=0 mod4096=256 mod131072=106752 external=1 requested_caps=1028 free=27058684 largest=26738676
[Q COMMAND] 
[Q ACK] invalid=1

# HOST STATE
[Q COMMAND] STATE
[Q STATE] bpm=240 swing=50 playing=0 mode=0 chain_length=0 chain_loop=0 project_busy=1 restoring=1 sample_busy=0 project_status=LOADING SAMPLES 13/16 sample_status=SAMPLE READY
[Q TRACK] track=0 source=1 pitch=47 synth_pitch=36 sample_pitch=47 mute=0 solo=0 start=0 end=65535 reverse=0 mode=0 choke=1 cutoff=0 resonance=0 send=127 slices=8 enabled=1 selected=0 frames=176400 waveform=0720701a name=m19p_mixed.wav
[Q SLICE] track=0 index=0 start=0 end=8192
[Q SLICE] track=0 index=1 start=8192 end=16384
[Q SLICE] track=0 index=2 start=16384 end=20480
[Q SLICE] track=0 index=3 start=20480 end=28672
[Q SLICE] track=0 index=4 start=28672 end=32768
[Q SLICE] track=0 index=5 start=32768 end=45056
[Q SLICE] track=0 index=6 start=45056 end=57344
[Q SLICE] track=0 index=7 start=57344 end=65535
[Q TRACK] track=1 source=1 pitch=48 synth_pitch=39 sample_pitch=48 mute=0 solo=0 start=0 end=65535 reverse=1 mode=0 choke=0 cutoff=0 resonance=0 send=127 slices=4 enabled=1 selected=0 frames=176400 waveform=595ef306 name=m19p_stereo.wav
[Q SLICE] track=1 index=0 start=0 end=16383
[Q SLICE] track=1 index=1 start=16383 end=32767
[Q SLICE] track=1 index=2 start=32767 end=49151
[Q SLICE] track=1 index=3 start=49151 end=65535
[Q TRACK] track=2 source=1 pitch=49 synth_pitch=42 sample_pitch=49 mute=0 solo=0 start=0 end=65535 reverse=0 mode=0 choke=0 cutoff=0 resonance=0 send=127 slices=4 enabled=1 selected=0 frames=176400 waveform=595ef306 name=m19p_stereo.wav
[Q SLICE] track=2 index=0 start=0 end=16383
[Q SLICE] track=2 index=1 start=16383 end=32767
[Q SLICE] track=2 index=2 start=32767 end=49151
[Q SLICE] track=2 index=3 start=49151 end=65535
[Q TRACK] track=3 source=1 pitch=50 synth_pitch=45 sample_pitch=50 mute=0 solo=0 start=0 end=65535 reverse=1 mode=0 choke=0 cutoff=0 resonance=0 send=127 slices=4 enabled=1 selected=0 frames=22050 waveform=0ee7dbac name=m19p_oneshot.wav
[Q SLICE] track=3 index=0 start=0 end=16383
[Q SLICE] track=3 index=1 start=16383 end=32767
[Q SLICE] track=3 index=2 start=32767 end=49151
[Q SLICE] track=3 index=3 start=49151 end=65535
[Q PATTERN] index=0 length=16 masks=ffff,ffff,ffff
[Q LOCK] pattern=0 step=0 mask=128 slice=0
[Q LOCK] pattern=0 step=1 mask=128 slice=1
[Q LOCK] pattern=0 step=2 mask=128 slice=2
[Q LOCK] pattern=0 step=3 mask=128 slice=3
[Q PATTERN] index=1 length=16 masks=0000,0000,0000
[Q LOCK] pattern=1 step=0 mask=0 slice=0
[Q LOCK] pattern=1 step=1 mask=0 slice=0
[Q LOCK] pattern=1 step=2 mask=0 slice=0
[Q LOCK] pattern=1 step=3 mask=0 slice=0
[Q PATTERN] index=2 length=16 masks=0000,0000,0000
[Q LOCK] pattern=2 step=0 mask=0 slice=0
[Q LOCK] pattern=2 step=1 mask=0 slice=0
[Q LOCK] pattern=2 step=2 mask=0 slice=0
[Q LOCK] pattern=2 step=3 mask=0 slice=0
[Q PATTERN] index=3 length=16 masks=0000,0000,0000
[Q LOCK] pattern=3 step=0 mask=0 slice=0
[Q LOCK] pattern=3 step=1 mask=0 slice=0
[Q LOCK] pattern=3 step=2 mask=0 slice=0
[Q LOCK] pattern=3 step=3 mask=0 slice=0
[Q TRANSIENT] state=4 request=3 progress=100 count=8 stale_discarded=0 apply=1 cancel=1 duration_max_us=64047 chunk_max_us=2394
[Q PROPOSAL] index=0 start=0 end=8192
[Q PROPOSAL] index=1 start=8192 end=16384
[Q PROPOSAL] index=2 start=16384 end=20480
[Q PROPOSAL] index=3 start=20480 end=28672
[Q PROPOSAL] index=4 start=28672 end=32768
[Q PROPOSAL] index=5 start=32768 end=45056
[Q PROPOSAL] index=6 start=45056 end=57344
[Q PROPOSAL] index=7 start=57344 end=65535
[Q HEAP] tag=state internal=172676 free=26698232 largest=26214388
[Q PLAYBACK] triggers=41186 reverse=20592 gate=2 releases=1 chokes=39 retriggers=41152 repeat_accepts=1 repeat_hits=40560 chain_loops=0
[M6 read] bytes=705600 read_us=1254943 bytes_per_second=562256 original_channels=2 rate=44100 total_psram=33554432
[M6 load] track=12 file_bytes=705644 pcm_bytes=352800 load_publish_us=1688451 payload=3974811 transient=352800 peak_payload=3974811 ps_free=26698232 largest=26214388 internal=178004 display=2304000 fx_delay=352800 reserve=4194304
[M6.1 replacement] retired_clear=1 ps_delta=360452 status=READY
[M213 address] track=12 pcm=0x48632140 base=0x48631e2c bytes=353631 frames=176400 mod64=0 mod128=64 mod256=64 mod4096=320 mod131072=74048 external=1 requested_caps=1028 free=26698232 largest=26214388
[M6 read] bytes=44100 read_us=87203 bytes_per_second=505716 original_channels=1 rate=44100 total_psram=33554432
[M6 load] track=13 file_bytes=44144 pcm_bytes=44100 load_publish_us=515830 payload=4019806 transient=44100 peak_payload=4019806 ps_free=26653172 largest=26214388 internal=176400 display=2304000 fx_delay=352800 reserve=4194304
[M6.1 replacement] retired_clear=1 ps_delta=45060 status=READY
[M213 address] track=13 pcm=0x4868a180 base=0x48689e30 bytes=44995 frames=22050 mod64=0 mod128=0 mod256=128 mod4096=384 mod131072=41344 external=1 requested_caps=1028 free=26653172 largest=26214388
[Q COMMAND] 
[Q ACK] invalid=1

# HOST STATE
[Q COMMAND] STATE
[Q STATE] bpm=240 swing=50 playing=0 mode=0 chain_length=0 chain_loop=0 project_busy=1 restoring=1 sample_busy=0 project_status=LOADING SAMPLES 15/16 sample_status=SAMPLE READY
[Q TRACK] track=0 source=1 pitch=47 synth_pitch=36 sample_pitch=47 mute=0 solo=0 start=0 end=65535 reverse=0 mode=0 choke=1 cutoff=0 resonance=0 send=127 slices=8 enabled=1 selected=0 frames=176400 waveform=0720701a name=m19p_mixed.wav
[Q SLICE] track=0 index=0 start=0 end=8192
[Q SLICE] track=0 index=1 start=8192 end=16384
[Q SLICE] track=0 index=2 start=16384 end=20480
[Q SLICE] track=0 index=3 start=20480 end=28672
[Q SLICE] track=0 index=4 start=28672 end=32768
[Q SLICE] track=0 index=5 start=32768 end=45056
[Q SLICE] track=0 index=6 start=45056 end=57344
[Q SLICE] track=0 index=7 start=57344 end=65535
[Q TRACK] track=1 source=1 pitch=48 synth_pitch=39 sample_pitch=48 mute=0 solo=0 start=0 end=65535 reverse=1 mode=0 choke=0 cutoff=0 resonance=0 send=127 slices=4 enabled=1 selected=0 frames=176400 waveform=595ef306 name=m19p_stereo.wav
[Q SLICE] track=1 index=0 start=0 end=16383
[Q SLICE] track=1 index=1 start=16383 end=32767
[Q SLICE] track=1 index=2 start=32767 end=49151
[Q SLICE] track=1 index=3 start=49151 end=65535
[Q TRACK] track=2 source=1 pitch=49 synth_pitch=42 sample_pitch=49 mute=0 solo=0 start=0 end=65535 reverse=0 mode=0 choke=0 cutoff=0 resonance=0 send=127 slices=4 enabled=1 selected=0 frames=176400 waveform=595ef306 name=m19p_stereo.wav
[Q SLICE] track=2 index=0 start=0 end=16383
[Q SLICE] track=2 index=1 start=16383 end=32767
[Q SLICE] track=2 index=2 start=32767 end=49151
[Q SLICE] track=2 index=3 start=49151 end=65535
[Q TRACK] track=3 source=1 pitch=50 synth_pitch=45 sample_pitch=50 mute=0 solo=0 start=0 end=65535 reverse=1 mode=0 choke=0 cutoff=0 resonance=0 send=127 slices=4 enabled=1 selected=0 frames=22050 waveform=0ee7dbac name=m19p_oneshot.wav
[Q SLICE] track=3 index=0 start=0 end=16383
[Q SLICE] track=3 index=1 start=16383 end=32767
[Q SLICE] track=3 index=2 start=32767 end=49151
[Q SLICE] track=3 index=3 start=49151 end=65535
[Q PATTERN] index=0 length=16 masks=ffff,ffff,ffff
[Q LOCK] pattern=0 step=0 mask=128 slice=0
[Q LOCK] pattern=0 step=1 mask=128 slice=1
[Q LOCK] pattern=0 step=2 mask=128 slice=2
[Q LOCK] pattern=0 step=3 mask=128 slice=3
[Q PATTERN] index=1 length=16 masks=0000,0000,0000
[Q LOCK] pattern=1 step=0 mask=0 slice=0
[Q LOCK] pattern=1 step=1 mask=0 slice=0
[Q LOCK] pattern=1 step=2 mask=0 slice=0
[Q LOCK] pattern=1 step=3 mask=0 slice=0
[Q PATTERN] index=2 length=16 masks=0000,0000,0000
[Q LOCK] pattern=2 step=0 mask=0 slice=0
[Q LOCK] pattern=2 step=1 mask=0 slice=0
[Q LOCK] pattern=2 step=2 mask=0 slice=0
[Q LOCK] pattern=2 step=3 mask=0 slice=0
[Q PATTERN] index=3 length=16 masks=0000,0000,0000
[Q LOCK] pattern=3 step=0 mask=0 slice=0
[Q LOCK] pattern=3 step=1 mask=0 slice=0
[Q LOCK] pattern=3 step=2 mask=0 slice=0
[Q LOCK] pattern=3 step=3 mask=0 slice=0
[Q TRANSIENT] state=4 request=3 progress=100 count=8 stale_discarded=0 apply=1 cancel=1 duration_max_us=64047 chunk_max_us=2394
[Q PROPOSAL] index=0 start=0 end=8192
[Q PROPOSAL] index=1 start=8192 end=16384
[Q PROPOSAL] index=2 start=16384 end=20480
[Q PROPOSAL] index=3 start=20480 end=28672
[Q PROPOSAL] index=4 start=28672 end=32768
[Q PROPOSAL] index=5 start=32768 end=45056
[Q PROPOSAL] index=6 start=45056 end=57344
[Q PROPOSAL] index=7 start=57344 end=65535
[Q HEAP] tag=state internal=169468 free=26292720 largest=26214388
[Q PLAYBACK] triggers=41186 reverse=20592 gate=2 releases=1 chokes=39 retriggers=41152 repeat_accepts=1 repeat_hits=40560 chain_loops=0
[M6 read] bytes=352800 read_us=690527 bytes_per_second=510914 original_channels=1 rate=44100 total_psram=33554432
[M6 load] track=14 file_bytes=352844 pcm_bytes=352800 load_publish_us=1192495 payload=4373565 transient=352800 peak_payload=4373565 ps_free=26292720 largest=26214388 internal=174796 display=2304000 fx_delay=352800 reserve=4194304
[M6.1 replacement] retired_clear=1 ps_delta=360452 status=READY
[M213 address] track=14 pcm=0x486951c0 base=0x48694e34 bytes=353759 frames=176400 mod64=0 mod128=64 mod256=192 mod4096=448 mod131072=86464 external=1 requested_caps=1028 free=26292720 largest=26214388
[Q COMMAND] 
[Q ACK] invalid=1

# HOST STATE
[Q COMMAND] STATE
[Q STATE] bpm=240 swing=50 playing=0 mode=0 chain_length=0 chain_loop=0 project_busy=1 restoring=1 sample_busy=0 project_status=LOADING SAMPLES 16/16 sample_status=SAMPLE READY
[Q TRACK] track=0 source=1 pitch=47 synth_pitch=36 sample_pitch=47 mute=0 solo=0 start=0 end=65535 reverse=0 mode=0 choke=1 cutoff=0 resonance=0 send=127 slices=8 enabled=1 selected=0 frames=176400 waveform=0720701a name=m19p_mixed.wav
[Q SLICE] track=0 index=0 start=0 end=8192
[Q SLICE] track=0 index=1 start=8192 end=16384
[Q SLICE] track=0 index=2 start=16384 end=20480
[Q SLICE] track=0 index=3 start=20480 end=28672
[Q SLICE] track=0 index=4 start=28672 end=32768
[Q SLICE] track=0 index=5 start=32768 end=45056
[Q SLICE] track=0 index=6 start=45056 end=57344
[Q SLICE] track=0 index=7 start=57344 end=65535
[Q TRACK] track=1 source=1 pitch=48 synth_pitch=39 sample_pitch=48 mute=0 solo=0 start=0 end=65535 reverse=1 mode=0 choke=0 cutoff=0 resonance=0 send=127 slices=4 enabled=1 selected=0 frames=176400 waveform=595ef306 name=m19p_stereo.wav
[Q SLICE] track=1 index=0 start=0 end=16383
[Q SLICE] track=1 index=1 start=16383 end=32767
[Q SLICE] track=1 index=2 start=32767 end=49151
[Q SLICE] track=1 index=3 start=49151 end=65535
[M6 read] bytes=352800 read_us=774782 bytes_per_second=455353 original_channels=1 rate=44100 total_psram=33554432
[M6 load] track=15 file_bytes=352844 pcm_bytes=352800 load_publish_us=1209811 payload=4727388 transient=352800 peak_payload=4727388 ps_free=25932268 largest=25690100 internal=173192 display=2304000 fx_delay=352800 reserve=4194304
[M6.1 replacement] retired_clear=1 ps_delta=360452 status=READY
[M213 address] track=15 pcm=0x486ed200 base=0x486ece38 bytes=353823 frames=176400 mod64=0 mod128=0 mod256=0 mod4096=512 mod131072=53760 external=1 requested_caps=1028 free=25932268 largest=25690100
[Q TRACK] track=2 source=1 pitch=49 synth_pitch=42 sample_pitch=49 mute=0 solo=0 start=0 end=65535 reverse=0 mode=0 choke=0 cutoff=0 resonance=0 send=127 slices=4 enabled=1 selected=0 frames=176400 waveform=595ef306 name=m19p_stereo.wav
[Q SLICE] track=2 index=0 start=0 end=16383
[Q SLICE] track=2 index=1 start=16383 end=32767
[Q SLICE] track=2 index=2 start=32767 end=49151
[Q SLICE] track=2 index=3 start=49151 end=65535
[Q TRACK] track=3 source=1 pitch=50 synth_pitch=45 sample_pitch=50 mute=0 solo=0 start=0 end=65535 reverse=1 mode=0 choke=0 cutoff=0 resonance=0 send=127 slices=4 enabled=1 selected=0 frames=22050 waveform=0ee7dbac name=m19p_oneshot.wav
[Q SLICE] track=3 index=0 start=0 end=16383
[Q SLICE] track=3 index=1 start=16383 end=32767
[Q SLICE] track=3 index=2 start=32767 end=49151
[Q SLICE] track=3 index=3 start=49151 end=65535
[Q PATTERN] index=0 length=16 masks=ffff,ffff,ffff
[Q LOCK] pattern=0 step=0 mask=128 slice=0
[Q LOCK] pattern=0 step=1 mask=128 slice=1
[Q LOCK] pattern=0 step=2 mask=128 slice=2
[Q LOCK] pattern=0 step=3 mask=128 slice=3
[Q PATTERN] index=1 length=16 masks=0000,0000,0000
[Q LOCK] pattern=1 step=0 mask=0 slice=0
[Q LOCK] pattern=1 step=1 mask=0 slice=0
[Q LOCK] pattern=1 step=2 mask=0 slice=0
[Q LOCK] pattern=1 step=3 mask=0 slice=0
[Q PATTERN] index=2 length=16 masks=0000,0000,0000
[Q LOCK] pattern=2 step=0 mask=0 slice=0
[Q LOCK] pattern=2 step=1 mask=0 slice=0
[Q LOCK] pattern=2 step=2 mask=0 slice=0
[Q LOCK] pattern=2 step=3 mask=0 slice=0
[Q PATTERN] index=3 length=16 masks=0000,0000,0000
[Q LOCK] pattern=3 step=0 mask=0 slice=0
[Q LOCK] pattern=3 step=1 mask=0 slice=0
[Q LOCK] pattern=3 step=2 mask=0 slice=0
[Q LOCK] pattern=3 step=3 mask=0 slice=0
[Q TRANSIENT] state=4 request=3 progress=100 count=8 stale_discarded=0 apply=1 cancel=1 duration_max_us=64047 chunk_max_us=2394
[Q PROPOSAL] index=0 start=0 end=8192
[Q PROPOSAL] index=1 start=8192 end=16384
[Q PROPOSAL] index=2 start=16384 end=20480
[Q PROPOSAL] index=3 start=20480 end=28672
[Q PROPOSAL] index=4 start=28672 end=32768
[Q PROPOSAL] index=5 start=32768 end=45056
[Q PROPOSAL] index=6 start=45056 end=57344
[Q PROPOSAL] index=7 start=57344 end=65535
[Q HEAP] tag=state internal=173192 free=25932268 largest=25690100
[Q PLAYBACK] triggers=41186 reverse=20592 gate=2 releases=1 chokes=39 retriggers=41152 repeat_accepts=1 repeat_hits=40560 chain_loops=0
[Q COMMAND] 
[Q ACK] invalid=1

# HOST STATE
[Q COMMAND] STATE
[Q STATE] bpm=240 swing=50 playing=0 mode=0 chain_length=0 chain_loop=0 project_busy=0 restoring=0 sample_busy=0 project_status=PROJECT READY / 0 MISSING sample_status=SAMPLE READY
[Q TRACK] track=0 source=1 pitch=47 synth_pitch=36 sample_pitch=47 mute=0 solo=0 start=0 end=65535 reverse=0 mode=0 choke=1 cutoff=0 resonance=0 send=127 slices=8 enabled=1 selected=0 frames=176400 waveform=0720701a name=m19p_mixed.wav
[Q SLICE] track=0 index=0 start=0 end=8192
[Q SLICE] track=0 index=1 start=8192 end=16384
[Q SLICE] track=0 index=2 start=16384 end=20480
[Q SLICE] track=0 index=3 start=20480 end=28672
[Q SLICE] track=0 index=4 start=28672 end=32768
[Q SLICE] track=0 index=5 start=32768 end=45056
[Q SLICE] track=0 index=6 start=45056 end=57344
[Q SLICE] track=0 index=7 start=57344 end=65535
[Q TRACK] track=1 source=1 pitch=48 synth_pitch=39 sample_pitch=48 mute=0 solo=0 start=0 end=65535 reverse=1 mode=0 choke=0 cutoff=0 resonance=0 send=127 slices=4 enabled=1 selected=0 frames=176400 waveform=595ef306 name=m19p_stereo.wav
[Q SLICE] track=1 index=0 start=0 end=16383
[Q SLICE] track=1 index=1 start=16383 end=32767
[Q SLICE] track=1 index=2 start=32767 end=49151
[Q SLICE] track=1 index=3 start=49151 end=65535
[Q TRACK] track=2 source=1 pitch=49 synth_pitch=42 sample_pitch=49 mute=0 solo=0 start=0 end=65535 reverse=0 mode=0 choke=0 cutoff=0 resonance=0 send=127 slices=4 enabled=1 selected=0 frames=176400 waveform=595ef306 name=m19p_stereo.wav
[Q SLICE] track=2 index=0 start=0 end=16383
[Q SLICE] track=2 index=1 start=16383 end=32767
[Q SLICE] track=2 index=2 start=32767 end=49151
[Q SLICE] track=2 index=3 start=49151 end=65535
[Q TRACK] track=3 source=1 pitch=50 synth_pitch=45 sample_pitch=50 mute=0 solo=0 start=0 end=65535 reverse=1 mode=0 choke=0 cutoff=0 resonance=0 send=127 slices=4 enabled=1 selected=0 frames=22050 waveform=0ee7dbac name=m19p_oneshot.wav
[Q SLICE] track=3 index=0 start=0 end=16383
[Q SLICE] track=3 index=1 start=16383 end=32767
[Q SLICE] track=3 index=2 start=32767 end=49151
[Q SLICE] track=3 index=3 start=49151 end=65535
[Q PATTERN] index=0 length=16 masks=ffff,ffff,ffff
[Q LOCK] pattern=0 step=0 mask=128 slice=0
[Q LOCK] pattern=0 step=1 mask=128 slice=1
[Q LOCK] pattern=0 step=2 mask=128 slice=2
[Q LOCK] pattern=0 step=3 mask=128 slice=3
[Q PATTERN] index=1 length=16 masks=0000,0000,0000
[Q LOCK] pattern=1 step=0 mask=0 slice=0
[Q LOCK] pattern=1 step=1 mask=0 slice=0
[Q LOCK] pattern=1 step=2 mask=0 slice=0
[Q LOCK] pattern=1 step=3 mask=0 slice=0
[Q PATTERN] index=2 length=16 masks=0000,0000,0000
[Q LOCK] pattern=2 step=0 mask=0 slice=0
[Q LOCK] pattern=2 step=1 mask=0 slice=0
[Q LOCK] pattern=2 step=2 mask=0 slice=0
[Q LOCK] pattern=2 step=3 mask=0 slice=0
[Q PATTERN] index=3 length=16 masks=0000,0000,0000
[Q LOCK] pattern=3 step=0 mask=0 slice=0
[Q LOCK] pattern=3 step=1 mask=0 slice=0
[Q LOCK] pattern=3 step=2 mask=0 slice=0
[Q LOCK] pattern=3 step=3 mask=0 slice=0
[Q TRANSIENT] state=4 request=3 progress=100 count=8 stale_discarded=0 apply=1 cancel=1 duration_max_us=64047 chunk_max_us=2394
[Q PROPOSAL] index=0 start=0 end=8192
[Q PROPOSAL] index=1 start=8192 end=16384
[Q PROPOSAL] index=2 start=16384 end=20480
[Q PROPOSAL] index=3 start=20480 end=28672
[Q PROPOSAL] index=4 start=28672 end=32768
[Q PROPOSAL] index=5 start=32768 end=45056
[Q PROPOSAL] index=6 start=45056 end=57344
[Q PROPOSAL] index=7 start=57344 end=65535
[Q HEAP] tag=state internal=173192 free=25932268 largest=25690100
[Q PLAYBACK] triggers=41186 reverse=20592 gate=2 releases=1 chokes=39 retriggers=41152 repeat_accepts=1 repeat_hits=40560 chain_loops=0

# HOST STORE 8
[Q COMMAND] STORE 8
[M213 address] track=0 pcm=0x482abe00 base=0x482abdfc bytes=352863 frames=176400 mod64=0 mod128=0 mod256=0 mod4096=3584 mod131072=48640 external=1 requested_caps=1028 free=25932268 largest=25690100
[M213 address] track=1 pcm=0x48303e40 base=0x48303e00 bytes=352927 frames=176400 mod64=0 mod128=64 mod256=64 mod4096=3648 mod131072=15936 external=1 requested_caps=1028 free=25932268 largest=25690100
[M213 address] track=2 pcm=0x4835bec0 base=0x4835be04 bytes=352991 frames=176400 mod64=0 mod128=64 mod256=192 mod4096=3776 mod131072=114368 external=1 requested_caps=1028 free=25932268 largest=25690100
[M213 address] track=3 pcm=0x483b3f00 base=0x483b3e08 bytes=44355 frames=22050 mod64=0 mod128=0 mod256=0 mod4096=3840 mod131072=81664 external=1 requested_caps=1028 free=25932268 largest=25690100
[M213 address] track=4 pcm=0x483bef40 base=0x483bee0c bytes=353119 frames=176400 mod64=0 mod128=64 mod256=64 mod4096=3904 mod131072=126784 external=1 requested_caps=1028 free=25932268 largest=25690100
[M213 address] track=5 pcm=0x48416f80 base=0x48416e10 bytes=353183 frames=176400 mod64=0 mod128=0 mod256=128 mod4096=3968 mod131072=94080 external=1 requested_caps=1028 free=25932268 largest=25690100
[M213 address] track=6 pcm=0x4846efc0 base=0x4846ee14 bytes=353247 frames=176400 mod64=0 mod128=64 mod256=192 mod4096=4032 mod131072=61376 external=1 requested_caps=1028 free=25932268 largest=25690100
[M213 address] track=7 pcm=0x484c7000 base=0x484c6e18 bytes=353311 frames=176400 mod64=0 mod128=0 mod256=0 mod4096=0 mod131072=28672 external=1 requested_caps=1028 free=25932268 largest=25690100
[M213 address] track=8 pcm=0x4851f040 base=0x4851ee1c bytes=44675 frames=22050 mod64=0 mod128=64 mod256=64 mod4096=64 mod131072=127040 external=1 requested_caps=1028 free=25932268 largest=25690100
[M213 address] track=9 pcm=0x4852a080 base=0x48529e20 bytes=353439 frames=176400 mod64=0 mod128=0 mod256=128 mod4096=128 mod131072=41088 external=1 requested_caps=1028 free=25932268 largest=25690100
[M213 address] track=10 pcm=0x485820c0 base=0x48581e24 bytes=353503 frames=176400 mod64=0 mod128=64 mod256=192 mod4096=192 mod131072=8384 external=1 requested_caps=1028 free=25932268 largest=25690100
[M213 address] track=11 pcm=0x485da100 base=0x485d9e28 bytes=353567 frames=176400 mod64=0 mod128=0 mod256=0 mod4096=256 mod131072=106752 external=1 requested_caps=1028 free=25932268 largest=25690100
[M213 address] track=12 pcm=0x48632140 base=0x48631e2c bytes=353631 frames=176400 mod64=0 mod128=64 mod256=64 mod4096=320 mod131072=74048 external=1 requested_caps=1028 free=25932268 largest=25690100
[M213 address] track=13 pcm=0x4868a180 base=0x48689e30 bytes=44995 frames=22050 mod64=0 mod128=0 mod256=128 mod4096=384 mod131072=41344 external=1 requested_caps=1028 free=25932268 largest=25690100
[M213 address] track=14 pcm=0x486951c0 base=0x48694e34 bytes=353759 frames=176400 mod64=0 mod128=64 mod256=192 mod4096=448 mod131072=86464 external=1 requested_caps=1028 free=25932268 largest=25690100
[M213 address] track=15 pcm=0x486ed200 base=0x486ece38 bytes=353823 frames=176400 mod64=0 mod128=0 mod256=0 mod4096=512 mod131072=53760 external=1 requested_caps=1028 free=25932268 largest=25690100
[M213 locality] tag=8 order=0 eviction=0 repeats=32 reads=131072 us=4316 max=200 checksum=3441540352 sweep=0 concurrent_audio=1 cold_proven=0
[M213 locality] tag=8 order=1 eviction=0 repeats=32 reads=131072 us=6031 max=1945 checksum=3441540352 sweep=0 concurrent_audio=1 cold_proven=0
[M213 locality] tag=8 order=2 eviction=0 repeats=32 reads=131072 us=6966 max=2022 checksum=3441540352 sweep=0 concurrent_audio=1 cold_proven=0
[M213 locality] tag=8 order=0 eviction=1 repeats=32 reads=131072 us=8453 max=2232 checksum=3441540352 sweep=524288 concurrent_audio=1 cold_proven=0
[M213 locality] tag=8 order=1 eviction=1 repeats=32 reads=131072 us=6525 max=2194 checksum=3441540352 sweep=1048576 concurrent_audio=1 cold_proven=0
[M213 locality] tag=8 order=2 eviction=1 repeats=32 reads=131072 us=11495 max=2269 checksum=3441540352 sweep=1572864 concurrent_audio=1 cold_proven=0
[M213 locality complete] tag=8
[M213 physical] tag=8 complete=1
[Q HEAP] tag=store_done internal=173192 free=25932268 largest=25690100 payload=4727388
[Q STORE DONE] op=8
[Q COMMAND] 
[Q ACK] invalid=1

# HOST STATE
[Q COMMAND] STATE
[Q STATE] bpm=240 swing=50 playing=0 mode=0 chain_length=0 chain_loop=0 project_busy=0 restoring=0 sample_busy=0 project_status=PROJECT READY / 0 MISSING sample_status=SAMPLE READY
[Q TRACK] track=0 source=1 pitch=47 synth_pitch=36 sample_pitch=47 mute=0 solo=0 start=0 end=65535 reverse=0 mode=0 choke=1 cutoff=0 resonance=0 send=127 slices=8 enabled=1 selected=0 frames=176400 waveform=0720701a name=m19p_mixed.wav
[Q SLICE] track=0 index=0 start=0 end=8192
[Q SLICE] track=0 index=1 start=8192 end=16384
[Q SLICE] track=0 index=2 start=16384 end=20480
[Q SLICE] track=0 index=3 start=20480 end=28672
[Q SLICE] track=0 index=4 start=28672 end=32768
[Q SLICE] track=0 index=5 start=32768 end=45056
[Q SLICE] track=0 index=6 start=45056 end=57344
[Q SLICE] track=0 index=7 start=57344 end=65535
[Q TRACK] track=1 source=1 pitch=48 synth_pitch=39 sample_pitch=48 mute=0 solo=0 start=0 end=65535 reverse=1 mode=0 choke=0 cutoff=0 resonance=0 send=127 slices=4 enabled=1 selected=0 frames=176400 waveform=595ef306 name=m19p_stereo.wav
[Q SLICE] track=1 index=0 start=0 end=16383
[Q SLICE] track=1 index=1 start=16383 end=32767
[Q SLICE] track=1 index=2 start=32767 end=49151
[Q SLICE] track=1 index=3 start=49151 end=65535
[Q TRACK] track=2 source=1 pitch=49 synth_pitch=42 sample_pitch=49 mute=0 solo=0 start=0 end=65535 reverse=0 mode=0 choke=0 cutoff=0 resonance=0 send=127 slices=4 enabled=1 selected=0 frames=176400 waveform=595ef306 name=m19p_stereo.wav
[Q SLICE] track=2 index=0 start=0 end=16383
[Q SLICE] track=2 index=1 start=16383 end=32767
[Q SLICE] track=2 index=2 start=32767 end=49151
[Q SLICE] track=2 index=3 start=49151 end=65535
[Q TRACK] track=3 source=1 pitch=50 synth_pitch=45 sample_pitch=50 mute=0 solo=0 start=0 end=65535 reverse=1 mode=0 choke=0 cutoff=0 resonance=0 send=127 slices=4 enabled=1 selected=0 frames=22050 waveform=0ee7dbac name=m19p_oneshot.wav
[Q SLICE] track=3 index=0 start=0 end=16383
[Q SLICE] track=3 index=1 start=16383 end=32767
[Q SLICE] track=3 index=2 start=32767 end=49151
[Q SLICE] track=3 index=3 start=49151 end=65535
[Q PATTERN] index=0 length=16 masks=ffff,ffff,ffff
[Q LOCK] pattern=0 step=0 mask=128 slice=0
[Q LOCK] pattern=0 step=1 mask=128 slice=1
[Q LOCK] pattern=0 step=2 mask=128 slice=2
[Q LOCK] pattern=0 step=3 mask=128 slice=3
[Q PATTERN] index=1 length=16 masks=0000,0000,0000
[Q LOCK] pattern=1 step=0 mask=0 slice=0
[Q LOCK] pattern=1 step=1 mask=0 slice=0
[Q LOCK] pattern=1 step=2 mask=0 slice=0
[Q LOCK] pattern=1 step=3 mask=0 slice=0
[Q PATTERN] index=2 length=16 masks=0000,0000,0000
[Q LOCK] pattern=2 step=0 mask=0 slice=0
[Q LOCK] pattern=2 step=1 mask=0 slice=0
[Q LOCK] pattern=2 step=2 mask=0 slice=0
[Q LOCK] pattern=2 step=3 mask=0 slice=0
[Q PATTERN] index=3 length=16 masks=0000,0000,0000
[Q LOCK] pattern=3 step=0 mask=0 slice=0
[Q LOCK] pattern=3 step=1 mask=0 slice=0
[Q LOCK] pattern=3 step=2 mask=0 slice=0
[Q LOCK] pattern=3 step=3 mask=0 slice=0
[Q TRANSIENT] state=4 request=3 progress=100 count=8 stale_discarded=0 apply=1 cancel=1 duration_max_us=64047 chunk_max_us=2394
[Q PROPOSAL] index=0 start=0 end=8192
[Q PROPOSAL] index=1 start=8192 end=16384
[Q PROPOSAL] index=2 start=16384 end=20480
[Q PROPOSAL] index=3 start=20480 end=28672
[Q PROPOSAL] index=4 start=28672 end=32768
[Q PROPOSAL] index=5 start=32768 end=45056
[Q PROPOSAL] index=6 start=45056 end=57344
[Q PROPOSAL] index=7 start=57344 end=65535
[Q HEAP] tag=state internal=173192 free=25932268 largest=25690100
[Q PLAYBACK] triggers=41186 reverse=20592 gate=2 releases=1 chokes=39 retriggers=41152 repeat_accepts=1 repeat_hits=40560 chain_loops=0

# HOST M213 SD policy=1 COMPLETE; no listening observed
