
# HOST SESSION UTC 2026-10-09T20:06:40.968611+00:00 mode=0

# HOST ESPrun reset
esptool v5.1.0
Serial port COM13:
Connecting...
Connected to ESP32-P4 on COM13:
Chip type:          ESP32-P4 (revision v1.3)
Features:           Dual Core + LP Core, 400MHz
Crystal frequency:  40MHz
USB mode:           USB-Serial/JTAG
MAC:                80:f1:b2:d3:cc:86

Uploading stub flasher...
Running stub flasher...
Stub flasher running.

Warning: ESP32-P4 has no chip ID. Reading MAC address instead.
MAC:                80:f1:b2:d3:cc:86

Hard resetting via RTS pin...
PSRAM PRE DELAY: 31246012
PSRAM POST DELAY: 30885556
[AUDIO] I2C init OK
[AUDIO] ES8311 found at 0x18
[AUDIO] I2S init 44100/16 OK, MCLK=11289600 Hz
[AUDIO] ES8311 playback configured (capture serial port disabled)
[AUDIO] PA GPIO11 enabled
[M6 budget] total=33554432 display=2304000 fx_delay=352800 samples=0 reserve=4194304 free=30779004 largest=30408692 internal=200648
[M6 SD] mounted=1 width=4 clock_khz=20000 mount_us=245027 capacity=8053063680 status=SD READY
[M6 index] files=9 entries=9 limited=0 scan_us=29215 ps_free=30752712 largest=30408692 internal=199024

# HOST INDEX
[Q COMMAND] INDEX
[M213 index] index=0 name=m19p_impulses.wav
[M213 index] index=1 name=m19p_kick.wav
[M213 index] index=2 name=m19p_snare.wav
[M213 index] index=3 name=m19p_mixed.wav
[M213 index] index=4 name=m19p_stereo.wav
[M213 index] index=5 name=m19p_large.wav
[M213 index] index=6 name=m19p_bad_depth.wav
[M213 index] index=7 name=m19p_truncated.wav
[M213 index] index=8 name=m19p_oneshot.wav

# HOST CMD 0 0 0 0 0
[Q COMMAND] CMD 0 0 0 0 0
[Q ACK] sent=1

# HOST LOAD 0 3
[Q COMMAND] LOAD 0 3
[Q ACK] load=1
[M6 read] bytes=352800 read_us=706868 bytes_per_second=499103 original_channels=1 rate=44100 total_psram=33554432
[M6 load] track=0 file_bytes=352844 pcm_bytes=352800 load_publish_us=1140724 payload=352800 transient=352800 peak_payload=352800 ps_free=30392872 largest=29884404 internal=197740 display=2304000 fx_delay=352800 reserve=4194304
[M6.1 replacement] retired_clear=1 ps_delta=360452 status=READY
[M213 address] track=0 pcm=0x482abdfc base=0x482abdfc bytes=352800 frames=176400 mod64=60 mod128=124 mod256=252 mod4096=3580 mod131072=48636 external=1 requested_caps=1028 free=30392872 largest=29884404

# HOST LOAD 1 3
[Q COMMAND] LOAD 1 3
[Q ACK] load=1
[M6 read] bytes=352800 read_us=713956 bytes_per_second=494148 original_channels=1 rate=44100 total_psram=33554432
[M6 load] track=1 file_bytes=352844 pcm_bytes=352800 load_publish_us=1142066 payload=705600 transient=352800 peak_payload=705600 ps_free=30032420 largest=29884404 internal=196136 display=2304000 fx_delay=352800 reserve=4194304
[M6.1 replacement] retired_clear=1 ps_delta=360452 status=READY
[M213 address] track=1 pcm=0x48303e00 base=0x48303e00 bytes=352800 frames=176400 mod64=0 mod128=0 mod256=0 mod4096=3584 mod131072=15872 external=1 requested_caps=1028 free=30032420 largest=29884404

# HOST LOAD 2 3
[Q COMMAND] LOAD 2 3
[Q ACK] load=1
[M6 read] bytes=352800 read_us=700545 bytes_per_second=503607 original_channels=1 rate=44100 total_psram=33554432
[M6 load] track=2 file_bytes=352844 pcm_bytes=352800 load_publish_us=1130484 payload=1058400 transient=352800 peak_payload=1058400 ps_free=29671968 largest=29360116 internal=194532 display=2304000 fx_delay=352800 reserve=4194304
[M6.1 replacement] retired_clear=1 ps_delta=360452 status=READY
[M213 address] track=2 pcm=0x4835be04 base=0x4835be04 bytes=352800 frames=176400 mod64=4 mod128=4 mod256=4 mod4096=3588 mod131072=114180 external=1 requested_caps=1028 free=29671968 largest=29360116

# HOST LOAD 3 3
[Q COMMAND] LOAD 3 3
[Q ACK] load=1
[M6 read] bytes=352800 read_us=699176 bytes_per_second=504593 original_channels=1 rate=44100 total_psram=33554432
[M6 load] track=3 file_bytes=352844 pcm_bytes=352800 load_publish_us=1129120 payload=1411200 transient=352800 peak_payload=1411200 ps_free=29311516 largest=28835828 internal=192928 display=2304000 fx_delay=352800 reserve=4194304
[M6.1 replacement] retired_clear=1 ps_delta=360452 status=READY
[M213 address] track=3 pcm=0x483b3e08 base=0x483b3e08 bytes=352800 frames=176400 mod64=8 mod128=8 mod256=8 mod4096=3592 mod131072=81416 external=1 requested_caps=1028 free=29311516 largest=28835828

# HOST LOAD 4 3
[Q COMMAND] LOAD 4 3
[Q ACK] load=1
[M6 read] bytes=352800 read_us=770257 bytes_per_second=458028 original_channels=1 rate=44100 total_psram=33554432
[M6 load] track=4 file_bytes=352844 pcm_bytes=352800 load_publish_us=1266881 payload=1764000 transient=352800 peak_payload=1764000 ps_free=28951064 largest=28835828 internal=191324 display=2304000 fx_delay=352800 reserve=4194304
[M6.1 replacement] retired_clear=1 ps_delta=360452 status=READY
[M213 address] track=4 pcm=0x4840be0c base=0x4840be0c bytes=352800 frames=176400 mod64=12 mod128=12 mod256=12 mod4096=3596 mod131072=48652 external=1 requested_caps=1028 free=28951064 largest=28835828

# HOST LOAD 5 3
[Q COMMAND] LOAD 5 3
[Q ACK] load=1
[M6 read] bytes=352800 read_us=707968 bytes_per_second=498327 original_channels=1 rate=44100 total_psram=33554432
[M6 load] track=5 file_bytes=352844 pcm_bytes=352800 load_publish_us=1171211 payload=2116800 transient=352800 peak_payload=2116800 ps_free=28590612 largest=28311540 internal=189720 display=2304000 fx_delay=352800 reserve=4194304
[M6.1 replacement] retired_clear=1 ps_delta=360452 status=READY
[M213 address] track=5 pcm=0x48463e10 base=0x48463e10 bytes=352800 frames=176400 mod64=16 mod128=16 mod256=16 mod4096=3600 mod131072=15888 external=1 requested_caps=1028 free=28590612 largest=28311540

# HOST LOAD 6 3
[Q COMMAND] LOAD 6 3
[Q ACK] load=1
[M6 read] bytes=352800 read_us=709746 bytes_per_second=497079 original_channels=1 rate=44100 total_psram=33554432
[M6 load] track=6 file_bytes=352844 pcm_bytes=352800 load_publish_us=1142552 payload=2469600 transient=352800 peak_payload=2469600 ps_free=28230160 largest=27787252 internal=188116 display=2304000 fx_delay=352800 reserve=4194304
[M6.1 replacement] retired_clear=1 ps_delta=360452 status=READY
[M213 address] track=6 pcm=0x484bbe14 base=0x484bbe14 bytes=352800 frames=176400 mod64=20 mod128=20 mod256=20 mod4096=3604 mod131072=114196 external=1 requested_caps=1028 free=28230160 largest=27787252

# HOST LOAD 7 3
[Q COMMAND] LOAD 7 3
[Q ACK] load=1
[M6 read] bytes=352800 read_us=708855 bytes_per_second=497704 original_channels=1 rate=44100 total_psram=33554432
[M6 load] track=7 file_bytes=352844 pcm_bytes=352800 load_publish_us=1141690 payload=2822400 transient=352800 peak_payload=2822400 ps_free=27869708 largest=27787252 internal=186512 display=2304000 fx_delay=352800 reserve=4194304
[M6.1 replacement] retired_clear=1 ps_delta=360452 status=READY
[M213 address] track=7 pcm=0x48513e18 base=0x48513e18 bytes=352800 frames=176400 mod64=24 mod128=24 mod256=24 mod4096=3608 mod131072=81432 external=1 requested_caps=1028 free=27869708 largest=27787252

# HOST LOAD 8 3
[Q COMMAND] LOAD 8 3
[Q ACK] load=1
[M6 read] bytes=352800 read_us=702197 bytes_per_second=502423 original_channels=1 rate=44100 total_psram=33554432
[M6 load] track=8 file_bytes=352844 pcm_bytes=352800 load_publish_us=1166718 payload=3175200 transient=352800 peak_payload=3175200 ps_free=27509256 largest=27262964 internal=184908 display=2304000 fx_delay=352800 reserve=4194304
[M6.1 replacement] retired_clear=1 ps_delta=360452 status=READY
[M213 address] track=8 pcm=0x4856be1c base=0x4856be1c bytes=352800 frames=176400 mod64=28 mod128=28 mod256=28 mod4096=3612 mod131072=48668 external=1 requested_caps=1028 free=27509256 largest=27262964

# HOST LOAD 9 3
[Q COMMAND] LOAD 9 3
[Q ACK] load=1
[M6 read] bytes=352800 read_us=701645 bytes_per_second=502818 original_channels=1 rate=44100 total_psram=33554432
[M6 load] track=9 file_bytes=352844 pcm_bytes=352800 load_publish_us=1134391 payload=3528000 transient=352800 peak_payload=3528000 ps_free=27148804 largest=26738676 internal=183304 display=2304000 fx_delay=352800 reserve=4194304
[M6.1 replacement] retired_clear=1 ps_delta=360452 status=READY
[M213 address] track=9 pcm=0x485c3e20 base=0x485c3e20 bytes=352800 frames=176400 mod64=32 mod128=32 mod256=32 mod4096=3616 mod131072=15904 external=1 requested_caps=1028 free=27148804 largest=26738676

# HOST LOAD 10 3
[Q COMMAND] LOAD 10 3
[Q ACK] load=1
[M6 read] bytes=352800 read_us=776312 bytes_per_second=454456 original_channels=1 rate=44100 total_psram=33554432
[M6 load] track=10 file_bytes=352844 pcm_bytes=352800 load_publish_us=1240272 payload=3880800 transient=352800 peak_payload=3880800 ps_free=26788352 largest=26738676 internal=181700 display=2304000 fx_delay=352800 reserve=4194304
[M6.1 replacement] retired_clear=1 ps_delta=360452 status=READY
[M213 address] track=10 pcm=0x4861be24 base=0x4861be24 bytes=352800 frames=176400 mod64=36 mod128=36 mod256=36 mod4096=3620 mod131072=114212 external=1 requested_caps=1028 free=26788352 largest=26738676

# HOST LOAD 11 3
[Q COMMAND] LOAD 11 3
[Q ACK] load=1
[M6 read] bytes=352800 read_us=706511 bytes_per_second=499355 original_channels=1 rate=44100 total_psram=33554432
[M6 load] track=11 file_bytes=352844 pcm_bytes=352800 load_publish_us=1141959 payload=4233600 transient=352800 peak_payload=4233600 ps_free=26427900 largest=26214388 internal=180096 display=2304000 fx_delay=352800 reserve=4194304
[M6.1 replacement] retired_clear=1 ps_delta=360452 status=READY
[M213 address] track=11 pcm=0x48673e28 base=0x48673e28 bytes=352800 frames=176400 mod64=40 mod128=40 mod256=40 mod4096=3624 mod131072=81448 external=1 requested_caps=1028 free=26427900 largest=26214388

# HOST LOAD 12 3
[Q COMMAND] LOAD 12 3
[Q ACK] load=1
[M6 read] bytes=352800 read_us=711480 bytes_per_second=495867 original_channels=1 rate=44100 total_psram=33554432
[M6 load] track=12 file_bytes=352844 pcm_bytes=352800 load_publish_us=1143765 payload=4586400 transient=352800 peak_payload=4586400 ps_free=26067448 largest=25690100 internal=178492 display=2304000 fx_delay=352800 reserve=4194304
[M6.1 replacement] retired_clear=1 ps_delta=360452 status=READY
[M213 address] track=12 pcm=0x486cbe2c base=0x486cbe2c bytes=352800 frames=176400 mod64=44 mod128=44 mod256=44 mod4096=3628 mod131072=48684 external=1 requested_caps=1028 free=26067448 largest=25690100

# HOST LOAD 13 3
[Q COMMAND] LOAD 13 3
[Q ACK] load=1
[M6 read] bytes=352800 read_us=723101 bytes_per_second=487898 original_channels=1 rate=44100 total_psram=33554432
[M6 load] track=13 file_bytes=352844 pcm_bytes=352800 load_publish_us=1158609 payload=4939200 transient=352800 peak_payload=4939200 ps_free=25706996 largest=25690100 internal=176888 display=2304000 fx_delay=352800 reserve=4194304
[M6.1 replacement] retired_clear=1 ps_delta=360452 status=READY
[M213 address] track=13 pcm=0x48723e30 base=0x48723e30 bytes=352800 frames=176400 mod64=48 mod128=48 mod256=48 mod4096=3632 mod131072=15920 external=1 requested_caps=1028 free=25706996 largest=25690100

# HOST LOAD 14 3
[Q COMMAND] LOAD 14 3
[Q ACK] load=1
[M6 read] bytes=352800 read_us=707844 bytes_per_second=498414 original_channels=1 rate=44100 total_psram=33554432
[M6 load] track=14 file_bytes=352844 pcm_bytes=352800 load_publish_us=1172843 payload=5292000 transient=352800 peak_payload=5292000 ps_free=25346544 largest=25165812 internal=175284 display=2304000 fx_delay=352800 reserve=4194304
[M6.1 replacement] retired_clear=1 ps_delta=360452 status=READY
[M213 address] track=14 pcm=0x4877be34 base=0x4877be34 bytes=352800 frames=176400 mod64=52 mod128=52 mod256=52 mod4096=3636 mod131072=114228 external=1 requested_caps=1028 free=25346544 largest=25165812

# HOST LOAD 15 3
[Q COMMAND] LOAD 15 3
[Q ACK] load=1
[M6 read] bytes=352800 read_us=704658 bytes_per_second=500668 original_channels=1 rate=44100 total_psram=33554432
[M6 load] track=15 file_bytes=352844 pcm_bytes=352800 load_publish_us=1140043 payload=5644800 transient=352800 peak_payload=5644800 ps_free=24986092 largest=24641524 internal=173680 display=2304000 fx_delay=352800 reserve=4194304
[M6.1 replacement] retired_clear=1 ps_delta=360452 status=READY
[M213 address] track=15 pcm=0x487d3e38 base=0x487d3e38 bytes=352800 frames=176400 mod64=56 mod128=56 mod256=56 mod4096=3640 mod131072=81464 external=1 requested_caps=1028 free=24986092 largest=24641524

# HOST STORE 8
[Q COMMAND] STORE 8
[M213 address] track=0 pcm=0x482abdfc base=0x482abdfc bytes=352800 frames=176400 mod64=60 mod128=124 mod256=252 mod4096=3580 mod131072=48636 external=1 requested_caps=1028 free=24986092 largest=24641524
[M213 address] track=1 pcm=0x48303e00 base=0x48303e00 bytes=352800 frames=176400 mod64=0 mod128=0 mod256=0 mod4096=3584 mod131072=15872 external=1 requested_caps=1028 free=24986092 largest=24641524
[M213 address] track=2 pcm=0x4835be04 base=0x4835be04 bytes=352800 frames=176400 mod64=4 mod128=4 mod256=4 mod4096=3588 mod131072=114180 external=1 requested_caps=1028 free=24986092 largest=24641524
[M213 address] track=3 pcm=0x483b3e08 base=0x483b3e08 bytes=352800 frames=176400 mod64=8 mod128=8 mod256=8 mod4096=3592 mod131072=81416 external=1 requested_caps=1028 free=24986092 largest=24641524
[M213 address] track=4 pcm=0x4840be0c base=0x4840be0c bytes=352800 frames=176400 mod64=12 mod128=12 mod256=12 mod4096=3596 mod131072=48652 external=1 requested_caps=1028 free=24986092 largest=24641524
[M213 address] track=5 pcm=0x48463e10 base=0x48463e10 bytes=352800 frames=176400 mod64=16 mod128=16 mod256=16 mod4096=3600 mod131072=15888 external=1 requested_caps=1028 free=24986092 largest=24641524
[M213 address] track=6 pcm=0x484bbe14 base=0x484bbe14 bytes=352800 frames=176400 mod64=20 mod128=20 mod256=20 mod4096=3604 mod131072=114196 external=1 requested_caps=1028 free=24986092 largest=24641524
[M213 address] track=7 pcm=0x48513e18 base=0x48513e18 bytes=352800 frames=176400 mod64=24 mod128=24 mod256=24 mod4096=3608 mod131072=81432 external=1 requested_caps=1028 free=24986092 largest=24641524
[M213 address] track=8 pcm=0x4856be1c base=0x4856be1c bytes=352800 frames=176400 mod64=28 mod128=28 mod256=28 mod4096=3612 mod131072=48668 external=1 requested_caps=1028 free=24986092 largest=24641524
[M213 address] track=9 pcm=0x485c3e20 base=0x485c3e20 bytes=352800 frames=176400 mod64=32 mod128=32 mod256=32 mod4096=3616 mod131072=15904 external=1 requested_caps=1028 free=24986092 largest=24641524
[M213 address] track=10 pcm=0x4861be24 base=0x4861be24 bytes=352800 frames=176400 mod64=36 mod128=36 mod256=36 mod4096=3620 mod131072=114212 external=1 requested_caps=1028 free=24986092 largest=24641524
[M213 address] track=11 pcm=0x48673e28 base=0x48673e28 bytes=352800 frames=176400 mod64=40 mod128=40 mod256=40 mod4096=3624 mod131072=81448 external=1 requested_caps=1028 free=24986092 largest=24641524
[M213 address] track=12 pcm=0x486cbe2c base=0x486cbe2c bytes=352800 frames=176400 mod64=44 mod128=44 mod256=44 mod4096=3628 mod131072=48684 external=1 requested_caps=1028 free=24986092 largest=24641524
[M213 address] track=13 pcm=0x48723e30 base=0x48723e30 bytes=352800 frames=176400 mod64=48 mod128=48 mod256=48 mod4096=3632 mod131072=15920 external=1 requested_caps=1028 free=24986092 largest=24641524
[M213 address] track=14 pcm=0x4877be34 base=0x4877be34 bytes=352800 frames=176400 mod64=52 mod128=52 mod256=52 mod4096=3636 mod131072=114228 external=1 requested_caps=1028 free=24986092 largest=24641524
[M213 address] track=15 pcm=0x487d3e38 base=0x487d3e38 bytes=352800 frames=176400 mod64=56 mod128=56 mod256=56 mod4096=3640 mod131072=81464 external=1 requested_caps=1028 free=24986092 largest=24641524
[M213 locality] tag=1 order=0 eviction=0 repeats=32 reads=131072 us=86590 max=4049 checksum=14336000 sweep=0 concurrent_audio=1 cold_proven=0
[M213 locality] tag=1 order=1 eviction=0 repeats=32 reads=131072 us=6420 max=2051 checksum=14336000 sweep=0 concurrent_audio=1 cold_proven=0
[M213 locality] tag=1 order=2 eviction=0 repeats=32 reads=131072 us=12888 max=2205 checksum=14336000 sweep=0 concurrent_audio=1 cold_proven=0
[M213 locality] tag=1 order=0 eviction=1 repeats=32 reads=131072 us=98546 max=4193 checksum=14336000 sweep=524288 concurrent_audio=1 cold_proven=0
[M213 locality] tag=1 order=1 eviction=1 repeats=32 reads=131072 us=9201 max=2278 checksum=14336000 sweep=1048576 concurrent_audio=1 cold_proven=0
[M213 locality] tag=1 order=2 eviction=1 repeats=32 reads=131072 us=18548 max=2512 checksum=14336000 sweep=1572864 concurrent_audio=1 cold_proven=0
[M213 locality complete] tag=1
[M213 physical] tag=1 complete=1
[Q HEAP] tag=store_done internal=173680 free=24986092 largest=24641524 payload=5644800
[Q STORE DONE] op=8

# HOST LOAD 15 1
[Q COMMAND] LOAD 15 1
[Q ACK] load=1
[M6 read] bytes=352800 read_us=763977 bytes_per_second=461794 original_channels=1 rate=44100 total_psram=33554432
[M6 load] track=15 file_bytes=352844 pcm_bytes=352800 load_publish_us=1199705 payload=5644800 transient=352800 peak_payload=5997600 ps_free=24986092 largest=24117236 internal=173680 display=2304000 fx_delay=352800 reserve=4194304
[M6.1 replacement] retired_clear=1 ps_delta=0 status=READY
[M213 address] track=15 pcm=0x4882be3c base=0x4882be3c bytes=352800 frames=176400 mod64=60 mod128=60 mod256=60 mod4096=3644 mod131072=48700 external=1 requested_caps=1028 free=24986092 largest=24117236

# HOST LOAD 14 3
[Q COMMAND] LOAD 14 3
[Q ACK] load=1
[M6 read] bytes=352800 read_us=712073 bytes_per_second=495454 original_channels=1 rate=44100 total_psram=33554432
[M6 load] track=14 file_bytes=352844 pcm_bytes=352800 load_publish_us=1151800 payload=5644800 transient=352800 peak_payload=5997600 ps_free=24986092 largest=24117236 internal=173680 display=2304000 fx_delay=352800 reserve=4194304
[M6.1 replacement] retired_clear=1 ps_delta=0 status=READY
[M213 address] track=14 pcm=0x487d3e38 base=0x487d3e38 bytes=352800 frames=176400 mod64=56 mod128=56 mod256=56 mod4096=3640 mod131072=81464 external=1 requested_caps=1028 free=24986092 largest=24117236

# HOST LOAD 13 1
[Q COMMAND] LOAD 13 1
[Q ACK] load=1
[M6 read] bytes=352800 read_us=693446 bytes_per_second=508763 original_channels=1 rate=44100 total_psram=33554432
[M6 load] track=13 file_bytes=352844 pcm_bytes=352800 load_publish_us=1128587 payload=5644800 transient=352800 peak_payload=5997600 ps_free=24986092 largest=24117236 internal=173680 display=2304000 fx_delay=352800 reserve=4194304
[M6.1 replacement] retired_clear=1 ps_delta=0 status=READY
[M213 address] track=13 pcm=0x4877be34 base=0x4877be34 bytes=352800 frames=176400 mod64=52 mod128=52 mod256=52 mod4096=3636 mod131072=114228 external=1 requested_caps=1028 free=24986092 largest=24117236

# HOST LOAD 12 3
[Q COMMAND] LOAD 12 3
[Q ACK] load=1
[M6 read] bytes=352800 read_us=713596 bytes_per_second=494397 original_channels=1 rate=44100 total_psram=33554432
[M6 load] track=12 file_bytes=352844 pcm_bytes=352800 load_publish_us=1148992 payload=5644800 transient=352800 peak_payload=5997600 ps_free=24986092 largest=24117236 internal=173680 display=2304000 fx_delay=352800 reserve=4194304
[M6.1 replacement] retired_clear=1 ps_delta=0 status=READY
[M213 address] track=12 pcm=0x48723e30 base=0x48723e30 bytes=352800 frames=176400 mod64=48 mod128=48 mod256=48 mod4096=3632 mod131072=15920 external=1 requested_caps=1028 free=24986092 largest=24117236

# HOST LOAD 11 1
[Q COMMAND] LOAD 11 1
[Q ACK] load=1
[M6 read] bytes=352800 read_us=690920 bytes_per_second=510623 original_channels=1 rate=44100 total_psram=33554432
[M6 load] track=11 file_bytes=352844 pcm_bytes=352800 load_publish_us=1193282 payload=5644800 transient=352800 peak_payload=5997600 ps_free=24986092 largest=24117236 internal=173680 display=2304000 fx_delay=352800 reserve=4194304
[M6.1 replacement] retired_clear=1 ps_delta=0 status=READY
[M213 address] track=11 pcm=0x486cbe2c base=0x486cbe2c bytes=352800 frames=176400 mod64=44 mod128=44 mod256=44 mod4096=3628 mod131072=48684 external=1 requested_caps=1028 free=24986092 largest=24117236

# HOST LOAD 10 3
[Q COMMAND] LOAD 10 3
[Q ACK] load=1
[M6 read] bytes=352800 read_us=699617 bytes_per_second=504275 original_channels=1 rate=44100 total_psram=33554432
[M6 load] track=10 file_bytes=352844 pcm_bytes=352800 load_publish_us=1137742 payload=5644800 transient=352800 peak_payload=5997600 ps_free=24986092 largest=24117236 internal=173680 display=2304000 fx_delay=352800 reserve=4194304
[M6.1 replacement] retired_clear=1 ps_delta=0 status=READY
[M213 address] track=10 pcm=0x48673e28 base=0x48673e28 bytes=352800 frames=176400 mod64=40 mod128=40 mod256=40 mod4096=3624 mod131072=81448 external=1 requested_caps=1028 free=24986092 largest=24117236

# HOST LOAD 9 1
[Q COMMAND] LOAD 9 1
[Q ACK] load=1
[M6 read] bytes=352800 read_us=691316 bytes_per_second=510331 original_channels=1 rate=44100 total_psram=33554432
[M6 load] track=9 file_bytes=352844 pcm_bytes=352800 load_publish_us=1124279 payload=5644800 transient=352800 peak_payload=5997600 ps_free=24986092 largest=24117236 internal=173680 display=2304000 fx_delay=352800 reserve=4194304
[M6.1 replacement] retired_clear=1 ps_delta=0 status=READY
[M213 address] track=9 pcm=0x4861be24 base=0x4861be24 bytes=352800 frames=176400 mod64=36 mod128=36 mod256=36 mod4096=3620 mod131072=114212 external=1 requested_caps=1028 free=24986092 largest=24117236

# HOST LOAD 8 3
[Q COMMAND] LOAD 8 3
[Q ACK] load=1
[M6 read] bytes=352800 read_us=708316 bytes_per_second=498082 original_channels=1 rate=44100 total_psram=33554432
[M6 load] track=8 file_bytes=352844 pcm_bytes=352800 load_publish_us=1137917 payload=5644800 transient=352800 peak_payload=5997600 ps_free=24986092 largest=24117236 internal=173680 display=2304000 fx_delay=352800 reserve=4194304
[M6.1 replacement] retired_clear=1 ps_delta=0 status=READY
[M213 address] track=8 pcm=0x485c3e20 base=0x485c3e20 bytes=352800 frames=176400 mod64=32 mod128=32 mod256=32 mod4096=3616 mod131072=15904 external=1 requested_caps=1028 free=24986092 largest=24117236

# HOST LOAD 7 1
[Q COMMAND] LOAD 7 1
[Q ACK] load=1
[M6 read] bytes=352800 read_us=694277 bytes_per_second=508154 original_channels=1 rate=44100 total_psram=33554432
[M6 load] track=7 file_bytes=352844 pcm_bytes=352800 load_publish_us=1159374 payload=5644800 transient=352800 peak_payload=5997600 ps_free=24986092 largest=24117236 internal=173680 display=2304000 fx_delay=352800 reserve=4194304
[M6.1 replacement] retired_clear=1 ps_delta=0 status=READY
[M213 address] track=7 pcm=0x4856be1c base=0x4856be1c bytes=352800 frames=176400 mod64=28 mod128=28 mod256=28 mod4096=3612 mod131072=48668 external=1 requested_caps=1028 free=24986092 largest=24117236

# HOST LOAD 6 3
[Q COMMAND] LOAD 6 3
[Q ACK] load=1
[M6 read] bytes=352800 read_us=715624 bytes_per_second=492996 original_channels=1 rate=44100 total_psram=33554432
[M6 load] track=6 file_bytes=352844 pcm_bytes=352800 load_publish_us=1223465 payload=5644800 transient=352800 peak_payload=5997600 ps_free=24986092 largest=24117236 internal=173680 display=2304000 fx_delay=352800 reserve=4194304
[M6.1 replacement] retired_clear=1 ps_delta=0 status=READY
[M213 address] track=6 pcm=0x48513e18 base=0x48513e18 bytes=352800 frames=176400 mod64=24 mod128=24 mod256=24 mod4096=3608 mod131072=81432 external=1 requested_caps=1028 free=24986092 largest=24117236

# HOST LOAD 5 1
[Q COMMAND] LOAD 5 1
[Q ACK] load=1
[M6 read] bytes=352800 read_us=685761 bytes_per_second=514464 original_channels=1 rate=44100 total_psram=33554432
[M6 load] track=5 file_bytes=352844 pcm_bytes=352800 load_publish_us=1148086 payload=5644800 transient=352800 peak_payload=5997600 ps_free=24986092 largest=24117236 internal=173680 display=2304000 fx_delay=352800 reserve=4194304
[M6.1 replacement] retired_clear=1 ps_delta=0 status=READY
[M213 address] track=5 pcm=0x484bbe14 base=0x484bbe14 bytes=352800 frames=176400 mod64=20 mod128=20 mod256=20 mod4096=3604 mod131072=114196 external=1 requested_caps=1028 free=24986092 largest=24117236

# HOST LOAD 4 3
[Q COMMAND] LOAD 4 3
[Q ACK] load=1
[M6 read] bytes=352800 read_us=706452 bytes_per_second=499396 original_channels=1 rate=44100 total_psram=33554432
[M6 load] track=4 file_bytes=352844 pcm_bytes=352800 load_publish_us=1171138 payload=5644800 transient=352800 peak_payload=5997600 ps_free=24986092 largest=24117236 internal=173680 display=2304000 fx_delay=352800 reserve=4194304
[M6.1 replacement] retired_clear=1 ps_delta=0 status=READY
[M213 address] track=4 pcm=0x48463e10 base=0x48463e10 bytes=352800 frames=176400 mod64=16 mod128=16 mod256=16 mod4096=3600 mod131072=15888 external=1 requested_caps=1028 free=24986092 largest=24117236

# HOST LOAD 3 1
[Q COMMAND] LOAD 3 1
[Q ACK] load=1
[M6 read] bytes=352800 read_us=677392 bytes_per_second=520821 original_channels=1 rate=44100 total_psram=33554432
[M6 load] track=3 file_bytes=352844 pcm_bytes=352800 load_publish_us=1113131 payload=5644800 transient=352800 peak_payload=5997600 ps_free=24986092 largest=24117236 internal=173680 display=2304000 fx_delay=352800 reserve=4194304
[M6.1 replacement] retired_clear=1 ps_delta=0 status=READY
[M213 address] track=3 pcm=0x4840be0c base=0x4840be0c bytes=352800 frames=176400 mod64=12 mod128=12 mod256=12 mod4096=3596 mod131072=48652 external=1 requested_caps=1028 free=24986092 largest=24117236

# HOST LOAD 2 3
[Q COMMAND] LOAD 2 3
[Q ACK] load=1
[M6 read] bytes=352800 read_us=709561 bytes_per_second=497208 original_channels=1 rate=44100 total_psram=33554432
[M6 load] track=2 file_bytes=352844 pcm_bytes=352800 load_publish_us=1143448 payload=5644800 transient=352800 peak_payload=5997600 ps_free=24986092 largest=24117236 internal=173680 display=2304000 fx_delay=352800 reserve=4194304
[M6.1 replacement] retired_clear=1 ps_delta=0 status=READY
[M213 address] track=2 pcm=0x483b3e08 base=0x483b3e08 bytes=352800 frames=176400 mod64=8 mod128=8 mod256=8 mod4096=3592 mod131072=81416 external=1 requested_caps=1028 free=24986092 largest=24117236

# HOST LOAD 1 1
[Q COMMAND] LOAD 1 1
[Q ACK] load=1
[M6 read] bytes=352800 read_us=687642 bytes_per_second=513057 original_channels=1 rate=44100 total_psram=33554432
[M6 load] track=1 file_bytes=352844 pcm_bytes=352800 load_publish_us=1152490 payload=5644800 transient=352800 peak_payload=5997600 ps_free=24986092 largest=24117236 internal=173680 display=2304000 fx_delay=352800 reserve=4194304
[M6.1 replacement] retired_clear=1 ps_delta=0 status=READY
[M213 address] track=1 pcm=0x4835be04 base=0x4835be04 bytes=352800 frames=176400 mod64=4 mod128=4 mod256=4 mod4096=3588 mod131072=114180 external=1 requested_caps=1028 free=24986092 largest=24117236

# HOST LOAD 0 3
[Q COMMAND] LOAD 0 3
[Q ACK] load=1
[M6 read] bytes=352800 read_us=779025 bytes_per_second=452873 original_channels=1 rate=44100 total_psram=33554432
[M6 load] track=0 file_bytes=352844 pcm_bytes=352800 load_publish_us=1211785 payload=5644800 transient=352800 peak_payload=5997600 ps_free=24986092 largest=24117236 internal=173680 display=2304000 fx_delay=352800 reserve=4194304
[M6.1 replacement] retired_clear=1 ps_delta=0 status=READY
[M213 address] track=0 pcm=0x48303e00 base=0x48303e00 bytes=352800 frames=176400 mod64=0 mod128=0 mod256=0 mod4096=3584 mod131072=15872 external=1 requested_caps=1028 free=24986092 largest=24117236

# HOST LOAD 15 3
[Q COMMAND] LOAD 15 3
[Q ACK] load=1
[M6 read] bytes=352800 read_us=703957 bytes_per_second=501166 original_channels=1 rate=44100 total_psram=33554432
[M6 load] track=15 file_bytes=352844 pcm_bytes=352800 load_publish_us=1165899 payload=5644800 transient=352800 peak_payload=5997600 ps_free=24986092 largest=24641524 internal=173680 display=2304000 fx_delay=352800 reserve=4194304
[M6.1 replacement] retired_clear=1 ps_delta=0 status=READY
[M213 address] track=15 pcm=0x482abdfc base=0x482abdfc bytes=352800 frames=176400 mod64=60 mod128=124 mod256=252 mod4096=3580 mod131072=48636 external=1 requested_caps=1028 free=24986092 largest=24641524

# HOST LOAD 14 1
[Q COMMAND] LOAD 14 1
[Q ACK] load=1
[M6 read] bytes=352800 read_us=684671 bytes_per_second=515283 original_channels=1 rate=44100 total_psram=33554432
[M6 load] track=14 file_bytes=352844 pcm_bytes=352800 load_publish_us=1120418 payload=5644800 transient=352800 peak_payload=5997600 ps_free=24986092 largest=24117236 internal=173680 display=2304000 fx_delay=352800 reserve=4194304
[M6.1 replacement] retired_clear=1 ps_delta=0 status=READY
[M213 address] track=14 pcm=0x4882be3c base=0x4882be3c bytes=352800 frames=176400 mod64=60 mod128=60 mod256=60 mod4096=3644 mod131072=48700 external=1 requested_caps=1028 free=24986092 largest=24117236

# HOST LOAD 13 3
[Q COMMAND] LOAD 13 3
[Q ACK] load=1
[M5] blocks=10337 p50=1819 p95=1952 p99=1973 max=2073 misses=0 failures=0 timeouts=0 peak=0 nonzero=0 rails=0 active_min=0 active_max=0
[M8 groove] parents=0 passed=0 skipped=0 ratchets=0 pending_max=0 velocity_min=127 velocity_max=0 swing_changes=0
[MEM] M8 after 60s PSRAM total=33554432 free=24625640 largest=24117236 internal_free=172076
[M10 locks] locked=0 unlocked=0 pitch=0 volume=0 pan=0 wave=0 pattern_bytes=3106 bank_bytes=49696 engine_bytes=52616
[M11 tone] cutoff=0 resonance=0 send=0 cutoff_min=127 cutoff_max=0 resonance_min=127 resonance_max=0 send_min=127 send_max=0 blocks=0 max=0 dense=0 dense_max=0
[M12 locks] cutoff=0 resonance=0 send=0 coefficients=0 avoided=34 send_changes=0 coefficient_blocks=0 coefficient_max=0 edit_blocks=0 edit_max=0 commands=0 step_bytes=9 event_bytes=20 voice_bytes=384 idle_residue=0
[M17 chain] starts=0 advances=0 repeats=0 loops=0 stops=0 switches=0 min_length=16 max_length=0 boundary_max=0 seen=0 entry_bytes=2 chain_bytes=66 engine_bytes=52616
[M18 performance] override_requests=0 override_accepts=0 override_loops=0 override_cancels=0 returns=0 fill_requests=0 fill_accepts=0 fill_completions=0 fill_to_override=0 fill_to_arrangement=0 mute_edits=0 solo_edits=0 boundaries=0 boundary_max=0 state_bytes=352 engine_bytes=52616 publication_bytes=24
[M181 repeat] requests=0 accepts=0 cancelled=0 x2_windows=0 x4_windows=0 x8_windows=0 hits=0 x8_hits=0 changes=0 releases=0 empty=0 captured_max=0 suppressed=0 worst=0 capture_bytes=324 repeat_bytes=336
[M181 x8] blocks=0 worst=0 active_min=0 active_max=0 coefficients=0 avoided=0 chokes=0 full_blocks=0
[M181 runtime] requested=0 active=0 count=0 ui_presses=0 ui_releases=0 ui_edits=0
[M18 runtime] override_target=0 override_active=0 fill_pending=0 fill_active=0 return_pattern=0 return_end=0 mutes=0 solos=0 ui_bytes=116
[M19 analysis] requests=0 completed=0 cancelled=0 stale_discarded=0 frames=0 candidates=0 selected=0 proposals=0 apply=0 cancel=0 min_count=0 max_count=0 sensit[M6 read] bytes=352800 read_us=700720 bytes_per_second=503482 original_channels=1 rate=44100 total_psram=33554432
[M6 load] track=13 file_bytes=352844 pcm_bytes=352800 load_publish_us=1136080 payload=5644800 transient=352800 peak_payload=5997600 ps_free=24986092 largest=24117236 internal=173680 display=2304000 fx_delay=352800 reserve=4194304
[M6.1 replacement] retired_clear=1 ps_delta=0 status=READY
[M213 address] track=13 pcm=0x487d3e38 base=0x487d3e38 bytes=352800 frames=176400 mod64=56 mod128=56 mod256=56 mod4096=3640 mod131072=81464 external=1 requested_caps=1028 free=24986092 largest=24117236
ivity=0 target=0 duration_max_us=0 chunk_max_us=0
[M19 overlap] blocks=0 worst=0 misses=0 x8_blocks=0 ui_interval_max_us=0 detector_bytes=616 candidate_bytes=512 proposal_bytes=84 status_bytes=100 storage_stack=7000 stack_free_min=0
[M18 UI] entries=0 pads=0 fills=0 toggles=0 switches=0
[M17 UI] entries=0 edits=0 rows=0 scrolls=0
[M16 project] state_bytes=53192 file_bytes=52704 snapshot_blocks=0 snapshot_max=0 apply_blocks=0 apply_max=0 fixtures=0 fixture_errors=0 dirty=1 physical_pending=1
[M13 dense] blocks=2068 active_min=0
[M13 playback] triggers=0 reverse=0 gate=0 releases=0 ends=0 choke_ops=0 choked=0 retriggers=0 region_min=0 region_max=0 max=2073 choke_max=0 retrigger_max=0 voice_bytes=64 track_bytes=116 event_bytes=20
[M15 locks] locked=0 unlocked=0 unsliced=0 requested_min=0 requested_max=0 resolved_min=0 resolved_max=0 clamped=0 edits=0 ui_edits=0 align=1 requested_seen=0 resolved_seen=0
[M14 slices] triggers=0 auditions=0 index_min=0 index_max=0 frames_min=0 frames_max=0 active_changes=0 divides=0 adds=0 deletes=0 resets=0 edit_blocks=0 edit_max=0 slice_bytes=4 bank_bytes=66 sample_bytes=1556
[M10 worst] blocks=0 max=0
[M9 tools] rotate=0 reverse=0 cop
# HOST LOAD 12 1
y_track=0 clear_track=0 duplicate=0 euclidean=0 randomize=0 mut[Q COMMAND] LOAD 12 1
ate=0 reroll=0 blocks=0 dense_bl[Q ACK] load=1
ocks=0 max=0
[M6 read] bytes=352800 read_us=669571 bytes_per_second=526904 original_channels=1 rate=44100 total_psram=33554432
[M6 load] track=12 file_bytes=352844 pcm_bytes=352800 load_publish_us=1099504 payload=5644800 transient=352800 peak_payload=5997600 ps_free=24986092 largest=24117236 internal=173680 display=2304000 fx_delay=352800 reserve=4194304
[M6.1 replacement] retired_clear=1 ps_delta=0 status=READY
[M213 address] track=12 pcm=0x4877be34 base=0x4877be34 bytes=352800 frames=176400 mod64=52 mod128=52 mod256=52 mod4096=3636 mod131072=114228 external=1 requested_caps=1028 free=24986092 largest=24117236

# HOST LOAD 11 3
[Q COMMAND] LOAD 11 3
[Q ACK] load=1
[M5 UI] seconds=63.001 submitted=84 completed=84 dirty_avg=688761 dirty_max=768000 full=74 preparation_max_us=69197 touch_errors=0 rejected=0 pads=0 steps=0 drags=0 pages=0 transport=0 bpm=0 skipped=71
[M7 patterns] switches=0 loops=0 selections=0 copies=0 clears=0 lengths=0 solos=0 mutes=0 normal_frames=10 dirty_avg=102400 dirty_max=102400 pattern_bytes=3106 command_bytes=12
[M7 applied] long_to_short=0 short_to_long=0 queue_replacements=0 copies=0 clears=0 lengths=0 solos=0 mutes=0 steps=0
[M9 UI] entries=0 copies=0 randomize=0 cell_max=0 edit_full=0
[M12 UI] entries=0 edits=0 widgets_max=0 edit_full=0
[M11 UI] entries=0 edits=0 widgets_max=0 edit_full=0
[M10 UI] entries=0 edits=0 widgets_max=0 edit_full=0
[M13 UI] entries=0 edits=0 widgets_max=0 edit_full=0
[M14 UI] entries=0 edits=0 edit_full=0 waveform_first_us=0 waveform_redraw_max_us=0 slice_redraw_max_us=0 build_count=36 build_max_us=433347 large_us=0 cache_bytes=1440 page_max_us=0 drag_dirty_max=0
[M5 memory] ps_before=30753324 ps_after=24625640 internal_before=198816 internal_after=172076 largest_before=30408692 largest_after=24117236
[M6 read] bytes=352800 read_us=777895 bytes_per_second=453531 original_channels=1 rate=44100 total_psram=33554432
[M6 load] track=11 file_bytes=352844 pcm_bytes=352800 load_publish_us=1213406 payload=5644800 transient=352800 peak_payload=5997600 ps_free=24986092 largest=24117236 internal=173400 display=2304000 fx_delay=352800 reserve=4194304
[M6.1 replacement] retired_clear=1 ps_delta=0 status=READY
[M213 address] track=11 pcm=0x48723e30 base=0x48723e30 bytes=352800 frames=176400 mod64=48 mod128=48 mod256=48 mod4096=3632 mod131072=15920 external=1 requested_caps=1028 free=24986092 largest=24117236

# HOST LOAD 10 1
[Q COMMAND] LOAD 10 1
[Q ACK] load=1
[M6 read] bytes=352800 read_us=690236 bytes_per_second=511129 original_channels=1 rate=44100 total_psram=33554432
[M6 load] track=10 file_bytes=352844 pcm_bytes=352800 load_publish_us=1149937 payload=5644800 transient=352800 peak_payload=5997600 ps_free=24986092 largest=24117236 internal=173400 display=2304000 fx_delay=352800 reserve=4194304
[M6.1 replacement] retired_clear=1 ps_delta=0 status=READY
[M213 address] track=10 pcm=0x486cbe2c base=0x486cbe2c bytes=352800 frames=176400 mod64=44 mod128=44 mod256=44 mod4096=3628 mod131072=48684 external=1 requested_caps=1028 free=24986092 largest=24117236

# HOST LOAD 9 3
[Q COMMAND] LOAD 9 3
[Q ACK] load=1
[M6 read] bytes=352800 read_us=695577 bytes_per_second=507204 original_channels=1 rate=44100 total_psram=33554432
[M6 load] track=9 file_bytes=352844 pcm_bytes=352800 load_publish_us=1128610 payload=5644800 transient=352800 peak_payload=5997600 ps_free=24986092 largest=24117236 internal=173400 display=2304000 fx_delay=352800 reserve=4194304
[M6.1 replacement] retired_clear=1 ps_delta=0 status=READY
[M213 address] track=9 pcm=0x48673e28 base=0x48673e28 bytes=352800 frames=176400 mod64=40 mod128=40 mod256=40 mod4096=3624 mod131072=81448 external=1 requested_caps=1028 free=24986092 largest=24117236

# HOST LOAD 8 1
[Q COMMAND] LOAD 8 1
[Q ACK] load=1
[M6 read] bytes=352800 read_us=683638 bytes_per_second=516062 original_channels=1 rate=44100 total_psram=33554432
[M6 load] track=8 file_bytes=352844 pcm_bytes=352800 load_publish_us=1140324 payload=5644800 transient=352800 peak_payload=5997600 ps_free=24986092 largest=24117236 internal=173400 display=2304000 fx_delay=352800 reserve=4194304
[M6.1 replacement] retired_clear=1 ps_delta=0 status=READY
[M213 address] track=8 pcm=0x4861be24 base=0x4861be24 bytes=352800 frames=176400 mod64=36 mod128=36 mod256=36 mod4096=3620 mod131072=114212 external=1 requested_caps=1028 free=24986092 largest=24117236

# HOST LOAD 7 3
[Q COMMAND] LOAD 7 3
[Q ACK] load=1
[M6 read] bytes=352800 read_us=704738 bytes_per_second=500611 original_channels=1 rate=44100 total_psram=33554432
[M6 load] track=7 file_bytes=352844 pcm_bytes=352800 load_publish_us=1134677 payload=5644800 transient=352800 peak_payload=5997600 ps_free=24986092 largest=24117236 internal=173400 display=2304000 fx_delay=352800 reserve=4194304
[M6.1 replacement] retired_clear=1 ps_delta=0 status=READY
[M213 address] track=7 pcm=0x485c3e20 base=0x485c3e20 bytes=352800 frames=176400 mod64=32 mod128=32 mod256=32 mod4096=3616 mod131072=15904 external=1 requested_caps=1028 free=24986092 largest=24117236

# HOST LOAD 6 1
[Q COMMAND] LOAD 6 1
[Q ACK] load=1
[M6 read] bytes=352800 read_us=684946 bytes_per_second=515077 original_channels=1 rate=44100 total_psram=33554432
[M6 load] track=6 file_bytes=352844 pcm_bytes=352800 load_publish_us=1144653 payload=5644800 transient=352800 peak_payload=5997600 ps_free=24986092 largest=24117236 internal=173400 display=2304000 fx_delay=352800 reserve=4194304
[M6.1 replacement] retired_clear=1 ps_delta=0 status=READY
[M213 address] track=6 pcm=0x4856be1c base=0x4856be1c bytes=352800 frames=176400 mod64=28 mod128=28 mod256=28 mod4096=3612 mod131072=48668 external=1 requested_caps=1028 free=24986092 largest=24117236

# HOST LOAD 5 3
[Q COMMAND] LOAD 5 3
[Q ACK] load=1
[M6 read] bytes=352800 read_us=699202 bytes_per_second=504575 original_channels=1 rate=44100 total_psram=33554432
[M6 load] track=5 file_bytes=352844 pcm_bytes=352800 load_publish_us=1195706 payload=5644800 transient=352800 peak_payload=5997600 ps_free=24986092 largest=24117236 internal=173400 display=2304000 fx_delay=352800 reserve=4194304
[M6.1 replacement] retired_clear=1 ps_delta=0 status=READY
[M213 address] track=5 pcm=0x48513e18 base=0x48513e18 bytes=352800 frames=176400 mod64=24 mod128=24 mod256=24 mod4096=3608 mod131072=81432 external=1 requested_caps=1028 free=24986092 largest=24117236

# HOST LOAD 4 1
[Q COMMAND] LOAD 4 1
[Q ACK] load=1
[M6 read] bytes=352800 read_us=749383 bytes_per_second=470787 original_channels=1 rate=44100 total_psram=33554432
[M6 load] track=4 file_bytes=352844 pcm_bytes=352800 load_publish_us=1182311 payload=5644800 transient=352800 peak_payload=5997600 ps_free=24986092 largest=24117236 internal=173400 display=2304000 fx_delay=352800 reserve=4194304
[M6.1 replacement] retired_clear=1 ps_delta=0 status=READY
[M213 address] track=4 pcm=0x484bbe14 base=0x484bbe14 bytes=352800 frames=176400 mod64=20 mod128=20 mod256=20 mod4096=3604 mod131072=114196 external=1 requested_caps=1028 free=24986092 largest=24117236

# HOST LOAD 3 3
[Q COMMAND] LOAD 3 3
[Q ACK] load=1
[M6 read] bytes=352800 read_us=717684 bytes_per_second=491581 original_channels=1 rate=44100 total_psram=33554432
[M6 load] track=3 file_bytes=352844 pcm_bytes=352800 load_publish_us=1151662 payload=5644800 transient=352800 peak_payload=5997600 ps_free=24986092 largest=24117236 internal=173400 display=2304000 fx_delay=352800 reserve=4194304
[M6.1 replacement] retired_clear=1 ps_delta=0 status=READY
[M213 address] track=3 pcm=0x48463e10 base=0x48463e10 bytes=352800 frames=176400 mod64=16 mod128=16 mod256=16 mod4096=3600 mod131072=15888 external=1 requested_caps=1028 free=24986092 largest=24117236

# HOST LOAD 2 1
[Q COMMAND] LOAD 2 1
[Q ACK] load=1
[M6 read] bytes=352800 read_us=690629 bytes_per_second=510838 original_channels=1 rate=44100 total_psram=33554432
[M6 load] track=2 file_bytes=352844 pcm_bytes=352800 load_publish_us=1123628 payload=5644800 transient=352800 peak_payload=5997600 ps_free=24986092 largest=24117236 internal=173400 display=2304000 fx_delay=352800 reserve=4194304
[M6.1 replacement] retired_clear=1 ps_delta=0 status=READY
[M213 address] track=2 pcm=0x4840be0c base=0x4840be0c bytes=352800 frames=176400 mod64=12 mod128=12 mod256=12 mod4096=3596 mod131072=48652 external=1 requested_caps=1028 free=24986092 largest=24117236

# HOST LOAD 1 3
[Q COMMAND] LOAD 1 3
[Q ACK] load=1
[M6 read] bytes=352800 read_us=699408 bytes_per_second=504426 original_channels=1 rate=44100 total_psram=33554432
[M6 load] track=1 file_bytes=352844 pcm_bytes=352800 load_publish_us=1129350 payload=5644800 transient=352800 peak_payload=5997600 ps_free=24986092 largest=24117236 internal=173400 display=2304000 fx_delay=352800 reserve=4194304
[M6.1 replacement] retired_clear=1 ps_delta=0 status=READY
[M213 address] track=1 pcm=0x483b3e08 base=0x483b3e08 bytes=352800 frames=176400 mod64=8 mod128=8 mod256=8 mod4096=3592 mod131072=81416 external=1 requested_caps=1028 free=24986092 largest=24117236

# HOST LOAD 0 1
[Q COMMAND] LOAD 0 1
[Q ACK] load=1
[M6 read] bytes=352800 read_us=692824 bytes_per_second=509220 original_channels=1 rate=44100 total_psram=33554432
[M6 load] track=0 file_bytes=352844 pcm_bytes=352800 load_publish_us=1122745 payload=5644800 transient=352800 peak_payload=5997600 ps_free=24986092 largest=24117236 internal=173400 display=2304000 fx_delay=352800 reserve=4194304
[M6.1 replacement] retired_clear=1 ps_delta=0 status=READY
[M213 address] track=0 pcm=0x4835be04 base=0x4835be04 bytes=352800 frames=176400 mod64=4 mod128=4 mod256=4 mod4096=3588 mod131072=114180 external=1 requested_caps=1028 free=24986092 largest=24117236

# HOST STORE 8
[Q COMMAND] STORE 8
[M213 address] track=0 pcm=0x4835be04 base=0x4835be04 bytes=352800 frames=176400 mod64=4 mod128=4 mod256=4 mod4096=3588 mod131072=114180 external=1 requested_caps=1028 free=24986092 largest=24117236
[M213 address] track=1 pcm=0x483b3e08 base=0x483b3e08 bytes=352800 frames=176400 mod64=8 mod128=8 mod256=8 mod4096=3592 mod131072=81416 external=1 requested_caps=1028 free=24986092 largest=24117236
[M213 address] track=2 pcm=0x4840be0c base=0x4840be0c bytes=352800 frames=176400 mod64=12 mod128=12 mod256=12 mod4096=3596 mod131072=48652 external=1 requested_caps=1028 free=24986092 largest=24117236
[M213 address] track=3 pcm=0x48463e10 base=0x48463e10 bytes=352800 frames=176400 mod64=16 mod128=16 mod256=16 mod4096=3600 mod131072=15888 external=1 requested_caps=1028 free=24986092 largest=24117236
[M213 address] track=4 pcm=0x484bbe14 base=0x484bbe14 bytes=352800 frames=176400 mod64=20 mod128=20 mod256=20 mod4096=3604 mod131072=114196 external=1 requested_caps=1028 free=24986092 largest=24117236
[M213 address] track=5 pcm=0x48513e18 base=0x48513e18 bytes=352800 frames=176400 mod64=24 mod128=24 mod256=24 mod4096=3608 mod131072=81432 external=1 requested_caps=1028 free=24986092 largest=24117236
[M213 address] track=6 pcm=0x4856be1c base=0x4856be1c bytes=352800 frames=176400 mod64=28 mod128=28 mod256=28 mod4096=3612 mod131072=48668 external=1 requested_caps=1028 free=24986092 largest=24117236
[M213 address] track=7 pcm=0x485c3e20 base=0x485c3e20 bytes=352800 frames=176400 mod64=32 mod128=32 mod256=32 mod4096=3616 mod131072=15904 external=1 requested_caps=1028 free=24986092 largest=24117236
[M213 address] track=8 pcm=0x4861be24 base=0x4861be24 bytes=352800 frames=176400 mod64=36 mod128=36 mod256=36 mod4096=3620 mod131072=114212 external=1 requested_caps=1028 free=24986092 largest=24117236
[M213 address] track=9 pcm=0x48673e28 base=0x48673e28 bytes=352800 frames=176400 mod64=40 mod128=40 mod256=40 mod4096=3624 mod131072=81448 external=1 requested_caps=1028 free=24986092 largest=24117236
[M213 address] track=10 pcm=0x486cbe2c base=0x486cbe2c bytes=352800 frames=176400 mod64=44 mod128=44 mod256=44 mod4096=3628 mod131072=48684 external=1 requested_caps=1028 free=24986092 largest=24117236
[M213 address] track=11 pcm=0x48723e30 base=0x48723e30 bytes=352800 frames=176400 mod64=48 mod128=48 mod256=48 mod4096=3632 mod131072=15920 external=1 requested_caps=1028 free=24986092 largest=24117236
[M213 address] track=12 pcm=0x4877be34 base=0x4877be34 bytes=352800 frames=176400 mod64=52 mod128=52 mod256=52 mod4096=3636 mod131072=114228 external=1 requested_caps=1028 free=24986092 largest=24117236
[M213 address] track=13 pcm=0x487d3e38 base=0x487d3e38 bytes=352800 frames=176400 mod64=56 mod128=56 mod256=56 mod4096=3640 mod131072=81464 external=1 requested_caps=1028 free=24986092 largest=24117236
[M213 address] track=14 pcm=0x4882be3c base=0x4882be3c bytes=352800 frames=176400 mod64=60 mod128=60 mod256=60 mod4096=3644 mod131072=48700 external=1 requested_caps=1028 free=24986092 largest=24117236
[M213 address] track=15 pcm=0x482abdfc base=0x482abdfc bytes=352800 frames=176400 mod64=60 mod128=124 mod256=252 mod4096=3580 mod131072=48636 external=1 requested_caps=1028 free=24986092 largest=24117236
[M213 locality] tag=2 order=0 eviction=0 repeats=32 reads=131072 us=85665 max=3985 checksum=3150639360 sweep=0 concurrent_audio=1 cold_proven=0
[M213 locality] tag=2 order=1 eviction=0 repeats=32 reads=131072 us=6355 max=2005 checksum=3150639360 sweep=0 concurrent_audio=1 cold_proven=0
[M213 locality] tag=2 order=2 eviction=0 repeats=32 reads=131072 us=12828 max=2152 checksum=3150639360 sweep=0 concurrent_audio=1 cold_proven=0
[M213 locality] tag=2 order=0 eviction=1 repeats=32 reads=131072 us=89751 max=4055 checksum=3150639360 sweep=524288 concurrent_audio=1 cold_proven=0
[M213 locality] tag=2 order=1 eviction=1 repeats=32 reads=131072 us=9105 max=2211 checksum=3150639360 sweep=1048576 concurrent_audio=1 cold_proven=0
[M213 locality] tag=2 order=2 eviction=1 repeats=32 reads=131072 us=9526 max=344 checksum=3150639360 sweep=1572864 concurrent_audio=1 cold_proven=0
[M213 locality complete] tag=2
[M213 physical] tag=2 complete=1
[Q HEAP] tag=store_done internal=173400 free=24986092 largest=24117236 payload=5644800
[Q STORE DONE] op=8

# HOST LOAD 0 1
[Q COMMAND] LOAD 0 1
[Q ACK] load=1
[M6 read] bytes=352800 read_us=670353 bytes_per_second=526289 original_channels=1 rate=44100 total_psram=33554432
[M6 load] track=0 file_bytes=352844 pcm_bytes=352800 load_publish_us=1100291 payload=5644800 transient=352800 peak_payload=5997600 ps_free=24986092 largest=24117236 internal=173400 display=2304000 fx_delay=352800 reserve=4194304
[M6.1 replacement] retired_clear=1 ps_delta=0 status=READY
[M213 address] track=0 pcm=0x48303e00 base=0x48303e00 bytes=352800 frames=176400 mod64=0 mod128=0 mod256=0 mod4096=3584 mod131072=15872 external=1 requested_caps=1028 free=24986092 largest=24117236

# HOST LOAD 1 2
[Q COMMAND] LOAD 1 2
[Q ACK] load=1
[M6 read] bytes=352800 read_us=692532 bytes_per_second=509434 original_channels=1 rate=44100 total_psram=33554432
[M6 load] track=1 file_bytes=352844 pcm_bytes=352800 load_publish_us=1125650 payload=5644800 transient=352800 peak_payload=5997600 ps_free=24986092 largest=24117236 internal=173400 display=2304000 fx_delay=352800 reserve=4194304
[M6.1 replacement] retired_clear=1 ps_delta=0 status=READY
[M213 address] track=1 pcm=0x4835be04 base=0x4835be04 bytes=352800 frames=176400 mod64=4 mod128=4 mod256=4 mod4096=3588 mod131072=114180 external=1 requested_caps=1028 free=24986092 largest=24117236

# HOST LOAD 2 3
[Q COMMAND] LOAD 2 3
[Q ACK] load=1
[M6 read] bytes=352800 read_us=702904 bytes_per_second=501917 original_channels=1 rate=44100 total_psram=33554432
[M6 load] track=2 file_bytes=352844 pcm_bytes=352800 load_publish_us=1135627 payload=5644800 transient=352800 peak_payload=5997600 ps_free=24986092 largest=24117236 internal=173400 display=2304000 fx_delay=352800 reserve=4194304
[M6.1 replacement] retired_clear=1 ps_delta=0 status=READY
[M213 address] track=2 pcm=0x483b3e08 base=0x483b3e08 bytes=352800 frames=176400 mod64=8 mod128=8 mod256=8 mod4096=3592 mod131072=81416 external=1 requested_caps=1028 free=24986092 largest=24117236

# HOST LOAD 3 4
[Q COMMAND] LOAD 3 4
[Q ACK] load=1
[M6 read] bytes=705600 read_us=1184328 bytes_per_second=595780 original_channels=2 rate=44100 total_psram=33554432
[M6 load] track=3 file_bytes=705644 pcm_bytes=352800 load_publish_us=1613309 payload=5644800 transient=352800 peak_payload=5997600 ps_free=24986092 largest=24117236 internal=173400 display=2304000 fx_delay=352800 reserve=4194304
[M6.1 replacement] retired_clear=1 ps_delta=0 status=READY
[M213 address] track=3 pcm=0x4840be0c base=0x4840be0c bytes=352800 frames=176400 mod64=12 mod128=12 mod256=12 mod4096=3596 mod131072=48652 external=1 requested_caps=1028 free=24986092 largest=24117236

# HOST LOAD 4 8
[Q COMMAND] LOAD 4 8
[Q ACK] load=1
[M6 read] bytes=44100 read_us=85022 bytes_per_second=518689 original_channels=1 rate=44100 total_psram=33554432
[M6 load] track=4 file_bytes=44144 pcm_bytes=44100 load_publish_us=540457 payload=5336100 transient=44100 peak_payload=5688900 ps_free=25301484 largest=24117236 internal=173400 display=2304000 fx_delay=352800 reserve=4194304
[M6.1 replacement] retired_clear=1 ps_delta=-315392 status=READY
[M213 address] track=4 pcm=0x48463e10 base=0x48463e10 bytes=44100 frames=22050 mod64=16 mod128=16 mod256=16 mod4096=3600 mod131072=15888 external=1 requested_caps=1028 free=25301484 largest=24117236

# HOST LOAD 5 1
[Q COMMAND] LOAD 5 1
[Q ACK] load=1
[M6 read] bytes=352800 read_us=689543 bytes_per_second=511643 original_channels=1 rate=44100 total_psram=33554432
[M6 load] track=5 file_bytes=352844 pcm_bytes=352800 load_publish_us=1145905 payload=5336100 transient=352800 peak_payload=5688900 ps_free=25301484 largest=24117236 internal=173400 display=2304000 fx_delay=352800 reserve=4194304
[M6.1 replacement] retired_clear=1 ps_delta=0 status=READY
[M213 address] track=5 pcm=0x4846ee14 base=0x4846ee14 bytes=352800 frames=176400 mod64=20 mod128=20 mod256=20 mod4096=3604 mod131072=60948 external=1 requested_caps=1028 free=25301484 largest=24117236

# HOST LOAD 6 2
[Q COMMAND] LOAD 6 2
[Q ACK] load=1
[M6 read] bytes=352800 read_us=770017 bytes_per_second=458171 original_channels=1 rate=44100 total_psram=33554432
[M6 load] track=6 file_bytes=352844 pcm_bytes=352800 load_publish_us=1199275 payload=5336100 transient=352800 peak_payload=5688900 ps_free=25301484 largest=24117236 internal=173400 display=2304000 fx_delay=352800 reserve=4194304
[M6.1 replacement] retired_clear=1 ps_delta=0 status=READY
[M213 address] track=6 pcm=0x484c6e18 base=0x484c6e18 bytes=352800 frames=176400 mod64=24 mod128=24 mod256=24 mod4096=3608 mod131072=28184 external=1 requested_caps=1028 free=25301484 largest=24117236

# HOST LOAD 7 3
[Q COMMAND] LOAD 7 3
[Q ACK] load=1
[M6 read] bytes=352800 read_us=699911 bytes_per_second=504064 original_channels=1 rate=44100 total_psram=33554432
[M6 load] track=7 file_bytes=352844 pcm_bytes=352800 load_publish_us=1158847 payload=5336100 transient=352800 peak_payload=5688900 ps_free=25301484 largest=24117236 internal=173400 display=2304000 fx_delay=352800 reserve=4194304
[M6.1 replacement] retired_clear=1 ps_delta=0 status=READY
[M213 address] track=7 pcm=0x4851ee1c base=0x4851ee1c bytes=352800 frames=176400 mod64=28 mod128=28 mod256=28 mod4096=3612 mod131072=126492 external=1 requested_caps=1028 free=25301484 largest=24117236

# HOST LOAD 8 4
[Q COMMAND] LOAD 8 4
[Q ACK] load=1
[M6 read] bytes=705600 read_us=1177598 bytes_per_second=599185 original_channels=2 rate=44100 total_psram=33554432
[M6 load] track=8 file_bytes=705644 pcm_bytes=352800 load_publish_us=1610614 payload=5336100 transient=352800 peak_payload=5688900 ps_free=25301484 largest=24117236 internal=173400 display=2304000 fx_delay=352800 reserve=4194304
[M6.1 replacement] retired_clear=1 ps_delta=0 status=READY
[M213 address] track=8 pcm=0x48576e20 base=0x48576e20 bytes=352800 frames=176400 mod64=32 mod128=32 mod256=32 mod4096=3616 mod131072=93728 external=1 requested_caps=1028 free=25301484 largest=24117236

# HOST LOAD 9 8
[Q COMMAND] LOAD 9 8
[Q ACK] load=1
[M6 read] bytes=44100 read_us=156984 bytes_per_second=280920 original_channels=1 rate=44100 total_psram=33554432
[M6 load] track=9 file_bytes=44144 pcm_bytes=44100 load_publish_us=585539 payload=5027400 transient=44100 peak_payload=5380200 ps_free=25616876 largest=24117236 internal=173400 display=2304000 fx_delay=352800 reserve=4194304
[M6.1 replacement] retired_clear=1 ps_delta=-315392 status=READY
[M213 address] track=9 pcm=0x485cee24 base=0x485cee24 bytes=44100 frames=22050 mod64=36 mod128=36 mod256=36 mod4096=3620 mod131072=60964 external=1 requested_caps=1028 free=25616876 largest=24117236

# HOST LOAD 10 1
[Q COMMAND] LOAD 10 1
[Q ACK] load=1
[M6 read] bytes=352800 read_us=687597 bytes_per_second=513091 original_channels=1 rate=44100 total_psram=33554432
[M6 load] track=10 file_bytes=352844 pcm_bytes=352800 load_publish_us=1117533 payload=5027400 transient=352800 peak_payload=5380200 ps_free=25616876 largest=24117236 internal=173400 display=2304000 fx_delay=352800 reserve=4194304
[M6.1 replacement] retired_clear=1 ps_delta=0 status=READY
[M213 address] track=10 pcm=0x485d9e28 base=0x485d9e28 bytes=352800 frames=176400 mod64=40 mod128=40 mod256=40 mod4096=3624 mod131072=106024 external=1 requested_caps=1028 free=25616876 largest=24117236

# HOST LOAD 11 2
[Q COMMAND] LOAD 11 2
[Q ACK] load=1
[M6 read] bytes=352800 read_us=692544 bytes_per_second=509426 original_channels=1 rate=44100 total_psram=33554432
[M6 load] track=11 file_bytes=352844 pcm_bytes=352800 load_publish_us=1125656 payload=5027400 transient=352800 peak_payload=5380200 ps_free=25616876 largest=24117236 internal=173400 display=2304000 fx_delay=352800 reserve=4194304
[M6.1 replacement] retired_clear=1 ps_delta=0 status=READY
[M213 address] track=11 pcm=0x48631e2c base=0x48631e2c bytes=352800 frames=176400 mod64=44 mod128=44 mod256=44 mod4096=3628 mod131072=73260 external=1 requested_caps=1028 free=25616876 largest=24117236

# HOST LOAD 12 3
[Q COMMAND] LOAD 12 3
[Q ACK] load=1
[M6 read] bytes=352800 read_us=707167 bytes_per_second=498892 original_channels=1 rate=44100 total_psram=33554432
[M6 load] track=12 file_bytes=352844 pcm_bytes=352800 load_publish_us=1136764 payload=5027400 transient=352800 peak_payload=5380200 ps_free=25616876 largest=24117236 internal=173400 display=2304000 fx_delay=352800 reserve=4194304
[M6.1 replacement] retired_clear=1 ps_delta=0 status=READY
[M213 address] track=12 pcm=0x48689e30 base=0x48689e30 bytes=352800 frames=176400 mod64=48 mod128=48 mod256=48 mod4096=3632 mod131072=40496 external=1 requested_caps=1028 free=25616876 largest=24117236

# HOST LOAD 13 4
[Q COMMAND] LOAD 13 4
[Q ACK] load=1
[M6 read] bytes=705600 read_us=1185914 bytes_per_second=594984 original_channels=2 rate=44100 total_psram=33554432
[M6 load] track=13 file_bytes=705644 pcm_bytes=352800 load_publish_us=1617772 payload=5027400 transient=352800 peak_payload=5380200 ps_free=25616876 largest=24117236 internal=173400 display=2304000 fx_delay=352800 reserve=4194304
[M6.1 replacement] retired_clear=1 ps_delta=0 status=READY
[M213 address] track=13 pcm=0x486e1e34 base=0x486e1e34 bytes=352800 frames=176400 mod64=52 mod128=52 mod256=52 mod4096=3636 mod131072=7732 external=1 requested_caps=1028 free=25616876 largest=24117236

# HOST LOAD 14 8
[Q COMMAND] LOAD 14 8
[Q ACK] load=1
[M6 read] bytes=44100 read_us=86347 bytes_per_second=510729 original_channels=1 rate=44100 total_psram=33554432
[M6 load] track=14 file_bytes=44144 pcm_bytes=44100 load_publish_us=544181 payload=4718700 transient=44100 peak_payload=5071500 ps_free=25932268 largest=25690100 internal=173400 display=2304000 fx_delay=352800 reserve=4194304
[M6.1 replacement] retired_clear=1 ps_delta=-315392 status=READY
[M213 address] track=14 pcm=0x48739e38 base=0x48739e38 bytes=44100 frames=22050 mod64=56 mod128=56 mod256=56 mod4096=3640 mod131072=106040 external=1 requested_caps=1028 free=25932268 largest=25690100

# HOST LOAD 15 1
[Q COMMAND] LOAD 15 1
[Q ACK] load=1
[M6 read] bytes=352800 read_us=693220 bytes_per_second=508929 original_channels=1 rate=44100 total_psram=33554432
[M6 load] track=15 file_bytes=352844 pcm_bytes=352800 load_publish_us=1128971 payload=4718700 transient=352800 peak_payload=5071500 ps_free=25932268 largest=25165812 internal=173400 display=2304000 fx_delay=352800 reserve=4194304
[M6.1 replacement] retired_clear=1 ps_delta=0 status=READY
[M213 address] track=15 pcm=0x48744e3c base=0x48744e3c bytes=352800 frames=176400 mod64=60 mod128=60 mod256=60 mod4096=3644 mod131072=20028 external=1 requested_caps=1028 free=25932268 largest=25165812

# HOST LOAD 0 5
[Q COMMAND] LOAD 0 5
[Q ACK] load=1
[M6 read] bytes=4194304 read_us=7895698 bytes_per_second=531213 original_channels=1 rate=44100 total_psram=33554432
[M6 load] track=0 file_bytes=4194348 pcm_bytes=4194304 load_publish_us=8388309 payload=8560204 transient=4194304 peak_payload=8913004 ps_free=21967340 largest=20971508 internal=173400 display=2304000 fx_delay=352800 reserve=4194304
[M6.1 replacement] retired_clear=1 ps_delta=3964928 status=READY
[M213 address] track=0 pcm=0x4879ce40 base=0x4879ce40 bytes=4194304 frames=2097152 mod64=0 mod128=64 mod256=64 mod4096=3648 mod131072=118336 external=1 requested_caps=1028 free=21967340 largest=20971508

# HOST STORE 8
[Q COMMAND] STORE 8
[M213 address] track=0 pcm=0x4879ce40 base=0x4879ce40 bytes=4194304 frames=2097152 mod64=0 mod128=64 mod256=64 mod4096=3648 mod131072=118336 external=1 requested_caps=1028 free=21967340 largest=20971508
[M213 address] track=1 pcm=0x4835be04 base=0x4835be04 bytes=352800 frames=176400 mod64=4 mod128=4 mod256=4 mod4096=3588 mod131072=114180 external=1 requested_caps=1028 free=21967340 largest=20971508
[M213 address] track=2 pcm=0x483b3e08 base=0x483b3e08 bytes=352800 frames=176400 mod64=8 mod128=8 mod256=8 mod4096=3592 mod131072=81416 external=1 requested_caps=1028 free=21967340 largest=20971508
[M213 address] track=3 pcm=0x4840be0c base=0x4840be0c bytes=352800 frames=176400 mod64=12 mod128=12 mod256=12 mod4096=3596 mod131072=48652 external=1 requested_caps=1028 free=21967340 largest=20971508
[M213 address] track=4 pcm=0x48463e10 base=0x48463e10 bytes=44100 frames=22050 mod64=16 mod128=16 mod256=16 mod4096=3600 mod131072=15888 external=1 requested_caps=1028 free=21967340 largest=20971508
[M213 address] track=5 pcm=0x4846ee14 base=0x4846ee14 bytes=352800 frames=176400 mod64=20 mod128=20 mod256=20 mod4096=3604 mod131072=60948 external=1 requested_caps=1028 free=21967340 largest=20971508
[M213 address] track=6 pcm=0x484c6e18 base=0x484c6e18 bytes=352800 frames=176400 mod64=24 mod128=24 mod256=24 mod4096=3608 mod131072=28184 external=1 requested_caps=1028 free=21967340 largest=20971508
[M213 address] track=7 pcm=0x4851ee1c base=0x4851ee1c bytes=352800 frames=176400 mod64=28 mod128=28 mod256=28 mod4096=3612 mod131072=126492 external=1 requested_caps=1028 free=21967340 largest=20971508
[M213 address] track=8 pcm=0x48576e20 base=0x48576e20 bytes=352800 frames=176400 mod64=32 mod128=32 mod256=32 mod4096=3616 mod131072=93728 external=1 requested_caps=1028 free=21967340 largest=20971508
[M213 address] track=9 pcm=0x485cee24 base=0x485cee24 bytes=44100 frames=22050 mod64=36 mod128=36 mod256=36 mod4096=3620 mod131072=60964 external=1 requested_caps=1028 free=21967340 largest=20971508
[M213 address] track=10 pcm=0x485d9e28 base=0x485d9e28 bytes=352800 frames=176400 mod64=40 mod128=40 mod256=40 mod4096=3624 mod131072=106024 external=1 requested_caps=1028 free=21967340 largest=20971508
[M213 address] track=11 pcm=0x48631e2c base=0x48631e2c bytes=352800 frames=176400 mod64=44 mod128=44 mod256=44 mod4096=3628 mod131072=73260 external=1 requested_caps=1028 free=21967340 largest=20971508
[M213 address] track=12 pcm=0x48689e30 base=0x48689e30 bytes=352800 frames=176400 mod64=48 mod128=48 mod256=48 mod4096=3632 mod131072=40496 external=1 requested_caps=1028 free=21967340 largest=20971508
[M213 address] track=13 pcm=0x486e1e34 base=0x486e1e34 bytes=352800 frames=176400 mod64=52 mod128=52 mod256=52 mod4096=3636 mod131072=7732 external=1 requested_caps=1028 free=21967340 largest=20971508
[M213 address] track=14 pcm=0x48739e38 base=0x48739e38 bytes=44100 frames=22050 mod64=56 mod128=56 mod256=56 mod4096=3640 mod131072=106040 external=1 requested_caps=1028 free=21967340 largest=20971508
[M213 address] track=15 pcm=0x48744e3c base=0x48744e3c bytes=352800 frames=176400 mod64=60 mod128=60 mod256=60 mod4096=3644 mod131072=20028 external=1 requested_caps=1028 free=21967340 largest=20971508
[M213 locality] tag=3 order=0 eviction=0 repeats=32 reads=131072 us=9300 max=2094 checksum=3441764352 sweep=0 concurrent_audio=1 cold_proven=0
[M213 locality] tag=3 order=1 eviction=0 repeats=32 reads=131072 us=2362 max=99 checksum=3441764352 sweep=0 concurrent_audio=1 cold_proven=0
[M213 locality] tag=3 order=2 eviction=0 repeats=32 reads=131072 us=7018 max=2046 checksum=3441764352 sweep=0 concurrent_audio=1 cold_proven=0
[M213 locality] tag=3 order=0 eviction=1 repeats=32 reads=131072 us=22460 max=2486 checksum=3441764352 sweep=524288 concurrent_audio=1 cold_proven=0
[M213 locality] tag=3 order=1 eviction=1 repeats=32 reads=131072 us=9258 max=2325 checksum=3441764352 sweep=1048576 concurrent_audio=1 cold_proven=0
[M213 locality] tag=3 order=2 eviction=1 repeats=32 reads=131072 us=12123 max=2301 checksum=3441764352 sweep=1572864 concurrent_audio=1 cold_proven=0
[M213 locality complete] tag=3
[M213 physical] tag=3 complete=1
[Q HEAP] tag=store_done internal=173400 free=21967340 largest=20971508 payload=8560204
[Q STORE DONE] op=8

# HOST LOAD 0 6
[Q COMMAND] LOAD 0 6
[Q ACK] load=1

# HOST LOAD 0 7
[Q COMMAND] LOAD 0 7
[Q ACK] load=1

# HOST STORE 9
[Q COMMAND] STORE 9
[M213 missing] accepted=0 preserved=1
[Q HEAP] tag=store_done internal=173400 free=21967340 largest=20971508 payload=8560204
[Q STORE DONE] op=9

# HOST STORE 8
[Q COMMAND] STORE 8
[M213 address] track=0 pcm=0x4879ce40 base=0x4879ce40 bytes=4194304 frames=2097152 mod64=0 mod128=64 mod256=64 mod4096=3648 mod131072=118336 external=1 requested_caps=1028 free=21967340 largest=20971508
[M213 address] track=1 pcm=0x4835be04 base=0x4835be04 bytes=352800 frames=176400 mod64=4 mod128=4 mod256=4 mod4096=3588 mod131072=114180 external=1 requested_caps=1028 free=21967340 largest=20971508
[M213 address] track=2 pcm=0x483b3e08 base=0x483b3e08 bytes=352800 frames=176400 mod64=8 mod128=8 mod256=8 mod4096=3592 mod131072=81416 external=1 requested_caps=1028 free=21967340 largest=20971508
[M213 address] track=3 pcm=0x4840be0c base=0x4840be0c bytes=352800 frames=176400 mod64=12 mod128=12 mod256=12 mod4096=3596 mod131072=48652 external=1 requested_caps=1028 free=21967340 largest=20971508
[M213 address] track=4 pcm=0x48463e10 base=0x48463e10 bytes=44100 frames=22050 mod64=16 mod128=16 mod256=16 mod4096=3600 mod131072=15888 external=1 requested_caps=1028 free=21967340 largest=20971508
[M213 address] track=5 pcm=0x4846ee14 base=0x4846ee14 bytes=352800 frames=176400 mod64=20 mod128=20 mod256=20 mod4096=3604 mod131072=60948 external=1 requested_caps=1028 free=21967340 largest=20971508
[M213 address] track=6 pcm=0x484c6e18 base=0x484c6e18 bytes=352800 frames=176400 mod64=24 mod128=24 mod256=24 mod4096=3608 mod131072=28184 external=1 requested_caps=1028 free=21967340 largest=20971508
[M213 address] track=7 pcm=0x4851ee1c base=0x4851ee1c bytes=352800 frames=176400 mod64=28 mod128=28 mod256=28 mod4096=3612 mod131072=126492 external=1 requested_caps=1028 free=21967340 largest=20971508
[M213 address] track=8 pcm=0x48576e20 base=0x48576e20 bytes=352800 frames=176400 mod64=32 mod128=32 mod256=32 mod4096=3616 mod131072=93728 external=1 requested_caps=1028 free=21967340 largest=20971508
[M213 address] track=9 pcm=0x485cee24 base=0x485cee24 bytes=44100 frames=22050 mod64=36 mod128=36 mod256=36 mod4096=3620 mod131072=60964 external=1 requested_caps=1028 free=21967340 largest=20971508
[M213 address] track=10 pcm=0x485d9e28 base=0x485d9e28 bytes=352800 frames=176400 mod64=40 mod128=40 mod256=40 mod4096=3624 mod131072=106024 external=1 requested_caps=1028 free=21967340 largest=20971508
[M213 address] track=11 pcm=0x48631e2c base=0x48631e2c bytes=352800 frames=176400 mod64=44 mod128=44 mod256=44 mod4096=3628 mod131072=73260 external=1 requested_caps=1028 free=21967340 largest=20971508
[M213 address] track=12 pcm=0x48689e30 base=0x48689e30 bytes=352800 frames=176400 mod64=48 mod128=48 mod256=48 mod4096=3632 mod131072=40496 external=1 requested_caps=1028 free=21967340 largest=20971508
[M213 address] track=13 pcm=0x486e1e34 base=0x486e1e34 bytes=352800 frames=176400 mod64=52 mod128=52 mod256=52 mod4096=3636 mod131072=7732 external=1 requested_caps=1028 free=21967340 largest=20971508
[M213 address] track=14 pcm=0x48739e38 base=0x48739e38 bytes=44100 frames=22050 mod64=56 mod128=56 mod256=56 mod4096=3640 mod131072=106040 external=1 requested_caps=1028 free=21967340 largest=20971508
[M213 address] track=15 pcm=0x48744e3c base=0x48744e3c bytes=352800 frames=176400 mod64=60 mod128=60 mod256=60 mod4096=3644 mod131072=20028 external=1 requested_caps=1028 free=21967340 largest=20971508
[M213 locality] tag=4 order=0 eviction=0 repeats=32 reads=131072 us=11116 max=2118 checksum=3441764352 sweep=0 concurrent_audio=1 cold_proven=0
[M213 locality] tag=4 order=1 eviction=0 repeats=32 reads=131072 us=2341 max=78 checksum=3441764352 sweep=0 concurrent_audio=1 cold_proven=0
[M213 locality] tag=4 order=2 eviction=0 repeats=32 reads=131072 us=5141 max=170 checksum=3441764352 sweep=0 concurrent_audio=1 cold_proven=0
[M213 locality] tag=4 order=0 eviction=1 repeats=32 reads=131072 us=18385 max=2509 checksum=3441764352 sweep=524288 concurrent_audio=1 cold_proven=0
[M213 locality] tag=4 order=1 eviction=1 repeats=32 reads=131072 us=9039 max=2277 checksum=3441764352 sweep=1048576 concurrent_audio=1 cold_proven=0
[M213 locality] tag=4 order=2 eviction=1 repeats=32 reads=131072 us=7830 max=265 checksum=3441764352 sweep=1572864 concurrent_audio=1 cold_proven=0
[M213 locality complete] tag=4
[M213 physical] tag=4 complete=1
[Q HEAP] tag=store_done internal=173400 free=21967340 largest=20971508 payload=8560204
[Q STORE DONE] op=8

# HOST STORE 10
[Q COMMAND] STORE 10
[Q HEAP] tag=fragmented internal=173400 free=19804524 largest=17301492 payload=8560204
[Q HEAP] tag=store_done internal=173400 free=19804524 largest=17301492 payload=8560204
[Q STORE DONE] op=10

# HOST LOAD 15 2
[Q COMMAND] LOAD 15 2
[Q ACK] load=1
[M6 read] bytes=352800 read_us=696540 bytes_per_second=506503 original_channels=1 rate=44100 total_psram=33554432
[M6 load] track=15 file_bytes=352844 pcm_bytes=352800 load_publish_us=1129375 payload=8560204 transient=352800 peak_payload=8913004 ps_free=19804524 largest=16777204 internal=173400 display=2304000 fx_delay=352800 reserve=4194304
[M6.1 replacement] retired_clear=1 ps_delta=0 status=READY
[M213 address] track=15 pcm=0x48f37f1c base=0x48f37f1c bytes=352800 frames=176400 mod64=28 mod128=28 mod256=28 mod4096=3868 mod131072=98076 external=1 requested_caps=1028 free=19804524 largest=16777204

# HOST LOAD 14 1
[Q COMMAND] LOAD 14 1
[Q ACK] load=1
[M6 read] bytes=352800 read_us=686933 bytes_per_second=513587 original_channels=1 rate=44100 total_psram=33554432
[M6 load] track=14 file_bytes=352844 pcm_bytes=352800 load_publish_us=1116867 payload=8868904 transient=352800 peak_payload=8913004 ps_free=19489132 largest=16777204 internal=173400 display=2304000 fx_delay=352800 reserve=4194304
[M6.1 replacement] retired_clear=1 ps_delta=315392 status=READY
[M213 address] track=14 pcm=0x48744e3c base=0x48744e3c bytes=352800 frames=176400 mod64=60 mod128=60 mod256=60 mod4096=3644 mod131072=20028 external=1 requested_caps=1028 free=19489132 largest=16777204

# HOST LOAD 13 8
[Q COMMAND] LOAD 13 8
[Q ACK] load=1
[M6 read] bytes=44100 read_us=89127 bytes_per_second=494799 original_channels=1 rate=44100 total_psram=33554432
[M6 load] track=13 file_bytes=44144 pcm_bytes=44100 load_publish_us=545525 payload=8560204 transient=44100 peak_payload=8913004 ps_free=19804524 largest=16777204 internal=173400 display=2304000 fx_delay=352800 reserve=4194304
[M6.1 replacement] retired_clear=1 ps_delta=-315392 status=READY
[M213 address] track=13 pcm=0x48739e38 base=0x48739e38 bytes=44100 frames=22050 mod64=56 mod128=56 mod256=56 mod4096=3640 mod131072=106040 external=1 requested_caps=1028 free=19804524 largest=16777204

# HOST LOAD 12 4
[Q COMMAND] LOAD 12 4
[Q ACK] load=1
[M6 read] bytes=705600 read_us=1189477 bytes_per_second=593201 original_channels=2 rate=44100 total_psram=33554432
[M6 load] track=12 file_bytes=705644 pcm_bytes=352800 load_publish_us=1653916 payload=8560204 transient=352800 peak_payload=8913004 ps_free=19804524 largest=16777204 internal=173400 display=2304000 fx_delay=352800 reserve=4194304
[M6.1 replacement] retired_clear=1 ps_delta=0 status=READY
[M213 address] track=12 pcm=0x486e1e34 base=0x486e1e34 bytes=352800 frames=176400 mod64=52 mod128=52 mod256=52 mod4096=3636 mod131072=7732 external=1 requested_caps=1028 free=19804524 largest=16777204

# HOST LOAD 11 3
[Q COMMAND] LOAD 11 3
[Q ACK] load=1
[M6 read] bytes=352800 read_us=707944 bytes_per_second=498344 original_channels=1 rate=44100 total_psram=33554432
[M6 load] track=11 file_bytes=352844 pcm_bytes=352800 load_publish_us=1167811 payload=8560204 transient=352800 peak_payload=8913004 ps_free=19804524 largest=16777204 internal=173400 display=2304000 fx_delay=352800 reserve=4194304
[M6.1 replacement] retired_clear=1 ps_delta=0 status=READY
[M213 address] track=11 pcm=0x48689e30 base=0x48689e30 bytes=352800 frames=176400 mod64=48 mod128=48 mod256=48 mod4096=3632 mod131072=40496 external=1 requested_caps=1028 free=19804524 largest=16777204

# HOST LOAD 10 2
[Q COMMAND] LOAD 10 2
[Q ACK] load=1
[M6 read] bytes=352800 read_us=766559 bytes_per_second=460238 original_channels=1 rate=44100 total_psram=33554432
[M6 load] track=10 file_bytes=352844 pcm_bytes=352800 load_publish_us=1268317 payload=8560204 transient=352800 peak_payload=8913004 ps_free=19804524 largest=16777204 internal=173400 display=2304000 fx_delay=352800 reserve=4194304
[M6.1 replacement] retired_clear=1 ps_delta=0 status=READY
[M213 address] track=10 pcm=0x48631e2c base=0x48631e2c bytes=352800 frames=176400 mod64=44 mod128=44 mod256=44 mod4096=3628 mod131072=73260 external=1 requested_caps=1028 free=19804524 largest=16777204

# HOST LOAD 9 1
[Q COMMAND] LOAD 9 1
[Q ACK] load=1
[M6 read] bytes=352800 read_us=666261 bytes_per_second=529522 original_channels=1 rate=44100 total_psram=33554432
[M6 load] track=9 file_bytes=352844 pcm_bytes=352800 load_publish_us=1096203 payload=8868904 transient=352800 peak_payload=8913004 ps_free=19489132 largest=16777204 internal=173400 display=2304000 fx_delay=352800 reserve=4194304
[M6.1 replacement] retired_clear=1 ps_delta=315392 status=READY
[M213 address] track=9 pcm=0x485d9e28 base=0x485d9e28 bytes=352800 frames=176400 mod64=40 mod128=40 mod256=40 mod4096=3624 mod131072=106024 external=1 requested_caps=1028 free=19489132 largest=16777204

# HOST LOAD 8 8
[Q COMMAND] LOAD 8 8
[Q ACK] load=1
[M6 read] bytes=44100 read_us=153987 bytes_per_second=286387 original_channels=1 rate=44100 total_psram=33554432
[M6 load] track=8 file_bytes=44144 pcm_bytes=44100 load_publish_us=578122 payload=8560204 transient=44100 peak_payload=8913004 ps_free=19804524 largest=16777204 internal=173400 display=2304000 fx_delay=352800 reserve=4194304
[M6.1 replacement] retired_clear=1 ps_delta=-315392 status=READY
[M213 address] track=8 pcm=0x485cee24 base=0x485cee24 bytes=44100 frames=22050 mod64=36 mod128=36 mod256=36 mod4096=3620 mod131072=60964 external=1 requested_caps=1028 free=19804524 largest=16777204

# HOST LOAD 7 4
[Q COMMAND] LOAD 7 4
[Q ACK] load=1
[M6 read] bytes=705600 read_us=1178666 bytes_per_second=598642 original_channels=2 rate=44100 total_psram=33554432
[M6 load] track=7 file_bytes=705644 pcm_bytes=352800 load_publish_us=1677635 payload=8560204 transient=352800 peak_payload=8913004 ps_free=19804524 largest=16777204 internal=173400 display=2304000 fx_delay=352800 reserve=4194304
[M6.1 replacement] retired_clear=1 ps_delta=0 status=READY
[M213 address] track=7 pcm=0x48576e20 base=0x48576e20 bytes=352800 frames=176400 mod64=32 mod128=32 mod256=32 mod4096=3616 mod131072=93728 external=1 requested_caps=1028 free=19804524 largest=16777204

# HOST LOAD 6 3
[Q COMMAND] LOAD 6 3
[Q ACK] load=1
[M6 read] bytes=352800 read_us=702225 bytes_per_second=502403 original_channels=1 rate=44100 total_psram=33554432
[M6 load] track=6 file_bytes=352844 pcm_bytes=352800 load_publish_us=1135016 payload=8560204 transient=352800 peak_payload=8913004 ps_free=19804524 largest=16777204 internal=173400 display=2304000 fx_delay=352800 reserve=4194304
[M6.1 replacement] retired_clear=1 ps_delta=0 status=READY
[M213 address] track=6 pcm=0x4851ee1c base=0x4851ee1c bytes=352800 frames=176400 mod64=28 mod128=28 mod256=28 mod4096=3612 mod131072=126492 external=1 requested_caps=1028 free=19804524 largest=16777204

# HOST LOAD 5 2
[Q COMMAND] LOAD 5 2
[Q ACK] load=1
[M6 read] bytes=352800 read_us=696157 bytes_per_second=506782 original_channels=1 rate=44100 total_psram=33554432
[M6 load] track=5 file_bytes=352844 pcm_bytes=352800 load_publish_us=1129000 payload=8560204 transient=352800 peak_payload=8913004 ps_free=19804524 largest=16777204 internal=173400 display=2304000 fx_delay=352800 reserve=4194304
[M6.1 replacement] retired_clear=1 ps_delta=0 status=READY
[M213 address] track=5 pcm=0x484c6e18 base=0x484c6e18 bytes=352800 frames=176400 mod64=24 mod128=24 mod256=24 mod4096=3608 mod131072=28184 external=1 requested_caps=1028 free=19804524 largest=16777204

# HOST LOAD 4 1
[Q COMMAND] LOAD 4 1
[Q ACK] load=1
[M6 read] bytes=352800 read_us=684810 bytes_per_second=515179 original_channels=1 rate=44100 total_psram=33554432
[M6 load] track=4 file_bytes=352844 pcm_bytes=352800 load_publish_us=1144502 payload=8868904 transient=352800 peak_payload=8913004 ps_free=19489132 largest=16777204 internal=173400 display=2304000 fx_delay=352800 reserve=4194304
[M6.1 replacement] retired_clear=1 ps_delta=315392 status=READY
[M213 address] track=4 pcm=0x4846ee14 base=0x4846ee14 bytes=352800 frames=176400 mod64=20 mod128=20 mod256=20 mod4096=3604 mod131072=60948 external=1 requested_caps=1028 free=19489132 largest=16777204

# HOST LOAD 3 8
[Q COMMAND] LOAD 3 8
[Q ACK] load=1
[M6 read] bytes=44100 read_us=88268 bytes_per_second=499614 original_channels=1 rate=44100 total_psram=33554432
[M6 load] track=3 file_bytes=44144 pcm_bytes=44100 load_publish_us=516747 payload=8560204 transient=44100 peak_payload=8913004 ps_free=19804524 largest=16777204 internal=173400 display=2304000 fx_delay=352800 reserve=4194304
[M6.1 replacement] retired_clear=1 ps_delta=-315392 status=READY
[M213 address] track=3 pcm=0x48463e10 base=0x48463e10 bytes=44100 frames=22050 mod64=16 mod128=16 mod256=16 mod4096=3600 mod131072=15888 external=1 requested_caps=1028 free=19804524 largest=16777204

# HOST LOAD 2 4
[Q COMMAND] LOAD 2 4
[Q ACK] load=1
[M6 read] bytes=705600 read_us=1185805 bytes_per_second=595038 original_channels=2 rate=44100 total_psram=33554432
[M6 load] track=2 file_bytes=705644 pcm_bytes=352800 load_publish_us=1647722 payload=8560204 transient=352800 peak_payload=8913004 ps_free=19804524 largest=16777204 internal=173400 display=2304000 fx_delay=352800 reserve=4194304
[M6.1 replacement] retired_clear=1 ps_delta=0 status=READY
[M213 address] track=2 pcm=0x4840be0c base=0x4840be0c bytes=352800 frames=176400 mod64=12 mod128=12 mod256=12 mod4096=3596 mod131072=48652 external=1 requested_caps=1028 free=19804524 largest=16777204

# HOST LOAD 1 3
[Q COMMAND] LOAD 1 3
[Q ACK] load=1
[M6 read] bytes=352800 read_us=758017 bytes_per_second=465424 original_channels=1 rate=44100 total_psram=33554432
[M6 load] track=1 file_bytes=352844 pcm_bytes=352800 load_publish_us=1219993 payload=8560204 transient=352800 peak_payload=8913004 ps_free=19804524 largest=16777204 internal=173400 display=2304000 fx_delay=352800 reserve=4194304
[M6.1 replacement] retired_clear=1 ps_delta=0 status=READY
[M213 address] track=1 pcm=0x483b3e08 base=0x483b3e08 bytes=352800 frames=176400 mod64=8 mod128=8 mod256=8 mod4096=3592 mod131072=81416 external=1 requested_caps=1028 free=19804524 largest=16777204

# HOST LOAD 0 2
[Q COMMAND] LOAD 0 2
[Q ACK] load=1
[M6 read] bytes=352800 read_us=698787 bytes_per_second=504874 original_channels=1 rate=44100 total_psram=33554432
[M6 load] track=0 file_bytes=352844 pcm_bytes=352800 load_publish_us=1131952 payload=4718700 transient=352800 peak_payload=8913004 ps_free=23769452 largest=16777204 internal=173400 display=2304000 fx_delay=352800 reserve=4194304
[M6.1 replacement] retired_clear=1 ps_delta=-3964928 status=READY
[M213 address] track=0 pcm=0x48350e24 base=0x48350e24 bytes=352800 frames=176400 mod64=36 mod128=36 mod256=36 mod4096=3620 mod131072=69156 external=1 requested_caps=1028 free=23769452 largest=16777204

# HOST STORE 8
[Q COMMAND] STORE 8
[M213 address] track=0 pcm=0x48350e24 base=0x48350e24 bytes=352800 frames=176400 mod64=36 mod128=36 mod256=36 mod4096=3620 mod131072=69156 external=1 requested_caps=1028 free=23769452 largest=16777204
[M213 address] track=1 pcm=0x483b3e08 base=0x483b3e08 bytes=352800 frames=176400 mod64=8 mod128=8 mod256=8 mod4096=3592 mod131072=81416 external=1 requested_caps=1028 free=23769452 largest=16777204
[M213 address] track=2 pcm=0x4840be0c base=0x4840be0c bytes=352800 frames=176400 mod64=12 mod128=12 mod256=12 mod4096=3596 mod131072=48652 external=1 requested_caps=1028 free=23769452 largest=16777204
[M213 address] track=3 pcm=0x48463e10 base=0x48463e10 bytes=44100 frames=22050 mod64=16 mod128=16 mod256=16 mod4096=3600 mod131072=15888 external=1 requested_caps=1028 free=23769452 largest=16777204
[M213 address] track=4 pcm=0x4846ee14 base=0x4846ee14 bytes=352800 frames=176400 mod64=20 mod128=20 mod256=20 mod4096=3604 mod131072=60948 external=1 requested_caps=1028 free=23769452 largest=16777204
[M213 address] track=5 pcm=0x484c6e18 base=0x484c6e18 bytes=352800 frames=176400 mod64=24 mod128=24 mod256=24 mod4096=3608 mod131072=28184 external=1 requested_caps=1028 free=23769452 largest=16777204
[M213 address] track=6 pcm=0x4851ee1c base=0x4851ee1c bytes=352800 frames=176400 mod64=28 mod128=28 mod256=28 mod4096=3612 mod131072=126492 external=1 requested_caps=1028 free=23769452 largest=16777204
[M213 address] track=7 pcm=0x48576e20 base=0x48576e20 bytes=352800 frames=176400 mod64=32 mod128=32 mod256=32 mod4096=3616 mod131072=93728 external=1 requested_caps=1028 free=23769452 largest=16777204
[M213 address] track=8 pcm=0x485cee24 base=0x485cee24 bytes=44100 frames=22050 mod64=36 mod128=36 mod256=36 mod4096=3620 mod131072=60964 external=1 requested_caps=1028 free=23769452 largest=16777204
[M213 address] track=9 pcm=0x485d9e28 base=0x485d9e28 bytes=352800 frames=176400 mod64=40 mod128=40 mod256=40 mod4096=3624 mod131072=106024 external=1 requested_caps=1028 free=23769452 largest=16777204
[M213 address] track=10 pcm=0x48631e2c base=0x48631e2c bytes=352800 frames=176400 mod64=44 mod128=44 mod256=44 mod4096=3628 mod131072=73260 external=1 requested_caps=1028 free=23769452 largest=16777204
[M213 address] track=11 pcm=0x48689e30 base=0x48689e30 bytes=352800 frames=176400 mod64=48 mod128=48 mod256=48 mod4096=3632 mod131072=40496 external=1 requested_caps=1028 free=23769452 largest=16777204
[M213 address] track=12 pcm=0x486e1e34 base=0x486e1e34 bytes=352800 frames=176400 mod64=52 mod128=52 mod256=52 mod4096=3636 mod131072=7732 external=1 requested_caps=1028 free=23769452 largest=16777204
[M213 address] track=13 pcm=0x48739e38 base=0x48739e38 bytes=44100 frames=22050 mod64=56 mod128=56 mod256=56 mod4096=3640 mod131072=106040 external=1 requested_caps=1028 free=23769452 largest=16777204
[M213 address] track=14 pcm=0x48744e3c base=0x48744e3c bytes=352800 frames=176400 mod64=60 mod128=60 mod256=60 mod4096=3644 mod131072=20028 external=1 requested_caps=1028 free=23769452 largest=16777204
[M213 address] track=15 pcm=0x48f37f1c base=0x48f37f1c bytes=352800 frames=176400 mod64=28 mod128=28 mod256=28 mod4096=3868 mod131072=98076 external=1 requested_caps=1028 free=23769452 largest=16777204
[M213 locality] tag=5 order=0 eviction=0 repeats=32 reads=131072 us=11072 max=2394 checksum=3442474688 sweep=0 concurrent_audio=1 cold_proven=0
[M213 locality] tag=5 order=1 eviction=0 repeats=32 reads=131072 us=2363 max=104 checksum=3442474688 sweep=0 concurrent_audio=1 cold_proven=0
[M213 locality] tag=5 order=2 eviction=0 repeats=32 reads=131072 us=8871 max=2041 checksum=3442474688 sweep=0 concurrent_audio=1 cold_proven=0
[M213 locality] tag=5 order=0 eviction=1 repeats=32 reads=131072 us=11763 max=2359 checksum=3442474688 sweep=524288 concurrent_audio=1 cold_proven=0
[M213 locality] tag=5 order=1 eviction=1 repeats=32 reads=131072 us=9173 max=2290 checksum=3442474688 sweep=1048576 concurrent_audio=1 cold_proven=0
[M213 locality] tag=5 order=2 eviction=1 repeats=32 reads=131072 us=18300 max=2399 checksum=3442474688 sweep=1572864 concurrent_audio=1 cold_proven=0
[M213 locality complete] tag=5
[M213 physical] tag=5 complete=1
[Q HEAP] tag=store_done internal=173400 free=23769452 largest=16777204 payload=4718700
[Q STORE DONE] op=8

# HOST STORE 12
[Q COMMAND] STORE 12
[Q HEAP] tag=pressure internal=173400 free=5386580 largest=4718580 payload=4718700
[Q HEAP] tag=store_done internal=173400 free=5386580 largest=4718580 payload=4718700
[Q STORE DONE] op=12

# HOST LOAD 0 5
[Q COMMAND] LOAD 0 5
[Q ACK] load=1

# HOST STATE
[Q COMMAND] STATE
[Q STATE] bpm=120 swing=50 playing=0 mode=0 chain_length=0 chain_loop=0 project_busy=0 restoring=0 sample_busy=0 project_status=PROJECT READY sample_status=Sample exceeds PSRAM budget
[Q TRACK] track=0 source=1 pitch=60 synth_pitch=36 sample_pitch=60 mute=0 solo=0 start=0 end=65535 reverse=0 mode=0 choke=0 cutoff=0 resonance=0 send=127 slices=1 enabled=0 selected=0 frames=176400 waveform=5e370bb2 name=m19p_snare.wav
[Q SLICE] track=0 index=0 start=0 end=65535
[Q TRACK] track=1 source=1 pitch=60 synth_pitch=39 sample_pitch=60 mute=0 solo=0 start=0 end=65535 reverse=0 mode=0 choke=0 cutoff=0 resonance=0 send=127 slices=1 enabled=0 selected=0 frames=176400 waveform=0720701a name=m19p_mixed.wav
[Q SLICE] track=1 index=0 start=0 end=65535
[Q TRACK] track=2 source=1 pitch=60 synth_pitch=42 sample_pitch=60 mute=0 solo=0 start=0 end=65535 reverse=0 mode=0 choke=0 cutoff=0 resonance=0 send=127 slices=1 enabled=0 selected=0 frames=176400 waveform=595ef306 name=m19p_stereo.wav
[Q SLICE] track=2 index=0 start=0 end=65535
[Q TRACK] track=3 source=1 pitch=60 synth_pitch=45 sample_pitch=60 mute=0 solo=0 start=0 end=65535 reverse=0 mode=0 choke=0 cutoff=0 resonance=0 send=127 slices=1 enabled=0 selected=0 frames=22050 waveform=0ee7dbac name=m19p_oneshot.wav
[Q SLICE] track=3 index=0 start=0 end=65535
[Q PATTERN] index=0 length=16 masks=0000,0000,0000
[Q LOCK] pattern=0 step=0 mask=0 slice=0
[Q LOCK] pattern=0 step=1 mask=0 slice=0
[Q LOCK] pattern=0 step=2 mask=0 slice=0
[Q LOCK] pattern=0 step=3 mask=0 slice=0
[Q PATTERN] index=1 length=16 masks=0000,0000,0000
[Q LOCK] pattern=1 step=0 mask=0 slice=0
[Q LOCK] pattern=1 step=1 mask=0 slice=0
[Q LOCK] pattern=1 step=2 mask=0 slice=0
[Q LOCK] pattern=1 step=3 mask=0 slice=0
[Q PATTERN] index=2 length=16 masks=0000,0000,0000
[Q LOCK] pattern=2 step=0 mask=0 slice=0
[Q LOCK] pattern=2 step=1 mask=0 slice=0
[Q LOCK] pattern=2 step=2 mask=0 slice=0
[Q LOCK] pattern=2 step=3 mask=0 slice=0
[Q PATTERN] index=3 length=16 masks=0000,0000,0000
[Q LOCK] pattern=3 step=0 mask=0 slice=0
[Q LOCK] pattern=3 step=1 mask=0 slice=0
[Q LOCK] pattern=3 step=2 mask=0 slice=0
[Q LOCK] pattern=3 step=3 mask=0 slice=0
[Q TRANSIENT] state=0 request=0 progress=0 count=1 stale_discarded=0 apply=0 cancel=0 duration_max_us=0 chunk_max_us=0
[Q PROPOSAL] index=0 start=0 end=65535
[Q HEAP] tag=state internal=173400 free=5386580 largest=4718580
[Q PLAYBACK] triggers=0 reverse=0 gate=0 releases=0 chokes=0 retriggers=0 repeat_accepts=0 repeat_hits=0 chain_loops=0

# HOST STORE 13
[Q COMMAND] STORE 13
[Q HEAP] tag=store_done internal=173400 free=25932268 largest=16777204 payload=4718700
[Q STORE DONE] op=13

# HOST LOAD 0 5
[Q COMMAND] LOAD 0 5
[Q ACK] load=1
[M6 read] bytes=4194304 read_us=7954357 bytes_per_second=527296 original_channels=1 rate=44100 total_psram=33554432
[M6 load] track=0 file_bytes=4194348 pcm_bytes=4194304 load_publish_us=8472095 payload=8560204 transient=4194304 peak_payload=8913004 ps_free=21967340 largest=16777204 internal=173400 display=2304000 fx_delay=352800 reserve=4194304
[M6.1 replacement] retired_clear=1 ps_delta=3964928 status=READY
[M213 address] track=0 pcm=0x4879ce40 base=0x4879ce40 bytes=4194304 frames=2097152 mod64=0 mod128=64 mod256=64 mod4096=3648 mod131072=118336 external=1 requested_caps=1028 free=21967340 largest=16777204

# HOST STORE 8
[Q COMMAND] STORE 8
[M213 address] track=0 pcm=0x4879ce40 base=0x4879ce40 bytes=4194304 frames=2097152 mod64=0 mod128=64 mod256=64 mod4096=3648 mod131072=118336 external=1 requested_caps=1028 free=21967340 largest=16777204
[M213 address] track=1 pcm=0x483b3e08 base=0x483b3e08 bytes=352800 frames=176400 mod64=8 mod128=8 mod256=8 mod4096=3592 mod131072=81416 external=1 requested_caps=1028 free=21967340 largest=16777204
[M213 address] track=2 pcm=0x4840be0c base=0x4840be0c bytes=352800 frames=176400 mod64=12 mod128=12 mod256=12 mod4096=3596 mod131072=48652 external=1 requested_caps=1028 free=21967340 largest=16777204
[M213 address] track=3 pcm=0x48463e10 base=0x48463e10 bytes=44100 frames=22050 mod64=16 mod128=16 mod256=16 mod4096=3600 mod131072=15888 external=1 requested_caps=1028 free=21967340 largest=16777204
[M213 address] track=4 pcm=0x4846ee14 base=0x4846ee14 bytes=352800 frames=176400 mod64=20 mod128=20 mod256=20 mod4096=3604 mod131072=60948 external=1 requested_caps=1028 free=21967340 largest=16777204
[M213 address] track=5 pcm=0x484c6e18 base=0x484c6e18 bytes=352800 frames=176400 mod64=24 mod128=24 mod256=24 mod4096=3608 mod131072=28184 external=1 requested_caps=1028 free=21967340 largest=16777204
[M213 address] track=6 pcm=0x4851ee1c base=0x4851ee1c bytes=352800 frames=176400 mod64=28 mod128=28 mod256=28 mod4096=3612 mod131072=126492 external=1 requested_caps=1028 free=21967340 largest=16777204
[M213 address] track=7 pcm=0x48576e20 base=0x48576e20 bytes=352800 frames=176400 mod64=32 mod128=32 mod256=32 mod4096=3616 mod131072=93728 external=1 requested_caps=1028 free=21967340 largest=16777204
[M213 address] track=8 pcm=0x485cee24 base=0x485cee24 bytes=44100 frames=22050 mod64=36 mod128=36 mod256=36 mod4096=3620 mod131072=60964 external=1 requested_caps=1028 free=21967340 largest=16777204
[M213 address] track=9 pcm=0x485d9e28 base=0x485d9e28 bytes=352800 frames=176400 mod64=40 mod128=40 mod256=40 mod4096=3624 mod131072=106024 external=1 requested_caps=1028 free=21967340 largest=16777204
[M213 address] track=10 pcm=0x48631e2c base=0x48631e2c bytes=352800 frames=176400 mod64=44 mod128=44 mod256=44 mod4096=3628 mod131072=73260 external=1 requested_caps=1028 free=21967340 largest=16777204
[M213 address] track=11 pcm=0x48689e30 base=0x48689e30 bytes=352800 frames=176400 mod64=48 mod128=48 mod256=48 mod4096=3632 mod131072=40496 external=1 requested_caps=1028 free=21967340 largest=16777204
[M213 address] track=12 pcm=0x486e1e34 base=0x486e1e34 bytes=352800 frames=176400 mod64=52 mod128=52 mod256=52 mod4096=3636 mod131072=7732 external=1 requested_caps=1028 free=21967340 largest=16777204
[M213 address] track=13 pcm=0x48739e38 base=0x48739e38 bytes=44100 frames=22050 mod64=56 mod128=56 mod256=56 mod4096=3640 mod131072=106040 external=1 requested_caps=1028 free=21967340 largest=16777204
[M213 address] track=14 pcm=0x48744e3c base=0x48744e3c bytes=352800 frames=176400 mod64=60 mod128=60 mod256=60 mod4096=3644 mod131072=20028 external=1 requested_caps=1028 free=21967340 largest=16777204
[M213 address] track=15 pcm=0x48f37f1c base=0x48f37f1c bytes=352800 frames=176400 mod64=28 mod128=28 mod256=28 mod4096=3868 mod131072=98076 external=1 requested_caps=1028 free=21967340 largest=16777204
[M213 locality] tag=6 order=0 eviction=0 repeats=32 reads=131072 us=10849 max=2087 checksum=3441764352 sweep=0 concurrent_audio=1 cold_proven=0
[M213 locality] tag=6 order=1 eviction=0 repeats=32 reads=131072 us=4205 max=1937 checksum=3441764352 sweep=0 concurrent_audio=1 cold_proven=0
[M213 locality] tag=6 order=2 eviction=0 repeats=32 reads=131072 us=8886 max=2050 checksum=3441764352 sweep=0 concurrent_audio=1 cold_proven=0
[M213 locality] tag=6 order=0 eviction=1 repeats=32 reads=131072 us=18156 max=2428 checksum=3441764352 sweep=524288 concurrent_audio=1 cold_proven=0
[M213 locality] tag=6 order=1 eviction=1 repeats=32 reads=131072 us=4764 max=161 checksum=3441764352 sweep=1048576 concurrent_audio=1 cold_proven=0
[M213 locality] tag=6 order=2 eviction=1 repeats=32 reads=131072 us=16497 max=2390 checksum=3441764352 sweep=1572864 concurrent_audio=1 cold_proven=0
[M213 locality complete] tag=6
[M213 physical] tag=6 complete=1
[Q HEAP] tag=store_done internal=173400 free=21967340 largest=16777204 payload=8560204
[Q STORE DONE] op=8

# HOST SAVE M213_LAYOUT_QUAL
[Q COMMAND] SAVE M213_LAYOUT_QUAL
[Q ACK] save=1

# HOST PROJECT M213_LAYOUT_QUAL
[Q COMMAND] PROJECT M213_LAYOUT_QUAL
[Q ACK] project=1

# HOST STATE
[Q COMMAND] STATE
[Q STATE] bpm=120 swing=50 playing=0 mode=0 chain_length=0 chain_loop=0 project_busy=1 restoring=1 sample_busy=0 project_status=LOADING SAMPLES 1/16 sample_status=SAMPLE READY
[Q TRACK] track=0 source=1 pitch=60 synth_pitch=36 sample_pitch=60 mute=0 solo=0 start=0 end=65535 reverse=0 mode=0 choke=0 cutoff=0 resonance=0 send=127 slices=1 enabled=0 selected=0 frames=0 waveform=5f6c8245 name=
[Q SLICE] track=0 index=0 start=0 end=65535
[Q TRACK] track=1 source=1 pitch=60 synth_pitch=39 sample_pitch=60 mute=0 solo=0 start=0 end=65535 reverse=0 mode=0 choke=0 cutoff=0 resonance=0 send=127 slices=1 enabled=0 selected=0 frames=0 waveform=5f6c8245 name=
[Q SLICE] track=1 index=0 start=0 end=65535
[Q TRACK] track=2 source=1 pitch=60 synth_pitch=42 sample_pitch=60 mute=0 solo=0 start=0 end=65535 reverse=0 mode=0 choke=0 cutoff=0 resonance=0 send=127 slices=1 enabled=0 selected=0 frames=0 waveform=5f6c8245 name=
[Q SLICE] track=2 index=0 start=0 end=65535
[Q TRACK] track=3 source=1 pitch=60 synth_pitch=45 sample_pitch=60 mute=0 solo=0 start=0 end=65535 reverse=0 mode=0 choke=0 cutoff=0 resonance=0 send=127 slices=1 enabled=0 selected=0 frames=0 waveform=5f6c8245 name=
[Q SLICE] track=3 index=0 start=0 end=65535
[Q PATTERN] index=0 length=16 masks=0000,0000,0000
[Q LOCK] pattern=0 step=0 mask=0 slice=0
[Q LOCK] pattern=0 step=1 mask=0 slice=0
[Q LOCK] pattern=0 step=2 mask=0 slice=0
[Q LOCK] pattern=0 step=3 mask=0 slice=0
[Q PATTERN] index=1 length=16 masks=0000,0000,0000
[Q LOCK] pattern=1 step=0 mask=0 slice=0
[Q LOCK] pattern=1 step=1 mask=0 slice=0
[Q LOCK] pattern=1 step=2 mask=0 slice=0
[Q LOCK] pattern=1 step=3 mask=0 slice=0
[Q PATTERN] index=2 length=16 masks=0000,0000,0000
[Q LOCK] pattern=2 step=0 mask=0 slice=0
[Q LOCK] pattern=2 step=1 mask=0 slice=0
[Q LOCK] pattern=2 step=2 mask=0 slice=0
[Q LOCK] pattern=2 step=3 mask=0 slice=0
[Q PATTERN] index=3 length=16 masks=0000,0000,0000
[Q LOCK] pattern=3 step=0 mask=0 slice=0
[Q LOCK] pattern=3 step=1 mask=0 slice=0
[Q LOCK] pattern=3 step=2 mask=0 slice=0
[Q LOCK] pattern=3 step=3 mask=0 slice=0
[Q TRANSIENT] state=0 request=0 progress=0 count=1 stale_discarded=0 apply=0 cancel=0 duration_max_us=0 chunk_max_us=0
[Q PROPOSAL] index=0 start=0 end=65535
[Q HEAP] tag=state internal=192432 free=26427944 largest=26214388
[Q PLAYBACK] triggers=0 reverse=0 gate=0 releases=0 chokes=0 retriggers=0 repeat_accepts=0 repeat_hits=0 chain_loops=0

# HOST STATE
[Q COMMAND] STATE
[Q STATE] bpm=120 swing=50 playing=0 mode=0 chain_length=0 chain_loop=0 project_busy=1 restoring=1 sample_busy=0 project_status=LOADING SAMPLES 1/16 sample_status=SAMPLE READY
[Q TRACK] track=0 source=1 pitch=60 synth_pitch=36 sample_pitch=60 mute=0 solo=0 start=0 end=65535 reverse=0 mode=0 choke=0 cutoff=0 resonance=0 send=127 slices=1 enabled=0 selected=0 frames=0 waveform=5f6c8245 name=
[Q SLICE] track=0 index=0 start=0 end=65535
[Q TRACK] track=1 source=1 pitch=60 synth_pitch=39 sample_pitch=60 mute=0 solo=0 start=0 end=65535 reverse=0 mode=0 choke=0 cutoff=0 resonance=0 send=127 slices=1 enabled=0 selected=0 frames=0 waveform=5f6c8245 name=
[Q SLICE] track=1 index=0 start=0 end=65535
[Q TRACK] track=2 source=1 pitch=60 synth_pitch=42 sample_pitch=60 mute=0 solo=0 start=0 end=65535 reverse=0 mode=0 choke=0 cutoff=0 resonance=0 send=127 slices=1 enabled=0 selected=0 frames=0 waveform=5f6c8245 name=
[Q SLICE] track=2 index=0 start=0 end=65535
[Q TRACK] track=3 source=1 pitch=60 synth_pitch=45 sample_pitch=60 mute=0 solo=0 start=0 end=65535 reverse=0 mode=0 choke=0 cutoff=0 resonance=0 send=127 slices=1 enabled=0 selected=0 frames=0 waveform=5f6c8245 name=
[Q SLICE] track=3 index=0 start=0 end=65535
[Q PATTERN] index=0 length=16 masks=0000,0000,0000
[Q LOCK] pattern=0 step=0 mask=0 slice=0
[Q LOCK] pattern=0 step=1 mask=0 slice=0
[Q LOCK] pattern=0 step=2 mask=0 slice=0
[Q LOCK] pattern=0 step=3 mask=0 slice=0
[Q PATTERN] index=1 length=16 masks=0000,0000,0000
[Q LOCK] pattern=1 step=0 mask=0 slice=0
[Q LOCK] pattern=1 step=1 mask=0 slice=0
[Q LOCK] pattern=1 step=2 mask=0 slice=0
[Q LOCK] pattern=1 step=3 mask=0 slice=0
[Q PATTERN] index=2 length=16 masks=0000,0000,0000
[Q LOCK] pattern=2 step=0 mask=0 slice=0
[Q LOCK] pattern=2 step=1 mask=0 slice=0
[Q LOCK] pattern=2 step=2 mask=0 slice=0
[Q LOCK] pattern=2 step=3 mask=0 slice=0
[Q PATTERN] index=3 length=16 masks=0000,0000,0000
[Q LOCK] pattern=3 step=0 mask=0 slice=0
[Q LOCK] pattern=3 step=1 mask=0 slice=0
[Q LOCK] pattern=3 step=2 mask=0 slice=0
[Q LOCK] pattern=3 step=3 mask=0 slice=0
[Q TRANSIENT] state=0 request=0 progress=0 count=1 stale_discarded=0 apply=0 cancel=0 duration_max_us=0 chunk_max_us=0
[Q PROPOSAL] index=0 start=0 end=65535
[Q HEAP] tag=state internal=192432 free=26427944 largest=26214388
[Q PLAYBACK] triggers=0 reverse=0 gate=0 releases=0 chokes=0 retriggers=0 repeat_accepts=0 repeat_hits=0 chain_loops=0

# HOST STATE
[Q COMMAND] STATE
[Q STATE] bpm=120 swing=50 playing=0 mode=0 chain_length=0 chain_loop=0 project_busy=1 restoring=1 sample_busy=0 project_status=LOADING SAMPLES 1/16 sample_status=SAMPLE READY
[Q TRACK] track=0 source=1 pitch=60 synth_pitch=36 sample_pitch=60 mute=0 solo=0 start=0 end=65535 reverse=0 mode=0 choke=0 cutoff=0 resonance=0 send=127 slices=1 enabled=0 selected=0 frames=0 waveform=5f6c8245 name=
[Q SLICE] track=0 index=0 start=0 end=65535
[Q TRACK] track=1 source=1 pitch=60 synth_pitch=39 sample_pitch=60 mute=0 solo=0 start=0 end=65535 reverse=0 mode=0 choke=0 cutoff=0 resonance=0 send=127 slices=1 enabled=0 selected=0 frames=0 waveform=5f6c8245 name=
[Q SLICE] track=1 index=0 start=0 end=65535
[Q TRACK] track=2 source=1 pitch=60 synth_pitch=42 sample_pitch=60 mute=0 solo=0 start=0 end=65535 reverse=0 mode=0 choke=0 cutoff=0 resonance=0 send=127 slices=1 enabled=0 selected=0 frames=0 waveform=5f6c8245 name=
[Q SLICE] track=2 index=0 start=0 end=65535
[Q TRACK] track=3 source=1 pitch=60 synth_pitch=45 sample_pitch=60 mute=0 solo=0 start=0 end=65535 reverse=0 mode=0 choke=0 cutoff=0 resonance=0 send=127 slices=1 enabled=0 selected=0 frames=0 waveform=5f6c8245 name=
[Q SLICE] track=3 index=0 start=0 end=65535
[Q PATTERN] index=0 length=16 masks=0000,0000,0000
[Q LOCK] pattern=0 step=0 mask=0 slice=0
[Q LOCK] pattern=0 step=1 mask=0 slice=0
[Q LOCK] pattern=0 step=2 mask=0 slice=0
[Q LOCK] pattern=0 step=3 mask=0 slice=0
[Q PATTERN] index=1 length=16 masks=0000,0000,0000
[Q LOCK] pattern=1 step=0 mask=0 slice=0
[Q LOCK] pattern=1 step=1 mask=0 slice=0
[Q LOCK] pattern=1 step=2 mask=0 slice=0
[Q LOCK] pattern=1 step=3 mask=0 slice=0
[Q PATTERN] index=2 length=16 masks=0000,0000,0000
[Q LOCK] pattern=2 step=0 mask=0 slice=0
[Q LOCK] pattern=2 step=1 mask=0 slice=0
[Q LOCK] pattern=2 step=2 mask=0 slice=0
[Q LOCK] pattern=2 step=3 mask=0 slice=0
[Q PATTERN] index=3 length=16 masks=0000,0000,0000
[Q LOCK] pattern=3 step=0 mask=0 slice=0
[Q LOCK] pattern=3 step=1 mask=0 slice=0
[Q LOCK] pattern=3 step=2 mask=0 slice=0
[Q LOCK] pattern=3 step=3 mask=0 slice=0
[Q TRANSIENT] state=0 request=0 progress=0 count=1 stale_discarded=0 apply=0 cancel=0 duration_max_us=0 chunk_max_us=0
[Q PROPOSAL] index=0 start=0 end=65535
[Q HEAP] tag=state internal=192432 free=26427944 largest=26214388
[Q PLAYBACK] triggers=0 reverse=0 gate=0 releases=0 chokes=0 retriggers=0 repeat_accepts=0 repeat_hits=0 chain_loops=0

# HOST STATE
[Q COMMAND] STATE
[Q STATE] bpm=120 swing=50 playing=0 mode=0 chain_length=0 chain_loop=0 project_busy=1 restoring=1 sample_busy=0 project_status=LOADING SAMPLES 1/16 sample_status=SAMPLE READY
[Q TRACK] track=0 source=1 pitch=60 synth_pitch=36 sample_pitch=60 mute=0 solo=0 start=0 end=65535 reverse=0 mode=0 choke=0 cutoff=0 resonance=0 send=127 slices=1 enabled=0 selected=0 frames=0 waveform=5f6c8245 name=
[Q SLICE] track=0 index=0 start=0 end=65535
[Q TRACK] track=1 source=1 pitch=60 synth_pitch=39 sample_pitch=60 mute=0 solo=0 start=0 end=65535 reverse=0 mode=0 choke=0 cutoff=0 resonance=0 send=127 slices=1 enabled=0 selected=0 frames=0 waveform=5f6c8245 name=
[Q SLICE] track=1 index=0 start=0 end=65535
[Q TRACK] track=2 source=1 pitch=60 synth_pitch=42 sample_pitch=60 mute=0 solo=0 start=0 end=65535 reverse=0 mode=0 choke=0 cutoff=0 resonance=0 send=127 slices=1 enabled=0 selected=0 frames=0 waveform=5f6c8245 name=
[Q SLICE] track=2 index=0 start=0 end=65535
[Q TRACK] track=3 source=1 pitch=60 synth_pitch=45 sample_pitch=60 mute=0 solo=0 start=0 end=65535 reverse=0 mode=0 choke=0 cutoff=0 resonance=0 send=127 slices=1 enabled=0 selected=0 frames=0 waveform=5f6c8245 name=
[Q SLICE] track=3 index=0 start=0 end=65535
[Q PATTERN] index=0 length=16 masks=0000,0000,0000
[Q LOCK] pattern=0 step=0 mask=0 slice=0
[Q LOCK] pattern=0 step=1 mask=0 slice=0
[Q LOCK] pattern=0 step=2 mask=0 slice=0
[Q LOCK] pattern=0 step=3 mask=0 slice=0
[Q PATTERN] index=1 length=16 masks=0000,0000,0000
[Q LOCK] pattern=1 step=0 mask=0 slice=0
[Q LOCK] pattern=1 step=1 mask=0 slice=0
[Q LOCK] pattern=1 step=2 mask=0 slice=0
[Q LOCK] pattern=1 step=3 mask=0 slice=0
[Q PATTERN] index=2 length=16 masks=0000,0000,0000
[Q LOCK] pattern=2 step=0 mask=0 slice=0
[Q LOCK] pattern=2 step=1 mask=0 slice=0
[Q LOCK] pattern=2 step=2 mask=0 slice=0
[Q LOCK] pattern=2 step=3 mask=0 slice=0
[Q PATTERN] index=3 length=16 masks=0000,0000,0000
[Q LOCK] pattern=3 step=0 mask=0 slice=0
[Q LOCK] pattern=3 step=1 mask=0 slice=0
[Q LOCK] pattern=3 step=2 mask=0 slice=0
[Q LOCK] pattern=3 step=3 mask=0 slice=0
[Q TRANSIENT] state=0 request=0 progress=0 count=1 stale_discarded=0 apply=0 cancel=0 duration_max_us=0 chunk_max_us=0
[Q PROPOSAL] index=0 start=0 end=65535
[Q HEAP] tag=state internal=191904 free=26427944 largest=26214388
[Q PLAYBACK] triggers=0 reverse=0 gate=0 releases=0 chokes=0 retriggers=0 repeat_accepts=0 repeat_hits=0 chain_loops=0

# HOST STATE
[Q COMMAND] STATE
[Q STATE] bpm=120 swing=50 playing=0 mode=0 chain_length=0 chain_loop=0 project_busy=1 restoring=1 sample_busy=0 project_status=LOADING SAMPLES 1/16 sample_status=SAMPLE READY
[Q TRACK] track=0 source=1 pitch=60 synth_pitch=36 sample_pitch=60 mute=0 solo=0 start=0 end=65535 reverse=0 mode=0 choke=0 cutoff=0 resonance=0 send=127 slices=1 enabled=0 selected=0 frames=0 waveform=5f6c8245 name=
[Q SLICE] track=0 index=0 start=0 end=65535
[Q TRACK] track=1 source=1 pitch=60 synth_pitch=39 sample_pitch=60 mute=0 solo=0 start=0 end=65535 reverse=0 mode=0 choke=0 cutoff=0 resonance=0 send=127 slices=1 enabled=0 selected=0 frames=0 waveform=5f6c8245 name=
[Q SLICE] track=1 index=0 start=0 end=65535
[Q TRACK] track=2 source=1 pitch=60 synth_pitch=42 sample_pitch=60 mute=0 solo=0 start=0 end=65535 reverse=0 mode=0 choke=0 cutoff=0 resonance=0 send=127 slices=1 enabled=0 selected=0 frames=0 waveform=5f6c8245 name=
[Q SLICE] track=2 index=0 start=0 end=65535
[Q TRACK] track=3 source=1 pitch=60 synth_pitch=45 sample_pitch=60 mute=0 solo=0 start=0 end=65535 reverse=0 mode=0 choke=0 cutoff=0 resonance=0 send=127 slices=1 enabled=0 selected=0 frames=0 waveform=5f6c8245 name=
[Q SLICE] track=3 index=0 start=0 end=65535
[Q PATTERN] index=0 length=16 masks=0000,0000,0000
[Q LOCK] pattern=0 step=0 mask=0 slice=0
[Q LOCK] pattern=0 step=1 mask=0 slice=0
[Q LOCK] pattern=0 step=2 mask=0 slice=0
[Q LOCK] pattern=0 step=3 mask=0 slice=0
[Q PATTERN] index=1 length=16 masks=0000,0000,0000
[Q LOCK] pattern=1 step=0 mask=0 slice=0
[Q LOCK] pattern=1 step=1 mask=0 slice=0
[Q LOCK] pattern=1 step=2 mask=0 slice=0
[Q LOCK] pattern=1 step=3 mask=0 slice=0
[Q PATTERN] index=2 length=16 masks=0000,0000,0000
[Q LOCK] pattern=2 step=0 mask=0 slice=0
[Q LOCK] pattern=2 step=1 mask=0 slice=0
[Q LOCK] pattern=2 step=2 mask=0 slice=0
[Q LOCK] pattern=2 step=3 mask=0 slice=0
[Q PATTERN] index=3 length=16 masks=0000,0000,0000
[Q LOCK] pattern=3 step=0 mask=0 slice=0
[Q LOCK] pattern=3 step=1 mask=0 slice=0
[Q LOCK] pattern=3 step=2 mask=0 slice=0
[Q LOCK] pattern=3 step=3 mask=0 slice=0
[Q TRANSIENT] state=0 request=0 progress=0 count=1 stale_discarded=0 apply=0 cancel=0 duration_max_us=0 chunk_max_us=0
[Q PROPOSAL] index=0 start=0 end=65535
[Q HEAP] tag=state internal=192432 free=26427944 largest=26214388
[Q PLAYBACK] triggers=0 reverse=0 gate=0 releases=0 chokes=0 retriggers=0 repeat_accepts=0 repeat_hits=0 chain_loops=0

# HOST STATE
[Q COMMAND] STATE
[Q STATE] bpm=120 swing=50 playing=0 mode=0 chain_length=0 chain_loop=0 project_busy=1 restoring=1 sample_busy=0 project_status=LOADING SAMPLES 1/16 sample_status=SAMPLE READY
[Q TRACK] track=0 source=1 pitch=60 synth_pitch=36 sample_pitch=[M6 read] bytes=4194304 read_us=8020596 bytes_per_second=522941 original_channels=1 rate=44100 total_psram=33554432
[M6 load] track=0 file_bytes=4194348 pcm_bytes=4194304 load_publish_us=8507008 payload=4194304 transient=4194304 peak_payload=4194304 ps_free=26427944 largest=26214388 internal=197244 display=2304000 fx_delay=352800 reserve=4194304
[M6.1 replacement] retired_clear=1 ps_delta=4325380 status=READY
[M213 address] track=0 pcm=0x482abdfc base=0x482abdfc bytes=4194304 frames=2097152 mod64=60 mod128=124 mod256=252 mod4096=3580 mod131072=48636 external=1 requested_caps=1028 free=26427944 largest=26214388
60 mute=0 solo=0 start=0 end=65535 reverse=0 mode=0 choke=0 cutoff=0 resonance=0 send=127 slices=1 enabled=0 selected=0 frames=0 waveform=5f6c8245 name=
[Q SLICE] track=0 index=0 start=0 end=65535
[Q TRACK] track=1 source=1 pitch=60 synth_pitch=39 sample_pitch=60 mute=0 solo=0 start=0 end=65535 reverse=0 mode=0 choke=0 cutoff=0 resonance=0 send=127 slices=1 enabled=0 selected=0 frames=0 waveform=5f6c8245 name=
[Q SLICE] track=1 index=0 start=0 end=65535
[Q TRACK] track=2 source=1 pitch=60 synth_pitch=42 sample_pitch=60 mute=0 solo=0 start=0 end=65535 reverse=0 mode=0 choke=0 cutoff=0 resonance=0 send=127 slices=1 enabled=0 selected=0 frames=0 waveform=5f6c8245 name=
[Q SLICE] track=2 index=0 start=0 end=65535
[Q TRACK] track=3 source=1 pitch=60 synth_pitch=45 sample_pitch=60 mute=0 solo=0 start=0 end=65535 reverse=0 mode=0 choke=0 cutoff=0 resonance=0 send=127 slices=1 enabled=0 selected=0 frames=0 waveform=5f6c8245 name=
[Q SLICE] track=3 index=0 start=0 end=65535
[Q PATTERN] index=0 length=16 masks=0000,0000,0000
[Q LOCK] pattern=0 step=0 mask=0 slice=0
[Q LOCK] pattern=0 step=1 mask=0 slice=0
[Q LOCK] pattern=0 step=2 mask=0 slice=0
[Q LOCK] pattern=0 step=3 mask=0 slice=0
[Q PATTERN] index=1 length=16 masks=0000,0000,0000
[Q LOCK] pattern=1 step=0 mask=0 slice=0
[Q LOCK] pattern=1 step=1 mask=0 slice=0
[Q LOCK] pattern=1 step=2 mask=0 slice=0
[Q LOCK] pattern=1 step=3 mask=0 slice=0
[Q PATTERN] index=2 length=16 masks=0000,0000,0000
[Q LOCK] pattern=2 step=0 mask=0 slice=0
[Q LOCK] pattern=2 step=1 mask=0 slice=0
[Q LOCK] pattern=2 step=2 mask=0 slice=0
[Q LOCK] pattern=2 step=3 mask=0 slice=0
[Q PATTERN] index=3 length=16 masks=0000,0000,0000
[Q LOCK] pattern=3 step=0 mask=0 slice=0
[Q LOCK] pattern=3 step=1 mask=0 slice=0
[Q LOCK] pattern=3 step=2 mask=0 slice=0
[Q LOCK] pattern=3 step=3 mask=0 slice=0
[Q TRANSIENT] state=0 request=0 progress=0 count=1 stale_discarded=0 apply=0 cancel=0 duration_max_us=0 chunk_max_us=0
[Q PROPOSAL] index=0 start=0 end=65535
[Q HEAP] tag=state internal=190300 free=26067492 largest=25690100
[Q PLAYBACK] triggers=0 reverse=0 gate=0 releases=0 chokes=0 retriggers=0 repeat_accepts=0 repeat_hits=0 chain_loops=0
[M6 read] bytes=352800 read_us=774324 bytes_per_second=455623 original_channels=1 rate=44100 total_psram=33554432
[M6 load] track=1 file_bytes=352844 pcm_bytes=352800 load_publish_us=1207105 payload=4547104 transient=352800 peak_payload=4547104 ps_free=26067492 largest=25690100 internal=195640 display=2304000 fx_delay=352800 reserve=4194304
[M6.1 replacement] retired_clear=1 ps_delta=360452 status=READY
[M213 address] track=1 pcm=0x486cbe00 base=0x486cbe00 bytes=352800 frames=176400 mod64=0 mod128=0 mod256=0 mod4096=3584 mod131072=48640 external=1 requested_caps=1028 free=26067492 largest=25690100

# HOST STATE
[Q COMMAND] STATE
[Q STATE] bpm=120 swing=50 playing=0 mode=0 chain_length=0 chain_loop=0 project_busy=1 restoring=1 sample_busy=0 project_status=LOADING SAMPLES 3/16 sample_status=SAMPLE READY
[Q TRACK] track=0 source=1 pitch=60 synth_pitch=36 sample_pitch=60 mute=0 solo=0 start=0 end=65535 reverse=0 mode=0 choke=0 cutoff=0 resonance=0 send=127 slices=1 enabled=0 selected=0 frames=2097152 waveform=0e481651 name=m19p_large.wav
[Q SLICE] track=0 index=0 start=0 end=65535
[Q TRACK] track=1 source=1 pitch=60 synth_pitch=39 sample_pitch=60 mute=0 solo=0 start=0 end=65535 reverse=0 mode=0 choke=0 cutoff=0 resonance=0 send=127 slices=1 enabled=0 selected=0 frames=176400 waveform=0720701a name=m19p_mixed.wav
[Q SLICE] track=1 index=0 start=0 end=65535
[Q TRACK] track=2 source=1 pitch=60 synth_pitch=42 sample_pitch=60 mute=0 solo=0 start=0 end=65535 reverse=0 mode=0 choke=0 cutoff=0 resonance=0 send=127 slices=1 enabled=0 selected=0 frames=0 waveform=5f6c8245 name=
[Q SLICE] track=2 index=0 start=0 end=65535
[Q TRACK] track=3 source=1 pitch=60 synth_pitch=45 sample_pitch=60 mute=0 solo=0 start=0 end=65535 reverse=0 mode=0 choke=0 cutoff=0 resonance=0 send=127 slices=1 enabled=0 selected=0 frames=0 waveform=5f6c8245 name=
[Q SLICE] track=3 index=0 start=0 end=65535
[Q PATTERN] index=0 length=16 masks=0000,0000,0000
[Q LOCK] pattern=0 step=0 mask=0 slice=0
[Q LOCK] pattern=0 step=1 mask=0 slice=0
[Q LOCK] pattern=0 step=2 mask=0 slice=0
[Q LOCK] pattern=0 step=3 mask=0 slice=0
[Q PATTERN] index=1 length=16 masks=0000,0000,0000
[Q LOCK] pattern=1 step=0 mask=0 slice=0
[Q LOCK] pattern=1 step=1 mask=0 slice=0
[Q LOCK] pattern=1 step=2 mask=0 slice=0
[Q LOCK] pattern=1 step=3 mask=0 slice=0
[Q PATTERN] index=2 length=16 masks=0000,0000,0000
[Q LOCK] pattern=2 step=0 mask=0 slice=0
[Q LOCK] pattern=2 step=1 mask=0 slice=0
[Q LOCK] pattern=2 step=2 mask=0 slice=0
[Q LOCK] pattern=2 step=3 mask=0 slice=0
[Q PATTERN] index=3 length=16 masks=0000,0000,0000
[Q LOCK] pattern=3 step=0 mask=0 slice=0
[Q LOCK] pattern=3 step=1 mask=0 slice=0
[Q LOCK] pattern=3 step=2 mask=0 slice=0
[Q LOCK] pattern=3 step=3 mask=0 slice=0
[Q TRANSIENT] state=0 request=0 progress=0 count=1 stale_discarded=0 apply=0 cancel=0 duration_max_us=0 chunk_max_us=0
[Q PROPOSAL] index=0 start=0 end=65535
[Q HEAP] tag=state internal=188696 free=25707040 largest=25690100
[Q PLAYBACK] triggers=0 reverse=0 gate=0 releases=0 chokes=0 retriggers=0 repeat_accepts=0 repeat_hits=0 chain_loops=0
[M6 read] bytes=705600 read_us=1190082 bytes_per_second=592900 original_channels=2 rate=44100 total_psram=33554432
[M6 load] track=2 file_bytes=705644 pcm_bytes=352800 load_publish_us=1627745 payload=4899904 transient=352800 peak_payload=4899904 ps_free=25707040 largest=25690100 internal=194036 display=2304000 fx_delay=352800 reserve=4194304
[M6.1 replacement] retired_clear=1 ps_delta=360452 status=READY
[M213 address] track=2 pcm=0x48723e04 base=0x48723e04 bytes=352800 frames=176400 mod64=4 mod128=4 mod256=4 mod4096=3588 mod131072=15876 external=1 requested_caps=1028 free=25707040 largest=25690100

# HOST STATE
[Q COMMAND] STATE
[Q STATE] bpm=120 swing=50 playing=0 mode=0 chain_length=0 chain_loop=0 project_busy=1 restoring=1 sample_busy=0 project_status=LOADING SAMPLES 4/16 sample_status=SAMPLE READY
[Q TRACK] track=0 source=1 pitch=60 synth_pitch=36 sample_pitch=60 mute=0 solo=0 start=0 end=65535 reverse=0 mode=0 choke=0 cutoff=0 resonance=0 send=127 slices=1 enabled=0 selected=0 frames=2097152 waveform=0e481651 name=m19p_large.wav
[Q SLICE] track=0 index=0 start=0 end=65535
[Q TRACK] track=1 source=1 pitch=60 synth_pitch=39 sample_pitch=60 mute=0 solo=0 start=0 end=65535 reverse=0 mode=0 choke=0 cutoff=0 resonance=0 send=127 slices=1 enabled=0 selected=0 frames=176400 waveform=0720701a name=m19p_mixed.wav
[Q SLICE] track=1 index=0 start=0 end=65535
[Q TRACK] track=2 source=1 pitch=60 synth_pitch=42 sample_pitch=60 mute=0 solo=0 start=0 end=65535 reverse=0 mode=0 choke=0 cutoff=0 resonance=0 send=127 slices=1 enabled=0 selected=0 frames=176400 waveform=595ef306 name=m19p_stereo.wav
[Q SLICE] track=2 index=0 start=0 end=65535
[Q TRACK] track=3 source=1 pitch=60 synth_pitch=45 sample_pitch=60 mute=0 solo=0 start=0 end=65535 reverse=0 mode=0 choke=0 cutoff=0 resonance=0 send=127 slices=1 enabled=0 selected=0 frames=0 waveform=5f6c8245 name=
[Q SLICE] track=3 index=0 start=0 end=65535
[Q PATTERN] index=0 length=16 masks=0000,0000,0000
[Q LOCK] pattern=0 step=0 mask=0 slice=0
[Q LOCK] pattern=0 step=1 mask=0 slice=0
[Q LOCK] pattern=0 step=2 mask=0 slice=0
[Q LOCK] pattern=0 step=3 mask=0 slice=0
[Q PATTERN] index=1 length=16 masks=0000,0000,0000
[M6 read] bytes=44100 read_us=86558 bytes_per_second=509484 original_channels=1 rate=44100 total_psram=33554432
[M6 load] track=3 file_bytes=44144 pcm_bytes=44100 load_publish_us=515135 payload=4944004 transient=44100 peak_payload=4944004 ps_free=25661980 largest=25165812 internal=192432 display=2304000 fx_delay=352800 reserve=4194304
[M6.1 replacement] retired_clear=1 ps_delta=45060 status=READY
[M213 address] track=3 pcm=0x4877be08 base=0x4877be08 bytes=44100 frames=22050 mod64=8 mod128=8 mod256=8 mod4096=3592 mod131072=114184 external=1 requested_caps=1028 free=25661980 largest=25165812
[Q LOCK] pattern=1 step=0 mask=0 slice=0
[Q LOCK] pattern=1 step=1 mask=0 slice=0
[Q LOCK] pattern=1 step=2 mask=0 slice=0
[Q LOCK] pattern=1 step=3 mask=0 slice=0
[Q PATTERN] index=2 length=16 masks=0000,0000,0000
[Q LOCK] pattern=2 step=0 mask=0 slice=0
[Q LOCK] pattern=2 step=1 mask=0 slice=0
[Q LOCK] pattern=2 step=2 mask=0 slice=0
[Q LOCK] pattern=2 step=3 mask=0 slice=0
[Q PATTERN] index=3 length=16 masks=0000,0000,0000
[Q LOCK] pattern=3 step=0 mask=0 slice=0
[Q LOCK] pattern=3 step=1 mask=0 slice=0
[Q LOCK] pattern=3 step=2 mask=0 slice=0
[Q LOCK] pattern=3 step=3 mask=0 slice=0
[Q TRANSIENT] state=0 request=0 progress=0 count=1 stale_discarded=0 apply=0 cancel=0 duration_max_us=0 chunk_max_us=0
[Q PROPOSAL] index=0 start=0 end=65535
[Q HEAP] tag=state internal=186028 free=25301528 largest=25165812
[Q PLAYBACK] triggers=0 reverse=0 gate=0 releases=0 chokes=0 retriggers=0 repeat_accepts=0 repeat_hits=0 chain_loops=0
[M6 read] bytes=352800 read_us=751141 bytes_per_second=469685 original_channels=1 rate=44100 total_psram=33554432
[M6 load] track=4 file_bytes=352844 pcm_bytes=352800 load_publish_us=1183907 payload=5296804 transient=352800 peak_payload=5296804 ps_free=25301528 largest=25165812 internal=190828 display=2304000 fx_delay=352800 reserve=4194304
[M6.1 replacement] retired_clear=1 ps_delta=360452 status=READY
[M213 address] track=4 pcm=0x48786e0c base=0x48786e0c bytes=352800 frames=176400 mod64=12 mod128=12 mod256=12 mod4096=3596 mod131072=28172 external=1 requested_caps=1028 free=25301528 largest=25165812

# HOST STATE
[Q COMMAND] STATE
[Q STATE] bpm=120 swing=50 playing=0 mode=0 chain_length=0 chain_loop=0 project_busy=1 restoring=1 sample_busy=0 project_status=LOADING SAMPLES 6/16 sample_status=SAMPLE READY
[Q TRACK] track=0 source=1 pitch=60 synth_pitch=36 sample_pitch=60 mute=0 solo=0 start=0 end=65535 reverse=0 mode=0 choke=0 cutoff=0 resonance=0 send=127 slices=1 enabled=0 selected=0 frames=2097152 waveform=0e481651 name=m19p_large.wav
[Q SLICE] track=0 index=0 start=0 end=65535
[Q TRACK] track=1 source=1 pitch=60 synth_pitch=39 sample_pitch=60 mute=0 solo=0 start=0 end=65535 reverse=0 mode=0 choke=0 cutoff=0 resonance=0 send=127 slices=1 enabled=0 selected=0 frames=176400 waveform=0720701a name=m19p_mixed.wav
[Q SLICE] track=1 index=0 start=0 end=65535
[Q TRACK] track=2 source=1 pitch=60 synth_pitch=42 sample_pitch=60 mute=0 solo=0 start=0 end=65535 reverse=0 mode=0 choke=0 cutoff=0 resonance=0 send=127 slices=1 enabled=0 selected=0 frames=176400 waveform=595ef306 name=m19p_stereo.wav
[Q SLICE] track=2 index=0 start=0 end=65535
[Q TRACK] track=3 source=1 pitch=60 synth_pitch=45 sample_pitch=60 mute=0 solo=0 start=0 end=65535 reverse=0 mode=0 choke=0 cutoff=0 resonance=0 send=127 slices=1 enabled=0 selected=0 frames=22050 waveform=0ee7dbac name=m19p_oneshot.wav
[Q SLICE] track=3 index=0 start=0 end=65535
[Q PATTERN] index=0 length=16 masks=0000,0000,0000
[Q LOCK] pattern=0 step=0 mask=0 slice=0
[Q LOCK] pattern=0 step=1 mask=0 slice=0
[Q LOCK] pattern=0 step=2 mask=0 slice=0
[Q LOCK] pattern=0 step=3 mask=0 slice=0
[Q PATTERN] index=1 length=16 masks=0000,0000,0000
[Q LOCK] pattern=1 step=0 mask=0 slice=0
[Q LOCK] pattern=1 step=1 mask=0 slice=0
[Q LOCK] pattern=1 step=2 mask=0 slice=0
[Q LOCK] pattern=1 step=3 mask=0 slice=0
[Q PATTERN] index=2 length=16 masks=0000,0000,0000
[Q LOCK] pattern=2 step=0 mask=0 slice=0
[Q LOCK] pattern=2 step=1 mask=0 slice=0
[Q LOCK] pattern=2 step=2 mask=0 slice=0
[Q LOCK] pattern=2 step=3 mask=0 slice=0
[Q PATTERN] index=3 length=16 masks=0000,0000,0000
[Q LOCK] pattern=3 step=0 mask=0 slice=0
[Q LOCK] pattern=3 step=1 mask=0 slice=0
[Q LOCK] pattern=3 step=2 mask=0 slice=0
[Q LOCK] pattern=3 step=3 mask=0 slice=0
[Q TRANSIENT] state=0 request=0 progress=0 count=1 stale_discarded=0 apply=0 cancel=0 duration_max_us=0 chunk_max_us=0
[Q PROPOSAL] index=0 start=0 end=65535
[Q HEAP] tag=state internal=184412 free=24941076 largest=24641524
[Q PLAYBACK] triggers=0 reverse=0 gate=0 releases=0 chokes=0 retriggers=0 repeat_accepts=0 repeat_hits=0 chain_loops=0
[M6 read] bytes=352800 read_us=705383 bytes_per_second=500153 original_channels=1 rate=44100 total_psram=33554432
[M6 load] track=5 file_bytes=352844 pcm_bytes=352800 load_publish_us=1140395 payload=5649604 transient=352800 peak_payload=5649604 ps_free=24941076 largest=24641524 internal=189224 display=2304000 fx_delay=352800 reserve=4194304
[M6.1 replacement] retired_clear=1 ps_delta=360452 status=READY
[M213 address] track=5 pcm=0x487dee10 base=0x487dee10 bytes=352800 frames=176400 mod64=16 mod128=16 mod256=16 mod4096=3600 mod131072=126480 external=1 requested_caps=1028 free=24941076 largest=24641524

# HOST STATE
[Q COMMAND] STATE
[Q STATE] bpm=120 swing=50 playing=0 mode=0 chain_length=0 chain_loop=0 project_busy=1 restoring=1 sample_busy=0 project_status=LOADING SAMPLES 7/16 sample_status=SAMPLE READY
[Q TRACK] track=0 source=1 pitch=60 synth_pitch=36 sample_pitch=60 mute=0 solo=0 start=0 end=65535 reverse=0 mode=0 choke=0 cutoff=0 resonance=0 send=127 slices=1 enabled=0 selected=0 frames=2097152 waveform=0e481651 name=m19p_large.wav
[Q SLICE] track=0 index=0 start=0 end=65535
[Q TRACK] track=1 source=1 pitch=60 synth_pitch=39 sample_pitch=60 mute=0 solo=0 start=0 end=65535 reverse=0 mode=0 choke=0 cutoff=0 resonance=0 send=127 slices=1 enabled=0 selected=0 frames=176400 waveform=0720701a name=m19p_mixed.wav
[Q SLICE] track=1 index=0 start=0 end=65535
[Q TRACK] track=2 source=1 pitch=60 synth_pitch=42 sample_pitch=60 mute=0 solo=0 start=0 end=65535 reverse=0 mode=0 choke=0 cutoff=0 resonance=0 send=127 slices=1 enabled=0 selected=0 frames=176400 waveform=595ef306 name=m19p_stereo.wav
[Q SLICE] track=2 index=0 start=0 end=65535
[Q TRACK] track=3 source=1 pitch=60 synth_pitch=45 sample_pitch=60 mute=0 solo=0 start=0 end=65535 reverse=0 mode=0 choke=0 cutoff=0 resonance=0 send=127 slices=1 enabled=0 selected=0 frames=22050 waveform=0ee7dbac name=m19p_oneshot.wav
[Q SLICE] track=3 index=0 start=0 end=65535
[Q PATTERN] index=0 length=16 masks=0000,0000,0000
[Q LOCK] pattern=0 step=0 mask=0 slice=0
[Q LOCK] pattern=0 step=1 mask=0 slice=0
[Q LOCK] pattern=0 step=2 mask=0 slice=0
[Q LOCK] pattern=0 step=3 mask=0 slice=0
[Q PATTERN] index=1 length=16 masks=0000,0000,0000
[Q LOCK] pattern=1 step=0 mask=0 slice=0
[Q LOCK] pattern=1 step=1 mask=0 slice=0
[Q LOCK] pattern=1 step=2 mask=0 slice=0
[Q LOCK] pattern=1 step=3 mask=0 slice=0
[Q PATTERN] index=2 length=16 masks=0000,0000,0000
[Q LOCK] pattern=2 step=0 mask=0 slice=0
[Q LOCK] pattern=2 step=1 mask=0 slice=0
[Q LOCK] pattern=2 step=2 mask=0 slice=0
[Q LOCK] pattern=2 step=3 mask=0 slice=0
[Q PATTERN] index=3 length=16 masks=0000,0000,0000
[Q LOCK] pattern=3 step=0 mask=0 slice=0
[Q LOCK] pattern=3 step=1 mask=0 slice=0
[Q LOCK] pattern=3 step=2 mask=0 slice=0
[Q LOCK] pattern=3 step=3 mask=0 slice=0
[Q TRANSIENT] state=0 request=0 progress=0 count=1 stale_discarded=0 apply=0 cancel=0 duration_max_us=0 chunk_max_us=0
[Q PROPOSAL] index=0 start=0 end=65535
[Q HEAP] tag=state internal=187620 free=24580624 largest=24117236
[Q PLAYBACK] triggers=0 reverse=0 gate=0 releases=0 chokes=0 retriggers=0 repeat_accepts=0 repeat_hits=0 chain_loops=0
[M6 read] bytes=352800 read_us=713787 bytes_per_second=494265 original_channels=1 rate=44100 total_psram=33554432
[M6 load] track=6 file_bytes=352844 pcm_bytes=352800 load_publish_us=1149489 payload=6002404 transient=352800 peak_payload=6002404 ps_free=24580624 largest=24117236 internal=187620 display=2304000 fx_delay=352800 reserve=4194304
[M6.1 replacement] retired_clear=1 ps_delta=360452 status=READY
[M213 address] track=6 pcm=0x48836e14 base=0x48836e14 bytes=352800 frames=176400 mod64=20 mod128=20 mod256=20 mod4096=3604 mod131072=93716 external=1 requested_caps=1028 free=24580624 largest=24117236

# HOST STATE
[Q COMMAND] STATE
[Q STATE] bpm=120 swing=50 playing=0 mode=0 chain_length=0 chain_loop=0 project_busy=1 restoring=1 sample_busy=0 project_status=LOADING SAMPLES 8/16 sample_status=SAMPLE READY
[Q TRACK] track=0 source=1 pitch=60 synth_pitch=36 sample_pitch=60 mute=0 solo=0 start=0 end=65535 reverse=0 mode=0 choke=0 cutoff=0 resonance=0 send=127 slices=1 enabled=0 selected=0 frames=2097152 waveform=0e481651 name=m19p_large.wav
[Q SLICE] track=0 index=0 start=0 end=65535
[Q TRACK] track=1 source=1 pitch=60 synth_pitch=39 sample_pitch=60 mute=0 solo=0 start=0 end=65535 reverse=0 mode=0 choke=0 cutoff=0 resonance=0 send=127 slices=1 enabled=0 selected=0 frames=176400 waveform=0720701a name=m19p_mixed.wav
[Q SLICE] track=1 index=0 start=0 end=65535
[Q TRACK] track=2 source=1 pitch=60 synth_pitch=42 sample_pitch=60 mute=0 solo=0 start=0 end=65535 reverse=0 mode=0 choke=0 cutoff=0 resonance=0 send=127 slices=1 enabled=0 selected=0 frames=176400 waveform=595ef306 name=m19p_stereo.wav
[Q SLICE] track=2 index=0 start=0 end=65535
[Q TRACK] track=3 source=1 pitch=60 synth_pitch=45 sample_pitch=60 mute=0 solo=0 start=0 end=65535 reverse=0 mode=0 choke=0 cutoff=0 resonance=0 send=127 slices=1 enabled=0 selected=0 frames=22050 waveform=0ee7dbac name=m19p_oneshot.wav
[Q SLICE] track=3 index=0 start=0 end=65535
[Q PATTERN] index=0 length=16 masks=0000,0000,0000
[Q LOCK] pattern=0 step=0 mask=0 slice=0
[Q LOCK] pattern=0 step=1 mask=0 slice=0
[Q LOCK] pattern=0 step=2 mask=0 slice=0
[Q LOCK] pattern=0 step=3 mask=0 slice=0
[Q PATTERN] index=1 length=16 masks=0000,0000,0000
[Q LOCK] pattern=1 step=0 mask=0 slice=0
[Q LOCK] pattern=1 step=1 mask=0 slice=0
[Q LOCK] pattern=1 step=2 mask=0 slice=0
[Q LOCK] pattern=1 step=3 mask=0 slice=0
[Q PATTERN] index=2 length=16 masks=0000,0000,0000
[Q LOCK] pattern=2 step=0 mask=0 slice=0
[Q LOCK] pattern=2 step=1 mask=0 slice=0
[Q LOCK] pattern=2 step=2 mask=0 slice=0
[Q LOCK] pattern=2 step=3 mask=0 slice=0
[Q PATTERN] index=3 length=16 masks=0000,0000,0000
[Q LOCK] pattern=3 step=0 mask=0 slice=0
[Q LOCK] pattern=3 step=1 mask=0 slice=0
[Q LOCK] pattern=3 step=2 mask=0 slice=0
[Q LOCK] pattern=3 step=3 mask=0 slice=0
[Q TRANSIENT] state=0 request=0 progress=0 count=1 stale_discarded=0 apply=0 cancel=0 duration_max_us=0 chunk_max_us=0
[Q PROPOSAL] index=0 start=0 end=65535
[Q HEAP] tag=state internal=186016 free=24220172 largest=24117236
[Q PLAYBACK] triggers=0 reverse=0 gate=0 releases=0 chokes=0 retriggers=0 repeat_accepts=0 repeat_hits=0 chain_loops=0
[M6 read] bytes=705600 read_us=1244585 bytes_per_second=566935 original_channels=2 rate=44100 total_psram=33554432
[M6 load] track=7 file_bytes=705644 pcm_bytes=352800 load_publish_us=1676850 payload=6355204 transient=352800 peak_payload=6355204 ps_free=24220172 largest=24117236 internal=186016 display=2304000 fx_delay=352800 reserve=4194304
[M6.1 replacement] retired_clear=1 ps_delta=360452 status=READY
[M213 address] track=7 pcm=0x4888ee18 base=0x4888ee18 bytes=352800 frames=176400 mod64=24 mod128=24 mod256=24 mod4096=3608 mod131072=60952 external=1 requested_caps=1028 free=24220172 largest=24117236
[M6 read] bytes=44100 read_us=87456 bytes_per_second=504253 original_channels=1 rate=44100 total_psram=33554432
[M6 load] track=8 file_bytes=44144 pcm_bytes=44100 load_publish_us=515866 payload=6399304 transient=44100 peak_payload=6399304 ps_free=24175112 largest=24117236 internal=184412 display=2304000 fx_delay=352800 reserve=4194304
[M6.1 replacement] retired_clear=1 ps_delta=45060 status=READY
[M213 address] track=8 pcm=0x488e6e1c base=0x488e6e1c bytes=44100 frames=22050 mod64=28 mod128=28 mod256=28 mod4096=3612 mod131072=28188 external=1 requested_caps=1028 free=24175112 largest=24117236

# HOST STATE
[Q COMMAND] STATE
[Q STATE] bpm=120 swing=50 playing=0 mode=0 chain_length=0 chain_loop=0 project_busy=1 restoring=1 sample_busy=0 project_status=LOADING SAMPLES 10/16 sample_status=SAMPLE READY
[Q TRACK] track=0 source=1 pitch=60 synth_pitch=36 sample_pitch=60 mute=0 solo=0 start=0 end=65535 reverse=0 mode=0 choke=0 cutoff=0 resonance=0 send=127 slices=1 enabled=0 selected=0 frames=2097152 waveform=0e481651 name=m19p_large.wav
[Q SLICE] track=0 index=0 start=0 end=65535
[Q TRACK] track=1 source=1 pitch=60 synth_pitch=39 sample_pitch=60 mute=0 solo=0 start=0 end=65535 reverse=0 mode=0 choke=0 cutoff=0 resonance=0 send=127 slices=1 enabled=0 selected=0 frames=176400 waveform=0720701a name=m19p_mixed.wav
[Q SLICE] track=1 index=0 start=0 end=65535
[Q TRACK] track=2 source=1 pitch=60 synth_pitch=42 sample_pitch=60 mute=0 solo=0 start=0 end=65535 reverse=0 mode=0 choke=0 cutoff=0 resonance=0 send=127 slices=1 enabled=0 selected=0 frames=176400 waveform=595ef306 name=m19p_stereo.wav
[Q SLICE] track=2 index=0 start=0 end=65535
[Q TRACK] track=3 source=1 pitch=60 synth_pitch=45 sample_pitch=60 mute=0 solo=0 start=0 end=65535 reverse=0 mode=0 choke=0 cutoff=0 resonance=0 send=127 slices=1 enabled=0 selected=0 frames=22050 waveform=0ee7dbac name=m19p_oneshot.wav
[Q SLICE] track=3 index=0 start=0 end=65535
[Q PATTERN] index=0 length=16 masks=0000,0000,0000
[Q LOCK] pattern=0 step=0 mask=0 slice=0
[Q LOCK] pattern=0 step=1 mask=0 slice=0
[Q LOCK] pattern=0 step=2 mask=0 slice=0
[Q LOCK] pattern=0 step=3 mask=0 slice=0
[Q PATTERN] index=1 length=16 masks=0000,0000,0000
[Q LOCK] pattern=1 step=0 mask=0 slice=0
[Q LOCK] pattern=1 step=1 mask=0 slice=0
[Q LOCK] pattern=1 step=2 mask=0 slice=0
[Q LOCK] pattern=1 step=3 mask=0 slice=0
[Q PATTERN] index=2 length=16 masks=0000,0000,0000
[Q LOCK] pattern=2 step=0 mask=0 slice=0
[Q LOCK] pattern=2 step=1 mask=0 slice=0
[Q LOCK] pattern=2 step=2 mask=0 slice=0
[Q LOCK] pattern=2 step=3 mask=0 slice=0
[Q PATTERN] index=3 length=16 masks=0000,0000,0000
[Q LOCK] pattern=3 step=0 mask=0 slice=0
[Q LOCK] pattern=3 step=1 mask=0 slice=0
[Q LOCK] pattern=3 step=2 mask=0 slice=0
[Q LOCK] pattern=3 step=3 mask=0 slice=0
[Q TRANSIENT] state=0 request=0 progress=0 count=1 stale_discarded=0 apply=0 cancel=0 duration_max_us=0 chunk_max_us=0
[Q PROPOSAL] index=0 start=0 end=65535
[Q HEAP] tag=state internal=182808 free=23814660 largest=23592948
[Q PLAYBACK] triggers=0 reverse=0 gate=0 releases=0 chokes=0 retriggers=0 repeat_accepts=0 repeat_hits=0 chain_loops=0
[M6 read] bytes=352800 read_us=687613 bytes_per_second=513079 original_channels=1 rate=44100 total_psram=33554432
[M6 load] track=9 file_bytes=352844 pcm_bytes=352800 load_publish_us=1189445 payload=6752104 transient=352800 peak_payload=6752104 ps_free=23814660 largest=23592948 internal=182808 display=2304000 fx_delay=352800 reserve=4194304
[M6.1 replacement] retired_clear=1 ps_delta=360452 status=READY
[M213 address] track=9 pcm=0x488f1e20 base=0x488f1e20 bytes=352800 frames=176400 mod64=32 mod128=32 mod256=32 mod4096=3616 mod131072=73248 external=1 requested_caps=1028 free=23814660 largest=23592948

# HOST STATE
[Q COMMAND] STATE
[Q STATE] bpm=120 swing=50 playing=0 mode=0 chain_length=0 chain_loop=0 project_busy=1 restoring=1 sample_busy=0 project_status=LOADING SAMPLES 11/16 sample_status=SAMPLE READY
[Q TRACK] track=0 source=1 pitch=60 synth_pitch=36 sample_pitch=60 mute=0 solo=0 start=0 end=65535 reverse=0 mode=0 choke=0 cutoff=0 resonance=0 send=127 slices=1 enabled=0 selected=0 frames=2097152 waveform=0e481651 name=m19p_large.wav
[Q SLICE] track=0 index=0 start=0 end=65535
[Q TRACK] track=1 source=1 pitch=60 synth_pitch=39 sample_pitch=60 mute=0 solo=0 start=0 end=65535 reverse=0 mode=0 choke=0 cutoff=0 resonance=0 send=127 slices=1 enabled=0 selected=0 frames=176400 waveform=0720701a name=m19p_mixed.wav
[Q SLICE] track=1 index=0 start=0 end=65535
[Q TRACK] track=2 source=1 pitch=60 synth_pitch=42 sample_pitch=60 mute=0 solo=0 start=0 end=65535 reverse=0 mode=0 choke=0 cutoff=0 resonance=0 send=127 slices=1 enabled=0 selected=0 frames=176400 waveform=595ef306 name=m19p_stereo.wav
[Q SLICE] track=2 index=0 start=0 end=65535
[Q TRACK] track=3 source=1 pitch=60 synth_pitch=45 sample_pitch=60 mute=0 solo=0 start=0 end=65535 reverse=0 mode=0 choke=0 cutoff=0 resonance=0 send=127 slices=1 enabled=0 selected=0 frames=22050 waveform=0ee7dbac name=m19p_oneshot.wav
[Q SLICE] track=3 index=0 start=0 end=65535
[Q PATTERN] index=0 length=16 masks=0000,0000,0000
[Q LOCK] pattern=0 step=0 mask=0 slice=0
[Q LOCK] pattern=0 step=1 mask=0 slice=0
[Q LOCK] pattern=0 step=2 mask=0 slice=0
[Q LOCK] pattern=0 step=3 mask=0 slice=0
[Q PATTERN] index=1 length=16 masks=0000,0000,0000
[Q LOCK] pattern=1 step=0 mask=0 slice=0
[Q LOCK] pattern=1 step=1 mask=0 slice=0
[Q LOCK] pattern=1 step=2 mask=0 slice=0
[Q LOCK] pattern=1 step=3 mask=0 slice=0
[Q PATTERN] index=2 length=16 masks=0000,0000,0000
[Q LOCK] pattern=2 step=0 mask=0 slice=0
[Q LOCK] pattern=2 step=1 mask=0 slice=0
[Q LOCK] pattern=2 step=2 mask=0 slice=0
[M6 read] bytes=352800 read_us=774685 bytes_per_second=455410 original_channels=1 rate=44100 total_psram=33554432
[Q LOCK] pattern=2 step=3 mask=0[M6 load] track=10 file_bytes=352844 pcm_bytes=352800 load_publish_us=1209722 payload=7104904 transient=352800 peak_payload=7104904 ps_free=23454208 largest=23068660 internal=181204 display=2304000 fx_delay=352800 reserve=4194304
[M6.1 replacement] retired_clear=1 ps_delta=360452 status=READY
[M213 address] track=10 pcm=0x48949e24 base=0x48949e24 bytes=352800 frames=176400 mod64=36 mod128=36 mod256=36 mod4096=3620 mod131072=40484 external=1 requested_caps=1028 free=23454208 largest=23068660
 slice=0
[Q PATTERN] index=3 length=16 masks=0000,0000,0000
[Q LOCK] pattern=3 step=0 mask=0 slice=0
[Q LOCK] pattern=3 step=1 mask=0 slice=0
[Q LOCK] pattern=3 step=2 mask=0 slice=0
[Q LOCK] pattern=3 step=3 mask=0 slice=0
[Q TRANSIENT] state=0 request=0 progress=0 count=1 stale_discarded=0 apply=0 cancel=0 duration_max_us=0 chunk_max_us=0
[Q PROPOSAL] index=0 start=0 end=65535
[Q HEAP] tag=state internal=174260 free=23093756 largest=23068660
[Q PLAYBACK] triggers=0 reverse=0 gate=0 releases=0 chokes=0 retriggers=0 repeat_accepts=0 repeat_hits=0 chain_loops=0
[M6 read] bytes=352800 read_us=770987 bytes_per_second=457595 original_channels=1 rate=44100 total_psram=33554432
[M6 load] track=11 file_bytes=352844 pcm_bytes=352800 load_publish_us=1200903 payload=7457704 transient=352800 peak_payload=7457704 ps_free=23093756 largest=23068660 internal=179600 display=2304000 fx_delay=352800 reserve=4194304
[M6.1 replacement] retired_clear=1 ps_delta=360452 status=READY
[M213 address] track=11 pcm=0x489a1e28 base=0x489a1e28 bytes=352800 frames=176400 mod64=40 mod128=40 mod256=40 mod4096=3624 mod131072=7720 external=1 requested_caps=1028 free=23093756 largest=23068660

# HOST STATE
[Q COMMAND] STATE
[Q STATE] bpm=120 swing=50 playing=0 mode=0 chain_length=0 chain_loop=0 project_busy=1 restoring=1 sample_busy=0 project_status=LOADING SAMPLES 13/16 sample_status=SAMPLE READY
[Q TRACK] track=0 source=1 pitch=60 synth_pitch=36 sample_pitch=60 mute=0 solo=0 start=0 end=65535 reverse=0 mode=0 choke=0 cutoff=0 resonance=0 send=127 slices=1 enabled=0 selected=0 frames=2097152 waveform=0e481651 name=m19p_large.wav
[Q SLICE] track=0 index=0 start=0 end=65535
[Q TRACK] track=1 source=1 pitch=60 synth_pitch=39 sample_pitch=60 mute=0 solo=0 start=0 end=65535 reverse=0 mode=0 choke=0 cutoff=0 resonance=0 send=127 slices=1 enabled=0 selected=0 frames=176400 waveform=0720701a name=m19p_mixed.wav
[Q SLICE] track=1 index=0 start=0 end=65535
[Q TRACK] track=2 source=1 pitch=60 synth_pitch=42 sample_pitch=60 mute=0 solo=0 start=0 end=65535 reverse=0 mode=0 choke=0 cutoff=0 resonance=0 send=127 slices=1 enabled=0 selected=0 frames=176400 waveform=595ef306 name=m19p_stereo.wav
[Q SLICE] track=2 index=0 start=0 end=65535
[Q TRACK] track=3 source=1 pitch=60 synth_pitch=45 sample_pitch=60 mute=0 solo=0 start=0 end=65535 reverse=0 mode=0 choke=0 cutoff=0 resonance=0 send=127 slices=1 enabled=0 selected=0 frames=22050 waveform=0ee7dbac name=m19p_oneshot.wav
[Q SLICE] track=3 index=0 start=0 end=65535
[Q PATTERN] index=0 length=16 masks=0000,0000,0000
[Q LOCK] pattern=0 step=0 mask=0 slice=0
[Q LOCK] pattern=0 step=1 mask=0 slice=0
[Q LOCK] pattern=0 step=2 mask=0 slice=0
[Q LOCK] pattern=0 step=3 mask=0 slice=0
[Q PATTERN] index=1 length=16 masks=0000,0000,0000
[Q LOCK] pattern=1 step=0 mask=0 slice=0
[Q LOCK] pattern=1 step=1 mask=0 slice=0
[Q LOCK] pattern=1 step=2 mask=0 slice=0
[Q LOCK] pattern=1 step=3 mask=0 slice=0
[Q PATTERN] index=2 length=16 masks=0000,0000,0000
[Q LOCK] pattern=2 step=0 mask=0 slice=0
[Q LOCK] pattern=2 step=1 mask=0 slice=0
[Q LOCK] pattern=2 step=2 mask=0 slice=0
[Q LOCK] pattern=2 step=3 mask=0 slice=0
[Q PATTERN] index=3 length=16 masks=0000,0000,0000
[Q LOCK] pattern=3 step=0 mask=0 slice=0
[Q LOCK] pattern=3 step=1 mask=0 slice=0
[Q LOCK] pattern=3 step=2 mask=0 slice=0
[Q LOCK] pattern=3 step=3 mask=0 slice=0
[Q TRANSIENT] state=0 request=0 progress=0 count=1 stale_discarded=0 apply=0 cancel=0 duration_max_us=0 chunk_max_us=0
[Q PROPOSAL] index=0 start=0 end=65535
[Q HEAP] tag=state internal=173184 free=22733304 largest=22544372
[Q PLAYBACK] triggers=0 reverse=0 gate=0 releases=0 chokes=0 retriggers=0 repeat_accepts=0 repeat_hits=0 chain_loops=0
[M6 read] bytes=705600 read_us=1181814 bytes_per_second=597048 original_channels=2 rate=44100 total_psram=33554432
[M6 load] track=12 file_bytes=705644 pcm_bytes=352800 load_publish_us=1619446 payload=7810504 transient=352800 peak_payload=7810504 ps_free=22733304 largest=22544372 internal=177996 display=2304000 fx_delay=352800 reserve=4194304
[M6.1 replacement] retired_clear=1 ps_delta=360452 status=READY
[M213 address] track=12 pcm=0x489f9e2c base=0x489f9e2c bytes=352800 frames=176400 mod64=44 mod128=44 mod256=44 mod4096=3628 mod131072=106028 external=1 requested_caps=1028 free=22733304 largest=22544372

# HOST STATE
[Q COMMAND] STATE
[Q STATE] bpm=120 swing=50 playing=0 mode=0 chain_length=0 chain_loop=0 project_busy=1 restoring=1 sample_busy=0 project_status=LOADING SAMPLES 14/16 sample_status=SAMPLE READY
[Q TRACK] track=0 source=1 pitch=60 synth_pitch=36 sample_pitch=60 mute=0 solo=0 start=0 end=65535 reverse=0 mode=0 choke=0 cutoff=0 resonance=0 send=127 slices=1 enabled=0 selected=0 frames=2097152 waveform=0e481651 name=m19p_large.wav
[Q SLICE] track=0 index=0 start=0 end=65535
[Q TRACK] track=1 source=1 pitch=60 synth_pitch=39 sample_pitch=60 mute=0 solo=0 start=0 end=65535 reverse=0 mode=0 choke=0 cutoff=0 resonance=0 send=127 slices=1 enabled=0 selected=0 frames=176400 waveform=0720701a name=m19p_mixed.wav
[Q SLICE] track=1 index=0 start=0 end=65535
[Q TRACK] track=2 source=1 pitch=60 synth_pitch=42 sample_pitch=60 mute=0 solo=0 start=0 end=65535 reverse=0 mode=0 choke=0 cutoff=0 resonance=0 send=127 slices=1 enabled=0 selected=0 frames=176400 waveform=595ef306 name=m19p_stereo.wav
[Q SLICE] track=2 index=0 start=0 end=65535
[Q TRACK] track=3 source=1 pitch=60 synth_pitch=45 sample_pitch=60 mute=0 solo=0 start=0 end=65535 reverse=0 mode=0 choke=0 cutoff=0 resonance=0 send=127 slices=1 enabled=0 selected=0 frames=22050 waveform=0ee7dbac name=m19p_oneshot.wav
[Q SLICE] track=3 index=0 start=0 end=65535
[Q PATTERN] index=0 length=16 masks=0000,0000,0000
[Q LOCK] pattern=0 step=0 mask=0 slice=0
[Q LOCK] pattern=0 step=1 mask=0 slice=0
[Q LOCK] pattern=0 step=2 mask=0 slice=0
[Q LOCK] pattern=0 step=3 mask=0 slice=0
[Q PATTERN] index=1 length=16 masks=0000,0000,0000
[Q LOCK] pattern=1 step=0 mask=0 slice=0
[Q LOCK] pattern=1 step=1 mask=0 slice=0
[Q LOCK] pattern=1 step=2 mask=0 slice=0
[Q LOCK] pattern=1 step=3 mask=0 slice=0
[Q PATTERN] index=2 length=16 masks=0000,0000,0000
[Q LOCK] pattern=2 step=0 mask=0 slice=0
[Q LOCK] pattern=2 step=1 mask=0 slice=0
[Q LOCK] pattern=2 step=2 mask=0 slice=0
[Q LOCK] pattern=2 step=3 mask=0 slice=0
[Q PATTERN] index=3 length=16 masks=0000,0000,0000
[Q LOCK] pattern=3 step=0 mask=0 slice=0
[Q LOCK] pattern=3 step=1 mask=0 slice=0
[Q LOCK] pattern=3 step=2 mask=0 slice=0
[Q LOCK] pattern=3 step=3 mask=0 slice=0
[Q TRANSIENT] state=0 request=0 progress=0 count=1 stale_discarded=0 apply=0 cancel=0 duration_max_us=0 chunk_max_us=0
[Q PROPOSAL] index=0 start=0 end=65535
[Q HEAP] tag=state internal=176392 free=22688244 largest=22544372
[Q PLAYBACK] triggers=0 reverse=0 gate=0 releases=0 chokes=0 retriggers=0 repeat_accepts=0 repeat_hits=0 chain_loops=0
[M6 read] bytes=44100 read_us=87337 bytes_per_second=504940 original_channels=1 rate=44100 total_psram=33554432
[M6 load] track=13 file_bytes=44144 pcm_bytes=44100 load_publish_us=515954 payload=7854604 transient=44100 peak_payload=7854604 ps_free=22688244 largest=22544372 internal=176392 display=2304000 fx_delay=352800 reserve=4194304
[M6.1 replacement] retired_clear=1 ps_delta=45060 status=READY
[M213 address] track=13 pcm=0x48a51e30 base=0x48a51e30 bytes=44100 frames=22050 mod64=48 mod128=48 mod256=48 mod4096=3632 mod131072=73264 external=1 requested_caps=1028 free=22688244 largest=22544372
[
# HOST STATE
M6 read] bytes=352800 read_us=751155 bytes_per_second=469676 original_channels=1 rate=44100 total_psram=33554432
[M6 load] track=14 file_bytes=352844 pcm_bytes=352800 load_publish_us=1183924 payload=8207404 transient=352800 peak_payload=8207404 ps_free=22327792 largest=22020084 internal=174788 display=2304000 fx_delay=352800 reserve=4194304
[M6.1 replacement] retired_clear=1 ps_delta=360452 status=READY
[M213 address] track=14 pcm=0x48a5ce34 base=0x48a5ce34 bytes=352800 frames=176400 mod64=52 mod128=52 mod256=52 mod4096=3636 mod131072=118324 external=1 requested_caps=1028 free=22327792 largest=22020084
[Q COMMAND] ATE
[Q ACK] invalid=1
[M6 read] bytes=352800 read_us=696665 bytes_per_second=506412 original_channels=1 rate=44100 total_psram=33554432
[M6 load] track=15 file_bytes=352844 pcm_bytes=352800 load_publish_us=1126075 payload=8560204 transient=352800 peak_payload=8560204 ps_free=21967340 largest=21495796 internal=173184 display=2304000 fx_delay=352800 reserve=4194304
[M6.1 replacement] retired_clear=1 ps_delta=360452 status=READY
[M213 address] track=15 pcm=0x48ab4e38 base=0x48ab4e38 bytes=352800 frames=176400 mod64=56 mod128=56 mod256=56 mod4096=3640 mod131072=85560 external=1 requested_caps=1028 free=21967340 largest=21495796
