
# HOST SESSION UTC 2026-10-09T21:48:08.674586+00:00 mode=direct_1

# HOST ESPrun reset
esptool v5.1.0
Serial port COM13:
Connecting...
Connected to ESP32-P4 on COM13:
Chip type:          ESP32-P4 (revision v1.3)
Features:           Dual Core + LP Core, 400MHz
Crystal frequency:  40MHz
USB mode:           USB-Serial/JTAG
MAC:                80:f1:b2:d3:cc:86

Uploading stub flasher...
Running stub flasher...
Stub flasher running.

Warning: ESP32-P4 has no chip ID. Reading MAC address instead.
MAC:                80:f1:b2:d3:cc:86

Hard resetting via RTS pin...
PSRAM PRE DELAY: 31246012
PSRAM POST DELAY: 30885556
[AUDIO] I2C init OK
[AUDIO] ES8311 found at 0x18
[AUDIO] I2S init 44100/16 OK, MCLK=11289600 Hz
[AUDIO] ES8311 playback configured (capture serial port disabled)
[AUDIO] PA GPIO11 enabled
[M6 budget] total=33554432 display=2304000 fx_delay=352800 samples=0 reserve=4194304 free=30779004 largest=30408692 internal=201884
[M6 SD] mounted=1 width=4 clock_khz=20000 mount_us=247467 capacity=8053063680 status=SD READY
[M6 index] files=9 entries=9 limited=0 scan_us=29178 ps_free=30752712 largest=30408692 internal=200248

# HOST INDEX
[Q COMMAND] INDEX
[M213 index] index=0 name=m19p_impulses.wav
[M213 index] index=1 name=m19p_kick.wav
[M213 index] index=2 name=m19p_snare.wav
[M213 index] index=3 name=m19p_mixed.wav
[M213 index] index=4 name=m19p_stereo.wav
[M213 index] index=5 name=m19p_large.wav
[M213 index] index=6 name=m19p_bad_depth.wav
[M213 index] index=7 name=m19p_truncated.wav
[M213 index] index=8 name=m19p_oneshot.wav

# HOST CMD 0 0 0 0 0
[Q COMMAND] CMD 0 0 0 0 0
[Q ACK] sent=1

# HOST LOAD 0 3
[Q COMMAND] LOAD 0 3
[Q ACK] load=1
[M6 read] bytes=352800 read_us=759234 bytes_per_second=464678 original_channels=1 rate=44100 total_psram=33554432
[M6 load] track=0 file_bytes=352844 pcm_bytes=352800 load_publish_us=1267243 payload=352863 transient=352800 peak_payload=352863 ps_free=30392872 largest=29884404 internal=198968 display=2304000 fx_delay=352800 reserve=4194304
[M6.1 replacement] retired_clear=1 ps_delta=360452 status=READY
[M213 address] track=0 pcm=0x482abe00 base=0x482abdfc bytes=352863 owner_usable_bytes=360436 frames=176400 mod64=0 mod128=0 mod256=0 mod4096=3584 mod131072=48640 external=1 requested_caps=1028 free=30392872 largest=29884404

# HOST LOAD 1 3
[Q COMMAND] LOAD 1 3
[Q ACK] load=1
[M6 read] bytes=352800 read_us=757223 bytes_per_second=465912 original_channels=1 rate=44100 total_psram=33554432
[M6 load] track=1 file_bytes=352844 pcm_bytes=352800 load_publish_us=1265231 payload=705790 transient=352800 peak_payload=705790 ps_free=30032420 largest=29884404 internal=197364 display=2304000 fx_delay=352800 reserve=4194304
[M6.1 replacement] retired_clear=1 ps_delta=360452 status=READY
[M213 address] track=1 pcm=0x48303e40 base=0x48303e00 bytes=352927 owner_usable_bytes=360436 frames=176400 mod64=0 mod128=64 mod256=64 mod4096=3648 mod131072=15936 external=1 requested_caps=1028 free=30032420 largest=29884404

# HOST LOAD 2 3
[Q COMMAND] LOAD 2 3
[Q ACK] load=1
[M6 read] bytes=352800 read_us=692702 bytes_per_second=509309 original_channels=1 rate=44100 total_psram=33554432
[M6 load] track=2 file_bytes=352844 pcm_bytes=352800 load_publish_us=1207324 payload=1058781 transient=352800 peak_payload=1058781 ps_free=29671968 largest=29360116 internal=195760 display=2304000 fx_delay=352800 reserve=4194304
[M6.1 replacement] retired_clear=1 ps_delta=360452 status=READY
[M213 address] track=2 pcm=0x4835bec0 base=0x4835be04 bytes=352991 owner_usable_bytes=360436 frames=176400 mod64=0 mod128=64 mod256=192 mod4096=3776 mod131072=114368 external=1 requested_caps=1028 free=29671968 largest=29360116

# HOST LOAD 3 3
[Q COMMAND] LOAD 3 3
[Q ACK] load=1
[M6 read] bytes=352800 read_us=691868 bytes_per_second=509923 original_channels=1 rate=44100 total_psram=33554432
[M6 load] track=3 file_bytes=352844 pcm_bytes=352800 load_publish_us=1205558 payload=1411836 transient=352800 peak_payload=1411836 ps_free=29311516 largest=28835828 internal=194156 display=2304000 fx_delay=352800 reserve=4194304
[M6.1 replacement] retired_clear=1 ps_delta=360452 status=READY
[M213 address] track=3 pcm=0x483b3f00 base=0x483b3e08 bytes=353055 owner_usable_bytes=360436 frames=176400 mod64=0 mod128=0 mod256=0 mod4096=3840 mod131072=81664 external=1 requested_caps=1028 free=29311516 largest=28835828

# HOST LOAD 4 3
[Q COMMAND] LOAD 4 3
[Q ACK] load=1
[M6 read] bytes=352800 read_us=691174 bytes_per_second=510435 original_channels=1 rate=44100 total_psram=33554432
[M6 load] track=4 file_bytes=352844 pcm_bytes=352800 load_publish_us=1228306 payload=1764955 transient=352800 peak_payload=1764955 ps_free=28951064 largest=28835828 internal=192552 display=2304000 fx_delay=352800 reserve=4194304
[M6.1 replacement] retired_clear=1 ps_delta=360452 status=READY
[M213 address] track=4 pcm=0x4840bf40 base=0x4840be0c bytes=353119 owner_usable_bytes=360436 frames=176400 mod64=0 mod128=64 mod256=64 mod4096=3904 mod131072=48960 external=1 requested_caps=1028 free=28951064 largest=28835828

# HOST LOAD 5 3
[Q COMMAND] LOAD 5 3
[Q ACK] load=1
[M6 read] bytes=352800 read_us=691903 bytes_per_second=509898 original_channels=1 rate=44100 total_psram=33554432
[M6 load] track=5 file_bytes=352844 pcm_bytes=352800 load_publish_us=1212913 payload=2118138 transient=352800 peak_payload=2118138 ps_free=28590612 largest=28311540 internal=190948 display=2304000 fx_delay=352800 reserve=4194304
[M6.1 replacement] retired_clear=1 ps_delta=360452 status=READY
[M213 address] track=5 pcm=0x48463f80 base=0x48463e10 bytes=353183 owner_usable_bytes=360436 frames=176400 mod64=0 mod128=0 mod256=128 mod4096=3968 mod131072=16256 external=1 requested_caps=1028 free=28590612 largest=28311540

# HOST LOAD 6 3
[Q COMMAND] LOAD 6 3
[Q ACK] load=1
[M6 read] bytes=352800 read_us=685223 bytes_per_second=514868 original_channels=1 rate=44100 total_psram=33554432
[M6 load] track=6 file_bytes=352844 pcm_bytes=352800 load_publish_us=1204700 payload=2471385 transient=352800 peak_payload=2471385 ps_free=28230160 largest=27787252 internal=189344 display=2304000 fx_delay=352800 reserve=4194304
[M6.1 replacement] retired_clear=1 ps_delta=360452 status=READY
[M213 address] track=6 pcm=0x484bbfc0 base=0x484bbe14 bytes=353247 owner_usable_bytes=360436 frames=176400 mod64=0 mod128=64 mod256=192 mod4096=4032 mod131072=114624 external=1 requested_caps=1028 free=28230160 largest=27787252

# HOST LOAD 7 3
[Q COMMAND] LOAD 7 3
[Q ACK] load=1
[M6 read] bytes=352800 read_us=696493 bytes_per_second=506537 original_channels=1 rate=44100 total_psram=33554432
[M6 load] track=7 file_bytes=352844 pcm_bytes=352800 load_publish_us=1215502 payload=2824696 transient=352800 peak_payload=2824696 ps_free=27869708 largest=27787252 internal=187740 display=2304000 fx_delay=352800 reserve=4194304
[M6.1 replacement] retired_clear=1 ps_delta=360452 status=READY
[M213 address] track=7 pcm=0x48514000 base=0x48513e18 bytes=353311 owner_usable_bytes=360436 frames=176400 mod64=0 mod128=0 mod256=0 mod4096=0 mod131072=81920 external=1 requested_caps=1028 free=27869708 largest=27787252

# HOST LOAD 8 3
[Q COMMAND] LOAD 8 3
[Q ACK] load=1
[M6 read] bytes=352800 read_us=699879 bytes_per_second=504087 original_channels=1 rate=44100 total_psram=33554432
[M6 load] track=8 file_bytes=352844 pcm_bytes=352800 load_publish_us=1216542 payload=3178071 transient=352800 peak_payload=3178071 ps_free=27509256 largest=27262964 internal=186136 display=2304000 fx_delay=352800 reserve=4194304
[M6.1 replacement] retired_clear=1 ps_delta=360452 status=READY
[M213 address] track=8 pcm=0x4856c040 base=0x4856be1c bytes=353375 owner_usable_bytes=360436 frames=176400 mod64=0 mod128=64 mod256=64 mod4096=64 mod131072=49216 external=1 requested_caps=1028 free=27509256 largest=27262964

# HOST LOAD 9 3
[Q COMMAND] LOAD 9 3
[Q ACK] load=1
[M6 read] bytes=352800 read_us=778343 bytes_per_second=453270 original_channels=1 rate=44100 total_psram=33554432
[M6 load] track=9 file_bytes=352844 pcm_bytes=352800 load_publish_us=1295352 payload=3531510 transient=352800 peak_payload=3531510 ps_free=27148804 largest=26738676 internal=184532 display=2304000 fx_delay=352800 reserve=4194304
[M6.1 replacement] retired_clear=1 ps_delta=360452 status=READY
[M213 address] track=9 pcm=0x485c4080 base=0x485c3e20 bytes=353439 owner_usable_bytes=360436 frames=176400 mod64=0 mod128=0 mod256=128 mod4096=128 mod131072=16512 external=1 requested_caps=1028 free=27148804 largest=26738676

# HOST LOAD 10 3
[Q COMMAND] LOAD 10 3
[Q ACK] load=1
[M6 read] bytes=352800 read_us=705808 bytes_per_second=499852 original_channels=1 rate=44100 total_psram=33554432
[M6 load] track=10 file_bytes=352844 pcm_bytes=352800 load_publish_us=1251593 payload=3885013 transient=352800 peak_payload=3885013 ps_free=26788352 largest=26738676 internal=182928 display=2304000 fx_delay=352800 reserve=4194304
[M6.1 replacement] retired_clear=1 ps_delta=360452 status=READY
[M213 address] track=10 pcm=0x4861c0c0 base=0x4861be24 bytes=353503 owner_usable_bytes=360436 frames=176400 mod64=0 mod128=64 mod256=192 mod4096=192 mod131072=114880 external=1 requested_caps=1028 free=26788352 largest=26738676

# HOST LOAD 11 3
[Q COMMAND] LOAD 11 3
[Q ACK] load=1
[M6 read] bytes=352800 read_us=761233 bytes_per_second=463458 original_channels=1 rate=44100 total_psram=33554432
[M6 load] track=11 file_bytes=352844 pcm_bytes=352800 load_publish_us=1311242 payload=4238580 transient=352800 peak_payload=4238580 ps_free=26427900 largest=26214388 internal=181324 display=2304000 fx_delay=352800 reserve=4194304
[M6.1 replacement] retired_clear=1 ps_delta=360452 status=READY
[M213 address] track=11 pcm=0x48674100 base=0x48673e28 bytes=353567 owner_usable_bytes=360436 frames=176400 mod64=0 mod128=0 mod256=0 mod4096=256 mod131072=82176 external=1 requested_caps=1028 free=26427900 largest=26214388

# HOST LOAD 12 3
[Q COMMAND] LOAD 12 3
[Q ACK] load=1
[M6 read] bytes=352800 read_us=699311 bytes_per_second=504496 original_channels=1 rate=44100 total_psram=33554432
[M6 load] track=12 file_bytes=352844 pcm_bytes=352800 load_publish_us=1219716 payload=4592211 transient=352800 peak_payload=4592211 ps_free=26067448 largest=25690100 internal=179720 display=2304000 fx_delay=352800 reserve=4194304
[M6.1 replacement] retired_clear=1 ps_delta=360452 status=READY
[M213 address] track=12 pcm=0x486cc140 base=0x486cbe2c bytes=353631 owner_usable_bytes=360436 frames=176400 mod64=0 mod128=64 mod256=64 mod4096=320 mod131072=49472 external=1 requested_caps=1028 free=26067448 largest=25690100

# HOST LOAD 13 3
[Q COMMAND] LOAD 13 3
[Q ACK] load=1
[M6 read] bytes=352800 read_us=701538 bytes_per_second=502895 original_channels=1 rate=44100 total_psram=33554432
[M6 load] track=13 file_bytes=352844 pcm_bytes=352800 load_publish_us=1247314 payload=4945906 transient=352800 peak_payload=4945906 ps_free=25706996 largest=25690100 internal=178116 display=2304000 fx_delay=352800 reserve=4194304
[M6.1 replacement] retired_clear=1 ps_delta=360452 status=READY
[M213 address] track=13 pcm=0x48724180 base=0x48723e30 bytes=353695 owner_usable_bytes=360436 frames=176400 mod64=0 mod128=0 mod256=128 mod4096=384 mod131072=16768 external=1 requested_caps=1028 free=25706996 largest=25690100

# HOST LOAD 14 3
[Q COMMAND] LOAD 14 3
[Q ACK] load=1
[M6 read] bytes=352800 read_us=764228 bytes_per_second=461642 original_channels=1 rate=44100 total_psram=33554432
[M6 load] track=14 file_bytes=352844 pcm_bytes=352800 load_publish_us=1309764 payload=5299665 transient=352800 peak_payload=5299665 ps_free=25346544 largest=25165812 internal=176512 display=2304000 fx_delay=352800 reserve=4194304
[M6.1 replacement] retired_clear=1 ps_delta=360452 status=READY
[M213 address] track=14 pcm=0x4877c1c0 base=0x4877be34 bytes=353759 owner_usable_bytes=360436 frames=176400 mod64=0 mod128=64 mod256=192 mod4096=448 mod131072=115136 external=1 requested_caps=1028 free=25346544 largest=25165812

# HOST LOAD 15 3
[Q COMMAND] LOAD 15 3
[Q ACK] load=1
[M6 read] bytes=352800 read_us=776173 bytes_per_second=454537 original_channels=1 rate=44100 total_psram=33554432
[M6 load] track=15 file_bytes=352844 pcm_bytes=352800 load_publish_us=1294181 payload=5653488 transient=352800 peak_payload=5653488 ps_free=24986092 largest=24641524 internal=174908 display=2304000 fx_delay=352800 reserve=4194304
[M6.1 replacement] retired_clear=1 ps_delta=360452 status=READY
[M213 address] track=15 pcm=0x487d4200 base=0x487d3e38 bytes=353823 owner_usable_bytes=360436 frames=176400 mod64=0 mod128=0 mod256=0 mod4096=512 mod131072=82432 external=1 requested_caps=1028 free=24986092 largest=24641524

# HOST STORE 8
[Q COMMAND] STORE 8
[M213 address] track=0 pcm=0x482abe00 base=0x482abdfc bytes=352863 owner_usable_bytes=360436 frames=176400 mod64=0 mod128=0 mod256=0 mod4096=3584 mod131072=48640 external=1 requested_caps=1028 free=24986092 largest=24641524
[M213 address] track=1 pcm=0x48303e40 base=0x48303e00 bytes=352927 owner_usable_bytes=360436 frames=176400 mod64=0 mod128=64 mod256=64 mod4096=3648 mod131072=15936 external=1 requested_caps=1028 free=24986092 largest=24641524
[M213 address] track=2 pcm=0x4835bec0 base=0x4835be04 bytes=352991 owner_usable_bytes=360436 frames=176400 mod64=0 mod128=64 mod256=192 mod4096=3776 mod131072=114368 external=1 requested_caps=1028 free=24986092 largest=24641524
[M213 address] track=3 pcm=0x483b3f00 base=0x483b3e08 bytes=353055 owner_usable_bytes=360436 frames=176400 mod64=0 mod128=0 mod256=0 mod4096=3840 mod131072=81664 external=1 requested_caps=1028 free=24986092 largest=24641524
[M213 address] track=4 pcm=0x4840bf40 base=0x4840be0c bytes=353119 owner_usable_bytes=360436 frames=176400 mod64=0 mod128=64 mod256=64 mod4096=3904 mod131072=48960 external=1 requested_caps=1028 free=24986092 largest=24641524
[M213 address] track=5 pcm=0x48463f80 base=0x48463e10 bytes=353183 owner_usable_bytes=360436 frames=176400 mod64=0 mod128=0 mod256=128 mod4096=3968 mod131072=16256 external=1 requested_caps=1028 free=24986092 largest=24641524
[M213 address] track=6 pcm=0x484bbfc0 base=0x484bbe14 bytes=353247 owner_usable_bytes=360436 frames=176400 mod64=0 mod128=64 mod256=192 mod4096=4032 mod131072=114624 external=1 requested_caps=1028 free=24986092 largest=24641524
[M213 address] track=7 pcm=0x48514000 base=0x48513e18 bytes=353311 owner_usable_bytes=360436 frames=176400 mod64=0 mod128=0 mod256=0 mod4096=0 mod131072=81920 external=1 requested_caps=1028 free=24986092 largest=24641524
[M213 address] track=8 pcm=0x4856c040 base=0x4856be1c bytes=353375 owner_usable_bytes=360436 frames=176400 mod64=0 mod128=64 mod256=64 mod4096=64 mod131072=49216 external=1 requested_caps=1028 free=24986092 largest=24641524
[M213 address] track=9 pcm=0x485c4080 base=0x485c3e20 bytes=353439 owner_usable_bytes=360436 frames=176400 mod64=0 mod128=0 mod256=128 mod4096=128 mod131072=16512 external=1 requested_caps=1028 free=24986092 largest=24641524
[M213 address] track=10 pcm=0x4861c0c0 base=0x4861be24 bytes=353503 owner_usable_bytes=360436 frames=176400 mod64=0 mod128=64 mod256=192 mod4096=192 mod131072=114880 external=1 requested_caps=1028 free=24986092 largest=24641524
[M213 address] track=11 pcm=0x48674100 base=0x48673e28 bytes=353567 owner_usable_bytes=360436 frames=176400 mod64=0 mod128=0 mod256=0 mod4096=256 mod131072=82176 external=1 requested_caps=1028 free=24986092 largest=24641524
[M213 address] track=12 pcm=0x486cc140 base=0x486cbe2c bytes=353631 owner_usable_bytes=360436 frames=176400 mod64=0 mod128=64 mod256=64 mod4096=320 mod131072=49472 external=1 requested_caps=1028 free=24986092 largest=24641524
[M213 address] track=13 pcm=0x48724180 base=0x48723e30 bytes=353695 owner_usable_bytes=360436 frames=176400 mod64=0 mod128=0 mod256=128 mod4096=384 mod131072=16768 external=1 requested_caps=1028 free=24986092 largest=24641524
[M213 address] track=14 pcm=0x4877c1c0 base=0x4877be34 bytes=353759 owner_usable_bytes=360436 frames=176400 mod64=0 mod128=64 mod256=192 mod4096=448 mod131072=115136 external=1 requested_caps=1028 free=24986092 largest=24641524
[M213 address] track=15 pcm=0x487d4200 base=0x487d3e38 bytes=353823 owner_usable_bytes=360436 frames=176400 mod64=0 mod128=0 mod256=0 mod4096=512 mod131072=82432 external=1 requested_caps=1028 free=24986092 largest=24641524
[M213 locality] tag=1 order=0 eviction=0 repeats=32 reads=131072 us=6233 max=1982 checksum=14336000 sweep=0 concurrent_audio=1 cold_proven=0
[M213 locality] tag=1 order=1 eviction=0 repeats=32 reads=131072 us=2401 max=107 checksum=14336000 sweep=0 concurrent_audio=1 cold_proven=0
[M213 locality] tag=1 order=2 eviction=0 repeats=32 reads=131072 us=6978 max=2007 checksum=14336000 sweep=0 concurrent_audio=1 cold_proven=0
[M213 locality] tag=1 order=0 eviction=1 repeats=32 reads=131072 us=12643 max=2385 checksum=14336000 sweep=524288 concurrent_audio=1 cold_proven=0
[M213 locality] tag=1 order=1 eviction=1 repeats=32 reads=131072 us=8719 max=2201 checksum=14336000 sweep=1048576 concurrent_audio=1 cold_proven=0
[M213 locality] tag=1 order=2 eviction=1 repeats=32 reads=131072 us=20294 max=2420 checksum=14336000 sweep=1572864 concurrent_audio=1 cold_proven=0
[M213 locality complete] tag=1
[M213 physical] tag=1 complete=1
[Q HEAP] tag=store_done internal=174908 free=24986092 largest=24641524 payload=5653488
[Q STORE DONE] op=8

# HOST LOAD 15 1
[Q COMMAND] LOAD 15 1
[Q ACK] load=1
[M6 read] bytes=352800 read_us=751712 bytes_per_second=469328 original_channels=1 rate=44100 total_psram=33554432
[M6 load] track=15 file_bytes=352844 pcm_bytes=352800 load_publish_us=1300336 payload=5653488 transient=352800 peak_payload=6007311 ps_free=24986092 largest=24117236 internal=174908 display=2304000 fx_delay=352800 reserve=4194304
[M6.1 replacement] retired_clear=1 ps_delta=0 status=READY
[M213 address] track=15 pcm=0x4882c200 base=0x4882be3c bytes=353823 owner_usable_bytes=360436 frames=176400 mod64=0 mod128=0 mod256=0 mod4096=512 mod131072=49664 external=1 requested_caps=1028 free=24986092 largest=24117236

# HOST LOAD 14 3
[Q COMMAND] LOAD 14 3
[Q ACK] load=1
[M6 read] bytes=352800 read_us=771911 bytes_per_second=457047 original_channels=1 rate=44100 total_psram=33554432
[M6 load] track=14 file_bytes=352844 pcm_bytes=352800 load_publish_us=1291780 payload=5653488 transient=352800 peak_payload=6007247 ps_free=24986092 largest=24117236 internal=174908 display=2304000 fx_delay=352800 reserve=4194304
[M6.1 replacement] retired_clear=1 ps_delta=0 status=READY
[M213 address] track=14 pcm=0x487d41c0 base=0x487d3e38 bytes=353759 owner_usable_bytes=360436 frames=176400 mod64=0 mod128=64 mod256=192 mod4096=448 mod131072=82368 external=1 requested_caps=1028 free=24986092 largest=24117236

# HOST LOAD 13 1
[Q COMMAND] LOAD 13 1
[Q ACK] load=1
[M6 read] bytes=352800 read_us=679787 bytes_per_second=518986 original_channels=1 rate=44100 total_psram=33554432
[M6 load] track=13 file_bytes=352844 pcm_bytes=352800 load_publish_us=1200796 payload=5653488 transient=352800 peak_payload=6007183 ps_free=24986092 largest=24117236 internal=174908 display=2304000 fx_delay=352800 reserve=4194304
[M6.1 replacement] retired_clear=1 ps_delta=0 status=READY
[M213 address] track=13 pcm=0x4877c180 base=0x4877be34 bytes=353695 owner_usable_bytes=360436 frames=176400 mod64=0 mod128=0 mod256=128 mod4096=384 mod131072=115072 external=1 requested_caps=1028 free=24986092 largest=24117236

# HOST LOAD 12 3
[Q COMMAND] LOAD 12 3
[Q ACK] load=1
[M6 read] bytes=352800 read_us=688164 bytes_per_second=512668 original_channels=1 rate=44100 total_psram=33554432
[M6 load] track=12 file_bytes=352844 pcm_bytes=352800 load_publish_us=1202296 payload=5653488 transient=352800 peak_payload=6007119 ps_free=24986092 largest=24117236 internal=174908 display=2304000 fx_delay=352800 reserve=4194304
[M6.1 replacement] retired_clear=1 ps_delta=0 status=READY
[M213 address] track=12 pcm=0x48724140 base=0x48723e30 bytes=353631 owner_usable_bytes=360436 frames=176400 mod64=0 mod128=64 mod256=64 mod4096=320 mod131072=16704 external=1 requested_caps=1028 free=24986092 largest=24117236

# HOST LOAD 11 1
[Q COMMAND] LOAD 11 1
[Q ACK] load=1
[M6 read] bytes=352800 read_us=682784 bytes_per_second=516708 original_channels=1 rate=44100 total_psram=33554432
[M6 load] track=11 file_bytes=352844 pcm_bytes=352800 load_publish_us=1228572 payload=5653488 transient=352800 peak_payload=6007055 ps_free=24986092 largest=24117236 internal=174908 display=2304000 fx_delay=352800 reserve=4194304
[M6.1 replacement] retired_clear=1 ps_delta=0 status=READY
[M213 address] track=11 pcm=0x486cc100 base=0x486cbe2c bytes=353567 owner_usable_bytes=360436 frames=176400 mod64=0 mod128=0 mod256=0 mod4096=256 mod131072=49408 external=1 requested_caps=1028 free=24986092 largest=24117236

# HOST LOAD 10 3
[Q COMMAND] LOAD 10 3
[Q ACK] load=1
[M6 read] bytes=352800 read_us=705071 bytes_per_second=500375 original_channels=1 rate=44100 total_psram=33554432
[M6 load] track=10 file_bytes=352844 pcm_bytes=352800 load_publish_us=1221616 payload=5653488 transient=352800 peak_payload=6006991 ps_free=24986092 largest=24117236 internal=174908 display=2304000 fx_delay=352800 reserve=4194304
[M6.1 replacement] retired_clear=1 ps_delta=0 status=READY
[M213 address] track=10 pcm=0x486740c0 base=0x48673e28 bytes=353503 owner_usable_bytes=360436 frames=176400 mod64=0 mod128=64 mod256=192 mod4096=192 mod131072=82112 external=1 requested_caps=1028 free=24986092 largest=24117236

# HOST LOAD 9 1
[Q COMMAND] LOAD 9 1
[Q ACK] load=1
[M6 read] bytes=352800 read_us=668151 bytes_per_second=528024 original_channels=1 rate=44100 total_psram=33554432
[M6 load] track=9 file_bytes=352844 pcm_bytes=352800 load_publish_us=1185161 payload=5653488 transient=352800 peak_payload=6006927 ps_free=24986092 largest=24117236 internal=174908 display=2304000 fx_delay=352800 reserve=4194304
[M6.1 replacement] retired_clear=1 ps_delta=0 status=READY
[M213 address] track=9 pcm=0x4861c080 base=0x4861be24 bytes=353439 owner_usable_bytes=360436 frames=176400 mod64=0 mod128=0 mod256=128 mod4096=128 mod131072=114816 external=1 requested_caps=1028 free=24986092 largest=24117236

# HOST LOAD 8 3
[Q COMMAND] LOAD 8 3
[Q ACK] load=1
[M6 read] bytes=352800 read_us=778088 bytes_per_second=453419 original_channels=1 rate=44100 total_psram=33554432
[M6 load] track=8 file_bytes=352844 pcm_bytes=352800 load_publish_us=1292234 payload=5653488 transient=352800 peak_payload=6006863 ps_free=24986092 largest=24117236 internal=174908 display=2304000 fx_delay=352800 reserve=4194304
[M6.1 replacement] retired_clear=1 ps_delta=0 status=READY
[M213 address] track=8 pcm=0x485c4040 base=0x485c3e20 bytes=353375 owner_usable_bytes=360436 frames=176400 mod64=0 mod128=64 mod256=64 mod4096=64 mod131072=16448 external=1 requested_caps=1028 free=24986092 largest=24117236

# HOST LOAD 7 1
[Q COMMAND] LOAD 7 1
[Q ACK] load=1
[M6 read] bytes=352800 read_us=679115 bytes_per_second=519499 original_channels=1 rate=44100 total_psram=33554432
[M6 load] track=7 file_bytes=352844 pcm_bytes=352800 load_publish_us=1198721 payload=5653488 transient=352800 peak_payload=6006799 ps_free=24986092 largest=24117236 internal=174908 display=2304000 fx_delay=352800 reserve=4194304
[M6.1 replacement] retired_clear=1 ps_delta=0 status=READY
[M213 address] track=7 pcm=0x4856c000 base=0x4856be1c bytes=353311 owner_usable_bytes=360436 frames=176400 mod64=0 mod128=0 mod256=0 mod4096=0 mod131072=49152 external=1 requested_caps=1028 free=24986092 largest=24117236

# HOST LOAD 6 3
[Q COMMAND] LOAD 6 3
[Q ACK] load=1
[M6 read] bytes=352800 read_us=777731 bytes_per_second=453627 original_channels=1 rate=44100 total_psram=33554432
[M6 load] track=6 file_bytes=352844 pcm_bytes=352800 load_publish_us=1292094 payload=5653488 transient=352800 peak_payload=6006735 ps_free=24986092 largest=24117236 internal=174908 display=2304000 fx_delay=352800 reserve=4194304
[M6.1 replacement] retired_clear=1 ps_delta=0 status=READY
[M213 address] track=6 pcm=0x48513fc0 base=0x48513e18 bytes=353247 owner_usable_bytes=360436 frames=176400 mod64=0 mod128=64 mod256=192 mod4096=4032 mod131072=81856 external=1 requested_caps=1028 free=24986092 largest=24117236

# HOST LOAD 5 1
[Q COMMAND] LOAD 5 1
[Q ACK] load=1
[M6 read] bytes=352800 read_us=757430 bytes_per_second=465785 original_channels=1 rate=44100 total_psram=33554432
[M6 load] track=5 file_bytes=352844 pcm_bytes=352800 load_publish_us=1271159 payload=5653488 transient=352800 peak_payload=6006671 ps_free=24986092 largest=24117236 internal=174908 display=2304000 fx_delay=352800 reserve=4194304
[M6.1 replacement] retired_clear=1 ps_delta=0 status=READY
[M213 address] track=5 pcm=0x484bbf80 base=0x484bbe14 bytes=353183 owner_usable_bytes=360436 frames=176400 mod64=0 mod128=0 mod256=128 mod4096=3968 mod131072=114560 external=1 requested_caps=1028 free=24986092 largest=24117236

# HOST LOAD 4 3
[Q COMMAND] LOAD 4 3
[Q ACK] load=1
[M6 read] bytes=352800 read_us=766364 bytes_per_second=460355 original_channels=1 rate=44100 total_psram=33554432
[M6 load] track=4 file_bytes=352844 pcm_bytes=352800 load_publish_us=1317702 payload=5653488 transient=352800 peak_payload=6006607 ps_free=24986092 largest=24117236 internal=174908 display=2304000 fx_delay=352800 reserve=4194304
[M6.1 replacement] retired_clear=1 ps_delta=0 status=READY
[M213 address] track=4 pcm=0x48463f40 base=0x48463e10 bytes=353119 owner_usable_bytes=360436 frames=176400 mod64=0 mod128=64 mod256=64 mod4096=3904 mod131072=16192 external=1 requested_caps=1028 free=24986092 largest=24117236

# HOST LOAD 3 1
[Q COMMAND] LOAD 3 1
[Q ACK] load=1
[M6 read] bytes=352800 read_us=684669 bytes_per_second=515285 original_channels=1 rate=44100 total_psram=33554432
[M6 load] track=3 file_bytes=352844 pcm_bytes=352800 load_publish_us=1205677 payload=5653488 transient=352800 peak_payload=6006543 ps_free=24986092 largest=24117236 internal=174908 display=2304000 fx_delay=352800 reserve=4194304
[M6.1 replacement] retired_clear=1 ps_delta=0 status=READY
[M213 address] track=3 pcm=0x4840bf00 base=0x4840be0c bytes=353055 owner_usable_bytes=360436 frames=176400 mod64=0 mod128=0 mod256=0 mod4096=3840 mod131072=48896 external=1 requested_caps=1028 free=24986092 largest=24117236

# HOST LOAD 2 3
[Q COMMAND] LOAD 2 3
[Q ACK] load=1
[M6 read] bytes=352800 read_us=698937 bytes_per_second=504766 original_channels=1 rate=44100 total_psram=33554432
[M6 load] track=2 file_bytes=352844 pcm_bytes=352800 load_publish_us=1218662 payload=5653488 transient=352800 peak_payload=6006479 ps_free=24986092 largest=24117236 internal=174908 display=2304000 fx_delay=352800 reserve=4194304
[M6.1 replacement] retired_clear=1 ps_delta=0 status=READY
[M213 address] track=2 pcm=0x483b3ec0 base=0x483b3e08 bytes=352991 owner_usable_bytes=360436 frames=176400 mod64=0 mod128=64 mod256=192 mod4096=3776 mod131072=81600 external=1 requested_caps=1028 free=24986092 largest=24117236

# HOST LOAD 1 1
[Q COMMAND] LOAD 1 1
[Q ACK] load=1
[M5] blocks=10337 p50=1770 p95=1894 p99=1919 max=1983 misses=0 failures=0 timeouts=0 peak=0 nonzero=0 rails=0 active_min=0 active_max=0
[M8 groove] parents=0 passed=0 skipped=0 ratchets=0 pending_max=0 velocity_min=127 velocity_max=0 swing_changes=0
[MEM] M8 after 60s PSRAM total=33554432 free=24986092 largest=24117236 internal_free=174908
[M10 locks] locked=0 unlocked=0 pitch=0 volume=0 pan=0 wave=0 pattern_bytes=3106 bank_bytes=49696 engine_bytes=52616
[M11 tone] cutoff=0 resonance=0 send=0 cutoff_min=127 cutoff_max=0 resonance_min=127 resonance_max=0 send_min=127 send_max=0 blocks=0 max=0 dense=0 dense_max=0
[M12 locks] cutoff=0 resonance=0 send=0 coefficients=0 avoided=30 send_changes=0 coefficient_blocks=0 coefficient_max=0 edit_blocks=0 edit_max=0 commands=0 step_bytes=9 event_bytes=20 voice_bytes=384 idle_residue=0
[M6 read] bytes=352800 read_us=686654 bytes_per_second=513795 original_channels=1 rate=44100 total_psram=33554432
[M17 chain] starts=0 advances=0 repeats=0 loops=0 stops=0 switches=0 min_length=16 max_length=0 boundary_max=0 seen=0 entry_bytes=2 chain_bytes=66 engine_bytes=52616
[M18 performance] override_requests=0 override_accepts=0 override_loops=0 override_cancels=0 returns=0 fill_requests=0 fill_accepts=0 fill_completions=0 fill_to_override=0 fill_to_arrangement=0 mute_edits=0 solo_edits=0 boundaries=0 boundary_max=0 state_bytes=352 engine_bytes=52616 publication_bytes=24
[M181 repeat] requests=0 accepts=0 cancelled=0 x2_windows=0 x4_windows=0 x8_windows=0 hits=0 x8_hits=0 changes=0 releases=0 empty=0 captured_max=0 suppressed=0 worst=0 capture_bytes=324 repeat_bytes=336
[M181 x8] blocks=0 worst=0 active_min=0 active_max=0 coefficients=0 avoided=0 chokes=0 full_blocks=0
[M181 runtime] requested=0 active=0 count=0 ui_presses=0 ui_releases=0 ui_edits=0
[M18 runtime] override_target=0 override_active=0 fill_pending=0 fill_active=0 return_pattern=0 return_end=0 mutes=0 solos=0 ui_bytes=116
[M6 load] track=1 file_bytes=352844 pcm_bytes=352800 load_publish_us=1223437 payload=5653488 transient=352800 peak_payload=6006415 ps_free=24986092 largest=24117236 internal=174908 display=2304000 fx_delay=352800 reserve=4194304
[M19 analysis] requests=0 completed=0 cancelled=0 stale_discarded=0 frames=0 candidates=0 selected=0 proposals=0 apply=0 cancel=0 min_count=0 max_count=0 sensitivity=0 target=0 duration_max_us=0 chunk_max_us=0
[M19 overlap] blocks=0 worst=0 misses=0 x8_blocks=0 ui_interval_max_us=0 detector_bytes=616 candidate_bytes=512 proposal_bytes=84 status_bytes=100 storage_stack=7000 stack_free_min=0
[M18 UI] entries=0 pads=0 fills=0 toggles=0 switches=0
[M6.1 replacement] retired_clear=1 ps_delta=0 status=READY
[M17 UI] entries=0 edits=0 rows=0 scrolls=0
[M213 address] track=1 pcm=0x4835be80 base=0x4835be04 bytes=352927 owner_usable_bytes=360436 frames=176400 mod64=0 mod128=0 mod256=128 mod4096=3712 mod131072=114304 external=1 requested_caps=1028 free=24986092 largest=24117236
[M16 project] state_bytes=53192 file_bytes=52704 snapshot_blocks=0 snapshot_max=0 apply_blocks=0 apply_max=0 fixtures=0 fixture_errors=0 dirty=1 physical_pending=1
[M13 dense] blocks=2068 active_min=0
[M13 playback] triggers=0 reverse=0 gate=0 releases=0 ends=0 choke_ops=0 choked=0 retriggers=0 region_min=0 region_max=0 max=198
# HOST LOAD 0 3
3 choke_max=0 retrigger_max=0 voice_bytes=64 track_bytes=116 event_bytes=20
[M15 locks] locked=0 unlocked=0 unsliced=0 requested_min=0 requested_max=0 resolved_min=0 resolved_max=0 clamped=0 edits=0 ui_edits=0 align=1 requested_seen=0 resolved_seen=0
[M14 slices] triggers=0 auditions=0 index_min=0 index_max=0 frames_min=0 frames_max=0 active_changes=0 divides=0 adds=0 deletes=0 resets=0 edit_blocks=0 edit_max=0 slice_bytes=4 bank_bytes=66 sample_bytes=1556
[M10 worst] blocks=0 max=0
[M9 tools] rotate=0 reverse=0 copy_track=0 clear_track=0 duplicate=0 euclidean=0 randomize=0 mutate=0 reroll=0 blocks=0 dense_blocks=0 max=0
[Q COMMAND] LOAD 0 3
[Q ACK] load=1
[M6 read] bytes=352800 read_us=701025 bytes_per_second=503263 original_channels=1 rate=44100 total_psram=33554432
[M6 load] track=0 file_bytes=352844 pcm_bytes=352800 load_publish_us=1215158 payload=5653488 transient=352800 peak_payload=6006351 ps_free=24986092 largest=24117236 internal=174908 display=2304000 fx_delay=352800 reserve=4194304
[M6.1 replacement] retired_clear=1 ps_delta=0 status=READY
[M213 address] track=0 pcm=0x48303e00 base=0x48303e00 bytes=352863 owner_usable_bytes=360436 frames=176400 mod64=0 mod128=0 mod256=0 mod4096=3584 mod131072=15872 external=1 requested_caps=1028 free=24986092 largest=24117236

# HOST LOAD 15 3
[Q COMMAND] LOAD 15 3
[Q ACK] load=1
[M5 UI] seconds=63.002 submitted=75 completed=75 dirty_avg=688128 dirty_max=768000 full=66 preparation_max_us=73643 touch_errors=0 rejected=0 pads=0 steps=0 drags=0 pages=0 transport=0 bpm=0 skipped=66
[M7 patterns] switches=0 loops=0 selections=0 copies=0 clears=0 lengths=0 solos=0 mutes=0 normal_frames=9 dirty_avg=102400 dirty_max=102400 pattern_bytes=3106 command_bytes=12
[M7 applied] long_to_short=0 short_to_long=0 queue_replacements=0 copies=0 clears=0 lengths=0 solos=0 mutes=0 steps=0
[M9 UI] entries=0 copies=0 randomize=0 cell_max=0 edit_full=0
[M12 UI] entries=0 edits=0 widgets_max=0 edit_full=0
[M11 UI] entries=0 edits=0 widgets_max=0 edit_full=0
[M10 UI] entries=0 edits=0 widgets_max=0 edit_full=0
[M13 UI] entries=0 edits=0 widgets_max=0 edit_full=0
[M14 UI] entries=0 edits=0 edit_full=0 waveform_first_us=0 waveform_redraw_max_us=0 slice_redraw_max_us=0 build_count=32 build_max_us=429107 large_us=0 cache_bytes=1440 page_max_us=0 drag_dirty_max=0
[M5 memory] ps_before=30753324 ps_after=24625640 internal_before=200044 internal_after=167972 largest_before=30408692 largest_after=24117236
[M6 read] bytes=352800 read_us=761460 bytes_per_second=463320 original_channels=1 rate=44100 total_psram=33554432
[M6 load] track=15 file_bytes=352844 pcm_bytes=352800 load_publish_us=1275295 payload=5653488 transient=352800 peak_payload=6007311 ps_free=24986092 largest=24641524 internal=174640 display=2304000 fx_delay=352800 reserve=4194304
[M6.1 replacement] retired_clear=1 ps_delta=0 status=READY
[M213 address] track=15 pcm=0x482ac1c0 base=0x482abdfc bytes=353823 owner_usable_bytes=360436 frames=176400 mod64=0 mod128=64 mod256=192 mod4096=448 mod131072=49600 external=1 requested_caps=1028 free=24986092 largest=24641524

# HOST LOAD 14 1
[Q COMMAND] LOAD 14 1
[Q ACK] load=1
[M6 read] bytes=352800 read_us=738421 bytes_per_second=477776 original_channels=1 rate=44100 total_psram=33554432
[M6 load] track=14 file_bytes=352844 pcm_bytes=352800 load_publish_us=1249430 payload=5653488 transient=352800 peak_payload=6007247 ps_free=24986092 largest=24117236 internal=174640 display=2304000 fx_delay=352800 reserve=4194304
[M6.1 replacement] retired_clear=1 ps_delta=0 status=READY
[M213 address] track=14 pcm=0x4882c1c0 base=0x4882be3c bytes=353759 owner_usable_bytes=360436 frames=176400 mod64=0 mod128=64 mod256=192 mod4096=448 mod131072=49600 external=1 requested_caps=1028 free=24986092 largest=24117236

# HOST LOAD 13 3
[Q COMMAND] LOAD 13 3
[Q ACK] load=1
[M6 read] bytes=352800 read_us=759353 bytes_per_second=464606 original_channels=1 rate=44100 total_psram=33554432
[M6 load] track=13 file_bytes=352844 pcm_bytes=352800 load_publish_us=1277362 payload=5653488 transient=352800 peak_payload=6007183 ps_free=24986092 largest=24117236 internal=174640 display=2304000 fx_delay=352800 reserve=4194304
[M6.1 replacement] retired_clear=1 ps_delta=0 status=READY
[M213 address] track=13 pcm=0x487d4180 base=0x487d3e38 bytes=353695 owner_usable_bytes=360436 frames=176400 mod64=0 mod128=0 mod256=128 mod4096=384 mod131072=82304 external=1 requested_caps=1028 free=24986092 largest=24117236

# HOST LOAD 12 1
[Q COMMAND] LOAD 12 1
[Q ACK] load=1
[M6 read] bytes=352800 read_us=682098 bytes_per_second=517227 original_channels=1 rate=44100 total_psram=33554432
[M6 load] track=12 file_bytes=352844 pcm_bytes=352800 load_publish_us=1193229 payload=5653488 transient=352800 peak_payload=6007119 ps_free=24986092 largest=24117236 internal=174640 display=2304000 fx_delay=352800 reserve=4194304
[M6.1 replacement] retired_clear=1 ps_delta=0 status=READY
[M213 address] track=12 pcm=0x4877c140 base=0x4877be34 bytes=353631 owner_usable_bytes=360436 frames=176400 mod64=0 mod128=64 mod256=64 mod4096=320 mod131072=115008 external=1 requested_caps=1028 free=24986092 largest=24117236

# HOST LOAD 11 3
[Q COMMAND] LOAD 11 3
[Q ACK] load=1
[M6 read] bytes=352800 read_us=766417 bytes_per_second=460323 original_channels=1 rate=44100 total_psram=33554432
[M6 load] track=11 file_bytes=352844 pcm_bytes=352800 load_publish_us=1278425 payload=5653488 transient=352800 peak_payload=6007055 ps_free=24986092 largest=24117236 internal=174640 display=2304000 fx_delay=352800 reserve=4194304
[M6.1 replacement] retired_clear=1 ps_delta=0 status=READY
[M213 address] track=11 pcm=0x48724100 base=0x48723e30 bytes=353567 owner_usable_bytes=360436 frames=176400 mod64=0 mod128=0 mod256=0 mod4096=256 mod131072=16640 external=1 requested_caps=1028 free=24986092 largest=24117236

# HOST LOAD 10 1
[Q COMMAND] LOAD 10 1
[Q ACK] load=1
[M6 read] bytes=352800 read_us=672491 bytes_per_second=524616 original_channels=1 rate=44100 total_psram=33554432
[M6 load] track=10 file_bytes=352844 pcm_bytes=352800 load_publish_us=1186204 payload=5653488 transient=352800 peak_payload=6006991 ps_free=24986092 largest=24117236 internal=174640 display=2304000 fx_delay=352800 reserve=4194304
[M6.1 replacement] retired_clear=1 ps_delta=0 status=READY
[M213 address] track=10 pcm=0x486cc0c0 base=0x486cbe2c bytes=353503 owner_usable_bytes=360436 frames=176400 mod64=0 mod128=64 mod256=192 mod4096=192 mod131072=49344 external=1 requested_caps=1028 free=24986092 largest=24117236

# HOST LOAD 9 3
[Q COMMAND] LOAD 9 3
[Q ACK] load=1
[M6 read] bytes=352800 read_us=693186 bytes_per_second=508954 original_channels=1 rate=44100 total_psram=33554432
[M6 load] track=9 file_bytes=352844 pcm_bytes=352800 load_publish_us=1207318 payload=5653488 transient=352800 peak_payload=6006927 ps_free=24986092 largest=24117236 internal=174640 display=2304000 fx_delay=352800 reserve=4194304
[M6.1 replacement] retired_clear=1 ps_delta=0 status=READY
[M213 address] track=9 pcm=0x48674080 base=0x48673e28 bytes=353439 owner_usable_bytes=360436 frames=176400 mod64=0 mod128=0 mod256=128 mod4096=128 mod131072=82048 external=1 requested_caps=1028 free=24986092 largest=24117236

# HOST LOAD 8 1
[Q COMMAND] LOAD 8 1
[Q ACK] load=1
[M6 read] bytes=352800 read_us=674438 bytes_per_second=523102 original_channels=1 rate=44100 total_psram=33554432
[M6 load] track=8 file_bytes=352844 pcm_bytes=352800 load_publish_us=1188448 payload=5653488 transient=352800 peak_payload=6006863 ps_free=24986092 largest=24117236 internal=174640 display=2304000 fx_delay=352800 reserve=4194304
[M6.1 replacement] retired_clear=1 ps_delta=0 status=READY
[M213 address] track=8 pcm=0x4861c040 base=0x4861be24 bytes=353375 owner_usable_bytes=360436 frames=176400 mod64=0 mod128=64 mod256=64 mod4096=64 mod131072=114752 external=1 requested_caps=1028 free=24986092 largest=24117236

# HOST LOAD 7 3
[Q COMMAND] LOAD 7 3
[Q ACK] load=1
[M6 read] bytes=352800 read_us=689999 bytes_per_second=511305 original_channels=1 rate=44100 total_psram=33554432
[M6 load] track=7 file_bytes=352844 pcm_bytes=352800 load_publish_us=1203696 payload=5653488 transient=352800 peak_payload=6006799 ps_free=24986092 largest=24117236 internal=174640 display=2304000 fx_delay=352800 reserve=4194304
[M6.1 replacement] retired_clear=1 ps_delta=0 status=READY
[M213 address] track=7 pcm=0x485c4000 base=0x485c3e20 bytes=353311 owner_usable_bytes=360436 frames=176400 mod64=0 mod128=0 mod256=0 mod4096=0 mod131072=16384 external=1 requested_caps=1028 free=24986092 largest=24117236

# HOST LOAD 6 1
[Q COMMAND] LOAD 6 1
[Q ACK] load=1
[M6 read] bytes=352800 read_us=674432 bytes_per_second=523106 original_channels=1 rate=44100 total_psram=33554432
[M6 load] track=6 file_bytes=352844 pcm_bytes=352800 load_publish_us=1191440 payload=5653488 transient=352800 peak_payload=6006735 ps_free=24986092 largest=24117236 internal=174640 display=2304000 fx_delay=352800 reserve=4194304
[M6.1 replacement] retired_clear=1 ps_delta=0 status=READY
[M213 address] track=6 pcm=0x4856bfc0 base=0x4856be1c bytes=353247 owner_usable_bytes=360436 frames=176400 mod64=0 mod128=64 mod256=192 mod4096=4032 mod131072=49088 external=1 requested_caps=1028 free=24986092 largest=24117236

# HOST LOAD 5 3
[Q COMMAND] LOAD 5 3
[Q ACK] load=1
[M6 read] bytes=352800 read_us=697736 bytes_per_second=505635 original_channels=1 rate=44100 total_psram=33554432
[M6 load] track=5 file_bytes=352844 pcm_bytes=352800 load_publish_us=1240408 payload=5653488 transient=352800 peak_payload=6006671 ps_free=24986092 largest=24117236 internal=174640 display=2304000 fx_delay=352800 reserve=4194304
[M6.1 replacement] retired_clear=1 ps_delta=0 status=READY
[M213 address] track=5 pcm=0x48513f80 base=0x48513e18 bytes=353183 owner_usable_bytes=360436 frames=176400 mod64=0 mod128=0 mod256=128 mod4096=3968 mod131072=81792 external=1 requested_caps=1028 free=24986092 largest=24117236

# HOST LOAD 4 1
[Q COMMAND] LOAD 4 1
[Q ACK] load=1
[M6 read] bytes=352800 read_us=668600 bytes_per_second=527669 original_channels=1 rate=44100 total_psram=33554432
[M6 load] track=4 file_bytes=352844 pcm_bytes=352800 load_publish_us=1182271 payload=5653488 transient=352800 peak_payload=6006607 ps_free=24986092 largest=24117236 internal=174640 display=2304000 fx_delay=352800 reserve=4194304
[M6.1 replacement] retired_clear=1 ps_delta=0 status=READY
[M213 address] track=4 pcm=0x484bbf40 base=0x484bbe14 bytes=353119 owner_usable_bytes=360436 frames=176400 mod64=0 mod128=64 mod256=64 mod4096=3904 mod131072=114496 external=1 requested_caps=1028 free=24986092 largest=24117236

# HOST LOAD 3 3
[Q COMMAND] LOAD 3 3
[Q ACK] load=1
[M6 read] bytes=352800 read_us=696053 bytes_per_second=506857 original_channels=1 rate=44100 total_psram=33554432
[M6 load] track=3 file_bytes=352844 pcm_bytes=352800 load_publish_us=1244537 payload=5653488 transient=352800 peak_payload=6006543 ps_free=24986092 largest=24117236 internal=174640 display=2304000 fx_delay=352800 reserve=4194304
[M6.1 replacement] retired_clear=1 ps_delta=0 status=READY
[M213 address] track=3 pcm=0x48463f00 base=0x48463e10 bytes=353055 owner_usable_bytes=360436 frames=176400 mod64=0 mod128=0 mod256=0 mod4096=3840 mod131072=16128 external=1 requested_caps=1028 free=24986092 largest=24117236

# HOST LOAD 2 1
[Q COMMAND] LOAD 2 1
[Q ACK] load=1
[M6 read] bytes=352800 read_us=666717 bytes_per_second=529160 original_channels=1 rate=44100 total_psram=33554432
[M6 load] track=2 file_bytes=352844 pcm_bytes=352800 load_publish_us=1183726 payload=5653488 transient=352800 peak_payload=6006479 ps_free=24986092 largest=24117236 internal=174640 display=2304000 fx_delay=352800 reserve=4194304
[M6.1 replacement] retired_clear=1 ps_delta=0 status=READY
[M213 address] track=2 pcm=0x4840bec0 base=0x4840be0c bytes=352991 owner_usable_bytes=360436 frames=176400 mod64=0 mod128=64 mod256=192 mod4096=3776 mod131072=48832 external=1 requested_caps=1028 free=24986092 largest=24117236

# HOST LOAD 1 3
[Q COMMAND] LOAD 1 3
[Q ACK] load=1
[M6 read] bytes=352800 read_us=761172 bytes_per_second=463495 original_channels=1 rate=44100 total_psram=33554432
[M6 load] track=1 file_bytes=352844 pcm_bytes=352800 load_publish_us=1274843 payload=5653488 transient=352800 peak_payload=6006415 ps_free=24986092 largest=24117236 internal=174640 display=2304000 fx_delay=352800 reserve=4194304
[M6.1 replacement] retired_clear=1 ps_delta=0 status=READY
[M213 address] track=1 pcm=0x483b3e80 base=0x483b3e08 bytes=352927 owner_usable_bytes=360436 frames=176400 mod64=0 mod128=0 mod256=128 mod4096=3712 mod131072=81536 external=1 requested_caps=1028 free=24986092 largest=24117236

# HOST LOAD 0 1
[Q COMMAND] LOAD 0 1
[Q ACK] load=1
[M6 read] bytes=352800 read_us=656950 bytes_per_second=537027 original_channels=1 rate=44100 total_psram=33554432
[M6 load] track=0 file_bytes=352844 pcm_bytes=352800 load_publish_us=1197080 payload=5653488 transient=352800 peak_payload=6006351 ps_free=24986092 largest=24117236 internal=174640 display=2304000 fx_delay=352800 reserve=4194304
[M6.1 replacement] retired_clear=1 ps_delta=0 status=READY
[M213 address] track=0 pcm=0x4835be40 base=0x4835be04 bytes=352863 owner_usable_bytes=360436 frames=176400 mod64=0 mod128=64 mod256=64 mod4096=3648 mod131072=114240 external=1 requested_caps=1028 free=24986092 largest=24117236

# HOST STORE 8
[Q COMMAND] STORE 8
[M213 address] track=0 pcm=0x4835be40 base=0x4835be04 bytes=352863 owner_usable_bytes=360436 frames=176400 mod64=0 mod128=64 mod256=64 mod4096=3648 mod131072=114240 external=1 requested_caps=1028 free=24986092 largest=24117236
[M213 address] track=1 pcm=0x483b3e80 base=0x483b3e08 bytes=352927 owner_usable_bytes=360436 frames=176400 mod64=0 mod128=0 mod256=128 mod4096=3712 mod131072=81536 external=1 requested_caps=1028 free=24986092 largest=24117236
[M213 address] track=2 pcm=0x4840bec0 base=0x4840be0c bytes=352991 owner_usable_bytes=360436 frames=176400 mod64=0 mod128=64 mod256=192 mod4096=3776 mod131072=48832 external=1 requested_caps=1028 free=24986092 largest=24117236
[M213 address] track=3 pcm=0x48463f00 base=0x48463e10 bytes=353055 owner_usable_bytes=360436 frames=176400 mod64=0 mod128=0 mod256=0 mod4096=3840 mod131072=16128 external=1 requested_caps=1028 free=24986092 largest=24117236
[M213 address] track=4 pcm=0x484bbf40 base=0x484bbe14 bytes=353119 owner_usable_bytes=360436 frames=176400 mod64=0 mod128=64 mod256=64 mod4096=3904 mod131072=114496 external=1 requested_caps=1028 free=24986092 largest=24117236
[M213 address] track=5 pcm=0x48513f80 base=0x48513e18 bytes=353183 owner_usable_bytes=360436 frames=176400 mod64=0 mod128=0 mod256=128 mod4096=3968 mod131072=81792 external=1 requested_caps=1028 free=24986092 largest=24117236
[M213 address] track=6 pcm=0x4856bfc0 base=0x4856be1c bytes=353247 owner_usable_bytes=360436 frames=176400 mod64=0 mod128=64 mod256=192 mod4096=4032 mod131072=49088 external=1 requested_caps=1028 free=24986092 largest=24117236
[M213 address] track=7 pcm=0x485c4000 base=0x485c3e20 bytes=353311 owner_usable_bytes=360436 frames=176400 mod64=0 mod128=0 mod256=0 mod4096=0 mod131072=16384 external=1 requested_caps=1028 free=24986092 largest=24117236
[M213 address] track=8 pcm=0x4861c040 base=0x4861be24 bytes=353375 owner_usable_bytes=360436 frames=176400 mod64=0 mod128=64 mod256=64 mod4096=64 mod131072=114752 external=1 requested_caps=1028 free=24986092 largest=24117236
[M213 address] track=9 pcm=0x48674080 base=0x48673e28 bytes=353439 owner_usable_bytes=360436 frames=176400 mod64=0 mod128=0 mod256=128 mod4096=128 mod131072=82048 external=1 requested_caps=1028 free=24986092 largest=24117236
[M213 address] track=10 pcm=0x486cc0c0 base=0x486cbe2c bytes=353503 owner_usable_bytes=360436 frames=176400 mod64=0 mod128=64 mod256=192 mod4096=192 mod131072=49344 external=1 requested_caps=1028 free=24986092 largest=24117236
[M213 address] track=11 pcm=0x48724100 base=0x48723e30 bytes=353567 owner_usable_bytes=360436 frames=176400 mod64=0 mod128=0 mod256=0 mod4096=256 mod131072=16640 external=1 requested_caps=1028 free=24986092 largest=24117236
[M213 address] track=12 pcm=0x4877c140 base=0x4877be34 bytes=353631 owner_usable_bytes=360436 frames=176400 mod64=0 mod128=64 mod256=64 mod4096=320 mod131072=115008 external=1 requested_caps=1028 free=24986092 largest=24117236
[M213 address] track=13 pcm=0x487d4180 base=0x487d3e38 bytes=353695 owner_usable_bytes=360436 frames=176400 mod64=0 mod128=0 mod256=128 mod4096=384 mod131072=82304 external=1 requested_caps=1028 free=24986092 largest=24117236
[M213 address] track=14 pcm=0x4882c1c0 base=0x4882be3c bytes=353759 owner_usable_bytes=360436 frames=176400 mod64=0 mod128=64 mod256=192 mod4096=448 mod131072=49600 external=1 requested_caps=1028 free=24986092 largest=24117236
[M213 address] track=15 pcm=0x482ac1c0 base=0x482abdfc bytes=353823 owner_usable_bytes=360436 frames=176400 mod64=0 mod128=64 mod256=192 mod4096=448 mod131072=49600 external=1 requested_caps=1028 free=24986092 largest=24117236
[M213 locality] tag=2 order=0 eviction=0 repeats=32 reads=131072 us=6471 max=1965 checksum=3150639360 sweep=0 concurrent_audio=1 cold_proven=0
[M213 locality] tag=2 order=1 eviction=0 repeats=32 reads=131072 us=2538 max=101 checksum=3150639360 sweep=0 concurrent_audio=1 cold_proven=0
[M213 locality] tag=2 order=2 eviction=0 repeats=32 reads=131072 us=5335 max=193 checksum=3150639360 sweep=0 concurrent_audio=1 cold_proven=0
[M213 locality] tag=2 order=0 eviction=1 repeats=32 reads=131072 us=8443 max=2229 checksum=3150639360 sweep=524288 concurrent_audio=1 cold_proven=0
[M213 locality] tag=2 order=1 eviction=1 repeats=32 reads=131072 us=6515 max=2151 checksum=3150639360 sweep=1048576 concurrent_audio=1 cold_proven=0
[M213 locality] tag=2 order=2 eviction=1 repeats=32 reads=131072 us=11658 max=2334 checksum=3150639360 sweep=1572864 concurrent_audio=1 cold_proven=0
[M213 locality complete] tag=2
[M213 physical] tag=2 complete=1
[Q HEAP] tag=store_done internal=174640 free=24986092 largest=24117236 payload=5653488
[Q STORE DONE] op=8

# HOST LOAD 0 1
[Q COMMAND] LOAD 0 1
[Q ACK] load=1
[M6 read] bytes=352800 read_us=746139 bytes_per_second=472834 original_channels=1 rate=44100 total_psram=33554432
[M6 load] track=0 file_bytes=352844 pcm_bytes=352800 load_publish_us=1260196 payload=5653488 transient=352800 peak_payload=6006351 ps_free=24986092 largest=24117236 internal=174640 display=2304000 fx_delay=352800 reserve=4194304
[M6.1 replacement] retired_clear=1 ps_delta=0 status=READY
[M213 address] track=0 pcm=0x48303e00 base=0x48303e00 bytes=352863 owner_usable_bytes=360436 frames=176400 mod64=0 mod128=0 mod256=0 mod4096=3584 mod131072=15872 external=1 requested_caps=1028 free=24986092 largest=24117236

# HOST LOAD 1 2
[Q COMMAND] LOAD 1 2
[Q ACK] load=1
[M6 read] bytes=352800 read_us=691035 bytes_per_second=510538 original_channels=1 rate=44100 total_psram=33554432
[M6 load] track=1 file_bytes=352844 pcm_bytes=352800 load_publish_us=1203168 payload=5653488 transient=352800 peak_payload=6006415 ps_free=24986092 largest=24117236 internal=174640 display=2304000 fx_delay=352800 reserve=4194304
[M6.1 replacement] retired_clear=1 ps_delta=0 status=READY
[M213 address] track=1 pcm=0x4835be80 base=0x4835be04 bytes=352927 owner_usable_bytes=360436 frames=176400 mod64=0 mod128=0 mod256=128 mod4096=3712 mod131072=114304 external=1 requested_caps=1028 free=24986092 largest=24117236

# HOST LOAD 2 3
[Q COMMAND] LOAD 2 3
[Q ACK] load=1
[M6 read] bytes=352800 read_us=682212 bytes_per_second=517141 original_channels=1 rate=44100 total_psram=33554432
[M6 load] track=2 file_bytes=352844 pcm_bytes=352800 load_publish_us=1196345 payload=5653488 transient=352800 peak_payload=6006479 ps_free=24986092 largest=24117236 internal=174640 display=2304000 fx_delay=352800 reserve=4194304
[M6.1 replacement] retired_clear=1 ps_delta=0 status=READY
[M213 address] track=2 pcm=0x483b3ec0 base=0x483b3e08 bytes=352991 owner_usable_bytes=360436 frames=176400 mod64=0 mod128=64 mod256=192 mod4096=3776 mod131072=81600 external=1 requested_caps=1028 free=24986092 largest=24117236

# HOST LOAD 3 4
[Q COMMAND] LOAD 3 4
[Q ACK] load=1
[M6 read] bytes=705600 read_us=1180171 bytes_per_second=597879 original_channels=2 rate=44100 total_psram=33554432
[M6 load] track=3 file_bytes=705644 pcm_bytes=352800 load_publish_us=1701180 payload=5653488 transient=352800 peak_payload=6006543 ps_free=24986092 largest=24117236 internal=174640 display=2304000 fx_delay=352800 reserve=4194304
[M6.1 replacement] retired_clear=1 ps_delta=0 status=READY
[M213 address] track=3 pcm=0x4840bf00 base=0x4840be0c bytes=353055 owner_usable_bytes=360436 frames=176400 mod64=0 mod128=0 mod256=0 mod4096=3840 mod131072=48896 external=1 requested_caps=1028 free=24986092 largest=24117236

# HOST LOAD 4 8
[Q COMMAND] LOAD 4 8
[Q ACK] load=1
[M6 read] bytes=44100 read_us=155702 bytes_per_second=283233 original_channels=1 rate=44100 total_psram=33554432
[M6 load] track=4 file_bytes=44144 pcm_bytes=44100 load_publish_us=693215 payload=5344788 transient=44100 peak_payload=5697907 ps_free=25301484 largest=24117236 internal=174640 display=2304000 fx_delay=352800 reserve=4194304
[M6.1 replacement] retired_clear=1 ps_delta=-315392 status=READY
[M213 address] track=4 pcm=0x48463f40 base=0x48463e10 bytes=44419 owner_usable_bytes=45044 frames=22050 mod64=0 mod128=64 mod256=64 mod4096=3904 mod131072=16192 external=1 requested_caps=1028 free=25301484 largest=24117236

# HOST LOAD 5 1
[Q COMMAND] LOAD 5 1
[Q ACK] load=1
[M6 read] bytes=352800 read_us=730398 bytes_per_second=483024 original_channels=1 rate=44100 total_psram=33554432
[M6 load] track=5 file_bytes=352844 pcm_bytes=352800 load_publish_us=1241533 payload=5344788 transient=352800 peak_payload=5697971 ps_free=25301484 largest=24117236 internal=174640 display=2304000 fx_delay=352800 reserve=4194304
[M6.1 replacement] retired_clear=1 ps_delta=0 status=READY
[M213 address] track=5 pcm=0x4846ef80 base=0x4846ee14 bytes=353183 owner_usable_bytes=360436 frames=176400 mod64=0 mod128=0 mod256=128 mod4096=3968 mod131072=61312 external=1 requested_caps=1028 free=25301484 largest=24117236

# HOST LOAD 6 2
[Q COMMAND] LOAD 6 2
[Q ACK] load=1
[M6 read] bytes=352800 read_us=689699 bytes_per_second=511527 original_channels=1 rate=44100 total_psram=33554432
[M6 load] track=6 file_bytes=352844 pcm_bytes=352800 load_publish_us=1201829 payload=5344788 transient=352800 peak_payload=5698035 ps_free=25301484 largest=24117236 internal=174640 display=2304000 fx_delay=352800 reserve=4194304
[M6.1 replacement] retired_clear=1 ps_delta=0 status=READY
[M213 address] track=6 pcm=0x484c6fc0 base=0x484c6e18 bytes=353247 owner_usable_bytes=360436 frames=176400 mod64=0 mod128=64 mod256=192 mod4096=4032 mod131072=28608 external=1 requested_caps=1028 free=25301484 largest=24117236

# HOST LOAD 7 3
[Q COMMAND] LOAD 7 3
[Q ACK] load=1
[M6 read] bytes=352800 read_us=681868 bytes_per_second=517402 original_channels=1 rate=44100 total_psram=33554432
[M6 load] track=7 file_bytes=352844 pcm_bytes=352800 load_publish_us=1224681 payload=5344788 transient=352800 peak_payload=5698099 ps_free=25301484 largest=24117236 internal=174640 display=2304000 fx_delay=352800 reserve=4194304
[M6.1 replacement] retired_clear=1 ps_delta=0 status=READY
[M213 address] track=7 pcm=0x4851f000 base=0x4851ee1c bytes=353311 owner_usable_bytes=360436 frames=176400 mod64=0 mod128=0 mod256=0 mod4096=0 mod131072=126976 external=1 requested_caps=1028 free=25301484 largest=24117236

# HOST LOAD 8 4
[Q COMMAND] LOAD 8 4
[Q ACK] load=1
[M6 read] bytes=705600 read_us=1181676 bytes_per_second=597117 original_channels=2 rate=44100 total_psram=33554432
[M6 load] track=8 file_bytes=705644 pcm_bytes=352800 load_publish_us=1695666 payload=5344788 transient=352800 peak_payload=5698163 ps_free=25301484 largest=24117236 internal=174640 display=2304000 fx_delay=352800 reserve=4194304
[M6.1 replacement] retired_clear=1 ps_delta=0 status=READY
[M213 address] track=8 pcm=0x48577040 base=0x48576e20 bytes=353375 owner_usable_bytes=360436 frames=176400 mod64=0 mod128=64 mod256=64 mod4096=64 mod131072=94272 external=1 requested_caps=1028 free=25301484 largest=24117236

# HOST LOAD 9 8
[Q COMMAND] LOAD 9 8
[Q ACK] load=1
[M6 read] bytes=44100 read_us=157508 bytes_per_second=279985 original_channels=1 rate=44100 total_psram=33554432
[M6 load] track=9 file_bytes=44144 pcm_bytes=44100 load_publish_us=672516 payload=5036088 transient=44100 peak_payload=5389527 ps_free=25616876 largest=24117236 internal=174640 display=2304000 fx_delay=352800 reserve=4194304
[M6.1 replacement] retired_clear=1 ps_delta=-315392 status=READY
[M213 address] track=9 pcm=0x485cf080 base=0x485cee24 bytes=44739 owner_usable_bytes=45044 frames=22050 mod64=0 mod128=0 mod256=128 mod4096=128 mod131072=61568 external=1 requested_caps=1028 free=25616876 largest=24117236

# HOST LOAD 10 1
[Q COMMAND] LOAD 10 1
[Q ACK] load=1
[M6 read] bytes=352800 read_us=662759 bytes_per_second=532320 original_channels=1 rate=44100 total_psram=33554432
[M6 load] track=10 file_bytes=352844 pcm_bytes=352800 load_publish_us=1179889 payload=5036088 transient=352800 peak_payload=5389591 ps_free=25616876 largest=24117236 internal=174640 display=2304000 fx_delay=352800 reserve=4194304
[M6.1 replacement] retired_clear=1 ps_delta=0 status=READY
[M213 address] track=10 pcm=0x485da0c0 base=0x485d9e28 bytes=353503 owner_usable_bytes=360436 frames=176400 mod64=0 mod128=64 mod256=192 mod4096=192 mod131072=106688 external=1 requested_caps=1028 free=25616876 largest=24117236

# HOST LOAD 11 2
[Q COMMAND] LOAD 11 2
[Q ACK] load=1
[M6 read] bytes=352800 read_us=686817 bytes_per_second=513673 original_channels=1 rate=44100 total_psram=33554432
[M6 load] track=11 file_bytes=352844 pcm_bytes=352800 load_publish_us=1229921 payload=5036088 transient=352800 peak_payload=5389655 ps_free=25616876 largest=24117236 internal=174640 display=2304000 fx_delay=352800 reserve=4194304
[M6.1 replacement] retired_clear=1 ps_delta=0 status=READY
[M213 address] track=11 pcm=0x48632100 base=0x48631e2c bytes=353567 owner_usable_bytes=360436 frames=176400 mod64=0 mod128=0 mod256=0 mod4096=256 mod131072=73984 external=1 requested_caps=1028 free=25616876 largest=24117236

# HOST LOAD 12 3
[Q COMMAND] LOAD 12 3
[Q ACK] load=1
[M6 read] bytes=352800 read_us=755016 bytes_per_second=467274 original_channels=1 rate=44100 total_psram=33554432
[M6 load] track=12 file_bytes=352844 pcm_bytes=352800 load_publish_us=1269025 payload=5036088 transient=352800 peak_payload=5389719 ps_free=25616876 largest=24117236 internal=174640 display=2304000 fx_delay=352800 reserve=4194304
[M6.1 replacement] retired_clear=1 ps_delta=0 status=READY
[M213 address] track=12 pcm=0x4868a140 base=0x48689e30 bytes=353631 owner_usable_bytes=360436 frames=176400 mod64=0 mod128=64 mod256=64 mod4096=320 mod131072=41280 external=1 requested_caps=1028 free=25616876 largest=24117236

# HOST LOAD 13 4
[Q COMMAND] LOAD 13 4
[Q ACK] load=1
[M6 read] bytes=705600 read_us=1173681 bytes_per_second=601185 original_channels=2 rate=44100 total_psram=33554432
[M6 load] track=13 file_bytes=705644 pcm_bytes=352800 load_publish_us=1690689 payload=5036088 transient=352800 peak_payload=5389783 ps_free=25616876 largest=24117236 internal=174640 display=2304000 fx_delay=352800 reserve=4194304
[M6.1 replacement] retired_clear=1 ps_delta=0 status=READY
[M213 address] track=13 pcm=0x486e2180 base=0x486e1e34 bytes=353695 owner_usable_bytes=360436 frames=176400 mod64=0 mod128=0 mod256=128 mod4096=384 mod131072=8576 external=1 requested_caps=1028 free=25616876 largest=24117236

# HOST LOAD 14 8
[Q COMMAND] LOAD 14 8
[Q ACK] load=1
[M6 read] bytes=44100 read_us=156687 bytes_per_second=281452 original_channels=1 rate=44100 total_psram=33554432
[M6 load] track=14 file_bytes=44144 pcm_bytes=44100 load_publish_us=666695 payload=4727388 transient=44100 peak_payload=5081147 ps_free=25931244 largest=25690100 internal=174640 display=2304000 fx_delay=352800 reserve=4194304
[M6.1 replacement] retired_clear=1 ps_delta=-314368 status=READY
[M213 address] track=14 pcm=0x4873a1c0 base=0x48739e38 bytes=45059 owner_usable_bytes=46068 frames=22050 mod64=0 mod128=64 mod256=192 mod4096=448 mod131072=106944 external=1 requested_caps=1028 free=25931244 largest=25690100

# HOST LOAD 15 1
[Q COMMAND] LOAD 15 1
[Q ACK] load=1
[M6 read] bytes=352800 read_us=677451 bytes_per_second=520775 original_channels=1 rate=44100 total_psram=33554432
[M6 load] track=15 file_bytes=352844 pcm_bytes=352800 load_publish_us=1194134 payload=4727388 transient=352800 peak_payload=5081211 ps_free=25931244 largest=25165812 internal=174640 display=2304000 fx_delay=352800 reserve=4194304
[M6.1 replacement] retired_clear=1 ps_delta=0 status=READY
[M213 address] track=15 pcm=0x48745600 base=0x4874523c bytes=353823 owner_usable_bytes=360436 frames=176400 mod64=0 mod128=0 mod256=0 mod4096=1536 mod131072=22016 external=1 requested_caps=1028 free=25931244 largest=25165812

# HOST LOAD 0 5
[Q COMMAND] LOAD 0 5
[Q ACK] load=1
[M6 read] bytes=4194304 read_us=7706702 bytes_per_second=544241 original_channels=1 rate=44100 total_psram=33554432
[M6 load] track=0 file_bytes=4194348 pcm_bytes=4194304 load_publish_us=8272710 payload=8568892 transient=4194304 peak_payload=8921755 ps_free=21966316 largest=20971508 internal=174640 display=2304000 fx_delay=352800 reserve=4194304
[M6.1 replacement] retired_clear=1 ps_delta=3964928 status=READY
[M213 address] track=0 pcm=0x4879d240 base=0x4879d240 bytes=4194367 owner_usable_bytes=4325364 frames=2097152 mod64=0 mod128=64 mod256=64 mod4096=576 mod131072=119360 external=1 requested_caps=1028 free=21966316 largest=20971508

# HOST STORE 8
[Q COMMAND] STORE 8
[M213 address] track=0 pcm=0x4879d240 base=0x4879d240 bytes=4194367 owner_usable_bytes=4325364 frames=2097152 mod64=0 mod128=64 mod256=64 mod4096=576 mod131072=119360 external=1 requested_caps=1028 free=21966316 largest=20971508
[M213 address] track=1 pcm=0x4835be80 base=0x4835be04 bytes=352927 owner_usable_bytes=360436 frames=176400 mod64=0 mod128=0 mod256=128 mod4096=3712 mod131072=114304 external=1 requested_caps=1028 free=21966316 largest=20971508
[M213 address] track=2 pcm=0x483b3ec0 base=0x483b3e08 bytes=352991 owner_usable_bytes=360436 frames=176400 mod64=0 mod128=64 mod256=192 mod4096=3776 mod131072=81600 external=1 requested_caps=1028 free=21966316 largest=20971508
[M213 address] track=3 pcm=0x4840bf00 base=0x4840be0c bytes=353055 owner_usable_bytes=360436 frames=176400 mod64=0 mod128=0 mod256=0 mod4096=3840 mod131072=48896 external=1 requested_caps=1028 free=21966316 largest=20971508
[M213 address] track=4 pcm=0x48463f40 base=0x48463e10 bytes=44419 owner_usable_bytes=45044 frames=22050 mod64=0 mod128=64 mod256=64 mod4096=3904 mod131072=16192 external=1 requested_caps=1028 free=21966316 largest=20971508
[M213 address] track=5 pcm=0x4846ef80 base=0x4846ee14 bytes=353183 owner_usable_bytes=360436 frames=176400 mod64=0 mod128=0 mod256=128 mod4096=3968 mod131072=61312 external=1 requested_caps=1028 free=21966316 largest=20971508
[M213 address] track=6 pcm=0x484c6fc0 base=0x484c6e18 bytes=353247 owner_usable_bytes=360436 frames=176400 mod64=0 mod128=64 mod256=192 mod4096=4032 mod131072=28608 external=1 requested_caps=1028 free=21966316 largest=20971508
[M213 address] track=7 pcm=0x4851f000 base=0x4851ee1c bytes=353311 owner_usable_bytes=360436 frames=176400 mod64=0 mod128=0 mod256=0 mod4096=0 mod131072=126976 external=1 requested_caps=1028 free=21966316 largest=20971508
[M213 address] track=8 pcm=0x48577040 base=0x48576e20 bytes=353375 owner_usable_bytes=360436 frames=176400 mod64=0 mod128=64 mod256=64 mod4096=64 mod131072=94272 external=1 requested_caps=1028 free=21966316 largest=20971508
[M213 address] track=9 pcm=0x485cf080 base=0x485cee24 bytes=44739 owner_usable_bytes=45044 frames=22050 mod64=0 mod128=0 mod256=128 mod4096=128 mod131072=61568 external=1 requested_caps=1028 free=21966316 largest=20971508
[M213 address] track=10 pcm=0x485da0c0 base=0x485d9e28 bytes=353503 owner_usable_bytes=360436 frames=176400 mod64=0 mod128=64 mod256=192 mod4096=192 mod131072=106688 external=1 requested_caps=1028 free=21966316 largest=20971508
[M213 address] track=11 pcm=0x48632100 base=0x48631e2c bytes=353567 owner_usable_bytes=360436 frames=176400 mod64=0 mod128=0 mod256=0 mod4096=256 mod131072=73984 external=1 requested_caps=1028 free=21966316 largest=20971508
[M213 address] track=12 pcm=0x4868a140 base=0x48689e30 bytes=353631 owner_usable_bytes=360436 frames=176400 mod64=0 mod128=64 mod256=64 mod4096=320 mod131072=41280 external=1 requested_caps=1028 free=21966316 largest=20971508
[M213 address] track=13 pcm=0x486e2180 base=0x486e1e34 bytes=353695 owner_usable_bytes=360436 frames=176400 mod64=0 mod128=0 mod256=128 mod4096=384 mod131072=8576 external=1 requested_caps=1028 free=21966316 largest=20971508
[M213 address] track=14 pcm=0x4873a1c0 base=0x48739e38 bytes=45059 owner_usable_bytes=46068 frames=22050 mod64=0 mod128=64 mod256=192 mod4096=448 mod131072=106944 external=1 requested_caps=1028 free=21966316 largest=20971508
[M213 address] track=15 pcm=0x48745600 base=0x4874523c bytes=353823 owner_usable_bytes=360436 frames=176400 mod64=0 mod128=0 mod256=0 mod4096=1536 mod131072=22016 external=1 requested_caps=1028 free=21966316 largest=20971508
[M213 locality] tag=3 order=0 eviction=0 repeats=32 reads=131072 us=6163 max=1955 checksum=3441764352 sweep=0 concurrent_audio=1 cold_proven=0
[M213 locality] tag=3 order=1 eviction=0 repeats=32 reads=131072 us=2319 max=81 checksum=3441764352 sweep=0 concurrent_audio=1 cold_proven=0
[M213 locality] tag=3 order=2 eviction=0 repeats=32 reads=131072 us=6919 max=1975 checksum=3441764352 sweep=0 concurrent_audio=1 cold_proven=0
[M213 locality] tag=3 order=0 eviction=1 repeats=32 reads=131072 us=12446 max=2248 checksum=3441764352 sweep=524288 concurrent_audio=1 cold_proven=0
[M213 locality] tag=3 order=1 eviction=1 repeats=32 reads=131072 us=4438 max=174 checksum=3441764352 sweep=1048576 concurrent_audio=1 cold_proven=0
[M213 locality] tag=3 order=2 eviction=1 repeats=32 reads=131072 us=11670 max=2364 checksum=3441764352 sweep=1572864 concurrent_audio=1 cold_proven=0
[M213 locality complete] tag=3
[M213 physical] tag=3 complete=1
[Q HEAP] tag=store_done internal=174640 free=21966316 largest=20971508 payload=8568892
[Q STORE DONE] op=8

# HOST LOAD 0 6
[Q COMMAND] LOAD 0 6
[Q ACK] load=1

# HOST LOAD 0 7
[Q COMMAND] LOAD 0 7
[Q ACK] load=1

# HOST STORE 9
[Q COMMAND] STORE 9
[M213 missing] accepted=0 preserved=1
[Q HEAP] tag=store_done internal=174640 free=21966316 largest=20971508 payload=8568892
[Q STORE DONE] op=9

# HOST STORE 8
[Q COMMAND] STORE 8
[M213 address] track=0 pcm=0x4879d240 base=0x4879d240 bytes=4194367 owner_usable_bytes=4325364 frames=2097152 mod64=0 mod128=64 mod256=64 mod4096=576 mod131072=119360 external=1 requested_caps=1028 free=21966316 largest=20971508
[M213 address] track=1 pcm=0x4835be80 base=0x4835be04 bytes=352927 owner_usable_bytes=360436 frames=176400 mod64=0 mod128=0 mod256=128 mod4096=3712 mod131072=114304 external=1 requested_caps=1028 free=21966316 largest=20971508
[M213 address] track=2 pcm=0x483b3ec0 base=0x483b3e08 bytes=352991 owner_usable_bytes=360436 frames=176400 mod64=0 mod128=64 mod256=192 mod4096=3776 mod131072=81600 external=1 requested_caps=1028 free=21966316 largest=20971508
[M213 address] track=3 pcm=0x4840bf00 base=0x4840be0c bytes=353055 owner_usable_bytes=360436 frames=176400 mod64=0 mod128=0 mod256=0 mod4096=3840 mod131072=48896 external=1 requested_caps=1028 free=21966316 largest=20971508
[M213 address] track=4 pcm=0x48463f40 base=0x48463e10 bytes=44419 owner_usable_bytes=45044 frames=22050 mod64=0 mod128=64 mod256=64 mod4096=3904 mod131072=16192 external=1 requested_caps=1028 free=21966316 largest=20971508
[M213 address] track=5 pcm=0x4846ef80 base=0x4846ee14 bytes=353183 owner_usable_bytes=360436 frames=176400 mod64=0 mod128=0 mod256=128 mod4096=3968 mod131072=61312 external=1 requested_caps=1028 free=21966316 largest=20971508
[M213 address] track=6 pcm=0x484c6fc0 base=0x484c6e18 bytes=353247 owner_usable_bytes=360436 frames=176400 mod64=0 mod128=64 mod256=192 mod4096=4032 mod131072=28608 external=1 requested_caps=1028 free=21966316 largest=20971508
[M213 address] track=7 pcm=0x4851f000 base=0x4851ee1c bytes=353311 owner_usable_bytes=360436 frames=176400 mod64=0 mod128=0 mod256=0 mod4096=0 mod131072=126976 external=1 requested_caps=1028 free=21966316 largest=20971508
[M213 address] track=8 pcm=0x48577040 base=0x48576e20 bytes=353375 owner_usable_bytes=360436 frames=176400 mod64=0 mod128=64 mod256=64 mod4096=64 mod131072=94272 external=1 requested_caps=1028 free=21966316 largest=20971508
[M213 address] track=9 pcm=0x485cf080 base=0x485cee24 bytes=44739 owner_usable_bytes=45044 frames=22050 mod64=0 mod128=0 mod256=128 mod4096=128 mod131072=61568 external=1 requested_caps=1028 free=21966316 largest=20971508
[M213 address] track=10 pcm=0x485da0c0 base=0x485d9e28 bytes=353503 owner_usable_bytes=360436 frames=176400 mod64=0 mod128=64 mod256=192 mod4096=192 mod131072=106688 external=1 requested_caps=1028 free=21966316 largest=20971508
[M213 address] track=11 pcm=0x48632100 base=0x48631e2c bytes=353567 owner_usable_bytes=360436 frames=176400 mod64=0 mod128=0 mod256=0 mod4096=256 mod131072=73984 external=1 requested_caps=1028 free=21966316 largest=20971508
[M213 address] track=12 pcm=0x4868a140 base=0x48689e30 bytes=353631 owner_usable_bytes=360436 frames=176400 mod64=0 mod128=64 mod256=64 mod4096=320 mod131072=41280 external=1 requested_caps=1028 free=21966316 largest=20971508
[M213 address] track=13 pcm=0x486e2180 base=0x486e1e34 bytes=353695 owner_usable_bytes=360436 frames=176400 mod64=0 mod128=0 mod256=128 mod4096=384 mod131072=8576 external=1 requested_caps=1028 free=21966316 largest=20971508
[M213 address] track=14 pcm=0x4873a1c0 base=0x48739e38 bytes=45059 owner_usable_bytes=46068 frames=22050 mod64=0 mod128=64 mod256=192 mod4096=448 mod131072=106944 external=1 requested_caps=1028 free=21966316 largest=20971508
[M213 address] track=15 pcm=0x48745600 base=0x4874523c bytes=353823 owner_usable_bytes=360436 frames=176400 mod64=0 mod128=0 mod256=0 mod4096=1536 mod131072=22016 external=1 requested_caps=1028 free=21966316 largest=20971508
[M213 locality] tag=4 order=0 eviction=0 repeats=32 reads=131072 us=6162 max=1949 checksum=3441764352 sweep=0 concurrent_audio=1 cold_proven=0
[M213 locality] tag=4 order=1 eviction=0 repeats=32 reads=131072 us=2310 max=77 checksum=3441764352 sweep=0 concurrent_audio=1 cold_proven=0
[M213 locality] tag=4 order=2 eviction=0 repeats=32 reads=131072 us=6907 max=1968 checksum=3441764352 sweep=0 concurrent_audio=1 cold_proven=0
[M213 locality] tag=4 order=0 eviction=1 repeats=32 reads=131072 us=12371 max=2225 checksum=3441764352 sweep=524288 concurrent_audio=1 cold_proven=0
[M213 locality] tag=4 order=1 eviction=1 repeats=32 reads=131072 us=4451 max=171 checksum=3441764352 sweep=1048576 concurrent_audio=1 cold_proven=0
[M213 locality] tag=4 order=2 eviction=1 repeats=32 reads=131072 us=15492 max=2251 checksum=3441764352 sweep=1572864 concurrent_audio=1 cold_proven=0
[M213 locality complete] tag=4
[M213 physical] tag=4 complete=1
[Q HEAP] tag=store_done internal=174640 free=21966316 largest=20971508 payload=8568892
[Q STORE DONE] op=8

# HOST STORE 10
[Q COMMAND] STORE 10
[Q HEAP] tag=fragmented internal=174640 free=19803500 largest=17301492 payload=8568892
[Q HEAP] tag=store_done internal=174640 free=19803500 largest=17301492 payload=8568892
[Q STORE DONE] op=10

# HOST LOAD 15 2
[Q COMMAND] LOAD 15 2
[Q ACK] load=1
[M6 read] bytes=352800 read_us=679108 bytes_per_second=519504 original_channels=1 rate=44100 total_psram=33554432
[M6 load] track=15 file_bytes=352844 pcm_bytes=352800 load_publish_us=1190116 payload=8568892 transient=352800 peak_payload=8922715 ps_free=19803500 largest=16777204 internal=174640 display=2304000 fx_delay=352800 reserve=4194304
[M6.1 replacement] retired_clear=1 ps_delta=0 status=READY
[M213 address] track=15 pcm=0x48f38700 base=0x48f3831c bytes=353823 owner_usable_bytes=360436 frames=176400 mod64=0 mod128=0 mod256=0 mod4096=1792 mod131072=100096 external=1 requested_caps=1028 free=19803500 largest=16777204

# HOST LOAD 14 1
[Q COMMAND] LOAD 14 1
[Q ACK] load=1
[M6 read] bytes=352800 read_us=721067 bytes_per_second=489274 original_channels=1 rate=44100 total_psram=33554432
[M6 load] track=14 file_bytes=352844 pcm_bytes=352800 load_publish_us=1232076 payload=8877592 transient=352800 peak_payload=8922651 ps_free=19489132 largest=16777204 internal=174640 display=2304000 fx_delay=352800 reserve=4194304
[M6.1 replacement] retired_clear=1 ps_delta=314368 status=READY
[M213 address] track=14 pcm=0x487455c0 base=0x4874523c bytes=353759 owner_usable_bytes=360436 frames=176400 mod64=0 mod128=64 mod256=192 mod4096=1472 mod131072=21952 external=1 requested_caps=1028 free=19489132 largest=16777204

# HOST LOAD 13 8
[Q COMMAND] LOAD 13 8
[Q ACK] load=1
[M6 read] bytes=44100 read_us=85363 bytes_per_second=516617 original_channels=1 rate=44100 total_psram=33554432
[M6 load] track=13 file_bytes=44144 pcm_bytes=44100 load_publish_us=622372 payload=8568892 transient=44100 peak_payload=8922587 ps_free=19804524 largest=16777204 internal=174640 display=2304000 fx_delay=352800 reserve=4194304
[M6.1 replacement] retired_clear=1 ps_delta=-315392 status=READY
[M213 address] track=13 pcm=0x4873a180 base=0x48739e38 bytes=44995 owner_usable_bytes=45044 frames=22050 mod64=0 mod128=0 mod256=128 mod4096=384 mod131072=106880 external=1 requested_caps=1028 free=19804524 largest=16777204

# HOST LOAD 12 4
[Q COMMAND] LOAD 12 4
[Q ACK] load=1
[M6 read] bytes=705600 read_us=1175704 bytes_per_second=600151 original_channels=2 rate=44100 total_psram=33554432
[M6 load] track=12 file_bytes=705644 pcm_bytes=352800 load_publish_us=1720462 payload=8568892 transient=352800 peak_payload=8922523 ps_free=19804524 largest=16777204 internal=174640 display=2304000 fx_delay=352800 reserve=4194304
[M6.1 replacement] retired_clear=1 ps_delta=0 status=READY
[M213 address] track=12 pcm=0x486e2140 base=0x486e1e34 bytes=353631 owner_usable_bytes=360436 frames=176400 mod64=0 mod128=64 mod256=64 mod4096=320 mod131072=8512 external=1 requested_caps=1028 free=19804524 largest=16777204

# HOST LOAD 11 3
[Q COMMAND] LOAD 11 3
[Q ACK] load=1
[M6 read] bytes=352800 read_us=761198 bytes_per_second=463479 original_channels=1 rate=44100 total_psram=33554432
[M6 load] track=11 file_bytes=352844 pcm_bytes=352800 load_publish_us=1307332 payload=8568892 transient=352800 peak_payload=8922459 ps_free=19804524 largest=16777204 internal=174640 display=2304000 fx_delay=352800 reserve=4194304
[M6.1 replacement] retired_clear=1 ps_delta=0 status=READY
[M213 address] track=11 pcm=0x4868a100 base=0x48689e30 bytes=353567 owner_usable_bytes=360436 frames=176400 mod64=0 mod128=0 mod256=0 mod4096=256 mod131072=41216 external=1 requested_caps=1028 free=19804524 largest=16777204

# HOST LOAD 10 2
[Q COMMAND] LOAD 10 2
[Q ACK] load=1
[M6 read] bytes=352800 read_us=763465 bytes_per_second=462103 original_channels=1 rate=44100 total_psram=33554432
[M6 load] track=10 file_bytes=352844 pcm_bytes=352800 load_publish_us=1278473 payload=8568892 transient=352800 peak_payload=8922395 ps_free=19804524 largest=16777204 internal=174640 display=2304000 fx_delay=352800 reserve=4194304
[M6.1 replacement] retired_clear=1 ps_delta=0 status=READY
[M213 address] track=10 pcm=0x486320c0 base=0x48631e2c bytes=353503 owner_usable_bytes=360436 frames=176400 mod64=0 mod128=64 mod256=192 mod4096=192 mod131072=73920 external=1 requested_caps=1028 free=19804524 largest=16777204

# HOST LOAD 9 1
[Q COMMAND] LOAD 9 1
[Q ACK] load=1
[M6 read] bytes=352800 read_us=663370 bytes_per_second=531829 original_channels=1 rate=44100 total_psram=33554432
[M6 load] track=9 file_bytes=352844 pcm_bytes=352800 load_publish_us=1209503 payload=8877592 transient=352800 peak_payload=8922331 ps_free=19489132 largest=16777204 internal=174640 display=2304000 fx_delay=352800 reserve=4194304
[M6.1 replacement] retired_clear=1 ps_delta=315392 status=READY
[M213 address] track=9 pcm=0x485da080 base=0x485d9e28 bytes=353439 owner_usable_bytes=360436 frames=176400 mod64=0 mod128=0 mod256=128 mod4096=128 mod131072=106624 external=1 requested_caps=1028 free=19489132 largest=16777204

# HOST LOAD 8 8
[Q COMMAND] LOAD 8 8
[Q ACK] load=1
[M6 read] bytes=44100 read_us=84635 bytes_per_second=521061 original_channels=1 rate=44100 total_psram=33554432
[M6 load] track=8 file_bytes=44144 pcm_bytes=44100 load_publish_us=592643 payload=8568892 transient=44100 peak_payload=8922267 ps_free=19804524 largest=16777204 internal=174640 display=2304000 fx_delay=352800 reserve=4194304
[M6.1 replacement] retired_clear=1 ps_delta=-315392 status=READY
[M213 address] track=8 pcm=0x485cf040 base=0x485cee24 bytes=44675 owner_usable_bytes=45044 frames=22050 mod64=0 mod128=64 mod256=64 mod4096=64 mod131072=61504 external=1 requested_caps=1028 free=19804524 largest=16777204

# HOST LOAD 7 4
[Q COMMAND] LOAD 7 4
[Q ACK] load=1
[M6 read] bytes=705600 read_us=1167497 bytes_per_second=604369 original_channels=2 rate=44100 total_psram=33554432
[M6 load] track=7 file_bytes=705644 pcm_bytes=352800 load_publish_us=1709627 payload=8568892 transient=352800 peak_payload=8922203 ps_free=19804524 largest=16777204 internal=174640 display=2304000 fx_delay=352800 reserve=4194304
[M6.1 replacement] retired_clear=1 ps_delta=0 status=READY
[M213 address] track=7 pcm=0x48577000 base=0x48576e20 bytes=353311 owner_usable_bytes=360436 frames=176400 mod64=0 mod128=0 mod256=0 mod4096=0 mod131072=94208 external=1 requested_caps=1028 free=19804524 largest=16777204

# HOST LOAD 6 3
[Q COMMAND] LOAD 6 3
[Q ACK] load=1
[M6 read] bytes=352800 read_us=763952 bytes_per_second=461809 original_channels=1 rate=44100 total_psram=33554432
[M6 load] track=6 file_bytes=352844 pcm_bytes=352800 load_publish_us=1272261 payload=8568892 transient=352800 peak_payload=8922139 ps_free=19804524 largest=16777204 internal=174640 display=2304000 fx_delay=352800 reserve=4194304
[M6.1 replacement] retired_clear=1 ps_delta=0 status=READY
[M213 address] track=6 pcm=0x4851efc0 base=0x4851ee1c bytes=353247 owner_usable_bytes=360436 frames=176400 mod64=0 mod128=64 mod256=192 mod4096=4032 mod131072=126912 external=1 requested_caps=1028 free=19804524 largest=16777204

# HOST LOAD 5 2
[Q COMMAND] LOAD 5 2
[Q ACK] load=1
[M6 read] bytes=352800 read_us=687131 bytes_per_second=513439 original_channels=1 rate=44100 total_psram=33554432
[M6 load] track=5 file_bytes=352844 pcm_bytes=352800 load_publish_us=1230711 payload=8568892 transient=352800 peak_payload=8922075 ps_free=19804524 largest=16777204 internal=174640 display=2304000 fx_delay=352800 reserve=4194304
[M6.1 replacement] retired_clear=1 ps_delta=0 status=READY
[M213 address] track=5 pcm=0x484c6f80 base=0x484c6e18 bytes=353183 owner_usable_bytes=360436 frames=176400 mod64=0 mod128=0 mod256=128 mod4096=3968 mod131072=28544 external=1 requested_caps=1028 free=19804524 largest=16777204

# HOST LOAD 4 1
[Q COMMAND] LOAD 4 1
[Q ACK] load=1
[M6 read] bytes=352800 read_us=652890 bytes_per_second=540366 original_channels=1 rate=44100 total_psram=33554432
[M6 load] track=4 file_bytes=352844 pcm_bytes=352800 load_publish_us=1169899 payload=8877592 transient=352800 peak_payload=8922011 ps_free=19489132 largest=16777204 internal=174640 display=2304000 fx_delay=352800 reserve=4194304
[M6.1 replacement] retired_clear=1 ps_delta=315392 status=READY
[M213 address] track=4 pcm=0x4846ef40 base=0x4846ee14 bytes=353119 owner_usable_bytes=360436 frames=176400 mod64=0 mod128=64 mod256=64 mod4096=3904 mod131072=61248 external=1 requested_caps=1028 free=19489132 largest=16777204

# HOST LOAD 3 8
[Q COMMAND] LOAD 3 8
[Q ACK] load=1
[M6 read] bytes=44100 read_us=84347 bytes_per_second=522840 original_channels=1 rate=44100 total_psram=33554432
[M6 load] track=3 file_bytes=44144 pcm_bytes=44100 load_publish_us=624342 payload=8568892 transient=44100 peak_payload=8921947 ps_free=19804524 largest=16777204 internal=174640 display=2304000 fx_delay=352800 reserve=4194304
[M6.1 replacement] retired_clear=1 ps_delta=-315392 status=READY
[M213 address] track=3 pcm=0x48463f00 base=0x48463e10 bytes=44355 owner_usable_bytes=45044 frames=22050 mod64=0 mod128=0 mod256=0 mod4096=3840 mod131072=16128 external=1 requested_caps=1028 free=19804524 largest=16777204

# HOST LOAD 2 4
[Q COMMAND] LOAD 2 4
[Q ACK] load=1
[M6 read] bytes=705600 read_us=1183598 bytes_per_second=596148 original_channels=2 rate=44100 total_psram=33554432
[M6 load] track=2 file_bytes=705644 pcm_bytes=352800 load_publish_us=1696588 payload=8568892 transient=352800 peak_payload=8921883 ps_free=19804524 largest=16777204 internal=174640 display=2304000 fx_delay=352800 reserve=4194304
[M6.1 replacement] retired_clear=1 ps_delta=0 status=READY
[M213 address] track=2 pcm=0x4840bec0 base=0x4840be0c bytes=352991 owner_usable_bytes=360436 frames=176400 mod64=0 mod128=64 mod256=192 mod4096=3776 mod131072=48832 external=1 requested_caps=1028 free=19804524 largest=16777204

# HOST LOAD 1 3
[Q COMMAND] LOAD 1 3
[Q ACK] load=1
[M6 read] bytes=352800 read_us=688550 bytes_per_second=512381 original_channels=1 rate=44100 total_psram=33554432
[M6 load] track=1 file_bytes=352844 pcm_bytes=352800 load_publish_us=1203030 payload=8568892 transient=352800 peak_payload=8921819 ps_free=19804524 largest=16777204 internal=174640 display=2304000 fx_delay=352800 reserve=4194304
[M6.1 replacement] retired_clear=1 ps_delta=0 status=READY
[M213 address] track=1 pcm=0x483b3e80 base=0x483b3e08 bytes=352927 owner_usable_bytes=360436 frames=176400 mod64=0 mod128=0 mod256=128 mod4096=3712 mod131072=81536 external=1 requested_caps=1028 free=19804524 largest=16777204

# HOST LOAD 0 2
[Q COMMAND] LOAD 0 2
[Q ACK] load=1
[M6 read] bytes=352800 read_us=689705 bytes_per_second=511523 original_channels=1 rate=44100 total_psram=33554432
[M6 load] track=0 file_bytes=352844 pcm_bytes=352800 load_publish_us=1234887 payload=4727388 transient=352800 peak_payload=8921755 ps_free=23769452 largest=16777204 internal=174640 display=2304000 fx_delay=352800 reserve=4194304
[M6.1 replacement] retired_clear=1 ps_delta=-3964928 status=READY
[M213 address] track=0 pcm=0x48350e40 base=0x48350e24 bytes=352863 owner_usable_bytes=360436 frames=176400 mod64=0 mod128=64 mod256=64 mod4096=3648 mod131072=69184 external=1 requested_caps=1028 free=23769452 largest=16777204

# HOST STORE 8
[Q COMMAND] STORE 8
[M213 address] track=0 pcm=0x48350e40 base=0x48350e24 bytes=352863 owner_usable_bytes=360436 frames=176400 mod64=0 mod128=64 mod256=64 mod4096=3648 mod131072=69184 external=1 requested_caps=1028 free=23769452 largest=16777204
[M213 address] track=1 pcm=0x483b3e80 base=0x483b3e08 bytes=352927 owner_usable_bytes=360436 frames=176400 mod64=0 mod128=0 mod256=128 mod4096=3712 mod131072=81536 external=1 requested_caps=1028 free=23769452 largest=16777204
[M213 address] track=2 pcm=0x4840bec0 base=0x4840be0c bytes=352991 owner_usable_bytes=360436 frames=176400 mod64=0 mod128=64 mod256=192 mod4096=3776 mod131072=48832 external=1 requested_caps=1028 free=23769452 largest=16777204
[M213 address] track=3 pcm=0x48463f00 base=0x48463e10 bytes=44355 owner_usable_bytes=45044 frames=22050 mod64=0 mod128=0 mod256=0 mod4096=3840 mod131072=16128 external=1 requested_caps=1028 free=23769452 largest=16777204
[M213 address] track=4 pcm=0x4846ef40 base=0x4846ee14 bytes=353119 owner_usable_bytes=360436 frames=176400 mod64=0 mod128=64 mod256=64 mod4096=3904 mod131072=61248 external=1 requested_caps=1028 free=23769452 largest=16777204
[M213 address] track=5 pcm=0x484c6f80 base=0x484c6e18 bytes=353183 owner_usable_bytes=360436 frames=176400 mod64=0 mod128=0 mod256=128 mod4096=3968 mod131072=28544 external=1 requested_caps=1028 free=23769452 largest=16777204
[M213 address] track=6 pcm=0x4851efc0 base=0x4851ee1c bytes=353247 owner_usable_bytes=360436 frames=176400 mod64=0 mod128=64 mod256=192 mod4096=4032 mod131072=126912 external=1 requested_caps=1028 free=23769452 largest=16777204
[M213 address] track=7 pcm=0x48577000 base=0x48576e20 bytes=353311 owner_usable_bytes=360436 frames=176400 mod64=0 mod128=0 mod256=0 mod4096=0 mod131072=94208 external=1 requested_caps=1028 free=23769452 largest=16777204
[M213 address] track=8 pcm=0x485cf040 base=0x485cee24 bytes=44675 owner_usable_bytes=45044 frames=22050 mod64=0 mod128=64 mod256=64 mod4096=64 mod131072=61504 external=1 requested_caps=1028 free=23769452 largest=16777204
[M213 address] track=9 pcm=0x485da080 base=0x485d9e28 bytes=353439 owner_usable_bytes=360436 frames=176400 mod64=0 mod128=0 mod256=128 mod4096=128 mod131072=106624 external=1 requested_caps=1028 free=23769452 largest=16777204
[M213 address] track=10 pcm=0x486320c0 base=0x48631e2c bytes=353503 owner_usable_bytes=360436 frames=176400 mod64=0 mod128=64 mod256=192 mod4096=192 mod131072=73920 external=1 requested_caps=1028 free=23769452 largest=16777204
[M213 address] track=11 pcm=0x4868a100 base=0x48689e30 bytes=353567 owner_usable_bytes=360436 frames=176400 mod64=0 mod128=0 mod256=0 mod4096=256 mod131072=41216 external=1 requested_caps=1028 free=23769452 largest=16777204
[M213 address] track=12 pcm=0x486e2140 base=0x486e1e34 bytes=353631 owner_usable_bytes=360436 frames=176400 mod64=0 mod128=64 mod256=64 mod4096=320 mod131072=8512 external=1 requested_caps=1028 free=23769452 largest=16777204
[M213 address] track=13 pcm=0x4873a180 base=0x48739e38 bytes=44995 owner_usable_bytes=45044 frames=22050 mod64=0 mod128=0 mod256=128 mod4096=384 mod131072=106880 external=1 requested_caps=1028 free=23769452 largest=16777204
[M213 address] track=14 pcm=0x487455c0 base=0x4874523c bytes=353759 owner_usable_bytes=360436 frames=176400 mod64=0 mod128=64 mod256=192 mod4096=1472 mod131072=21952 external=1 requested_caps=1028 free=23769452 largest=16777204
[M213 address] track=15 pcm=0x48f38700 base=0x48f3831c bytes=353823 owner_usable_bytes=360436 frames=176400 mod64=0 mod128=0 mod256=0 mod4096=1792 mod131072=100096 external=1 requested_caps=1028 free=23769452 largest=16777204
[M213 locality] tag=5 order=0 eviction=0 repeats=32 reads=131072 us=6287 max=1951 checksum=3442474688 sweep=0 concurrent_audio=1 cold_proven=0
[M213 locality] tag=5 order=1 eviction=0 repeats=32 reads=131072 us=2311 max=83 checksum=3442474688 sweep=0 concurrent_audio=1 cold_proven=0
[M213 locality] tag=5 order=2 eviction=0 repeats=32 reads=131072 us=6903 max=1971 checksum=3442474688 sweep=0 concurrent_audio=1 cold_proven=0
[M213 locality] tag=5 order=0 eviction=1 repeats=32 reads=131072 us=12449 max=2244 checksum=3442474688 sweep=524288 concurrent_audio=1 cold_proven=0
[M213 locality] tag=5 order=1 eviction=1 repeats=32 reads=131072 us=6442 max=2137 checksum=3442474688 sweep=1048576 concurrent_audio=1 cold_proven=0
[M213 locality] tag=5 order=2 eviction=1 repeats=32 reads=131072 us=11467 max=2252 checksum=3442474688 sweep=1572864 concurrent_audio=1 cold_proven=0
[M213 locality complete] tag=5
[M213 physical] tag=5 complete=1
[Q HEAP] tag=store_done internal=174640 free=23769452 largest=16777204 payload=4727388
[Q STORE DONE] op=8

# HOST STORE 12
[Q COMMAND] STORE 12
[Q HEAP] tag=pressure internal=174640 free=5386580 largest=4718580 payload=4727388
[Q HEAP] tag=store_done internal=174640 free=5386580 largest=4718580 payload=4727388
[Q STORE DONE] op=12

# HOST LOAD 0 5
[Q COMMAND] LOAD 0 5
[Q ACK] load=1
[Q COMMAND] 
[Q ACK] invalid=1

# HOST STATE
[Q COMMAND] STATE
[Q STATE] bpm=120 swing=50 playing=0 mode=0 chain_length=0 chain_loop=0 project_busy=0 restoring=0 sample_busy=0 project_status=PROJECT READY sample_status=Sample exceeds PSRAM budget
[Q TRACK] track=0 source=1 pitch=60 synth_pitch=36 sample_pitch=60 mute=0 solo=0 start=0 end=65535 reverse=0 mode=0 choke=0 cutoff=0 resonance=0 send=127 slices=1 enabled=0 selected=0 frames=176400 waveform=5e370bb2 name=m19p_snare.wav
[Q SLICE] track=0 index=0 start=0 end=65535
[Q TRACK] track=1 source=1 pitch=60 synth_pitch=39 sample_pitch=60 mute=0 solo=0 start=0 end=65535 reverse=0 mode=0 choke=0 cutoff=0 resonance=0 send=127 slices=1 enabled=0 selected=0 frames=176400 waveform=0720701a name=m19p_mixed.wav
[Q SLICE] track=1 index=0 start=0 end=65535
[Q TRACK] track=2 source=1 pitch=60 synth_pitch=42 sample_pitch=60 mute=0 solo=0 start=0 end=65535 reverse=0 mode=0 choke=0 cutoff=0 resonance=0 send=127 slices=1 enabled=0 selected=0 frames=176400 waveform=595ef306 name=m19p_stereo.wav
[Q SLICE] track=2 index=0 start=0 end=65535
[Q TRACK] track=3 source=1 pitch=60 synth_pitch=45 sample_pitch=60 mute=0 solo=0 start=0 end=65535 reverse=0 mode=0 choke=0 cutoff=0 resonance=0 send=127 slices=1 enabled=0 selected=0 frames=22050 waveform=0ee7dbac name=m19p_oneshot.wav
[Q SLICE] track=3 index=0 start=0 end=65535
[Q PATTERN] index=0 length=16 masks=0000,0000,0000
[Q LOCK] pattern=0 step=0 mask=0 slice=0
[Q LOCK] pattern=0 step=1 mask=0 slice=0
[Q LOCK] pattern=0 step=2 mask=0 slice=0
[Q LOCK] pattern=0 step=3 mask=0 slice=0
[Q PATTERN] index=1 length=16 masks=0000,0000,0000
[Q LOCK] pattern=1 step=0 mask=0 slice=0
[Q LOCK] pattern=1 step=1 mask=0 slice=0
[Q LOCK] pattern=1 step=2 mask=0 slice=0
[Q LOCK] pattern=1 step=3 mask=0 slice=0
[Q PATTERN] index=2 length=16 masks=0000,0000,0000
[Q LOCK] pattern=2 step=0 mask=0 slice=0
[Q LOCK] pattern=2 step=1 mask=0 slice=0
[Q LOCK] pattern=2 step=2 mask=0 slice=0
[Q LOCK] pattern=2 step=3 mask=0 slice=0
[Q PATTERN] index=3 length=16 masks=0000,0000,0000
[Q LOCK] pattern=3 step=0 mask=0 slice=0
[Q LOCK] pattern=3 step=1 mask=0 slice=0
[Q LOCK] pattern=3 step=2 mask=0 slice=0
[Q LOCK] pattern=3 step=3 mask=0 slice=0
[Q TRANSIENT] state=0 request=0 progress=0 count=1 stale_discarded=0 apply=0 cancel=0 duration_max_us=0 chunk_max_us=0
[Q PROPOSAL] index=0 start=0 end=65535
[Q HEAP] tag=state internal=174640 free=5386580 largest=4718580
[Q PLAYBACK] triggers=0 reverse=0 gate=0 releases=0 chokes=0 retriggers=0 repeat_accepts=0 repeat_hits=0 chain_loops=0

# HOST STORE 13
[Q COMMAND] STORE 13
[Q HEAP] tag=store_done internal=174640 free=25932268 largest=16777204 payload=4727388
[Q STORE DONE] op=13

# HOST LOAD 0 5
[Q COMMAND] LOAD 0 5
[Q ACK] load=1
[M6 read] bytes=4194304 read_us=7701319 bytes_per_second=544621 original_channels=1 rate=44100 total_psram=33554432
[M6 load] track=0 file_bytes=4194348 pcm_bytes=4194304 load_publish_us=8273327 payload=8568892 transient=4194304 peak_payload=8921755 ps_free=21967340 largest=16777204 internal=174640 display=2304000 fx_delay=352800 reserve=4194304
[M6.1 replacement] retired_clear=1 ps_delta=3964928 status=READY
[M213 address] track=0 pcm=0x4879d240 base=0x4879d240 bytes=4194367 owner_usable_bytes=4325364 frames=2097152 mod64=0 mod128=64 mod256=64 mod4096=576 mod131072=119360 external=1 requested_caps=1028 free=21967340 largest=16777204

# HOST STORE 8
[Q COMMAND] STORE 8
[M213 address] track=0 pcm=0x4879d240 base=0x4879d240 bytes=4194367 owner_usable_bytes=4325364 frames=2097152 mod64=0 mod128=64 mod256=64 mod4096=576 mod131072=119360 external=1 requested_caps=1028 free=21967340 largest=16777204
[M213 address] track=1 pcm=0x483b3e80 base=0x483b3e08 bytes=352927 owner_usable_bytes=360436 frames=176400 mod64=0 mod128=0 mod256=128 mod4096=3712 mod131072=81536 external=1 requested_caps=1028 free=21967340 largest=16777204
[M213 address] track=2 pcm=0x4840bec0 base=0x4840be0c bytes=352991 owner_usable_bytes=360436 frames=176400 mod64=0 mod128=64 mod256=192 mod4096=3776 mod131072=48832 external=1 requested_caps=1028 free=21967340 largest=16777204
[M213 address] track=3 pcm=0x48463f00 base=0x48463e10 bytes=44355 owner_usable_bytes=45044 frames=22050 mod64=0 mod128=0 mod256=0 mod4096=3840 mod131072=16128 external=1 requested_caps=1028 free=21967340 largest=16777204
[M213 address] track=4 pcm=0x4846ef40 base=0x4846ee14 bytes=353119 owner_usable_bytes=360436 frames=176400 mod64=0 mod128=64 mod256=64 mod4096=3904 mod131072=61248 external=1 requested_caps=1028 free=21967340 largest=16777204
[M213 address] track=5 pcm=0x484c6f80 base=0x484c6e18 bytes=353183 owner_usable_bytes=360436 frames=176400 mod64=0 mod128=0 mod256=128 mod4096=3968 mod131072=28544 external=1 requested_caps=1028 free=21967340 largest=16777204
[M213 address] track=6 pcm=0x4851efc0 base=0x4851ee1c bytes=353247 owner_usable_bytes=360436 frames=176400 mod64=0 mod128=64 mod256=192 mod4096=4032 mod131072=126912 external=1 requested_caps=1028 free=21967340 largest=16777204
[M213 address] track=7 pcm=0x48577000 base=0x48576e20 bytes=353311 owner_usable_bytes=360436 frames=176400 mod64=0 mod128=0 mod256=0 mod4096=0 mod131072=94208 external=1 requested_caps=1028 free=21967340 largest=16777204
[M213 address] track=8 pcm=0x485cf040 base=0x485cee24 bytes=44675 owner_usable_bytes=45044 frames=22050 mod64=0 mod128=64 mod256=64 mod4096=64 mod131072=61504 external=1 requested_caps=1028 free=21967340 largest=16777204
[M213 address] track=9 pcm=0x485da080 base=0x485d9e28 bytes=353439 owner_usable_bytes=360436 frames=176400 mod64=0 mod128=0 mod256=128 mod4096=128 mod131072=106624 external=1 requested_caps=1028 free=21967340 largest=16777204
[M213 address] track=10 pcm=0x486320c0 base=0x48631e2c bytes=353503 owner_usable_bytes=360436 frames=176400 mod64=0 mod128=64 mod256=192 mod4096=192 mod131072=73920 external=1 requested_caps=1028 free=21967340 largest=16777204
[M213 address] track=11 pcm=0x4868a100 base=0x48689e30 bytes=353567 owner_usable_bytes=360436 frames=176400 mod64=0 mod128=0 mod256=0 mod4096=256 mod131072=41216 external=1 requested_caps=1028 free=21967340 largest=16777204
[M213 address] track=12 pcm=0x486e2140 base=0x486e1e34 bytes=353631 owner_usable_bytes=360436 frames=176400 mod64=0 mod128=64 mod256=64 mod4096=320 mod131072=8512 external=1 requested_caps=1028 free=21967340 largest=16777204
[M213 address] track=13 pcm=0x4873a180 base=0x48739e38 bytes=44995 owner_usable_bytes=45044 frames=22050 mod64=0 mod128=0 mod256=128 mod4096=384 mod131072=106880 external=1 requested_caps=1028 free=21967340 largest=16777204
[M213 address] track=14 pcm=0x487455c0 base=0x4874523c bytes=353759 owner_usable_bytes=360436 frames=176400 mod64=0 mod128=64 mod256=192 mod4096=1472 mod131072=21952 external=1 requested_caps=1028 free=21967340 largest=16777204
[M213 address] track=15 pcm=0x48f38700 base=0x48f3831c bytes=353823 owner_usable_bytes=360436 frames=176400 mod64=0 mod128=0 mod256=0 mod4096=1792 mod131072=100096 external=1 requested_caps=1028 free=21967340 largest=16777204
[M213 locality] tag=6 order=0 eviction=0 repeats=32 reads=131072 us=4480 max=273 checksum=3441764352 sweep=0 concurrent_audio=1 cold_proven=0
[M213 locality] tag=6 order=1 eviction=0 repeats=32 reads=131072 us=4107 max=1880 checksum=3441764352 sweep=0 concurrent_audio=1 cold_proven=0
[M213 locality] tag=6 order=2 eviction=0 repeats=32 reads=131072 us=6923 max=1972 checksum=3441764352 sweep=0 concurrent_audio=1 cold_proven=0
[M213 locality] tag=6 order=0 eviction=1 repeats=32 reads=131072 us=8374 max=2230 checksum=3441764352 sweep=524288 concurrent_audio=1 cold_proven=0
[M213 locality] tag=6 order=1 eviction=1 repeats=32 reads=131072 us=8520 max=2241 checksum=3441764352 sweep=1048576 concurrent_audio=1 cold_proven=0
[M213 locality] tag=6 order=2 eviction=1 repeats=32 reads=131072 us=13667 max=2337 checksum=3441764352 sweep=1572864 concurrent_audio=1 cold_proven=0
[M213 locality complete] tag=6
[M213 physical] tag=6 complete=1
[Q HEAP] tag=store_done internal=174640 free=21967340 largest=16777204 payload=8568892
[Q STORE DONE] op=8

# HOST SAVE M213_LAYOUT_QUAL
[Q COMMAND] SAVE M213_LAYOUT_QUAL
[Q ACK] save=1

# HOST PROJECT M213_LAYOUT_QUAL
[Q COMMAND] PROJECT M213_LAYOUT_QUAL
[Q ACK] project=1
[Q COMMAND] 
[Q ACK] invalid=1

# HOST STATE
[Q COMMAND] STATE
[Q STATE] bpm=120 swing=50 playing=0 mode=0 chain_length=0 chain_loop=0 project_busy=1 restoring=1 sample_busy=0 project_status=LOADING SAMPLES 1/16 sample_status=SAMPLE READY
[Q TRACK] track=0 source=1 pitch=60 synth_pitch=36 sample_pitch=60 mute=0 solo=0 start=0 end=65535 reverse=0 mode=0 choke=0 cutoff=0 resonance=0 send=127 slices=1 enabled=0 selected=0 frames=0 waveform=5f6c8245 name=
[Q SLICE] track=0 index=0 start=0 end=65535
[Q TRACK] track=1 source=1 pitch=60 synth_pitch=39 sample_pitch=60 mute=0 solo=0 start=0 end=65535 reverse=0 mode=0 choke=0 cutoff=0 resonance=0 send=127 slices=1 enabled=0 selected=0 frames=0 waveform=5f6c8245 name=
[Q SLICE] track=1 index=0 start=0 end=65535
[Q TRACK] track=2 source=1 pitch=60 synth_pitch=42 sample_pitch=60 mute=0 solo=0 start=0 end=65535 reverse=0 mode=0 choke=0 cutoff=0 resonance=0 send=127 slices=1 enabled=0 selected=0 frames=0 waveform=5f6c8245 name=
[Q SLICE] track=2 index=0 start=0 end=65535
[Q TRACK] track=3 source=1 pitch=60 synth_pitch=45 sample_pitch=60 mute=0 solo=0 start=0 end=65535 reverse=0 mode=0 choke=0 cutoff=0 resonance=0 send=127 slices=1 enabled=0 selected=0 frames=0 waveform=5f6c8245 name=
[Q SLICE] track=3 index=0 start=0 end=65535
[Q PATTERN] index=0 length=16 masks=0000,0000,0000
[Q LOCK] pattern=0 step=0 mask=0 slice=0
[Q LOCK] pattern=0 step=1 mask=0 slice=0
[Q LOCK] pattern=0 step=2 mask=0 slice=0
[Q LOCK] pattern=0 step=3 mask=0 slice=0
[Q PATTERN] index=1 length=16 masks=0000,0000,0000
[Q LOCK] pattern=1 step=0 mask=0 slice=0
[Q LOCK] pattern=1 step=1 mask=0 slice=0
[Q LOCK] pattern=1 step=2 mask=0 slice=0
[Q LOCK] pattern=1 step=3 mask=0 slice=0
[Q PATTERN] index=2 length=16 masks=0000,0000,0000
[Q LOCK] pattern=2 step=0 mask=0 slice=0
[Q LOCK] pattern=2 step=1 mask=0 slice=0
[Q LOCK] pattern=2 step=2 mask=0 slice=0
[Q LOCK] pattern=2 step=3 mask=0 slice=0
[Q PATTERN] index=3 length=16 masks=0000,0000,0000
[Q LOCK] pattern=3 step=0 mask=0 slice=0
[Q LOCK] pattern=3 step=1 mask=0 slice=0
[Q LOCK] pattern=3 step=2 mask=0 slice=0
[Q LOCK] pattern=3 step=3 mask=0 slice=0
[Q TRANSIENT] state=0 request=0 progress=0 count=1 stale_discarded=0 apply=0 cancel=0 duration_max_us=0 chunk_max_us=0
[Q PROPOSAL] index=0 start=0 end=65535
[Q HEAP] tag=state internal=193680 free=26427944 largest=26214388
[Q PLAYBACK] triggers=0 reverse=0 gate=0 releases=0 chokes=0 retriggers=0 repeat_accepts=0 repeat_hits=0 chain_loops=0
[Q COMMAND] 
[Q ACK] invalid=1

# HOST STATE
[Q COMMAND] STATE
[Q STATE] bpm=120 swing=50 playing=0 mode=0 chain_length=0 chain_loop=0 project_busy=1 restoring=1 sample_busy=0 project_status=LOADING SAMPLES 1/16 sample_status=SAMPLE READY
[Q TRACK] track=0 source=1 pitch=60 synth_pitch=36 sample_pitch=60 mute=0 solo=0 start=0 end=65535 reverse=0 mode=0 choke=0 cutoff=0 resonance=0 send=127 slices=1 enabled=0 selected=0 frames=0 waveform=5f6c8245 name=
[Q SLICE] track=0 index=0 start=0 end=65535
[Q TRACK] track=1 source=1 pitch=60 synth_pitch=39 sample_pitch=60 mute=0 solo=0 start=0 end=65535 reverse=0 mode=0 choke=0 cutoff=0 resonance=0 send=127 slices=1 enabled=0 selected=0 frames=0 waveform=5f6c8245 name=
[Q SLICE] track=1 index=0 start=0 end=65535
[Q TRACK] track=2 source=1 pitch=60 synth_pitch=42 sample_pitch=60 mute=0 solo=0 start=0 end=65535 reverse=0 mode=0 choke=0 cutoff=0 resonance=0 send=127 slices=1 enabled=0 selected=0 frames=0 waveform=5f6c8245 name=
[Q SLICE] track=2 index=0 start=0 end=65535
[Q TRACK] track=3 source=1 pitch=60 synth_pitch=45 sample_pitch=60 mute=0 solo=0 start=0 end=65535 reverse=0 mode=0 choke=0 cutoff=0 resonance=0 send=127 slices=1 enabled=0 selected=0 frames=0 waveform=5f6c8245 name=
[Q SLICE] track=3 index=0 start=0 end=65535
[Q PATTERN] index=0 length=16 masks=0000,0000,0000
[Q LOCK] pattern=0 step=0 mask=0 slice=0
[Q LOCK] pattern=0 step=1 mask=0 slice=0
[Q LOCK] pattern=0 step=2 mask=0 slice=0
[Q LOCK] pattern=0 step=3 mask=0 slice=0
[Q PATTERN] index=1 length=16 masks=0000,0000,0000
[Q LOCK] pattern=1 step=0 mask=0 slice=0
[Q LOCK] pattern=1 step=1 mask=0 slice=0
[Q LOCK] pattern=1 step=2 mask=0 slice=0
[Q LOCK] pattern=1 step=3 mask=0 slice=0
[Q PATTERN] index=2 length=16 masks=0000,0000,0000
[Q LOCK] pattern=2 step=0 mask=0 slice=0
[Q LOCK] pattern=2 step=1 mask=0 slice=0
[Q LOCK] pattern=2 step=2 mask=0 slice=0
[Q LOCK] pattern=2 step=3 mask=0 slice=0
[Q PATTERN] index=3 length=16 masks=0000,0000,0000
[Q LOCK] pattern=3 step=0 mask=0 slice=0
[Q LOCK] pattern=3 step=1 mask=0 slice=0
[Q LOCK] pattern=3 step=2 mask=0 slice=0
[Q LOCK] pattern=3 step=3 mask=0 slice=0
[Q TRANSIENT] state=0 request=0 progress=0 count=1 stale_discarded=0 apply=0 cancel=0 duration_max_us=0 chunk_max_us=0
[Q PROPOSAL] index=0 start=0 end=65535
[Q HEAP] tag=state internal=193152 free=26427944 largest=26214388
[Q PLAYBACK] triggers=0 reverse=0 gate=0 releases=0 chokes=0 retriggers=0 repeat_accepts=0 repeat_hits=0 chain_loops=0
[Q COMMAND] 
[Q ACK] invalid=1

# HOST STATE
[Q COMMAND] STATE
[Q STATE] bpm=120 swing=50 playing=0 mode=0 chain_length=0 chain_loop=0 project_busy=1 restoring=1 sample_busy=0 project_status=LOADING SAMPLES 1/16 sample_status=SAMPLE READY
[Q TRACK] track=0 source=1 pitch=60 synth_pitch=36 sample_pitch=60 mute=0 solo=0 start=0 end=65535 reverse=0 mode=0 choke=0 cutoff=0 resonance=0 send=127 slices=1 enabled=0 selected=0 frames=0 waveform=5f6c8245 name=
[Q SLICE] track=0 index=0 start=0 end=65535
[Q TRACK] track=1 source=1 pitch=60 synth_pitch=39 sample_pitch=60 mute=0 solo=0 start=0 end=65535 reverse=0 mode=0 choke=0 cutoff=0 resonance=0 send=127 slices=1 enabled=0 selected=0 frames=0 waveform=5f6c8245 name=
[Q SLICE] track=1 index=0 start=0 end=65535
[Q TRACK] track=2 source=1 pitch=60 synth_pitch=42 sample_pitch=60 mute=0 solo=0 start=0 end=65535 reverse=0 mode=0 choke=0 cutoff=0 resonance=0 send=127 slices=1 enabled=0 selected=0 frames=0 waveform=5f6c8245 name=
[Q SLICE] track=2 index=0 start=0 end=65535
[Q TRACK] track=3 source=1 pitch=60 synth_pitch=45 sample_pitch=60 mute=0 solo=0 start=0 end=65535 reverse=0 mode=0 choke=0 cutoff=0 resonance=0 send=127 slices=1 enabled=0 selected=0 frames=0 waveform=5f6c8245 name=
[Q SLICE] track=3 index=0 start=0 end=65535
[Q PATTERN] index=0 length=16 masks=0000,0000,0000
[Q LOCK] pattern=0 step=0 mask=0 slice=0
[Q LOCK] pattern=0 step=1 mask=0 slice=0
[Q LOCK] pattern=0 step=2 mask=0 slice=0
[Q LOCK] pattern=0 step=3 mask=0 slice=0
[Q PATTERN] index=1 length=16 masks=0000,0000,0000
[Q LOCK] pattern=1 step=0 mask=0 slice=0
[Q LOCK] pattern=1 step=1 mask=0 slice=0
[Q LOCK] pattern=1 step=2 mask=0 slice=0
[Q LOCK] pattern=1 step=3 mask=0 slice=0
[Q PATTERN] index=2 length=16 masks=0000,0000,0000
[Q LOCK] pattern=2 step=0 mask=0 slice=0
[Q LOCK] pattern=2 step=1 mask=0 slice=0
[Q LOCK] pattern=2 step=2 mask=0 slice=0
[Q LOCK] pattern=2 step=3 mask=0 slice=0
[Q PATTERN] index=3 length=16 masks=0000,0000,0000
[Q LOCK] pattern=3 step=0 mask=0 slice=0
[Q LOCK] pattern=3 step=1 mask=0 slice=0
[Q LOCK] pattern=3 step=2 mask=0 slice=0
[Q LOCK] pattern=3 step=3 mask=0 slice=0
[Q TRANSIENT] state=0 request=0 progress=0 count=1 stale_discarded=0 apply=0 cancel=0 duration_max_us=0 chunk_max_us=0
[Q PROPOSAL] index=0 start=0 end=65535
[Q HEAP] tag=state internal=193152 free=26427944 largest=26214388
[Q PLAYBACK] triggers=0 reverse=0 gate=0 releases=0 chokes=0 retriggers=0 repeat_accepts=0 repeat_hits=0 chain_loops=0
[Q COMMAND] 
[Q ACK] invalid=1

# HOST STATE
[Q COMMAND] STATE
[Q STATE] bpm=120 swing=50 playing=0 mode=0 chain_length=0 chain_loop=0 project_busy=1 restoring=1 sample_busy=0 project_status=LOADING SAMPLES 1/16 sample_status=SAMPLE READY
[Q TRACK] track=0 source=1 pitch=60 synth_pitch=36 sample_pitch=60 mute=0 solo=0 start=0 end=65535 reverse=0 mode=0 choke=0 cutoff=0 resonance=0 send=127 slices=1 enabled=0 selected=0 frames=0 waveform=5f6c8245 name=
[Q SLICE] track=0 index=0 start=0 end=65535
[Q TRACK] track=1 source=1 pitch=60 synth_pitch=39 sample_pitch=60 mute=0 solo=0 start=0 end=65535 reverse=0 mode=0 choke=0 cutoff=0 resonance=0 send=127 slices=1 enabled=0 selected=0 frames=0 waveform=5f6c8245 name=
[Q SLICE] track=1 index=0 start=0 end=65535
[Q TRACK] track=2 source=1 pitch=60 synth_pitch=42 sample_pitch=60 mute=0 solo=0 start=0 end=65535 reverse=0 mode=0 choke=0 cutoff=0 resonance=0 send=127 slices=1 enabled=0 selected=0 frames=0 waveform=5f6c8245 name=
[Q SLICE] track=2 index=0 start=0 end=65535
[Q TRACK] track=3 source=1 pitch=60 synth_pitch=45 sample_pitch=60 mute=0 solo=0 start=0 end=65535 reverse=0 mode=0 choke=0 cutoff=0 resonance=0 send=127 slices=1 enabled=0 selected=0 frames=0 waveform=5f6c8245 name=
[Q SLICE] track=3 index=0 start=0 end=65535
[Q PATTERN] index=0 length=16 masks=0000,0000,0000
[Q LOCK] pattern=0 step=0 mask=0 slice=0
[Q LOCK] pattern=0 step=1 mask=0 slice=0
[Q LOCK] pattern=0 step=2 mask=0 slice=0
[Q LOCK] pattern=0 step=3 mask=0 slice=0
[Q PATTERN] index=1 length=16 masks=0000,0000,0000
[Q LOCK] pattern=1 step=0 mask=0 slice=0
[Q LOCK] pattern=1 step=1 mask=0 slice=0
[Q LOCK] pattern=1 step=2 mask=0 slice=0
[Q LOCK] pattern=1 step=3 mask=0 slice=0
[Q PATTERN] index=2 length=16 masks=0000,0000,0000
[Q LOCK] pattern=2 step=0 mask=0 slice=0
[Q LOCK] pattern=2 step=1 mask=0 slice=0
[Q LOCK] pattern=2 step=2 mask=0 slice=0
[Q LOCK] pattern=2 step=3 mask=0 slice=0
[Q PATTERN] index=3 length=16 masks=0000,0000,0000
[Q LOCK] pattern=3 step=0 mask=0 slice=0
[Q LOCK] pattern=3 step=1 mask=0 slice=0
[Q LOCK] pattern=3 step=2 mask=0 slice=0
[Q LOCK] pattern=3 step=3 mask=0 slice=0
[Q TRANSIENT] state=0 request=0 progress=0 count=1 stale_discarded=0 apply=0 cancel=0 duration_max_us=0 chunk_max_us=0
[Q PROPOSAL] index=0 start=0 end=65535
[Q HEAP] tag=state internal=193152 free=26427944 largest=26214388
[Q PLAYBACK] triggers=0 reverse=0 gate=0 releases=0 chokes=0 retriggers=0 repeat_accepts=0 repeat_hits=0 chain_loops=0
[Q COMMAND] 
[Q ACK] invalid=1

# HOST STATE
[Q COMMAND] STATE
[Q STATE] bpm=120 swing=50 playing=0 mode=0 chain_length=0 chain_loop=0 project_busy=1 restoring=1 sample_busy=0 project_status=LOADING SAMPLES 1/16 sample_status=SAMPLE READY
[Q TRACK] track=0 source=1 pitch=60 synth_pitch=36 sample_pitch=60 mute=0 solo=0 start=0 end=65535 reverse=0 mode=0 choke=0 cutoff=0 resonance=0 send=127 slices=1 enabled=0 selected=0 frames=0 waveform=5f6c8245 name=
[Q SLICE] track=0 index=0 start=0 end=65535
[Q TRACK] track=1 source=1 pitch=60 synth_pitch=39 sample_pitch=60 mute=0 solo=0 start=0 end=65535 reverse=0 mode=0 choke=0 cutoff=0 resonance=0 send=127 slices=1 enabled=0 selected=0 frames=0 waveform=5f6c8245 name=
[Q SLICE] track=1 index=0 start=0 end=65535
[Q TRACK] track=2 source=1 pitch=60 synth_pitch=42 sample_pitch=60 mute=0 solo=0 start=0 end=65535 reverse=0 mode=0 choke=0 cutoff=0 resonance=0 send=127 slices=1 enabled=0 selected=0 frames=0 waveform=5f6c8245 name=
[Q SLICE] track=2 index=0 start=0 end=65535
[Q TRACK] track=3 source=1 pitch=60 synth_pitch=45 sample_pitch=60 mute=0 solo=0 start=0 end=65535 reverse=0 mode=0 choke=0 cutoff=0 resonance=0 send=127 slices=1 enabled=0 selected=0 frames=0 waveform=5f6c8245 name=
[Q SLICE] track=3 index=0 start=0 end=65535
[Q PATTERN] index=0 length=16 masks=0000,0000,0000
[Q LOCK] pattern=0 step=0 mask=0 slice=0
[Q LOCK] pattern=0 step=1 mask=0 slice=0
[Q LOCK] pattern=0 step=2 mask=0 slice=0
[Q LOCK] pattern=0 step=3 mask=0 slice=0
[Q PATTERN] index=1 length=16 masks=0000,0000,0000
[Q LOCK] pattern=1 step=0 mask=0 slice=0
[Q LOCK] pattern=1 step=1 mask=0 slice=0
[Q LOCK] pattern=1 step=2 mask=0 slice=0
[Q LOCK] pattern=1 step=3 mask=0 slice=0
[Q PATTERN] index=2 length=16 masks=0000,0000,0000
[Q LOCK] pattern=2 step=0 mask=0 slice=0
[Q LOCK] pattern=2 step=1 mask=0 slice=0
[Q LOCK] pattern=2 step=2 mask=0 slice=0
[Q LOCK] pattern=2 step=3 mask=0 slice=0
[Q PATTERN] index=3 length=16 masks=0000,0000,0000
[Q LOCK] pattern=3 step=0 mask=0 slice=0
[Q LOCK] pattern=3 step=1 mask=0 slice=0
[Q LOCK] pattern=3 step=2 mask=0 slice=0
[Q LOCK] pattern=3 step=3 mask=0 slice=0
[Q TRANSIENT] state=0 request=0 progress=0 count=1 stale_discarded=0 apply=0 cancel=0 duration_max_us=0 chunk_max_us=0
[Q PROPOSAL] index=0 start=0 end=65535
[Q HEAP] tag=state internal=198484 free=26427944 largest=26214388
[Q PLAYBACK] triggers=0 reverse=0 gate=0 releases=0 chokes=0 retriggers=0 repeat_accepts=0 repeat_hits=0 chain_loops=0
[M6 read] bytes=4194304 read_us=7836022 bytes_per_second=535259 original_channels=1 rate=44100 total_psram=33554432
[M6 load] track=0 file_bytes=4194348 pcm_bytes=4194304 load_publish_us=8407786 payload=4194367 transient=4194304 peak_payload=4194367 ps_free=26427944 largest=26214388 internal=198484 display=2304000 fx_delay=352800 reserve=4194304
[M6.1 replacement] retired_clear=1 ps_delta=4325380 status=READY
[M213 address] track=0 pcm=0x482abe00 base=0x482abdfc bytes=4194367 owner_usable_bytes=4325364 frames=2097152 mod64=0 mod128=0 mod256=0 mod4096=3584 mod131072=48640 external=1 requested_caps=1028 free=26427944 largest=26214388
[Q COMMAND] 
[Q ACK] invalid=1

# HOST STATE
[Q COMMAND] STATE
[Q STATE] bpm=120 swing=50 playing=0 mode=0 chain_length=0 chain_loop=0 project_busy=1 restoring=1 sample_busy=0 project_status=LOADING SAMPLES 2/16 sample_status=SAMPLE READY
[Q TRACK] track=0 source=1 pitch=60 synth_pitch=36 sample_pitch=60 mute=0 solo=0 start=0 end=65535 reverse=0 mode=0 choke=0 cutoff=0 resonance=0 send=127 slices=1 enabled=0 selected=0 frames=2097152 waveform=0e481651 name=m19p_large.wav
[Q SLICE] track=0 index=0 start=0 end=65535
[Q TRACK] track=1 source=1 pitch=60 synth_pitch=39 sample_pitch=60 mute=0 solo=0 start=0 end=65535 reverse=0 mode=0 choke=0 cutoff=0 resonance=0 send=127 slices=1 enabled=0 selected=0 frames=0 waveform=5f6c8245 name=
[Q SLICE] track=1 index=0 start=0 end=65535
[Q TRACK] track=2 source=1 pitch=60 synth_pitch=42 sample_pitch=60 mute=0 solo=0 start=0 end=65535 reverse=0 mode=0 choke=0 cutoff=0 resonance=0 send=127 slices=1 enabled=0 selected=0 frames=0 waveform=5f6c8245 name=
[Q SLICE] track=2 index=0 start=0 end=65535
[Q TRACK] track=3 source=1 pitch=60 synth_pitch=45 sample_pitch=60 mute=0 solo=0 start=0 end=65535 reverse=0 mode=0 choke=0 cutoff=0 resonance=0 send=127 slices=1 enabled=0 selected=0 frames=0 waveform=5f6c8245 name=
[Q SLICE] track=3 index=0 start=0 end=65535
[Q PATTERN] index=0 length=16 masks=0000,0000,0000
[Q LOCK] pattern=0 step=0 mask=0 slice=0
[Q LOCK] pattern=0 step=1 mask=0 slice=0
[Q LOCK] pattern=0 step=2 mask=0 slice=0
[Q LOCK] pattern=0 step=3 mask=0 slice=0
[Q PATTERN] index=1 length=16 masks=0000,0000,0000
[Q LOCK] pattern=1 step=0 mask=0 slice=0
[Q LOCK] pattern=1 step=1 mask=0 slice=0
[Q LOCK] pattern=1 step=2 mask=0 slice=0
[Q LOCK] pattern=1 step=3 mask=0 slice=0
[Q PATTERN] index=2 length=16 masks=0000,0000,0000
[Q LOCK] pattern=2 step=0 mask=0 slice=0
[Q LOCK] pattern=2 step=1 mask=0 slice=0
[Q LOCK] pattern=2 step=2 mask=0 slice=0
[Q LOCK] pattern=2 step=3 mask=0 slice=0
[Q PATTERN] index=3 length=16 masks=0000,0000,0000
[Q LOCK] pattern=3 step=0 mask=0 slice=0
[Q LOCK] pattern=3 step=1 mask=0 slice=0
[Q LOCK] pattern=3 step=2 mask=0 slice=0
[Q LOCK] pattern=3 step=3 mask=0 slice=0
[Q TRANSIENT] state=0 request=0 progress=0 count=1 stale_discarded=0 apply=0 cancel=0 duration_max_us=0 chunk_max_us=0
[Q PROPOSAL] index=0 start=0 end=65535
[Q HEAP] tag=state internal=196880 free=26067492 largest=25690100
[Q PLAYBACK] triggers=0 reverse=0 gate=0 releases=0 chokes=0 retriggers=0 repeat_accepts=0 repeat_hits=0 chain_loops=0
[M6 read] bytes=352800 read_us=684544 bytes_per_second=515379 original_channels=1 rate=44100 total_psram=33554432
[M6 load] track=1 file_bytes=352844 pcm_bytes=352800 load_publish_us=1444553 payload=4547294 transient=352800 peak_payload=4547294 ps_free=26067492 largest=25690100 internal=196880 display=2304000 fx_delay=352800 reserve=4194304
[M6.1 replacement] retired_clear=1 ps_delta=360452 status=READY
[M213 address] track=1 pcm=0x486cbe40 base=0x486cbe00 bytes=352927 owner_usable_bytes=360436 frames=176400 mod64=0 mod128=64 mod256=64 mod4096=3648 mod131072=48704 external=1 requested_caps=1028 free=26067492 largest=25690100
[Q COMMAND] 
[Q ACK] invalid=1

# HOST STATE
[Q COMMAND] STATE
[Q STATE] bpm=120 swing=50 playing=0 mode=0 chain_length=0 chain_loop=0 project_busy=1 restoring=1 sample_busy=0 project_status=LOADING SAMPLES 3/16 sample_status=SAMPLE READY
[Q TRACK] track=0 source=1 pitch=60 synth_pitch=36 sample_pitch=60 mute=0 solo=0 start=0 end=65535 reverse=0 mode=0 choke=0 cutoff=0 resonance=0 send=127 slices=1 enabled=0 selected=0 frames=2097152 waveform=0e481651 name=m19p_large.wav
[Q SLICE] track=0 index=0 start=0 end=65535
[Q TRACK] track=1 source=1 pitch=60 synth_pitch=39 sample_pitch=60 mute=0 solo=0 start=0 end=65535 reverse=0 mode=0 choke=0 cutoff=0 resonance=0 send=127 slices=1 enabled=0 selected=0 frames=176400 waveform=0720701a name=m19p_mixed.wav
[Q SLICE] track=1 index=0 start=0 end=65535
[Q TRACK] track=2 source=1 pitch=60 synth_pitch=42 sample_pitch=60 mute=0 solo=0 start=0 end=65535 reverse=0 mode=0 choke=0 cutoff=0 resonance=0 send=127 slices=1 enabled=0 selected=0 frames=0 waveform=5f6c8245 name=
[Q SLICE] track=2 index=0 start=0 end=65535
[Q TRACK] track=3 source=1 pitch=60 synth_pitch=45 sample_pitch=60 mute=0 solo=0 start=0 end=65535 reverse=0 mode=0 choke=0 cutoff=0 resonance=0 send=127 slices=1 enabled=0 selected=0 frames=0 waveform=5f6c8245 name=
[Q SLICE] track=3 index=0 start=0 end=65535
[Q PATTERN] index=0 length=16 masks=0000,0000,0000
[Q LOCK] pattern=0 step=0 mask=0 slice=0
[Q LOCK] pattern=0 step=1 mask=0 slice=0
[Q LOCK] pattern=0 step=2 mask=0 slice=0
[Q LOCK] pattern=0 step=3 mask=0 slice=0
[Q PATTERN] index=1 length=16 masks=0000,0000,0000
[Q LOCK] pattern=1 step=0 mask=0 slice=0
[Q LOCK] pattern=1 step=1 mask=0 slice=0
[Q LOCK] pattern=1 step=2 mask=0 slice=0
[Q LOCK] pattern=1 step=3 mask=0 slice=0
[Q PATTERN] index=2 length=16 masks=0000,0000,0000
[Q LOCK] pattern=2 step=0 mask=0 slice=0
[Q LOCK] pattern=2 step=1 mask=0 slice=0
[Q LOCK] pattern=2 step=2 mask=0 slice=0
[Q LOCK] pattern=2 step=3 mask=0 slice=0
[Q PATTERN] index=3 length=16 masks=0000,0000,0000
[Q LOCK] pattern=3 step=0 mask=0 slice=0
[Q LOCK] pattern=3 step=1 mask=0 slice=0
[Q LOCK] pattern=3 step=2 mask=0 slice=0
[Q LOCK] pattern=3 step=3 mask=0 slice=0
[Q TRANSIENT] state=0 request=0 progress=0 count=1 stale_discarded=0 apply=0 cancel=0 duration_max_us=0 chunk_max_us=0
[Q PROPOSAL] index=0 start=0 end=65535
[Q HEAP] tag=state internal=195276 free=25707040 largest=25690100
[Q PLAYBACK] triggers=0 reverse=0 gate=0 releases=0 chokes=0 retriggers=0 repeat_accepts=0 repeat_hits=0 chain_loops=0
[M6 read] bytes=705600 read_us=1250776 bytes_per_second=564129 original_channels=2 rate=44100 total_psram=33554432
[M6 load] track=2 file_bytes=705644 pcm_bytes=352800 load_publish_us=1776186 payload=4900285 transient=352800 peak_payload=4900285 ps_free=25707040 largest=25690100 internal=195276 display=2304000 fx_delay=352800 reserve=4194304
[M6.1 replacement] retired_clear=1 ps_delta=360452 status=READY
[M213 address] track=2 pcm=0x48723ec0 base=0x48723e04 bytes=352991 owner_usable_bytes=360436 frames=176400 mod64=0 mod128=64 mod256=192 mod4096=3776 mod131072=16064 external=1 requested_caps=1028 free=25707040 largest=25690100
[M6 read] bytes=44100 read_us=85107 bytes_per_second=518171 original_channels=1 rate=44100 total_psram=33554432
[M6 load] track=3 file_bytes=44144 pcm_bytes=44100 load_publish_us=597115 payload=4944640 transient=44100 peak_payload=4944640 ps_free=25661980 largest=25165812 internal=193672 display=2304000 fx_delay=352800 reserve=4194304
[M6.1 replacement] retired_clear=1 ps_delta=45060 status=READY
[M213 address] track=3 pcm=0x4877bf00 base=0x4877be08 bytes=44355 owner_usable_bytes=45044 frames=22050 mod64=0 mod128=0 mod256=0 mod4096=3840 mod131072=114432 external=1 requested_caps=1028 free=25661980 largest=25165812
[Q COMMAND] 
[Q ACK] invalid=1

# HOST STATE
[Q COMMAND] STATE
[Q STATE] bpm=120 swing=50 playing=0 mode=0 chain_length=0 chain_loop=0 project_busy=1 restoring=1 sample_busy=0 project_status=LOADING SAMPLES 5/16 sample_status=SAMPLE READY
[Q TRACK] track=0 source=1 pitch=60 synth_pitch=36 sample_pitch=60 mute=0 solo=0 start=0 end=65535 reverse=0 mode=0 choke=0 cutoff=0 resonance=0 send=127 slices=1 enabled=0 selected=0 frames=2097152 waveform=0e481651 name=m19p_large.wav
[Q SLICE] track=0 index=0 start=0 end=65535
[Q TRACK] track=1 source=1 pitch=60 synth_pitch=39 sample_pitch=60 mute=0 solo=0 start=0 end=65535 reverse=0 mode=0 choke=0 cutoff=0 resonance=0 send=127 slices=1 enabled=0 selected=0 frames=176400 waveform=0720701a name=m19p_mixed.wav
[Q SLICE] track=1 index=0 start=0 end=65535
[Q TRACK] track=2 source=1 pitch=60 synth_pitch=42 sample_pitch=60 mute=0 solo=0 start=0 end=65535 reverse=0 mode=0 choke=0 cutoff=0 resonance=0 send=127 slices=1 enabled=0 selected=0 frames=176400 waveform=595ef306 name=m19p_stereo.wav
[Q SLICE] track=2 index=0 start=0 end=65535
[Q TRACK] track=3 source=1 pitch=60 synth_pitch=45 sample_pitch=60 mute=0 solo=0 start=0 end=65535 reverse=0 mode=0 choke=0 cutoff=0 resonance=0 send=127 slices=1 enabled=0 selected=0 frames=22050 waveform=0ee7dbac name=m19p_oneshot.wav
[Q SLICE] track=3 index=0 start=0 end=65535
[Q PATTERN] index=0 length=16 masks=0000,0000,0000
[Q LOCK] pattern=0 step=0 mask=0 slice=0
[Q LOCK] pattern=0 step=1 mask=0 slice=0
[Q LOCK] pattern=0 step=2 mask=0 slice=0
[Q LOCK] pattern=0 step=3 mask=0 slice=0
[Q PATTERN] index=1 length=16 masks=0000,0000,0000
[Q LOCK] pattern=1 step=0 mask=0 slice=0
[Q LOCK] pattern=1 step=1 mask=0 slice=0
[Q LOCK] pattern=1 step=2 mask=0 slice=0
[Q LOCK] pattern=1 step=3 mask=0 slice=0
[Q PATTERN] index=2 length=16 masks=0000,0000,0000
[Q LOCK] pattern=2 step=0 mask=0 slice=0
[Q LOCK] pattern=2 step=1 mask=0 slice=0
[Q LOCK] pattern=2 step=2 mask=0 slice=0
[Q LOCK] pattern=2 step=3 mask=0 slice=0
[Q PATTERN] index=3 length=16 masks=0000,0000,0000
[Q LOCK] pattern=3 step=0 mask=0 slice=0
[Q LOCK] pattern=3 step=1 mask=0 slice=0
[Q LOCK] pattern=3 step=2 mask=0 slice=0
[Q LOCK] pattern=3 step=3 mask=0 slice=0
[Q TRANSIENT] state=0 request=0 progress=0 count=1 stale_discarded=0 apply=0 cancel=0 duration_max_us=0 chunk_max_us=0
[Q PROPOSAL] index=0 start=0 end=65535
[Q HEAP] tag=state internal=192068 free=25301528 largest=25165812
[Q PLAYBACK] triggers=0 reverse=0 gate=0 releases=0 chokes=0 retriggers=0 repeat_accepts=0 repeat_hits=0 chain_loops=0
[M6 read] bytes=352800 read_us=692676 bytes_per_second=509329 original_channels=1 rate=44100 total_psram=33554432
[M6 load] track=4 file_bytes=352844 pcm_bytes=352800 load_publish_us=1209440 payload=5297759 transient=352800 peak_payload=5297759 ps_free=25301528 largest=25165812 internal=192068 display=2304000 fx_delay=352800 reserve=4194304
[M6.1 replacement] retired_clear=1 ps_delta=360452 status=READY
[M213 address] track=4 pcm=0x48786f40 base=0x48786e0c bytes=353119 owner_usable_bytes=360436 frames=176400 mod64=0 mod128=64 mod256=64 mod4096=3904 mod131072=28480 external=1 requested_caps=1028 free=25301528 largest=25165812
[Q COMMAND] 
[Q ACK] invalid=1

# HOST STATE
[Q COMMAND] STATE
[Q STATE] bpm=120 swing=50 playing=0 mode=0 chain_length=0 chain_loop=0 project_busy=1 restoring=1 sample_busy=0 project_status=LOADING SAMPLES 6/16 sample_status=SAMPLE READY
[Q TRACK] track=0 source=1 pitch=60 synth_pitch=36 sample_pitch=60 mute=0 solo=0 start=0 end=65535 reverse=0 mode=0 choke=0 cutoff=0 resonance=0 send=127 slices=1 enabled=0 selected=0 frames=2097152 waveform=0e481651 name=m19p_large.wav
[Q SLICE] track=0 index=0 start=0 end=65535
[Q TRACK] track=1 source=1 pitch=60 synth_pitch=39 sample_pitch=60 mute=0 solo=0 start=0 end=65535 reverse=0 mode=0 choke=0 cutoff=0 resonance=0 send=127 slices=1 enabled=0 selected=0 frames=176400 waveform=0720701a name=m19p_mixed.wav
[Q SLICE] track=1 index=0 start=0 end=65535
[Q TRACK] track=2 source=1 pitch=60 synth_pitch=42 sample_pitch=60 mute=0 solo=0 start=0 end=65535 reverse=0 mode=0 choke=0 cutoff=0 resonance=0 send=127 slices=1 enabled=0 selected=0 frames=176400 waveform=595ef306 name=m19p_stereo.wav
[Q SLICE] track=2 index=0 start=0 end=65535
[Q TRACK] track=3 source=1 pitch=60 synth_pitch=45 sample_pitch=60 mute=0 solo=0 start=0 end=65535 reverse=0 mode=0 choke=0 cutoff=0 resonance=0 send=127 slices=1 enabled=0 selected=0 frames=22050 waveform=0ee7dbac name=m19p_oneshot.wav
[Q SLICE] track=3 index=0 start=0 end=65535
[Q PATTERN] index=0 length=16 masks=0000,0000,0000
[Q LOCK] pattern=0 step=0 mask=0 slice=0
[Q LOCK] pattern=0 step=1 mask=0 slice=0
[Q LOCK] pattern=0 step=2 mask=0 slice=0
[Q LOCK] pattern=0 step=3 mask=0 slice=0
[Q PATTERN] index=1 length=16 masks=0000,0000,0000
[Q LOCK] pattern=1 step=0 mask=0 slice=0
[Q LOCK] pattern=1 step=1 mask=0 slice=0
[Q LOCK] pattern=1 step=2 mask=0 slice=0
[Q LOCK] pattern=1 step=3 mask=0 slice=0
[Q PATTERN] index=2 length=16 masks=0000,0000,0000
[Q LOCK] pattern=2 step=0 mask=0 slice=0
[Q LOCK] pattern=2 step=1 mask=0 slice=0
[Q LOCK] pattern=2 step=2 mask=0 slice=0
[Q LOCK] pattern=2 step=3 mask=0 slice=0
[Q PATTERN] index=3 length=16 masks=0000,0000,0000
[Q LOCK] pattern=3 step=0 mask=0 slice=0
[Q LOCK] pattern=3 step=1 mask=0 slice=0
[Q LOCK] pattern=3 step=2 mask=0 slice=0
[Q LOCK] pattern=3 step=3 mask=0 slice=0
[Q TRANSIENT] state=0 request=0 progress=0 count=1 stale_discarded=0 apply=0 cancel=0 duration_max_us=0 chunk_max_us=0
[Q PROPOSAL] index=0 start=0 end=65535
[Q HEAP] tag=state internal=190464 free=24941076 largest=24641524
[Q PLAYBACK] triggers=0 reverse=0 gate=0 releases=0 chokes=0 retriggers=0 repeat_accepts=0 repeat_hits=0 chain_loops=0
[M6 read] bytes=352800 read_us=756892 bytes_per_second=466116 original_channels=1 rate=44100 total_psram=33554432
[M6 load] track=5 file_bytes=352844 pcm_bytes=352800 load_publish_us=1530370 payload=5650942 transient=352800 peak_payload=5650942 ps_free=24941076 largest=24641524 internal=190464 display=2304000 fx_delay=352800 reserve=4194304
[M6.1 replacement] retired_clear=1 ps_delta=360452 status=READY
[M213 address] track=5 pcm=0x487def80 base=0x487dee10 bytes=353183 owner_usable_bytes=360436 frames=176400 mod64=0 mod128=0 mod256=128 mod4096=3968 mod131072=126848 external=1 requested_caps=1028 free=24941076 largest=24641524
[Q COMMAND] 
[Q ACK] invalid=1

# HOST STATE
[M6 read] bytes=352800 read_us=760955 bytes_per_second=463627 original_channels=1 rate=44100 total_psram=33554432
[Q COMMAND] STATE
[Q STATE] bpm=120 swing=50 playing=0 mode=0 chain_length=0 chain_loop=0 project_busy=1 restoring=1 sample_busy=0 project_status=LOADING SAMPLES 7/16 sample_status=SAMPLE READY
[Q TRACK] track=0 source=1 pitch=60 synth_pitch=36 sample_pitch=60 mute=0 solo=0 start=0 end=65535 reverse=0 mode=0 choke=0 cutoff=0 resonance=0 send=127 slices=1 enabled=0 selected=0 frames=2097152 waveform=0e481651 name=m19p_large.wav
[Q SLICE] track=0 index=0 start=0 end=65535
[Q TRACK] track=1 source=1 pitch=60 synth_pitch=39 sample_pitch=60 mute=0 solo=0 start=0 end=65535 reverse=0 mode=0 choke=0 cutoff=0 resonance=0 send=127 slices=1 enabled=0 selected=0 frames=176400 waveform=0720701a name=m19p_mixed.wav
[Q SLICE] track=1 index=0 start=0 end=65535
[Q TRACK] track=2 source=1 pitch=60 synth_pitch=42 sample_pitch=60 mute=0 solo=0 start=0 end=65535 reverse=0 mode=0 choke=0 cutoff=0 resonance=0 send=127 slices=1 enabled=0 selected=0 frames=176400 waveform=595ef306 name=m19p_stereo.wav
[Q SLICE] track=2 index=0 start=0 end=65535
[Q TRACK] track=3 source=1 pitch=60 synth_pitch=45 sample_pitch=60 mute=0 solo=0 start=0 end=65535 reverse=0 mode=0 choke=0 cutoff=0 resonance=0 send=127 slices=1 enabled=0 selected=0 frames=22050 waveform=0ee7dbac name=m19p_oneshot.wav
[Q SLICE] track=3 index=0 start=0 end=65535
[Q PATTERN] index=0 length=16 masks=0000,0000,0000
[Q LOCK] pattern=0 step=0 mask=0 slice=0
[Q LOCK] pattern=0 step=1 mask=0 slice=0
[Q LOCK] pattern=0 step=2 mask=0 slice=0
[Q LOCK] pattern=0 step=3 mask=0 slice=0
[Q PATTERN] index=1 length=16 masks=0000,0000,0000
[Q LOCK] pattern=1 step=0 mask=0 slice=0
[Q LOCK] pattern=1 step=1 mask=0 slice=0
[Q LOCK] pattern=1 step=2 mask=0 slice=0
[Q LOCK] pattern=1 step=3 mask=0 slice=0
[Q PATTERN] index=2 length=16 masks=0000,0000,0000
[Q LOCK] pattern=2 step=0 mask=0 slice=0
[Q LOCK] pattern=2 step=1 mask=0 slice=0
[Q LOCK] pattern=2 step=2 mask=0 slice=0
[Q LOCK] pattern=2 step=3 mask=0 slice=0
[Q PATTERN] index=3 length=16 masks=0000,0000,0000
[Q LOCK] pattern=3 step=0 mask=0 slice=0
[Q LOCK] pattern=3 step=1 mask=0 slice=0
[Q LOCK] pattern=3 step=2 mask=0 slice=0
[Q LOCK] pattern=3 step=3 mask=0 slice=0
[Q TRANSIENT] state=0 request=0 progress=0 count=1 stale_discarded=0 apply=0 cancel=0 duration_max_us=0 chunk_max_us=0
[Q PROPOSAL] index=0 start=0 end=65535
[Q HEAP] tag=state internal=188860 free=24580624 largest=24117236
[Q PLAYBACK] triggers=0 reverse=0 gate=0 releases=0 chokes=0 retriggers=0 repeat_accepts=0 repeat_hits=0 chain_loops=0
[M6 load] track=6 file_bytes=352844 pcm_bytes=352800 load_publish_us=1277039 payload=6004189 transient=352800 peak_payload=6004189 ps_free=24580624 largest=24117236 internal=188860 display=2304000 fx_delay=352800 reserve=4194304
[M6.1 replacement] retired_clear=1 ps_delta=360452 status=READY
[M213 address] track=6 pcm=0x48836fc0 base=0x48836e14 bytes=353247 owner_usable_bytes=360436 frames=176400 mod64=0 mod128=64 mod256=192 mod4096=4032 mod131072=94144 external=1 requested_caps=1028 free=24580624 largest=24117236
[Q COMMAND] 
[Q ACK] invalid=1

# HOST STATE
[Q COMMAND] STATE
[Q STATE] bpm=120 swing=50 playing=0 mode=0 chain_length=0 chain_loop=0 project_busy=1 restoring=1 sample_busy=0 project_status=LOADING SAMPLES 8/16 sample_status=SAMPLE READY
[Q TRACK] track=0 source=1 pitch=60 synth_pitch=36 sample_pitch=60 mute=0 solo=0 start=0 end=65535 reverse=0 mode=0 choke=0 cutoff=0 resonance=0 send=127 slices=1 enabled=0 selected=0 frames=2097152 waveform=0e481651 name=m19p_large.wav
[Q SLICE] track=0 index=0 start=0 end=65535
[Q TRACK] track=1 source=1 pitch=60 synth_pitch=39 sample_pitch=60 mute=0 solo=0 start=0 end=65535 reverse=0 mode=0 choke=0 cutoff=0 resonance=0 send=127 slices=1 enabled=0 selected=0 frames=176400 waveform=0720701a name=m19p_mixed.wav
[Q SLICE] track=1 index=0 start=0 end=65535
[Q TRACK] track=2 source=1 pitch=60 synth_pitch=42 sample_pitch=60 mute=0 solo=0 start=0 end=65535 reverse=0 mode=0 choke=0 cutoff=0 resonance=0 send=127 slices=1 enabled=0 selected=0 frames=176400 waveform=595ef306 name=m19p_stereo.wav
[Q SLICE] track=2 index=0 start=0 end=65535
[Q TRACK] track=3 source=1 pitch=60 synth_pitch=45 sample_pitch=60 mute=0 solo=0 start=0 end=65535 reverse=0 mode=0 choke=0 cutoff=0 resonance=0 send=127 slices=1 enabled=0 selected=0 frames=22050 waveform=0ee7dbac name=m19p_oneshot.wav
[Q SLICE] track=3 index=0 start=0 end=65535
[Q PATTERN] index=0 length=16 masks=0000,0000,0000
[Q LOCK] pattern=0 step=0 mask=0 slice=0
[Q LOCK] pattern=0 step=1 mask=0 slice=0
[Q LOCK] pattern=0 step=2 mask=0 slice=0
[Q LOCK] pattern=0 step=3 mask=0 slice=0
[Q PATTERN] index=1 length=16 masks=0000,0000,0000
[Q LOCK] pattern=1 step=0 mask=0 slice=0
[Q LOCK] pattern=1 step=1 mask=0 slice=0
[Q LOCK] pattern=1 step=2 mask=0 slice=0
[Q LOCK] pattern=1 step=3 mask=0 slice=0
[Q PATTERN] index=2 length=16 masks=0000,0000,0000
[Q LOCK] pattern=2 step=0 mask=0 slice=0
[Q LOCK] pattern=2 step=1 mask=0 slice=0
[Q LOCK] pattern=2 step=2 mask=0 slice=0
[Q LOCK] pattern=2 step=3 mask=0 slice=0
[Q PATTERN] index=3 length=16 masks=0000,0000,0000
[Q LOCK] pattern=3 step=0 mask=0 slice=0
[Q LOCK] pattern=3 step=1 mask=0 slice=0
[Q LOCK] pattern=3 step=2 mask=0 slice=0
[Q LOCK] pattern=3 step=3 mask=0 slice=0
[Q TRANSIENT] state=0 request=0 progress=0 count=1 stale_discarded=0 apply=0 cancel=0 duration_max_us=0 chunk_max_us=0
[Q PROPOSAL] index=0 start=0 end=65535
[Q HEAP] tag=state internal=187256 free=24220172 largest=24117236
[Q PLAYBACK] triggers=0 reverse=0 gate=0 releases=0 chokes=0 retriggers=0 repeat_accepts=0 repeat_hits=0 chain_loops=0
[M6 read] bytes=705600 read_us=1250000 bytes_per_second=564480 original_channels=2 rate=44100 total_psram=33554432
[M6 load] track=7 file_bytes=705644 pcm_bytes=352800 load_publish_us=1862009 payload=6357500 transient=352800 peak_payload=6357500 ps_free=24220172 largest=24117236 internal=187256 display=2304000 fx_delay=352800 reserve=4194304
[M6.1 replacement] retired_clear=1 ps_delta=360452 status=READY
[M213 address] track=7 pcm=0x4888f000 base=0x4888ee18 bytes=353311 owner_usable_bytes=360436 frames=176400 mod64=0 mod128=0 mod256=0 mod4096=0 mod131072=61440 external=1 requested_caps=1028 free=24220172 largest=24117236
[M6 read] bytes=44100 read_us=89355 bytes_per_second=493537 original_channels=1 rate=44100 total_psram=33554432
[M6 load] track=8 file_bytes=44144 pcm_bytes=44100 load_publish_us=600318 payload=6402175 transient=44100 peak_payload=6402175 ps_free=24175112 largest=24117236 internal=185652 display=2304000 fx_delay=352800 reserve=4194304
[M6.1 replacement] retired_clear=1 ps_delta=45060 status=READY
[M213 address] track=8 pcm=0x488e7040 base=0x488e6e1c bytes=44675 owner_usable_bytes=45044 frames=22050 mod64=0 mod128=64 mod256=64 mod4096=64 mod131072=28736 external=1 requested_caps=1028 free=24175112 largest=24117236
[Q COMMAND] 
[Q ACK] invalid=1

# HOST STATE
[Q COMMAND] STATE
[Q STATE] bpm=120 swing=50 playing=0 mode=0 chain_length=0 chain_loop=0 project_busy=1 restoring=1 sample_busy=0 project_status=LOADING SAMPLES 10/16 sample_status=SAMPLE READY
[Q TRACK] track=0 source=1 pitch=60 synth_pitch=36 sample_pitch=60 mute=0 solo=0 start=0 end=65535 reverse=0 mode=0 choke=0 cutoff=0 resonance=0 send=127 slices=1 enabled=0 selected=0 frames=2097152 waveform=0e481651 name=m19p_large.wav
[Q SLICE] track=0 index=0 start=0 end=65535
[Q TRACK] track=1 source=1 pitch=60 synth_pitch=39 sample_pitch=60 mute=0 solo=0 start=0 end=65535 reverse=0 mode=0 choke=0 cutoff=0 resonance=0 send=127 slices=1 enabled=0 selected=0 frames=176400 waveform=0720701a name=m19p_mixed.wav
[Q SLICE] track=1 index=0 start=0 end=65535
[Q TRACK] track=2 source=1 pitch=60 synth_pitch=42 sample_pitch=60 mute=0 solo=0 start=0 end=65535 reverse=0 mode=0 choke=0 cutoff=0 resonance=0 send=127 slices=1 enabled=0 selected=0 frames=176400 waveform=595ef306 name=m19p_stereo.wav
[Q SLICE] track=2 index=0 start=0 end=65535
[Q TRACK] track=3 source=1 pitch=60 synth_pitch=45 sample_pitch=60 mute=0 solo=0 start=0 end=65535 reverse=0 mode=0 choke=0 cutoff=0 resonance=0 send=127 slices=1 enabled=0 selected=0 frames=22050 waveform=0ee7dbac name=m19p_oneshot.wav
[Q SLICE] track=3 index=0 start=0 end=65535
[Q PATTERN] index=0 length=16 masks=0000,0000,0000
[Q LOCK] pattern=0 step=0 mask=0 slice=0
[Q LOCK] pattern=0 step=1 mask=0 slice=0
[Q LOCK] pattern=0 step=2 mask=0 slice=0
[Q LOCK] pattern=0 step=3 mask=0 slice=0
[Q PATTERN] index=1 length=16 masks=0000,0000,0000
[Q LOCK] pattern=1 step=0 mask=0 slice=0
[Q LOCK] pattern=1 step=1 mask=0 slice=0
[Q LOCK] pattern=1 step=2 mask=0 slice=0
[Q LOCK] pattern=1 step=3 mask=0 slice=0
[Q PATTERN] index=2 length=16 masks=0000,0000,0000
[Q LOCK] pattern=2 step=0 mask=0 slice=0
[Q LOCK] pattern=2 step=1 mask=0 slice=0
[Q LOCK] pattern=2 step=2 mask=0 slice=0
[Q LOCK] pattern=2 step=3 mask=0 slice=0
[Q PATTERN] index=3 length=16 masks=0000,0000,0000
[Q LOCK] pattern=3 step=0 mask=0 slice=0
[Q LOCK] pattern=3 step=1 mask=0 slice=0
[Q LOCK] pattern=3 step=2 mask=0 slice=0
[Q LOCK] pattern=3 step=3 mask=0 slice=0
[Q TRANSIENT] state=0 request=0 progress=0 count=1 stale_discarded=0 apply=0 cancel=0 duration_max_us=0 chunk_max_us=0
[Q PROPOSAL] index=0 start=0 end=65535
[Q HEAP] tag=state internal=184048 free=23814660 largest=23592948
[Q PLAYBACK] triggers=0 reverse=0 gate=0 releases=0 chokes=0 retriggers=0 repeat_accepts=0 repeat_hits=0 chain_loops=0
[M6 read] bytes=352800 read_us=745761 bytes_per_second=473073 original_channels=1 rate=44100 total_psram=33554432
[M6 load] track=9 file_bytes=352844 pcm_bytes=352800 load_publish_us=1262770 payload=6755614 transient=352800 peak_payload=6755614 ps_free=23814660 largest=23592948 internal=184048 display=2304000 fx_delay=352800 reserve=4194304
[M6.1 replacement] retired_clear=1 ps_delta=360452 status=READY
[M213 address] track=9 pcm=0x488f2080 base=0x488f1e20 bytes=353439 owner_usable_bytes=360436 frames=176400 mod64=0 mod128=0 mod256=128 mod4096=128 mod131072=73856 external=1 requested_caps=1028 free=23814660 largest=23592948
[Q COMMAND] 
[Q ACK] invalid=1

# HOST STATE
[Q COMMAND] STATE
[Q STATE] bpm=120 swing=50 playing=0 mode=0 chain_length=0 chain_loop=0 project_busy=1 restoring=1 sample_busy=0 project_status=LOADING SAMPLES 11/16 sample_status=SAMPLE READY
[Q TRACK] track=0 source=1 pitch=60 synth_pitch=36 sample_pitch=60 mute=0 solo=0 start=0 end=65535 reverse=0 mode=0 choke=0 cutoff=0 resonance=0 send=127 slices=1 enabled=0 selected=0 frames=2097152 waveform=0e481651 name=m19p_large.wav
[Q SLICE] track=0 index=0 start=0 end=65535
[Q TRACK] track=1 source=1 pitch=60 synth_pitch=39 sample_pitch=60 mute=0 solo=0 start=0 end=65535 reverse=0 mode=0 choke=0 cutoff=0 resonance=0 send=127 slices=1 enabled=0 selected=0 frames=176400 waveform=0720701a name=m19p_mixed.wav
[Q SLICE] track=1 index=0 start=0 end=65535
[Q TRACK] track=2 source=1 pitch=60 synth_pitch=42 sample_pitch=60 mute=0 solo=0 start=0 end=65535 reverse=0 mode=0 choke=0 cutoff=0 resonance=0 send=127 slices=1 enabled=0 selected=0 frames=176400 waveform=595ef306 name=m19p_stereo.wav
[Q SLICE] track=2 index=0 start=0 end=65535
[Q TRACK] track=3 source=1 pitch=60 synth_pitch=45 sample_pitch=60 mute=0 solo=0 start=0 end=65535 reverse=0 mode=0 choke=0 cutoff=0 resonance=0 send=127 slices=1 enabled=0 selected=0 frames=22050 waveform=0ee7dbac name=m19p_oneshot.wav
[Q SLICE] track=3 index=0 start=0 end=65535
[Q PATTERN] index=0 length=16 masks=0000,0000,0000
[Q LOCK] pattern=0 step=0 mask=0 slice=0
[Q LOCK] pattern=0 step=1 mask=0 slice=0
[Q LOCK] pattern=0 step=2 mask=0 slice=0
[Q LOCK] pattern=0 step=3 mask=0 slice=0
[Q PATTERN] index=1 length=16 masks=0000,0000,0000
[Q LOCK] pattern=1 step=0 mask=0 slice=0
[Q LOCK] pattern=1 step=1 mask=0 slice=0
[Q LOCK] pattern=1 step=2 mask=0 slice=0
[Q LOCK] pattern=1 step=3 mask=0 slice=0
[Q PATTERN] index=2 length=16 masks=0000,0000,0000
[Q LOCK] pattern=2 step=0 mask=0 slice=0
[Q LOCK] pattern=2 step=1 mask=0 slice=0
[Q LOCK] pattern=2 step=2 mask=0 slice=0
[Q LOCK] pattern=2 step=3 mask=0 slice=0
[Q PATTERN] index=3 length=16 masks=0000,0000,0000
[Q LOCK] pattern=3 step=0 mask=0 slice=0
[Q LOCK] pattern=3 step=1 mask=0 slice=0
[Q LOCK] pattern=3 step=2 mask=0 slice=0
[Q LOCK] pattern=3 step=3 mask=0 slice=0
[Q TRANSIENT] state=0 request=0 progress=0 count=1 stale_discarded=0 apply=0 cancel=0 duration_max_us=0 chunk_max_us=0
[Q PROPOSAL] index=0 start=0 end=65535
[Q HEAP] tag=state internal=182444 free=23454208 largest=23068660
[Q PLAYBACK] triggers=0 reverse=0 gate=0 releases=0 chokes=0 retriggers=0 repeat_accepts=0 repeat_hits=0 chain_loops=0
[M6 read] bytes=352800 read_us=678480 bytes_per_second=519985 original_channels=1 rate=44100 total_psram=33554432
[M6 load] track=10 file_bytes=352844 pcm_bytes=352800 load_publish_us=1482491 payload=7109117 transient=352800 peak_payload=7109117 ps_free=23454208 largest=23068660 internal=182444 display=2304000 fx_delay=352800 reserve=4194304
[M6.1 replacement] retired_clear=1 ps_delta=360452 status=READY
[M213 address] track=10 pcm=0x4894a0c0 base=0x48949e24 bytes=353503 owner_usable_bytes=360436 frames=176400 mod64=0 mod128=64 mod256=192 mod4096=192 mod131072=41152 external=1 requested_caps=1028 free=23454208 largest=23068660
[Q COMMAND] 
[Q ACK] invalid=1

# HOST STATE
[M6 read] bytes=352800 read_us=766794 bytes_per_second=460097 original_channels=1 rate=44100 total_psram=33554432
[Q COMMAND] STATE
[Q STATE] bpm=120 swing=50 playing=0 mode=0 chain_length=0 chain_loop=0 project_busy=1 restoring=1 sample_busy=0 project_status=LOADING SAMPLES 12/16 sample_status=SAMPLE READY
[Q TRACK] track=0 source=1 pitch=60 synth_pitch=36 sample_pitch=60 mute=0 solo=0 start=0 end=65535 reverse=0 mode=0 choke=0 cutoff=0 resonance=0 send=127 slices=1 enabled=0 selected=0 frames=2097152 waveform=0e481651 name=m19p_large.wav
[Q SLICE] track=0 index=0 start=0 end=65535
[Q TRACK] track=1 source=1 pitch=60 synth_pitch=39 sample_pitch=60 mute=0 solo=0 start=0 end=65535 reverse=0 mode=0 choke=0 cutoff=0 resonance=0 send=127 slices=1 enabled=0 selected=0 frames=176400 waveform=0720701a name=m19p_mixed.wav
[Q SLICE] track=1 index=0 start=0 end=65535
[Q TRACK] track=2 source=1 pitch=60 synth_pitch=42 sample_pitch=60 mute=0 solo=0 start=0 end=65535 reverse=0 mode=0 choke=0 cutoff=0 resonance=0 send=127 slices=1 enabled=0 selected=0 frames=176400 waveform=595ef306 name=m19p_stereo.wav
[Q SLICE] track=2 index=0 start=0 end=65535
[Q TRACK] track=3 source=1 pitch=60 synth_pitch=45 sample_pitch=60 mute=0 solo=0 start=0 end=65535 reverse=0 mode=0 choke=0 cutoff=0 resonance=0 send=127 slices=1 enabled=0 selected=0 frames=22050 waveform=0ee7dbac name=m19p_oneshot.wav
[Q SLICE] track=3 index=0 start=0 end=65535
[Q PATTERN] index=0 length=16 masks=0000,0000,0000
[Q LOCK] pattern=0 step=0 mask=0 slice=0
[Q LOCK] pattern=0 step=1 mask=0 slice=0
[Q LOCK] pattern=0 step=2 mask=0 slice=0
[Q LOCK] pattern=0 step=3 mask=0 slice=0
[Q PATTERN] index=1 length=16 masks=0000,0000,0000
[Q LOCK] pattern=1 step=0 mask=0 slice=0
[Q LOCK] pattern=1 step=1 mask=0 slice=0
[Q LOCK] pattern=1 step=2 mask=0 slice=0
[Q LOCK] pattern=1 step=3 mask=0 slice=0
[Q PATTERN] index=2 length=16 masks=0000,0000,0000
[Q LOCK] pattern=2 step=0 mask=0 slice=0
[Q LOCK] pattern=2 step=1 mask=0 slice=0
[Q LOCK] pattern=2 step=2 mask=0 slice=0
[Q LOCK] pattern=2 step=3 mask=0 slice=0
[Q PATTERN] index=3 length=16 masks=0000,0000,0000
[Q LOCK] pattern=3 step=0 mask=0 slice=0
[Q LOCK] pattern=3 step=1 mask=0 slice=0
[Q LOCK] pattern=3 step=2 mask=0 slice=0
[Q LOCK] pattern=3 step=3 mask=0 slice=0
[Q TRANSIENT] state=0 request=0 progress=0 count=1 stale_discarded=0 apply=0 cancel=0 duration_max_us=0 chunk_max_us=0
[Q PROPOSAL] index=0 start=0 end=65535
[Q HEAP] tag=state internal=180840 free=23093756 largest=23068660
[Q PLAYBACK] triggers=0 reverse=0 gate=0 releases=0 chokes=0 retriggers=0 repeat_accepts=0 repeat_hits=0 chain_loops=0
[M6 load] track=11 file_bytes=352844 pcm_bytes=352800 load_publish_us=1282874 payload=7462684 transient=352800 peak_payload=7462684 ps_free=23093756 largest=23068660 internal=180840 display=2304000 fx_delay=352800 reserve=4194304
[M6.1 replacement] retired_clear=1 ps_delta=360452 status=READY
[M213 address] track=11 pcm=0x489a2100 base=0x489a1e28 bytes=353567 owner_usable_bytes=360436 frames=176400 mod64=0 mod128=0 mod256=0 mod4096=256 mod131072=8448 external=1 requested_caps=1028 free=23093756 largest=23068660
[Q COMMAND] 
[Q ACK] invalid=1

# HOST STATE
[Q COMMAND] STATE
[Q STATE] bpm=120 swing=50 playing=0 mode=0 chain_length=0 chain_loop=0 project_busy=1 restoring=1 sample_busy=0 project_status=LOADING SAMPLES 13/16 sample_status=SAMPLE READY
[Q TRACK] track=0 source=1 pitch=60 synth_pitch=36 sample_pitch=60 mute=0 solo=0 start=0 end=65535 reverse=0 mode=0 choke=0 cutoff=0 resonance=0 send=127 slices=1 enabled=0 selected=0 frames=2097152 waveform=0e481651 name=m19p_large.wav
[Q SLICE] track=0 index=0 start=0 end=65535
[Q TRACK] track=1 source=1 pitch=60 synth_pitch=39 sample_pitch=60 mute=0 solo=0 start=0 end=65535 reverse=0 mode=0 choke=0 cutoff=0 resonance=0 send=127 slices=1 enabled=0 selected=0 frames=176400 waveform=0720701a name=m19p_mixed.wav
[Q SLICE] track=1 index=0 start=0 end=65535
[Q TRACK] track=2 source=1 pitch=60 synth_pitch=42 sample_pitch=60 mute=0 solo=0 start=0 end=65535 reverse=0 mode=0 choke=0 cutoff=0 resonance=0 send=127 slices=1 enabled=0 selected=0 frames=176400 waveform=595ef306 name=m19p_stereo.wav
[Q SLICE] track=2 index=0 start=0 end=65535
[Q TRACK] track=3 source=1 pitch=60 synth_pitch=45 sample_pitch=60 mute=0 solo=0 start=0 end=65535 reverse=0 mode=0 choke=0 cutoff=0 resonance=0 send=127 slices=1 enabled=0 selected=0 frames=22050 waveform=0ee7dbac name=m19p_oneshot.wav
[Q SLICE] track=3 index=0 start=0 end=65535
[Q PATTERN] index=0 length=16 masks=0000,0000,0000
[Q LOCK] pattern=0 step=0 mask=0 slice=0
[Q LOCK] pattern=0 step=1 mask=0 slice=0
[Q LOCK] pattern=0 step=2 mask=0 slice=0
[Q LOCK] pattern=0 step=3 mask=0 slice=0
[Q PATTERN] index=1 length=16 masks=0000,0000,0000
[Q LOCK] pattern=1 step=0 mask=0 slice=0
[Q LOCK] pattern=1 step=1 mask=0 slice=0
[Q LOCK] pattern=1 step=2 mask=0 slice=0
[Q LOCK] pattern=1 step=3 mask=0 slice=0
[Q PATTERN] index=2 length=16 masks=0000,0000,0000
[Q LOCK] pattern=2 step=0 mask=0 slice=0
[Q LOCK] pattern=2 step=1 mask=0 slice=0
[Q LOCK] pattern=2 step=2 mask=0 slice=0
[Q LOCK] pattern=2 step=3 mask=0 slice=0
[Q PATTERN] index=3 length=16 masks=0000,0000,0000
[Q LOCK] pattern=3 step=0 mask=0 slice=0
[Q LOCK] pattern=3 step=1 mask=0 slice=0
[Q LOCK] pattern=3 step=2 mask=0 slice=0
[Q LOCK] pattern=3 step=3 mask=0 slice=0
[Q TRANSIENT] state=0 request=0 progress=0 count=1 stale_discarded=0 apply=0 cancel=0 duration_max_us=0 chunk_max_us=0
[Q PROPOSAL] index=0 start=0 end=65535
[Q HEAP] tag=state internal=179236 free=22733304 largest=22544372
[Q PLAYBACK] triggers=0 reverse=0 gate=0 releases=0 chokes=0 retriggers=0 repeat_accepts=0 repeat_hits=0 chain_loops=0
[M6 read] bytes=705600 read_us=1180604 bytes_per_second=597660 original_channels=2 rate=44100 total_psram=33554432
[M6 load] track=12 file_bytes=705644 pcm_bytes=352800 load_publish_us=1786614 payload=7816315 transient=352800 peak_payload=7816315 ps_free=22733304 largest=22544372 internal=179236 display=2304000 fx_delay=352800 reserve=4194304
[M6.1 replacement] retired_clear=1 ps_delta=360452 status=READY
[M213 address] track=12 pcm=0x489fa140 base=0x489f9e2c bytes=353631 owner_usable_bytes=360436 frames=176400 mod64=0 mod128=64 mod256=64 mod4096=320 mod131072=106816 external=1 requested_caps=1028 free=22733304 largest=22544372
[M6 read] bytes=44100 read_us=84348 bytes_per_second=522833 original_channels=1 rate=44100 total_psram=33554432
[M6 load] track=13 file_bytes=44144 pcm_bytes=44100 load_publish_us=598354 payload=7861310 transient=44100 peak_payload=7861310 ps_free=22688244 largest=22544372 internal=177632 display=2304000 fx_delay=352800 reserve=4194304
[M6.1 replacement] retired_clear=1 ps_delta=45060 status=READY
[M213 address] track=13 pcm=0x48a52180 base=0x48a51e30 bytes=44995 owner_usable_bytes=45044 frames=22050 mod64=0 mod128=0 mod256=128 mod4096=384 mod131072=74112 external=1 requested_caps=1028 free=22688244 largest=22544372
[Q COMMAND] 
[Q ACK] invalid=1

# HOST STATE
[Q COMMAND] STATE
[Q STATE] bpm=120 swing=50 playing=0 mode=0 chain_length=0 chain_loop=0 project_busy=1 restoring=1 sample_busy=0 project_status=LOADING SAMPLES 15/16 sample_status=SAMPLE READY
[Q TRACK] track=0 source=1 pitch=60 synth_pitch=36 sample_pitch=60 mute=0 solo=0 start=0 end=65535 reverse=0 mode=0 choke=0 cutoff=0 resonance=0 send=127 slices=1 enabled=0 selected=0 frames=2097152 waveform=0e481651 name=m19p_large.wav
[Q SLICE] track=0 index=0 start=0 end=65535
[Q TRACK] track=1 source=1 pitch=60 synth_pitch=39 sample_pitch=60 mute=0 solo=0 start=0 end=65535 reverse=0 mode=0 choke=0 cutoff=0 resonance=0 send=127 slices=1 enabled=0 selected=0 frames=176400 waveform=0720701a name=m19p_mixed.wav
[Q SLICE] track=1 index=0 start=0 end=65535
[Q TRACK] track=2 source=1 pitch=60 synth_pitch=42 sample_pitch=60 mute=0 solo=0 start=0 end=65535 reverse=0 mode=0 choke=0 cutoff=0 resonance=0 send=127 slices=1 enabled=0 selected=0 frames=176400 waveform=595ef306 name=m19p_stereo.wav
[Q SLICE] track=2 index=0 start=0 end=65535
[Q TRACK] track=3 source=1 pitch=60 synth_pitch=45 sample_pitch=60 mute=0 solo=0 start=0 end=65535 reverse=0 mode=0 choke=0 cutoff=0 resonance=0 send=127 slices=1 enabled=0 selected=0 frames=22050 waveform=0ee7dbac name=m19p_oneshot.wav
[Q SLICE] track=3 index=0 start=0 end=65535
[Q PATTERN] index=0 length=16 masks=0000,0000,0000
[Q LOCK] pattern=0 step=0 mask=0 slice=0
[Q LOCK] pattern=0 step=1 mask=0 slice=0
[Q LOCK] pattern=0 step=2 mask=0 slice=0
[Q LOCK] pattern=0 step=3 mask=0 slice=0
[Q PATTERN] index=1 length=16 masks=0000,0000,0000
[Q LOCK] pattern=1 step=0 mask=0 slice=0
[Q LOCK] pattern=1 step=1 mask=0 slice=0
[Q LOCK] pattern=1 step=2 mask=0 slice=0
[Q LOCK] pattern=1 step=3 mask=0 slice=0
[Q PATTERN] index=2 length=16 masks=0000,0000,0000
[Q LOCK] pattern=2 step=0 mask=0 slice=0
[Q LOCK] pattern=2 step=1 mask=0 slice=0
[Q LOCK] pattern=2 step=2 mask=0 slice=0
[Q LOCK] pattern=2 step=3 mask=0 slice=0
[Q PATTERN] index=3 length=16 masks=0000,0000,0000
[Q LOCK] pattern=3 step=0 mask=0 slice=0
[Q LOCK] pattern=3 step=1 mask=0 slice=0
[Q LOCK] pattern=3 step=2 mask=0 slice=0
[Q LOCK] pattern=3 step=3 mask=0 slice=0
[Q TRANSIENT] state=0 request=0 progress=0 count=1 stale_discarded=0 apply=0 cancel=0 duration_max_us=0 chunk_max_us=0
[Q PROPOSAL] index=0 start=0 end=65535
[Q HEAP] tag=state internal=176028 free=22327792 largest=22020084
[Q PLAYBACK] triggers=0 reverse=0 gate=0 releases=0 chokes=0 retriggers=0 repeat_accepts=0 repeat_hits=0 chain_loops=0
[M6 read] bytes=352800 read_us=693410 bytes_per_second=508789 original_channels=1 rate=44100 total_psram=33554432
[M6 load] track=14 file_bytes=352844 pcm_bytes=352800 load_publish_us=1210387 payload=8215069 transient=352800 peak_payload=8215069 ps_free=22327792 largest=22020084 internal=176028 display=2304000 fx_delay=352800 reserve=4194304
[M6.1 replacement] retired_clear=1 ps_delta=360452 status=READY
[M213 address] track=14 pcm=0x48a5d1c0 base=0x48a5ce34 bytes=353759 owner_usable_bytes=360436 frames=176400 mod64=0 mod128=64 mod256=192 mod4096=448 mod131072=119232 external=1 requested_caps=1028 free=22327792 largest=22020084
[Q COMMAND] 
[Q ACK] invalid=1

# HOST STATE
[Q COMMAND] STATE
[Q STATE] bpm=120 swing=50 playing=0 mode=0 chain_length=0 chain_loop=0 project_busy=1 restoring=1 sample_busy=0 project_status=LOADING SAMPLES 16/16 sample_status=SAMPLE READY
[Q TRACK] track=0 source=1 pitch=60 synth_pitch=36 sample_pitch=60 mute=0 solo=0 start=0 end=65535 reverse=0 mode=0 choke=0 cutoff=0 resonance=0 send=127 slices=1 enabled=0 selected=0 frames=2097152 waveform=0e481651 name=m19p_large.wav
[Q SLICE] track=0 index=0 start=0 end=65535
[Q TRACK] track=1 source=1 pitch=60 synth_pitch=39 sample_pitch=60 mute=0 solo=0 start=0 end=65535 reverse=0 mode=0 choke=0 cutoff=0 resonance=0 send=127 slices=1 enabled=0 selected=0 frames=176400 waveform=0720701a name=m19p_mixed.wav
[Q SLICE] track=1 index=0 start=0 end=65535
[Q TRACK] track=2 source=1 pitch=60 synth_pitch=42 sample_pitch=60 mute=0 solo=0 start=0 end=65535 reverse=0 mode=0 choke=0 cutoff=0 resonance=0 send=127 slices=1 enabled=0 selected=0 frames=176400 waveform=595ef306 name=m19p_stereo.wav
[Q SLICE] track=2 index=0 start=0 end=65535
[Q TRACK] track=3 source=1 pitch=60 synth_pitch=45 sample_pitch=60 mute=0 solo=0 start=0 end=65535 reverse=0 mode=0 choke=0 cutoff=0 resonance=0 send=127 slices=1 enabled=0 selected=0 frames=22050 waveform=0ee7dbac name=m19p_oneshot.wav
[Q SLICE] track=3 index=0 start=0 end=65535
[Q PATTERN] index=0 length=16 masks=0000,0000,0000
[Q LOCK] pattern=0 step=0 mask=0 slice=0
[Q LOCK] pattern=0 step=1 mask=0 slice=0
[Q LOCK] pattern=0 step=2 mask=0 slice=0
[Q LOCK] pattern=0 step=3 mask=0 slice=0
[Q PATTERN] index=1 length=16 masks=0000,0000,0000
[Q LOCK] pattern=1 step=0 mask=0 slice=0
[Q LOCK] pattern=1 step=1 mask=0 slice=0
[Q LOCK] pattern=1 step=2 mask=0 slice=0
[Q LOCK] pattern=1 step=3 mask=0 slice=0
[Q PATTERN] index=2 length=16 masks=0000,0000,0000
[Q LOCK] pattern=2 step=0 mask=0 slice=0
[Q LOCK] pattern=2 step=1 mask=0 slice=0
[Q LOCK] pattern=2 step=2 mask=0 slice=0
[Q LOCK] pattern=2 step=3 mask=0 slice=0
[Q PATTERN] index=3 length=16 masks=0000,0000,0000
[Q LOCK] pattern=3 step=0 mask=0 slice=0
[Q LOCK] pattern=3 step=1 mask=0 slice=0
[Q LOCK] pattern=3 step=2 mask=0 slice=0
[Q LOCK] pattern=3 step=3 mask=0 slice=0
[Q TRANSIENT] state=0 request=0 progress=0 count=1 stale_discarded=0 apply=0 cancel=0 duration_max_us=0 chunk_max_us=0
[Q PROPOSAL] index=0 start=0 end=65535
[Q HEAP] tag=state internal=174424 free=21967340 largest=21495796
[Q PLAYBACK] triggers=0 reverse=0 gate=0 releases=0 chokes=0 retriggers=0 repeat_accepts=0 repeat_hits=0 chain_loops=0
[M6 read] bytes=352800 read_us=757574 bytes_per_second=465697 original_channels=1 rate=44100 total_psram=33554432
[M6 load] track=15 file_bytes=352844 pcm_bytes=352800 load_publish_us=1532584 payload=8568892 transient=352800 peak_payload=8568892 ps_free=21967340 largest=21495796 internal=174424 display=2304000 fx_delay=352800 reserve=4194304
[M6.1 replacement] retired_clear=1 ps_delta=360452 status=READY
[M213 address] track=15 pcm=0x48ab5200 base=0x48ab4e38 bytes=353823 owner_usable_bytes=360436 frames=176400 mod64=0 mod128=0 mod256=0 mod4096=512 mod131072=86528 external=1 requested_caps=1028 free=21967340 largest=21495796
[Q COMMAND] 
[Q ACK] invalid=1

# HOST STATE
[Q COMMAND] STATE
[Q STATE] bpm=120 swing=50 playing=0 mode=0 chain_length=0 chain_loop=0 project_busy=0 restoring=0 sample_busy=0 project_status=PROJECT READY / 0 MISSING sample_status=SAMPLE READY
[Q TRACK] track=0 source=1 pitch=60 synth_pitch=36 sample_pitch=60 mute=0 solo=0 start=0 end=65535 reverse=0 mode=0 choke=0 cutoff=0 resonance=0 send=127 slices=1 enabled=0 selected=0 frames=2097152 waveform=0e481651 name=m19p_large.wav
[Q SLICE] track=0 index=0 start=0 end=65535
[Q TRACK] track=1 source=1 pitch=60 synth_pitch=39 sample_pitch=60 mute=0 solo=0 start=0 end=65535 reverse=0 mode=0 choke=0 cutoff=0 resonance=0 send=127 slices=1 enabled=0 selected=0 frames=176400 waveform=0720701a name=m19p_mixed.wav
[Q SLICE] track=1 index=0 start=0 end=65535
[Q TRACK] track=2 source=1 pitch=60 synth_pitch=42 sample_pitch=60 mute=0 solo=0 start=0 end=65535 reverse=0 mode=0 choke=0 cutoff=0 resonance=0 send=127 slices=1 enabled=0 selected=0 frames=176400 waveform=595ef306 name=m19p_stereo.wav
[Q SLICE] track=2 index=0 start=0 end=65535
[Q TRACK] track=3 source=1 pitch=60 synth_pitch=45 sample_pitch=60 mute=0 solo=0 start=0 end=65535 reverse=0 mode=0 choke=0 cutoff=0 resonance=0 send=127 slices=1 enabled=0 selected=0 frames=22050 waveform=0ee7dbac name=m19p_oneshot.wav
[Q SLICE] track=3 index=0 start=0 end=65535
[Q PATTERN] index=0 length=16 masks=0000,0000,0000
[Q LOCK] pattern=0 step=0 mask=0 slice=0
[Q LOCK] pattern=0 step=1 mask=0 slice=0
[Q LOCK] pattern=0 step=2 mask=0 slice=0
[Q LOCK] pattern=0 step=3 mask=0 slice=0
[Q PATTERN] index=1 length=16 masks=0000,0000,0000
[Q LOCK] pattern=1 step=0 mask=0 slice=0
[Q LOCK] pattern=1 step=1 mask=0 slice=0
[Q LOCK] pattern=1 step=2 mask=0 slice=0
[Q LOCK] pattern=1 step=3 mask=0 slice=0
[Q PATTERN] index=2 length=16 masks=0000,0000,0000
[Q LOCK] pattern=2 step=0 mask=0 slice=0
[Q LOCK] pattern=2 step=1 mask=0 slice=0
[Q LOCK] pattern=2 step=2 mask=0 slice=0
[Q LOCK] pattern=2 step=3 mask=0 slice=0
[Q PATTERN] index=3 length=16 masks=0000,0000,0000
[Q LOCK] pattern=3 step=0 mask=0 slice=0
[Q LOCK] pattern=3 step=1 mask=0 slice=0
[Q LOCK] pattern=3 step=2 mask=0 slice=0
[Q LOCK] pattern=3 step=3 mask=0 slice=0
[Q TRANSIENT] state=0 request=0 progress=0 count=1 stale_discarded=0 apply=0 cancel=0 duration_max_us=0 chunk_max_us=0
[Q PROPOSAL] index=0 start=0 end=65535
[Q HEAP] tag=state internal=174424 free=21967340 largest=21495796
[Q PLAYBACK] triggers=0 reverse=0 gate=0 releases=0 chokes=0 retriggers=0 repeat_accepts=0 repeat_hits=0 chain_loops=0

# HOST STORE 8
[Q COMMAND] STORE 8
[M213 address] track=0 pcm=0x482abe00 base=0x482abdfc bytes=4194367 owner_usable_bytes=4325364 frames=2097152 mod64=0 mod128=0 mod256=0 mod4096=3584 mod131072=48640 external=1 requested_caps=1028 free=21967340 largest=21495796
[M213 address] track=1 pcm=0x486cbe40 base=0x486cbe00 bytes=352927 owner_usable_bytes=360436 frames=176400 mod64=0 mod128=64 mod256=64 mod4096=3648 mod131072=48704 external=1 requested_caps=1028 free=21967340 largest=21495796
[M213 address] track=2 pcm=0x48723ec0 base=0x48723e04 bytes=352991 owner_usable_bytes=360436 frames=176400 mod64=0 mod128=64 mod256=192 mod4096=3776 mod131072=16064 external=1 requested_caps=1028 free=21967340 largest=21495796
[M213 address] track=3 pcm=0x4877bf00 base=0x4877be08 bytes=44355 owner_usable_bytes=45044 frames=22050 mod64=0 mod128=0 mod256=0 mod4096=3840 mod131072=114432 external=1 requested_caps=1028 free=21967340 largest=21495796
[M213 address] track=4 pcm=0x48786f40 base=0x48786e0c bytes=353119 owner_usable_bytes=360436 frames=176400 mod64=0 mod128=64 mod256=64 mod4096=3904 mod131072=28480 external=1 requested_caps=1028 free=21967340 largest=21495796
[M213 address] track=5 pcm=0x487def80 base=0x487dee10 bytes=353183 owner_usable_bytes=360436 frames=176400 mod64=0 mod128=0 mod256=128 mod4096=3968 mod131072=126848 external=1 requested_caps=1028 free=21967340 largest=21495796
[M213 address] track=6 pcm=0x48836fc0 base=0x48836e14 bytes=353247 owner_usable_bytes=360436 frames=176400 mod64=0 mod128=64 mod256=192 mod4096=4032 mod131072=94144 external=1 requested_caps=1028 free=21967340 largest=21495796
[M213 address] track=7 pcm=0x4888f000 base=0x4888ee18 bytes=353311 owner_usable_bytes=360436 frames=176400 mod64=0 mod128=0 mod256=0 mod4096=0 mod131072=61440 external=1 requested_caps=1028 free=21967340 largest=21495796
[M213 address] track=8 pcm=0x488e7040 base=0x488e6e1c bytes=44675 owner_usable_bytes=45044 frames=22050 mod64=0 mod128=64 mod256=64 mod4096=64 mod131072=28736 external=1 requested_caps=1028 free=21967340 largest=21495796
[M213 address] track=9 pcm=0x488f2080 base=0x488f1e20 bytes=353439 owner_usable_bytes=360436 frames=176400 mod64=0 mod128=0 mod256=128 mod4096=128 mod131072=73856 external=1 requested_caps=1028 free=21967340 largest=21495796
[M213 address] track=10 pcm=0x4894a0c0 base=0x48949e24 bytes=353503 owner_usable_bytes=360436 frames=176400 mod64=0 mod128=64 mod256=192 mod4096=192 mod131072=41152 external=1 requested_caps=1028 free=21967340 largest=21495796
[M213 address] track=11 pcm=0x489a2100 base=0x489a1e28 bytes=353567 owner_usable_bytes=360436 frames=176400 mod64=0 mod128=0 mod256=0 mod4096=256 mod131072=8448 external=1 requested_caps=1028 free=21967340 largest=21495796
[M213 address] track=12 pcm=0x489fa140 base=0x489f9e2c bytes=353631 owner_usable_bytes=360436 frames=176400 mod64=0 mod128=64 mod256=64 mod4096=320 mod131072=106816 external=1 requested_caps=1028 free=21967340 largest=21495796
[M213 address] track=13 pcm=0x48a52180 base=0x48a51e30 bytes=44995 owner_usable_bytes=45044 frames=22050 mod64=0 mod128=0 mod256=128 mod4096=384 mod131072=74112 external=1 requested_caps=1028 free=21967340 largest=21495796
[M213 address] track=14 pcm=0x48a5d1c0 base=0x48a5ce34 bytes=353759 owner_usable_bytes=360436 frames=176400 mod64=0 mod128=64 mod256=192 mod4096=448 mod131072=119232 external=1 requested_caps=1028 free=21967340 largest=21495796
[M213 address] track=15 pcm=0x48ab5200 base=0x48ab4e38 bytes=353823 owner_usable_bytes=360436 frames=176400 mod64=0 mod128=0 mod256=0 mod4096=512 mod131072=86528 external=1 requested_caps=1028 free=21967340 largest=21495796
[M213 locality] tag=7 order=0 eviction=0 repeats=32 reads=131072 us=6164 max=1957 checksum=3441764352 sweep=0 concurrent_audio=1 cold_proven=0
[M213 locality] tag=7 order=1 eviction=0 repeats=32 reads=131072 us=2326 max=84 checksum=3441764352 sweep=0 concurrent_audio=1 cold_proven=0
[M213 locality] tag=7 order=2 eviction=0 repeats=32 reads=131072 us=5096 max=162 checksum=3441764352 sweep=0 concurrent_audio=1 cold_proven=0
[M213 locality] tag=7 order=0 eviction=1 repeats=32 reads=131072 us=14338 max=2214 checksum=3441764352 sweep=524288 concurrent_audio=1 cold_proven=0
[M213 locality] tag=7 order=1 eviction=1 repeats=32 reads=131072 us=4572 max=178 checksum=3441764352 sweep=1048576 concurrent_audio=1 cold_proven=0
[M213 locality] tag=7 order=2 eviction=1 repeats=32 reads=131072 us=13539 max=2351 checksum=3441764352 sweep=1572864 concurrent_audio=1 cold_proven=0
[M213 locality complete] tag=7
[M213 physical] tag=7 complete=1
[Q HEAP] tag=store_done internal=174424 free=21967340 largest=21495796 payload=8568892
[Q STORE DONE] op=8

# HOST MEASURE 1
[Q COMMAND] MEASURE 1

# HOST CMD 6 0 47 0 0
[Q COMMAND] CMD 6 0 47 0 0
[Q ACK] sent=1

# HOST CMD 46 0 0 0 0
[Q COMMAND] CMD 46 0 0 0 0
[Q ACK] sent=1

# HOST CMD 55 0 4 0 0
[Q COMMAND] CMD 55 0 4 0 0
[Q ACK] sent=1

# HOST CMD 51 0 1 0 0
[Q COMMAND] CMD 51 0 1 0 0
[Q ACK] sent=1

# HOST CMD 47 0 0 0 0
[Q COMMAND] CMD 47 0 0 0 0
[Q ACK] sent=1

# HOST CMD 59 0 0 0 2
[Q COMMAND] CMD 59 0 0 0 2
[Q ACK] sent=1

# HOST CMD 6 1 48 0 0
[Q COMMAND] CMD 6 1 48 0 0
[Q ACK] sent=1

# HOST CMD 46 1 1 0 0
[Q COMMAND] CMD 46 1 1 0 0
[Q ACK] sent=1

# HOST CMD 55 1 4 0 0
[Q COMMAND] CMD 55 1 4 0 0
[Q ACK] sent=1

# HOST CMD 51 1 1 0 0
[Q COMMAND] CMD 51 1 1 0 0
[Q ACK] sent=1

# HOST CMD 47 1 0 0 0
[Q COMMAND] CMD 47 1 0 0 0
[Q ACK] sent=1

# HOST CMD 59 1 0 0 2
[Q COMMAND] CMD 59 1 0 0 2
[Q ACK] sent=1

# HOST CMD 6 2 49 0 0
[Q COMMAND] CMD 6 2 49 0 0
[Q ACK] sent=1

# HOST CMD 46 2 0 0 0
[Q COMMAND] CMD 46 2 0 0 0
[Q ACK] sent=1

# HOST CMD 55 2 4 0 0
[Q COMMAND] CMD 55 2 4 0 0
[Q ACK] sent=1

# HOST CMD 51 2 1 0 0
[Q COMMAND] CMD 51 2 1 0 0
[Q ACK] sent=1

# HOST CMD 47 2 0 0 0
[Q COMMAND] CMD 47 2 0 0 0
[Q ACK] sent=1

# HOST CMD 59 2 0 0 2
[Q COMMAND] CMD 59 2 0 0 2
[Q ACK] sent=1

# HOST CMD 6 3 50 0 0
[Q COMMAND] CMD 6 3 50 0 0
[Q ACK] sent=1

# HOST CMD 46 3 1 0 0
[Q COMMAND] CMD 46 3 1 0 0
[Q ACK] sent=1

# HOST CMD 55 3 4 0 0
[Q COMMAND] CMD 55 3 4 0 0
[Q ACK] sent=1

# HOST CMD 51 3 1 0 0
[Q COMMAND] CMD 51 3 1 0 0
[Q ACK] sent=1

# HOST CMD 47 3 0 0 0
[Q COMMAND] CMD 47 3 0 0 0
[Q ACK] sent=1

# HOST CMD 59 3 0 0 2
[Q COMMAND] CMD 59 3 0 0 2
[Q ACK] sent=1

# HOST CMD 6 4 51 0 0
[Q COMMAND] CMD 6 4 51 0 0
[Q ACK] sent=1

# HOST CMD 46 4 0 0 0
[Q COMMAND] CMD 46 4 0 0 0
[Q ACK] sent=1

# HOST CMD 55 4 4 0 0
[Q COMMAND] CMD 55 4 4 0 0
[Q ACK] sent=1

# HOST CMD 51 4 1 0 0
[Q COMMAND] CMD 51 4 1 0 0
[Q ACK] sent=1

# HOST CMD 47 4 0 0 0
[Q COMMAND] CMD 47 4 0 0 0
[Q ACK] sent=1

# HOST CMD 59 4 0 0 2
[Q COMMAND] CMD 59 4 0 0 2
[Q ACK] sent=1

# HOST CMD 6 5 52 0 0
[Q COMMAND] CMD 6 5 52 0 0
[Q ACK] sent=1

# HOST CMD 46 5 1 0 0
[Q COMMAND] CMD 46 5 1 0 0
[Q ACK] sent=1

# HOST CMD 55 5 4 0 0
[Q COMMAND] CMD 55 5 4 0 0
[Q ACK] sent=1

# HOST CMD 51 5 1 0 0
[Q COMMAND] CMD 51 5 1 0 0
[Q ACK] sent=1

# HOST CMD 47 5 0 0 0
[Q COMMAND] CMD 47 5 0 0 0
[Q ACK] sent=1

# HOST CMD 59 5 0 0 2
[Q COMMAND] CMD 59 5 0 0 2
[Q ACK] sent=1

# HOST CMD 6 6 53 0 0
[Q COMMAND] CMD 6 6 53 0 0
[Q ACK] sent=1

# HOST CMD 46 6 0 0 0
[Q COMMAND] CMD 46 6 0 0 0
[Q ACK] sent=1

# HOST CMD 55 6 4 0 0
[Q COMMAND] CMD 55 6 4 0 0
[Q ACK] sent=1

# HOST CMD 51 6 1 0 0
[Q COMMAND] CMD 51 6 1 0 0
[Q ACK] sent=1

# HOST CMD 47 6 0 0 0
[Q COMMAND] CMD 47 6 0 0 0
[Q ACK] sent=1

# HOST CMD 59 6 0 0 2
[Q COMMAND] CMD 59 6 0 0 2
[Q ACK] sent=1

# HOST CMD 6 7 54 0 0
[Q COMMAND] CMD 6 7 54 0 0
[Q ACK] sent=1

# HOST CMD 46 7 1 0 0
[Q COMMAND] CMD 46 7 1 0 0
[Q ACK] sent=1

# HOST CMD 55 7 4 0 0
[Q COMMAND] CMD 55 7 4 0 0
[Q ACK] sent=1

# HOST CMD 51 7 1 0 0
[Q COMMAND] CMD 51 7 1 0 0
[Q ACK] sent=1

# HOST CMD 47 7 0 0 0
[Q COMMAND] CMD 47 7 0 0 0
[Q ACK] sent=1

# HOST CMD 59 7 0 0 2
[Q COMMAND] CMD 59 7 0 0 2
[Q ACK] sent=1

# HOST CMD 6 8 55 0 0
[Q COMMAND] CMD 6 8 55 0 0
[Q ACK] sent=1

# HOST CMD 46 8 0 0 0
[Q COMMAND] CMD 46 8 0 0 0
[Q ACK] sent=1

# HOST CMD 55 8 4 0 0
[Q COMMAND] CMD 55 8 4 0 0
[Q ACK] sent=1

# HOST CMD 51 8 1 0 0
[Q COMMAND] CMD 51 8 1 0 0
[Q ACK] sent=1

# HOST CMD 47 8 0 0 0
[Q COMMAND] CMD 47 8 0 0 0
[Q ACK] sent=1

# HOST CMD 59 8 0 0 2
[Q COMMAND] CMD 59 8 0 0 2
[Q ACK] sent=1

# HOST CMD 6 9 56 0 0
[Q COMMAND] CMD 6 9 56 0 0
[Q ACK] sent=1

# HOST CMD 46 9 1 0 0
[Q COMMAND] CMD 46 9 1 0 0
[Q ACK] sent=1

# HOST CMD 55 9 4 0 0
[Q COMMAND] CMD 55 9 4 0 0
[Q ACK] sent=1

# HOST CMD 51 9 1 0 0
[Q COMMAND] CMD 51 9 1 0 0
[Q ACK] sent=1

# HOST CMD 47 9 0 0 0
[Q COMMAND] CMD 47 9 0 0 0
[Q ACK] sent=1

# HOST CMD 59 9 0 0 2
[Q COMMAND] CMD 59 9 0 0 2
[Q ACK] sent=1

# HOST CMD 6 10 57 0 0
[Q COMMAND] CMD 6 10 57 0 0
[Q ACK] sent=1

# HOST CMD 46 10 0 0 0
[Q COMMAND] CMD 46 10 0 0 0
[Q ACK] sent=1

# HOST CMD 55 10 4 0 0
[Q COMMAND] CMD 55 10 4 0 0
[Q ACK] sent=1

# HOST CMD 51 10 1 0 0
[Q COMMAND] CMD 51 10 1 0 0
[Q ACK] sent=1

# HOST CMD 47 10 0 0 0
[Q COMMAND] CMD 47 10 0 0 0
[Q ACK] sent=1

# HOST CMD 59 10 0 0 2
[Q COMMAND] CMD 59 10 0 0 2
[Q ACK] sent=1

# HOST CMD 6 11 58 0 0
[Q COMMAND] CMD 6 11 58 0 0
[Q ACK] sent=1

# HOST CMD 46 11 1 0 0
[Q COMMAND] CMD 46 11 1 0 0
[Q ACK] sent=1

# HOST CMD 55 11 4 0 0
[Q COMMAND] CMD 55 11 4 0 0
[Q ACK] sent=1

# HOST CMD 51 11 1 0 0
[Q COMMAND] CMD 51 11 1 0 0
[Q ACK] sent=1

# HOST CMD 47 11 0 0 0
[Q COMMAND] CMD 47 11 0 0 0
[Q ACK] sent=1

# HOST CMD 59 11 0 0 2
[Q COMMAND] CMD 59 11 0 0 2
[Q ACK] sent=1

# HOST CMD 6 12 59 0 0
[Q COMMAND] CMD 6 12 59 0 0
[Q ACK] sent=1

# HOST CMD 46 12 0 0 0
[Q COMMAND] CMD 46 12 0 0 0
[Q ACK] sent=1

# HOST CMD 55 12 4 0 0
[Q COMMAND] CMD 55 12 4 0 0
[Q ACK] sent=1

# HOST CMD 51 12 1 0 0
[Q COMMAND] CMD 51 12 1 0 0
[Q ACK] sent=1

# HOST CMD 47 12 0 0 0
[Q COMMAND] CMD 47 12 0 0 0
[Q ACK] sent=1

# HOST CMD 59 12 0 0 2
[Q COMMAND] CMD 59 12 0 0 2
[Q ACK] sent=1

# HOST CMD 6 13 60 0 0
[Q COMMAND] CMD 6 13 60 0 0
[Q ACK] sent=1

# HOST CMD 46 13 1 0 0
[Q COMMAND] CMD 46 13 1 0 0
[Q ACK] sent=1

# HOST CMD 55 13 4 0 0
[Q COMMAND] CMD 55 13 4 0 0
[Q ACK] sent=1

# HOST CMD 51 13 1 0 0
[Q COMMAND] CMD 51 13 1 0 0
[Q ACK] sent=1

# HOST CMD 47 13 0 0 0
[Q COMMAND] CMD 47 13 0 0 0
[Q ACK] sent=1

# HOST CMD 59 13 0 0 2
[Q COMMAND] CMD 59 13 0 0 2
[Q ACK] sent=1

# HOST CMD 6 14 61 0 0
[Q COMMAND] CMD 6 14 61 0 0
[Q ACK] sent=1

# HOST CMD 46 14 0 0 0
[Q COMMAND] CMD 46 14 0 0 0
[Q ACK] sent=1

# HOST CMD 55 14 4 0 0
[Q COMMAND] CMD 55 14 4 0 0
[Q ACK] sent=1

# HOST CMD 51 14 1 0 0
[Q COMMAND] CMD 51 14 1 0 0
[Q ACK] sent=1

# HOST CMD 47 14 0 0 0
[Q COMMAND] CMD 47 14 0 0 0
[Q ACK] sent=1

# HOST CMD 59 14 0 0 2
[Q COMMAND] CMD 59 14 0 0 2
[Q ACK] sent=1

# HOST CMD 6 15 62 0 0
[Q COMMAND] CMD 6 15 62 0 0
[Q ACK] sent=1

# HOST CMD 46 15 1 0 0
[Q COMMAND] CMD 46 15 1 0 0
[Q ACK] sent=1

# HOST CMD 55 15 4 0 0
[Q COMMAND] CMD 55 15 4 0 0
[Q ACK] sent=1

# HOST CMD 51 15 1 0 0
[Q COMMAND] CMD 51 15 1 0 0
[Q ACK] sent=1

# HOST CMD 47 15 0 0 0
[Q COMMAND] CMD 47 15 0 0 0
[Q ACK] sent=1

# HOST CMD 59 15 0 0 2
[Q COMMAND] CMD 59 15 0 0 2
[Q ACK] sent=1

# HOST CMD 47 0 1 0 0
[Q COMMAND] CMD 47 0 1 0 0
[Q ACK] sent=1

# HOST CMD 3 0 0 0 0
[Q COMMAND] CMD 3 0 0 0 0
[Q ACK] sent=1

# HOST CMD 50 0 0 0 0
[Q COMMAND] CMD 50 0 0 0 0
[Q ACK] sent=1

# HOST CMD 48 0 1 0 0
[Q COMMAND] CMD 48 0 1 0 0
[Q ACK] sent=1

# HOST CMD 3 0 0 0 0
[Q COMMAND] CMD 3 0 0 0 0
[Q ACK] sent=1

# HOST LOAD 0 3
[Q COMMAND] LOAD 0 3
[Q ACK] load=1
[M6 read] bytes=352800 read_us=766268 bytes_per_second=460413 original_channels=1 rate=44100 total_psram=33554432
[M6 load] track=0 file_bytes=352844 pcm_bytes=352800 load_publish_us=1286401 payload=4727388 transient=352800 peak_payload=8921755 ps_free=25932268 largest=21495796 internal=174424 display=2304000 fx_delay=352800 reserve=4194304
[M6.1 replacement] retired_clear=1 ps_delta=-3964928 status=READY
[M213 address] track=0 pcm=0x48b0ce40 base=0x48b0ce3c bytes=352863 owner_usable_bytes=360436 frames=176400 mod64=0 mod128=64 mod256=64 mod4096=3648 mod131072=52800 external=1 requested_caps=1028 free=25932268 largest=21495796

# HOST CMD 78 0 264 0 0
[Q COMMAND] CMD 78 0 264 0 0
[Q ACK] sent=1
[Q COMMAND] 
[Q ACK] invalid=1

# HOST STATE
[Q COMMAND] STATE
[Q STATE] bpm=120 swing=50 playing=0 mode=0 chain_length=0 chain_loop=0 project_busy=0 restoring=0 sample_busy=0 project_status=PROJECT READY / 0 MISSING sample_status=SAMPLE READY
[Q TRACK] track=0 source=1 pitch=47 synth_pitch=36 sample_pitch=47 mute=0 solo=0 start=0 end=65535 reverse=0 mode=1 choke=1 cutoff=0 resonance=0 send=127 slices=4 enabled=1 selected=0 frames=176400 waveform=0720701a name=m19p_mixed.wav
[Q SLICE] track=0 index=0 start=0 end=16383
[Q SLICE] track=0 index=1 start=16383 end=32767
[Q SLICE] track=0 index=2 start=32767 end=49151
[Q SLICE] track=0 index=3 start=49151 end=65535
[Q TRACK] track=1 source=1 pitch=48 synth_pitch=39 sample_pitch=48 mute=0 solo=0 start=0 end=65535 reverse=1 mode=0 choke=0 cutoff=0 resonance=0 send=127 slices=4 enabled=1 selected=0 frames=176400 waveform=0720701a name=m19p_mixed.wav
[Q SLICE] track=1 index=0 start=0 end=16383
[Q SLICE] track=1 index=1 start=16383 end=32767
[Q SLICE] track=1 index=2 start=32767 end=49151
[Q SLICE] track=1 index=3 start=49151 end=65535
[Q TRACK] track=2 source=1 pitch=49 synth_pitch=42 sample_pitch=49 mute=0 solo=0 start=0 end=65535 reverse=0 mode=0 choke=0 cutoff=0 resonance=0 send=127 slices=4 enabled=1 selected=0 frames=176400 waveform=595ef306 name=m19p_stereo.wav
[Q SLICE] track=2 index=0 start=0 end=16383
[Q SLICE] track=2 index=1 start=16383 end=32767
[Q SLICE] track=2 index=2 start=32767 end=49151
[Q SLICE] track=2 index=3 start=49151 end=65535
[Q TRACK] track=3 source=1 pitch=50 synth_pitch=45 sample_pitch=50 mute=0 solo=0 start=0 end=65535 reverse=1 mode=0 choke=0 cutoff=0 resonance=0 send=127 slices=4 enabled=1 selected=0 frames=22050 waveform=0ee7dbac name=m19p_oneshot.wav
[Q SLICE] track=3 index=0 start=0 end=16383
[Q SLICE] track=3 index=1 start=16383 end=32767
[Q SLICE] track=3 index=2 start=32767 end=49151
[Q SLICE] track=3 index=3 start=49151 end=65535
[Q PATTERN] index=0 length=16 masks=0000,0000,0000
[Q LOCK] pattern=0 step=0 mask=0 slice=0
[Q LOCK] pattern=0 step=1 mask=0 slice=0
[Q LOCK] pattern=0 step=2 mask=0 slice=0
[Q LOCK] pattern=0 step=3 mask=0 slice=0
[Q PATTERN] index=1 length=16 masks=0000,0000,0000
[Q LOCK] pattern=1 step=0 mask=0 slice=0
[Q LOCK] pattern=1 step=1 mask=0 slice=0
[Q LOCK] pattern=1 step=2 mask=0 slice=0
[Q LOCK] pattern=1 step=3 mask=0 slice=0
[Q PATTERN] index=2 length=16 masks=0000,0000,0000
[Q LOCK] pattern=2 step=0 mask=0 slice=0
[Q LOCK] pattern=2 step=1 mask=0 slice=0
[Q LOCK] pattern=2 step=2 mask=0 slice=0
[Q LOCK] pattern=2 step=3 mask=0 slice=0
[Q PATTERN] index=3 length=16 masks=0000,0000,0000
[Q LOCK] pattern=3 step=0 mask=0 slice=0
[Q LOCK] pattern=3 step=1 mask=0 slice=0
[Q LOCK] pattern=3 step=2 mask=0 slice=0
[Q LOCK] pattern=3 step=3 mask=0 slice=0
[Q TRANSIENT] state=3 request=1 progress=100 count=8 stale_discarded=0 apply=0 cancel=0 duration_max_us=63880 chunk_max_us=2322
[Q PROPOSAL] index=0 start=0 end=8192
[Q PROPOSAL] index=1 start=8192 end=16384
[Q PROPOSAL] index=2 start=16384 end=20480
[Q PROPOSAL] index=3 start=20480 end=28672
[Q PROPOSAL] index=4 start=28672 end=32768
[Q PROPOSAL] index=5 start=32768 end=45056
[Q PROPOSAL] index=6 start=45056 end=57344
[Q PROPOSAL] index=7 start=57344 end=65535
[Q HEAP] tag=state internal=174424 free=25932268 largest=21495796
[Q PLAYBACK] triggers=18 reverse=8 gate=2 releases=1 chokes=1 retriggers=1 repeat_accepts=0 repeat_hits=0 chain_loops=0

# HOST CMD 80 0 0 0 0
[Q COMMAND] CMD 80 0 0 0 0
[Q ACK] sent=1

# HOST CMD 78 0 264 0 0
[Q COMMAND] CMD 78 0 264 0 0
[Q ACK] sent=1
[Q COMMAND] 
[Q ACK] invalid=1

# HOST STATE
[Q COMMAND] STATE
[Q STATE] bpm=120 swing=50 playing=0 mode=0 chain_length=0 chain_loop=0 project_busy=0 restoring=0 sample_busy=0 project_status=PROJECT READY / 0 MISSING sample_status=SAMPLE READY
[Q TRACK] track=0 source=1 pitch=47 synth_pitch=36 sample_pitch=47 mute=0 solo=0 start=0 end=65535 reverse=0 mode=1 choke=1 cutoff=0 resonance=0 send=127 slices=4 enabled=1 selected=0 frames=176400 waveform=0720701a name=m19p_mixed.wav
[Q SLICE] track=0 index=0 start=0 end=16383
[Q SLICE] track=0 index=1 start=16383 end=32767
[Q SLICE] track=0 index=2 start=32767 end=49151
[Q SLICE] track=0 index=3 start=49151 end=65535
[Q TRACK] track=1 source=1 pitch=48 synth_pitch=39 sample_pitch=48 mute=0 solo=0 start=0 end=65535 reverse=1 mode=0 choke=0 cutoff=0 resonance=0 send=127 slices=4 enabled=1 selected=0 frames=176400 waveform=0720701a name=m19p_mixed.wav
[Q SLICE] track=1 index=0 start=0 end=16383
[Q SLICE] track=1 index=1 start=16383 end=32767
[Q SLICE] track=1 index=2 start=32767 end=49151
[Q SLICE] track=1 index=3 start=49151 end=65535
[Q TRACK] track=2 source=1 pitch=49 synth_pitch=42 sample_pitch=49 mute=0 solo=0 start=0 end=65535 reverse=0 mode=0 choke=0 cutoff=0 resonance=0 send=127 slices=4 enabled=1 selected=0 frames=176400 waveform=595ef306 name=m19p_stereo.wav
[Q SLICE] track=2 index=0 start=0 end=16383
[Q SLICE] track=2 index=1 start=16383 end=32767
[Q SLICE] track=2 index=2 start=32767 end=49151
[Q SLICE] track=2 index=3 start=49151 end=65535
[Q TRACK] track=3 source=1 pitch=50 synth_pitch=45 sample_pitch=50 mute=0 solo=0 start=0 end=65535 reverse=1 mode=0 choke=0 cutoff=0 resonance=0 send=127 slices=4 enabled=1 selected=0 frames=22050 waveform=0ee7dbac name=m19p_oneshot.wav
[Q SLICE] track=3 index=0 start=0 end=16383
[Q SLICE] track=3 index=1 start=16383 end=32767
[Q SLICE] track=3 index=2 start=32767 end=49151
[Q SLICE] track=3 index=3 start=49151 end=65535
[Q PATTERN] index=0 length=16 masks=0000,0000,0000
[Q LOCK] pattern=0 step=0 mask=0 slice=0
[Q LOCK] pattern=0 step=1 mask=0 slice=0
[Q LOCK] pattern=0 step=2 mask=0 slice=0
[Q LOCK] pattern=0 step=3 mask=0 slice=0
[Q PATTERN] index=1 length=16 masks=0000,0000,0000
[Q LOCK] pattern=1 step=0 mask=0 slice=0
[Q LOCK] pattern=1 step=1 mask=0 slice=0
[Q LOCK] pattern=1 step=2 mask=0 slice=0
[Q LOCK] pattern=1 step=3 mask=0 slice=0
[Q PATTERN] index=2 length=16 masks=0000,0000,0000
[Q LOCK] pattern=2 step=0 mask=0 slice=0
[Q LOCK] pattern=2 step=1 mask=0 slice=0
[Q LOCK] pattern=2 step=2 mask=0 slice=0
[Q LOCK] pattern=2 step=3 mask=0 slice=0
[Q PATTERN] index=3 length=16 masks=0000,0000,0000
[Q LOCK] pattern=3 step=0 mask=0 slice=0
[Q LOCK] pattern=3 step=1 mask=0 slice=0
[Q LOCK] pattern=3 step=2 mask=0 slice=0
[Q LOCK] pattern=3 step=3 mask=0 slice=0
[Q TRANSIENT] state=3 request=3 progress=100 count=8 stale_discarded=0 apply=0 cancel=1 duration_max_us=63880 chunk_max_us=2336
[Q PROPOSAL] index=0 start=0 end=8192
[Q PROPOSAL] index=1 start=8192 end=16384
[Q PROPOSAL] index=2 start=16384 end=20480
[Q PROPOSAL] index=3 start=20480 end=28672
[Q PROPOSAL] index=4 start=28672 end=32768
[Q PROPOSAL] index=5 start=32768 end=45056
[Q PROPOSAL] index=6 start=45056 end=57344
[Q PROPOSAL] index=7 start=57344 end=65535
[Q HEAP] tag=state internal=174424 free=25932268 largest=21495796
[Q PLAYBACK] triggers=18 reverse=8 gate=2 releases=1 chokes=1 retriggers=1 repeat_accepts=0 repeat_hits=0 chain_loops=0
[Q COMMAND] 
[Q ACK] invalid=1

# HOST STATE
[Q COMMAND] STATE
[Q STATE] bpm=120 swing=50 playing=0 mode=0 chain_length=0 chain_loop=0 project_busy=0 restoring=0 sample_busy=0 project_status=PROJECT READY / 0 MISSING sample_status=SAMPLE READY
[Q TRACK] track=0 source=1 pitch=47 synth_pitch=36 sample_pitch=47 mute=0 solo=0 start=0 end=65535 reverse=0 mode=1 choke=1 cutoff=0 resonance=0 send=127 slices=4 enabled=1 selected=0 frames=176400 waveform=0720701a name=m19p_mixed.wav
[Q SLICE] track=0 index=0 start=0 end=16383
[Q SLICE] track=0 index=1 start=16383 end=32767
[Q SLICE] track=0 index=2 start=32767 end=49151
[Q SLICE] track=0 index=3 start=49151 end=65535
[Q TRACK] track=1 source=1 pitch=48 synth_pitch=39 sample_pitch=48 mute=0 solo=0 start=0 end=65535 reverse=1 mode=0 choke=0 cutoff=0 resonance=0 send=127 slices=4 enabled=1 selected=0 frames=176400 waveform=0720701a name=m19p_mixed.wav
[Q SLICE] track=1 index=0 start=0 end=16383
[Q SLICE] track=1 index=1 start=16383 end=32767
[Q SLICE] track=1 index=2 start=32767 end=49151
[Q SLICE] track=1 index=3 start=49151 end=65535
[Q TRACK] track=2 source=1 pitch=49 synth_pitch=42 sample_pitch=49 mute=0 solo=0 start=0 end=65535 reverse=0 mode=0 choke=0 cutoff=0 resonance=0 send=127 slices=4 enabled=1 selected=0 frames=176400 waveform=595ef306 name=m19p_stereo.wav
[Q SLICE] track=2 index=0 start=0 end=16383
[Q SLICE] track=2 index=1 start=16383 end=32767
[Q SLICE] track=2 index=2 start=32767 end=49151
[Q SLICE] track=2 index=3 start=49151 end=65535
[Q TRACK] track=3 source=1 pitch=50 synth_pitch=45 sample_pitch=50 mute=0 solo=0 start=0 end=65535 reverse=1 mode=0 choke=0 cutoff=0 resonance=0 send=127 slices=4 enabled=1 selected=0 frames=22050 waveform=0ee7dbac name=m19p_oneshot.wav
[Q SLICE] track=3 index=0 start=0 end=16383
[Q SLICE] track=3 index=1 start=16383 end=32767
[Q SLICE] track=3 index=2 start=32767 end=49151
[Q SLICE] track=3 index=3 start=49151 end=65535
[Q PATTERN] index=0 length=16 masks=0000,0000,0000
[Q LOCK] pattern=0 step=0 mask=0 slice=0
[Q LOCK] pattern=0 step=1 mask=0 slice=0
[Q LOCK] pattern=0 step=2 mask=0 slice=0
[Q LOCK] pattern=0 step=3 mask=0 slice=0
[Q PATTERN] index=1 length=16 masks=0000,0000,0000
[Q LOCK] pattern=1 step=0 mask=0 slice=0
[Q LOCK] pattern=1 step=1 mask=0 slice=0
[Q LOCK] pattern=1 step=2 mask=0 slice=0
[Q LOCK] pattern=1 step=3 mask=0 slice=0
[Q PATTERN] index=2 length=16 masks=0000,0000,0000
[Q LOCK] pattern=2 step=0 mask=0 slice=0
[Q LOCK] pattern=2 step=1 mask=0 slice=0
[Q LOCK] pattern=2 step=2 mask=0 slice=0
[Q LOCK] pattern=2 step=3 mask=0 slice=0
[Q PATTERN] index=3 length=16 masks=0000,0000,0000
[Q LOCK] pattern=3 step=0 mask=0 slice=0
[Q LOCK] pattern=3 step=1 mask=0 slice=0
[Q LOCK] pattern=3 step=2 mask=0 slice=0
[Q LOCK] pattern=3 step=3 mask=0 slice=0
[Q TRANSIENT] state=3 request=3 progress=100 count=8 stale_discarded=0 apply=0 cancel=1 duration_max_us=63880 chunk_max_us=2336
[Q PROPOSAL] index=0 start=0 end=8192
[Q PROPOSAL] index=1 start=8192 end=16384
[Q PROPOSAL] index=2 start=16384 end=20480
[Q PROPOSAL] index=3 start=20480 end=28672
[Q PROPOSAL] index=4 start=28672 end=32768
[Q PROPOSAL] index=5 start=32768 end=45056
[Q PROPOSAL] index=6 start=45056 end=57344
[Q PROPOSAL] index=7 start=57344 end=65535
[Q HEAP] tag=state internal=174424 free=25932268 largest=21495796
[Q PLAYBACK] triggers=18 reverse=8 gate=2 releases=1 chokes=1 retriggers=1 repeat_accepts=0 repeat_hits=0 chain_loops=0

# HOST CMD 79 0 3 0 0
[Q COMMAND] CMD 79 0 3 0 0
[Q ACK] sent=1

# HOST CMD 60 0 0 0 0
[Q COMMAND] CMD 60 0 0 0 0
[Q ACK] sent=1

# HOST CMD 13 0 0 0 0
[Q COMMAND] CMD 13 0 0 0 0
[Q ACK] sent=1

# HOST CMD 17 0 0 0 0
[Q COMMAND] CMD 17 0 0 0 0
[Q ACK] sent=1

# HOST CMD 1 0 240 0 0
[Q COMMAND] CMD 1 0 240 0 0
[Q ACK] sent=1

# HOST CMD 15 0 16 0 0
[Q COMMAND] CMD 15 0 16 0 0
[Q ACK] sent=1

# HOST CMD 10 0 0 0 0
[Q COMMAND] CMD 10 0 0 0 0
[Q ACK] sent=1

# HOST CMD 12 0 0 0 0
[Q COMMAND] CMD 12 0 0 0 0
[Q ACK] sent=1

# HOST CMD 47 0 0 0 0
[Q COMMAND] CMD 47 0 0 0 0
[Q ACK] sent=1

# HOST CMD 2 0 0 0 0
[Q COMMAND] CMD 2 0 0 0 0
[Q ACK] sent=1

# HOST CMD 38 0 0 0 0
[Q COMMAND] CMD 38 0 0 0 0
[Q ACK] sent=1

# HOST CMD 2 0 1 0 1
[Q COMMAND] CMD 2 0 1 0 1
[Q ACK] sent=1

# HOST CMD 38 0 1 0 1
[Q COMMAND] CMD 38 0 1 0 1
[Q ACK] sent=1

# HOST CMD 2 0 2 0 2
[Q COMMAND] CMD 2 0 2 0 2
[Q ACK] sent=1

# HOST CMD 38 0 2 0 2
[Q COMMAND] CMD 38 0 2 0 2
[Q ACK] sent=1

# HOST CMD 2 0 3 0 3
[Q COMMAND] CMD 2 0 3 0 3
[Q ACK] sent=1

# HOST CMD 38 0 3 0 3
[Q COMMAND] CMD 38 0 3 0 3
[Q ACK] sent=1

# HOST CMD 2 0 4 0 4
[Q COMMAND] CMD 2 0 4 0 4
[Q ACK] sent=1

# HOST CMD 38 0 0 0 4
[Q COMMAND] CMD 38 0 0 0 4
[Q ACK] sent=1

# HOST CMD 2 0 5 0 5
[Q COMMAND] CMD 2 0 5 0 5
[Q ACK] sent=1

# HOST CMD 38 0 1 0 5
[Q COMMAND] CMD 38 0 1 0 5
[Q ACK] sent=1

# HOST CMD 2 0 6 0 6
[Q COMMAND] CMD 2 0 6 0 6
[Q ACK] sent=1

# HOST CMD 38 0 2 0 6
[Q COMMAND] CMD 38 0 2 0 6
[Q ACK] sent=1

# HOST CMD 2 0 7 0 7
[Q COMMAND] CMD 2 0 7 0 7
[Q ACK] sent=1

# HOST CMD 38 0 3 0 7
[Q COMMAND] CMD 38 0 3 0 7
[Q ACK] sent=1

# HOST CMD 2 0 8 0 8
[Q COMMAND] CMD 2 0 8 0 8
[Q ACK] sent=1

# HOST CMD 38 0 0 0 8
[Q COMMAND] CMD 38 0 0 0 8
[Q ACK] sent=1

# HOST CMD 2 0 9 0 9
[Q COMMAND] CMD 2 0 9 0 9
[Q ACK] sent=1

# HOST CMD 38 0 1 0 9
[Q COMMAND] CMD 38 0 1 0 9
[Q ACK] sent=1

# HOST CMD 2 0 10 0 10
[Q COMMAND] CMD 2 0 10 0 10
[Q ACK] sent=1

# HOST CMD 38 0 2 0 10
[Q COMMAND] CMD 38 0 2 0 10
[Q ACK] sent=1

# HOST CMD 2 0 11 0 11
[Q COMMAND] CMD 2 0 11 0 11
[Q ACK] sent=1

# HOST CMD 38 0 3 0 11
[Q COMMAND] CMD 38 0 3 0 11
[Q ACK] sent=1

# HOST CMD 2 0 12 0 12
[Q COMMAND] CMD 2 0 12 0 12
[Q ACK] sent=1

# HOST CMD 38 0 0 0 12
[Q COMMAND] CMD 38 0 0 0 12
[Q ACK] sent=1

# HOST CMD 2 0 13 0 13
[Q COMMAND] CMD 2 0 13 0 13
[Q ACK] sent=1

# HOST CMD 38 0 1 0 13
[Q COMMAND] CMD 38 0 1 0 13
[Q ACK] sent=1

# HOST CMD 2 0 14 0 14
[Q COMMAND] CMD 2 0 14 0 14
[Q ACK] sent=1

# HOST CMD 38 0 2 0 14
[Q COMMAND] CMD 38 0 2 0 14
[Q ACK] sent=1

# HOST CMD 2 0 15 0 15
[Q COMMAND] CMD 2 0 15 0 15
[Q ACK] sent=1

# HOST CMD 38 0 3 0 15
[Q COMMAND] CMD 38 0 3 0 15
[Q ACK] sent=1

# HOST CMD 10 1 0 0 0
[Q COMMAND] CMD 10 1 0 0 0
[Q ACK] sent=1

# HOST CMD 12 1 0 0 0
[Q COMMAND] CMD 12 1 0 0 0
[Q ACK] sent=1

# HOST CMD 47 1 0 0 0
[Q COMMAND] CMD 47 1 0 0 0
[Q ACK] sent=1

# HOST CMD 2 1 0 0 0
[Q COMMAND] CMD 2 1 0 0 0
[Q ACK] sent=1

# HOST CMD 38 1 0 0 0
[Q COMMAND] CMD 38 1 0 0 0
[Q ACK] sent=1

# HOST CMD 2 1 1 0 1
[Q COMMAND] CMD 2 1 1 0 1
[Q ACK] sent=1

# HOST CMD 38 1 1 0 1
[Q COMMAND] CMD 38 1 1 0 1
[Q ACK] sent=1

# HOST CMD 2 1 2 0 2
[Q COMMAND] CMD 2 1 2 0 2
[Q ACK] sent=1

# HOST CMD 38 1 2 0 2
[Q COMMAND] CMD 38 1 2 0 2
[Q ACK] sent=1

# HOST CMD 2 1 3 0 3
[Q COMMAND] CMD 2 1 3 0 3
[Q ACK] sent=1

# HOST CMD 38 1 3 0 3
[Q COMMAND] CMD 38 1 3 0 3
[Q ACK] sent=1

# HOST CMD 2 1 4 0 4
[Q COMMAND] CMD 2 1 4 0 4
[Q ACK] sent=1

# HOST CMD 38 1 0 0 4
[Q COMMAND] CMD 38 1 0 0 4
[Q ACK] sent=1

# HOST CMD 2 1 5 0 5
[Q COMMAND] CMD 2 1 5 0 5
[Q ACK] sent=1

# HOST CMD 38 1 1 0 5
[Q COMMAND] CMD 38 1 1 0 5
[Q ACK] sent=1

# HOST CMD 2 1 6 0 6
[Q COMMAND] CMD 2 1 6 0 6
[Q ACK] sent=1

# HOST CMD 38 1 2 0 6
[Q COMMAND] CMD 38 1 2 0 6
[Q ACK] sent=1

# HOST CMD 2 1 7 0 7
[Q COMMAND] CMD 2 1 7 0 7
[Q ACK] sent=1

# HOST CMD 38 1 3 0 7
[Q COMMAND] CMD 38 1 3 0 7
[Q ACK] sent=1

# HOST CMD 2 1 8 0 8
[Q COMMAND] CMD 2 1 8 0 8
[Q ACK] sent=1

# HOST CMD 38 1 0 0 8
[Q COMMAND] CMD 38 1 0 0 8
[Q ACK] sent=1

# HOST CMD 2 1 9 0 9
[Q COMMAND] CMD 2 1 9 0 9
[Q ACK] sent=1

# HOST CMD 38 1 1 0 9
[Q COMMAND] CMD 38 1 1 0 9
[Q ACK] sent=1

# HOST CMD 2 1 10 0 10
[Q COMMAND] CMD 2 1 10 0 10
[Q ACK] sent=1

# HOST CMD 38 1 2 0 10
[Q COMMAND] CMD 38 1 2 0 10
[Q ACK] sent=1

# HOST CMD 2 1 11 0 11
[Q COMMAND] CMD 2 1 11 0 11
[Q ACK] sent=1

# HOST CMD 38 1 3 0 11
[Q COMMAND] CMD 38 1 3 0 11
[Q ACK] sent=1

# HOST CMD 2 1 12 0 12
[Q COMMAND] CMD 2 1 12 0 12
[Q ACK] sent=1

# HOST CMD 38 1 0 0 12
[Q COMMAND] CMD 38 1 0 0 12
[Q ACK] sent=1

# HOST CMD 2 1 13 0 13
[Q COMMAND] CMD 2 1 13 0 13
[Q ACK] sent=1

# HOST CMD 38 1 1 0 13
[Q COMMAND] CMD 38 1 1 0 13
[Q ACK] sent=1

# HOST CMD 2 1 14 0 14
[Q COMMAND] CMD 2 1 14 0 14
[Q ACK] sent=1

# HOST CMD 38 1 2 0 14
[Q COMMAND] CMD 38 1 2 0 14
[Q ACK] sent=1

# HOST CMD 2 1 15 0 15
[Q COMMAND] CMD 2 1 15 0 15
[Q ACK] sent=1

# HOST CMD 38 1 3 0 15
[Q COMMAND] CMD 38 1 3 0 15
[Q ACK] sent=1

# HOST CMD 10 2 0 0 0
[Q COMMAND] CMD 10 2 0 0 0
[Q ACK] sent=1

# HOST CMD 12 2 0 0 0
[Q COMMAND] CMD 12 2 0 0 0
[Q ACK] sent=1

# HOST CMD 47 2 0 0 0
[Q COMMAND] CMD 47 2 0 0 0
[Q ACK] sent=1

# HOST CMD 2 2 0 0 0
[Q COMMAND] CMD 2 2 0 0 0
[Q ACK] sent=1

# HOST CMD 38 2 0 0 0
[Q COMMAND] CMD 38 2 0 0 0
[Q ACK] sent=1

# HOST CMD 2 2 1 0 1
[Q COMMAND] CMD 2 2 1 0 1
[Q ACK] sent=1

# HOST CMD 38 2 1 0 1
[Q COMMAND] CMD 38 2 1 0 1
[Q ACK] sent=1

# HOST CMD 2 2 2 0 2
[Q COMMAND] CMD 2 2 2 0 2
[Q ACK] sent=1

# HOST CMD 38 2 2 0 2
[Q COMMAND] CMD 38 2 2 0 2
[Q ACK] sent=1

# HOST CMD 2 2 3 0 3
[Q COMMAND] CMD 2 2 3 0 3
[Q ACK] sent=1

# HOST CMD 38 2 3 0 3
[Q COMMAND] CMD 38 2 3 0 3
[Q ACK] sent=1

# HOST CMD 2 2 4 0 4
[Q COMMAND] CMD 2 2 4 0 4
[Q ACK] sent=1

# HOST CMD 38 2 0 0 4
[Q COMMAND] CMD 38 2 0 0 4
[Q ACK] sent=1

# HOST CMD 2 2 5 0 5
[Q COMMAND] CMD 2 2 5 0 5
[Q ACK] sent=1

# HOST CMD 38 2 1 0 5
[Q COMMAND] CMD 38 2 1 0 5
[Q ACK] sent=1

# HOST CMD 2 2 6 0 6
[Q COMMAND] CMD 2 2 6 0 6
[Q ACK] sent=1

# HOST CMD 38 2 2 0 6
[Q COMMAND] CMD 38 2 2 0 6
[Q ACK] sent=1

# HOST CMD 2 2 7 0 7
[Q COMMAND] CMD 2 2 7 0 7
[Q ACK] sent=1

# HOST CMD 38 2 3 0 7
[Q COMMAND] CMD 38 2 3 0 7
[Q ACK] sent=1

# HOST CMD 2 2 8 0 8
[Q COMMAND] CMD 2 2 8 0 8
[Q ACK] sent=1

# HOST CMD 38 2 0 0 8
[Q COMMAND] CMD 38 2 0 0 8
[Q ACK] sent=1

# HOST CMD 2 2 9 0 9
[Q COMMAND] CMD 2 2 9 0 9
[Q ACK] sent=1

# HOST CMD 38 2 1 0 9
[Q COMMAND] CMD 38 2 1 0 9
[Q ACK] sent=1

# HOST CMD 2 2 10 0 10
[Q COMMAND] CMD 2 2 10 0 10
[Q ACK] sent=1

# HOST CMD 38 2 2 0 10
[Q COMMAND] CMD 38 2 2 0 10
[Q ACK] sent=1

# HOST CMD 2 2 11 0 11
[Q COMMAND] CMD 2 2 11 0 11
[Q ACK] sent=1

# HOST CMD 38 2 3 0 11
[Q COMMAND] CMD 38 2 3 0 11
[Q ACK] sent=1

# HOST CMD 2 2 12 0 12
[Q COMMAND] CMD 2 2 12 0 12
[Q ACK] sent=1

# HOST CMD 38 2 0 0 12
[Q COMMAND] CMD 38 2 0 0 12
[Q ACK] sent=1

# HOST CMD 2 2 13 0 13
[Q COMMAND] CMD 2 2 13 0 13
[Q ACK] sent=1

# HOST CMD 38 2 1 0 13
[Q COMMAND] CMD 38 2 1 0 13
[Q ACK] sent=1

# HOST CMD 2 2 14 0 14
[Q COMMAND] CMD 2 2 14 0 14
[Q ACK] sent=1

# HOST CMD 38 2 2 0 14
[Q COMMAND] CMD 38 2 2 0 14
[Q ACK] sent=1

# HOST CMD 2 2 15 0 15
[Q COMMAND] CMD 2 2 15 0 15
[Q ACK] sent=1

# HOST CMD 38 2 3 0 15
[Q COMMAND] CMD 38 2 3 0 15
[Q ACK] sent=1

# HOST CMD 10 3 0 0 0
[Q COMMAND] CMD 10 3 0 0 0
[Q ACK] sent=1

# HOST CMD 12 3 0 0 0
[Q COMMAND] CMD 12 3 0 0 0
[Q ACK] sent=1

# HOST CMD 47 3 0 0 0
[Q COMMAND] CMD 47 3 0 0 0
[Q ACK] sent=1

# HOST CMD 2 3 0 0 0
[Q COMMAND] CMD 2 3 0 0 0
[Q ACK] sent=1

# HOST CMD 38 3 0 0 0
[Q COMMAND] CMD 38 3 0 0 0
[Q ACK] sent=1

# HOST CMD 2 3 1 0 1
[Q COMMAND] CMD 2 3 1 0 1
[Q ACK] sent=1

# HOST CMD 38 3 1 0 1
[Q COMMAND] CMD 38 3 1 0 1
[Q ACK] sent=1

# HOST CMD 2 3 2 0 2
[Q COMMAND] CMD 2 3 2 0 2
[Q ACK] sent=1

# HOST CMD 38 3 2 0 2
[Q COMMAND] CMD 38 3 2 0 2
[Q ACK] sent=1

# HOST CMD 2 3 3 0 3
[Q COMMAND] CMD 2 3 3 0 3
[Q ACK] sent=1

# HOST CMD 38 3 3 0 3
[Q COMMAND] CMD 38 3 3 0 3
[Q ACK] sent=1

# HOST CMD 2 3 4 0 4
[Q COMMAND] CMD 2 3 4 0 4
[Q ACK] sent=1

# HOST CMD 38 3 0 0 4
[Q COMMAND] CMD 38 3 0 0 4
[Q ACK] sent=1

# HOST CMD 2 3 5 0 5
[Q COMMAND] CMD 2 3 5 0 5
[Q ACK] sent=1

# HOST CMD 38 3 1 0 5
[Q COMMAND] CMD 38 3 1 0 5
[Q ACK] sent=1

# HOST CMD 2 3 6 0 6
[Q COMMAND] CMD 2 3 6 0 6
[Q ACK] sent=1

# HOST CMD 38 3 2 0 6
[Q COMMAND] CMD 38 3 2 0 6
[Q ACK] sent=1

# HOST CMD 2 3 7 0 7
[Q COMMAND] CMD 2 3 7 0 7
[Q ACK] sent=1

# HOST CMD 38 3 3 0 7
[Q COMMAND] CMD 38 3 3 0 7
[Q ACK] sent=1

# HOST CMD 2 3 8 0 8
[Q COMMAND] CMD 2 3 8 0 8
[Q ACK] sent=1

# HOST CMD 38 3 0 0 8
[Q COMMAND] CMD 38 3 0 0 8
[Q ACK] sent=1

# HOST CMD 2 3 9 0 9
[Q COMMAND] CMD 2 3 9 0 9
[Q ACK] sent=1

# HOST CMD 38 3 1 0 9
[Q COMMAND] CMD 38 3 1 0 9
[Q ACK] sent=1

# HOST CMD 2 3 10 0 10
[Q COMMAND] CMD 2 3 10 0 10
[Q ACK] sent=1

# HOST CMD 38 3 2 0 10
[Q COMMAND] CMD 38 3 2 0 10
[Q ACK] sent=1

# HOST CMD 2 3 11 0 11
[Q COMMAND] CMD 2 3 11 0 11
[Q ACK] sent=1

# HOST CMD 38 3 3 0 11
[Q COMMAND] CMD 38 3 3 0 11
[Q ACK] sent=1

# HOST CMD 2 3 12 0 12
[Q COMMAND] CMD 2 3 12 0 12
[Q ACK] sent=1

# HOST CMD 38 3 0 0 12
[Q COMMAND] CMD 38 3 0 0 12
[Q ACK] sent=1

# HOST CMD 2 3 13 0 13
[Q COMMAND] CMD 2 3 13 0 13
[Q ACK] sent=1

# HOST CMD 38 3 1 0 13
[Q COMMAND] CMD 38 3 1 0 13
[Q ACK] sent=1

# HOST CMD 2 3 14 0 14
[Q COMMAND] CMD 2 3 14 0 14
[Q ACK] sent=1

# HOST CMD 38 3 2 0 14
[Q COMMAND] CMD 38 3 2 0 14
[Q ACK] sent=1

# HOST CMD 2 3 15 0 15
[Q COMMAND] CMD 2 3 15 0 15
[Q ACK] sent=1

# HOST CMD 38 3 3 0 15
[Q COMMAND] CMD 38 3 3 0 15
[Q ACK] sent=1

# HOST CMD 10 4 0 0 0
[Q COMMAND] CMD 10 4 0 0 0
[Q ACK] sent=1

# HOST CMD 12 4 0 0 0
[Q COMMAND] CMD 12 4 0 0 0
[Q ACK] sent=1

# HOST CMD 47 4 0 0 0
[Q COMMAND] CMD 47 4 0 0 0
[Q ACK] sent=1

# HOST CMD 2 4 0 0 0
[Q COMMAND] CMD 2 4 0 0 0
[Q ACK] sent=1

# HOST CMD 38 4 0 0 0
[Q COMMAND] CMD 38 4 0 0 0
[Q ACK] sent=1

# HOST CMD 2 4 1 0 1
[Q COMMAND] CMD 2 4 1 0 1
[Q ACK] sent=1

# HOST CMD 38 4 1 0 1
[Q COMMAND] CMD 38 4 1 0 1
[Q ACK] sent=1

# HOST CMD 2 4 2 0 2
[Q COMMAND] CMD 2 4 2 0 2
[Q ACK] sent=1

# HOST CMD 38 4 2 0 2
[Q COMMAND] CMD 38 4 2 0 2
[Q ACK] sent=1

# HOST CMD 2 4 3 0 3
[Q COMMAND] CMD 2 4 3 0 3
[Q ACK] sent=1

# HOST CMD 38 4 3 0 3
[Q COMMAND] CMD 38 4 3 0 3
[Q ACK] sent=1

# HOST CMD 2 4 4 0 4
[Q COMMAND] CMD 2 4 4 0 4
[Q ACK] sent=1

# HOST CMD 38 4 0 0 4
[Q COMMAND] CMD 38 4 0 0 4
[Q ACK] sent=1

# HOST CMD 2 4 5 0 5
[Q COMMAND] CMD 2 4 5 0 5
[Q ACK] sent=1

# HOST CMD 38 4 1 0 5
[Q COMMAND] CMD 38 4 1 0 5
[Q ACK] sent=1

# HOST CMD 2 4 6 0 6
[Q COMMAND] CMD 2 4 6 0 6
[Q ACK] sent=1

# HOST CMD 38 4 2 0 6
[Q COMMAND] CMD 38 4 2 0 6
[Q ACK] sent=1

# HOST CMD 2 4 7 0 7
[Q COMMAND] CMD 2 4 7 0 7
[Q ACK] sent=1

# HOST CMD 38 4 3 0 7
[Q COMMAND] CMD 38 4 3 0 7
[Q ACK] sent=1

# HOST CMD 2 4 8 0 8
[Q COMMAND] CMD 2 4 8 0 8
[Q ACK] sent=1

# HOST CMD 38 4 0 0 8
[Q COMMAND] CMD 38 4 0 0 8
[Q ACK] sent=1

# HOST CMD 2 4 9 0 9
[Q COMMAND] CMD 2 4 9 0 9
[Q ACK] sent=1

# HOST CMD 38 4 1 0 9
[Q COMMAND] CMD 38 4 1 0 9
[Q ACK] sent=1

# HOST CMD 2 4 10 0 10
[Q COMMAND] CMD 2 4 10 0 10
[Q ACK] sent=1

# HOST CMD 38 4 2 0 10
[Q COMMAND] CMD 38 4 2 0 10
[Q ACK] sent=1

# HOST CMD 2 4 11 0 11
[Q COMMAND] CMD 2 4 11 0 11
[Q ACK] sent=1

# HOST CMD 38 4 3 0 11
[Q COMMAND] CMD 38 4 3 0 11
[Q ACK] sent=1

# HOST CMD 2 4 12 0 12
[Q COMMAND] CMD 2 4 12 0 12
[Q ACK] sent=1

# HOST CMD 38 4 0 0 12
[Q COMMAND] CMD 38 4 0 0 12
[Q ACK] sent=1

# HOST CMD 2 4 13 0 13
[Q COMMAND] CMD 2 4 13 0 13
[Q ACK] sent=1

# HOST CMD 38 4 1 0 13
[Q COMMAND] CMD 38 4 1 0 13
[Q ACK] sent=1

# HOST CMD 2 4 14 0 14
[Q COMMAND] CMD 2 4 14 0 14
[Q ACK] sent=1

# HOST CMD 38 4 2 0 14
[Q COMMAND] CMD 38 4 2 0 14
[Q ACK] sent=1

# HOST CMD 2 4 15 0 15
[Q COMMAND] CMD 2 4 15 0 15
[Q ACK] sent=1

# HOST CMD 38 4 3 0 15
[Q COMMAND] CMD 38 4 3 0 15
[Q ACK] sent=1

# HOST CMD 10 5 0 0 0
[Q COMMAND] CMD 10 5 0 0 0
[Q ACK] sent=1

# HOST CMD 12 5 0 0 0
[Q COMMAND] CMD 12 5 0 0 0
[Q ACK] sent=1

# HOST CMD 47 5 0 0 0
[Q COMMAND] CMD 47 5 0 0 0
[Q ACK] sent=1

# HOST CMD 2 5 0 0 0
[Q COMMAND] CMD 2 5 0 0 0
[Q ACK] sent=1

# HOST CMD 38 5 0 0 0
[Q COMMAND] CMD 38 5 0 0 0
[Q ACK] sent=1

# HOST CMD 2 5 1 0 1
[Q COMMAND] CMD 2 5 1 0 1
[Q ACK] sent=1

# HOST CMD 38 5 1 0 1
[Q COMMAND] CMD 38 5 1 0 1
[Q ACK] sent=1

# HOST CMD 2 5 2 0 2
[Q COMMAND] CMD 2 5 2 0 2
[Q ACK] sent=1

# HOST CMD 38 5 2 0 2
[Q COMMAND] CMD 38 5 2 0 2
[Q ACK] sent=1

# HOST CMD 2 5 3 0 3
[Q COMMAND] CMD 2 5 3 0 3
[Q ACK] sent=1

# HOST CMD 38 5 3 0 3
[Q COMMAND] CMD 38 5 3 0 3
[Q ACK] sent=1

# HOST CMD 2 5 4 0 4
[Q COMMAND] CMD 2 5 4 0 4
[Q ACK] sent=1

# HOST CMD 38 5 0 0 4
[Q COMMAND] CMD 38 5 0 0 4
[Q ACK] sent=1

# HOST CMD 2 5 5 0 5
[Q COMMAND] CMD 2 5 5 0 5
[Q ACK] sent=1

# HOST CMD 38 5 1 0 5
[Q COMMAND] CMD 38 5 1 0 5
[Q ACK] sent=1

# HOST CMD 2 5 6 0 6
[Q COMMAND] CMD 2 5 6 0 6
[Q ACK] sent=1

# HOST CMD 38 5 2 0 6
[Q COMMAND] CMD 38 5 2 0 6
[Q ACK] sent=1

# HOST CMD 2 5 7 0 7
[Q COMMAND] CMD 2 5 7 0 7
[Q ACK] sent=1

# HOST CMD 38 5 3 0 7
[Q COMMAND] CMD 38 5 3 0 7
[Q ACK] sent=1

# HOST CMD 2 5 8 0 8
[Q COMMAND] CMD 2 5 8 0 8
[Q ACK] sent=1

# HOST CMD 38 5 0 0 8
[Q COMMAND] CMD 38 5 0 0 8
[Q ACK] sent=1

# HOST CMD 2 5 9 0 9
[Q COMMAND] CMD 2 5 9 0 9
[Q ACK] sent=1

# HOST CMD 38 5 1 0 9
[Q COMMAND] CMD 38 5 1 0 9
[Q ACK] sent=1

# HOST CMD 2 5 10 0 10
[Q COMMAND] CMD 2 5 10 0 10
[Q ACK] sent=1

# HOST CMD 38 5 2 0 10
[Q COMMAND] CMD 38 5 2 0 10
[Q ACK] sent=1

# HOST CMD 2 5 11 0 11
[Q COMMAND] CMD 2 5 11 0 11
[Q ACK] sent=1

# HOST CMD 38 5 3 0 11
[Q COMMAND] CMD 38 5 3 0 11
[Q ACK] sent=1

# HOST CMD 2 5 12 0 12
[Q COMMAND] CMD 2 5 12 0 12
[Q ACK] sent=1

# HOST CMD 38 5 0 0 12
[Q COMMAND] CMD 38 5 0 0 12
[Q ACK] sent=1

# HOST CMD 2 5 13 0 13
[Q COMMAND] CMD 2 5 13 0 13
[Q ACK] sent=1

# HOST CMD 38 5 1 0 13
[Q COMMAND] CMD 38 5 1 0 13
[Q ACK] sent=1

# HOST CMD 2 5 14 0 14
[Q COMMAND] CMD 2 5 14 0 14
[Q ACK] sent=1

# HOST CMD 38 5 2 0 14
[Q COMMAND] CMD 38 5 2 0 14
[Q ACK] sent=1

# HOST CMD 2 5 15 0 15
[Q COMMAND] CMD 2 5 15 0 15
[Q ACK] sent=1

# HOST CMD 38 5 3 0 15
[Q COMMAND] CMD 38 5 3 0 15
[Q ACK] sent=1

# HOST CMD 10 6 0 0 0
[Q COMMAND] CMD 10 6 0 0 0
[Q ACK] sent=1

# HOST CMD 12 6 0 0 0
[Q COMMAND] CMD 12 6 0 0 0
[Q ACK] sent=1

# HOST CMD 47 6 0 0 0
[Q COMMAND] CMD 47 6 0 0 0
[Q ACK] sent=1

# HOST CMD 2 6 0 0 0
[Q COMMAND] CMD 2 6 0 0 0
[Q ACK] sent=1

# HOST CMD 38 6 0 0 0
[Q COMMAND] CMD 38 6 0 0 0
[Q ACK] sent=1

# HOST CMD 2 6 1 0 1
[Q COMMAND] CMD 2 6 1 0 1
[Q ACK] sent=1

# HOST CMD 38 6 1 0 1
[Q COMMAND] CMD 38 6 1 0 1
[Q ACK] sent=1

# HOST CMD 2 6 2 0 2
[Q COMMAND] CMD 2 6 2 0 2
[Q ACK] sent=1

# HOST CMD 38 6 2 0 2
[Q COMMAND] CMD 38 6 2 0 2
[Q ACK] sent=1

# HOST CMD 2 6 3 0 3
[Q COMMAND] CMD 2 6 3 0 3
[Q ACK] sent=1

# HOST CMD 38 6 3 0 3
[Q COMMAND] CMD 38 6 3 0 3
[Q ACK] sent=1

# HOST CMD 2 6 4 0 4
[Q COMMAND] CMD 2 6 4 0 4
[Q ACK] sent=1

# HOST CMD 38 6 0 0 4
[Q COMMAND] CMD 38 6 0 0 4
[Q ACK] sent=1

# HOST CMD 2 6 5 0 5
[Q COMMAND] CMD 2 6 5 0 5
[Q ACK] sent=1

# HOST CMD 38 6 1 0 5
[Q COMMAND] CMD 38 6 1 0 5
[Q ACK] sent=1

# HOST CMD 2 6 6 0 6
[Q COMMAND] CMD 2 6 6 0 6
[Q ACK] sent=1

# HOST CMD 38 6 2 0 6
[Q COMMAND] CMD 38 6 2 0 6
[Q ACK] sent=1

# HOST CMD 2 6 7 0 7
[Q COMMAND] CMD 2 6 7 0 7
[Q ACK] sent=1

# HOST CMD 38 6 3 0 7
[Q COMMAND] CMD 38 6 3 0 7
[Q ACK] sent=1

# HOST CMD 2 6 8 0 8
[Q COMMAND] CMD 2 6 8 0 8
[Q ACK] sent=1

# HOST CMD 38 6 0 0 8
[Q COMMAND] CMD 38 6 0 0 8
[Q ACK] sent=1

# HOST CMD 2 6 9 0 9
[Q COMMAND] CMD 2 6 9 0 9
[Q ACK] sent=1

# HOST CMD 38 6 1 0 9
[Q COMMAND] CMD 38 6 1 0 9
[Q ACK] sent=1

# HOST CMD 2 6 10 0 10
[Q COMMAND] CMD 2 6 10 0 10
[Q ACK] sent=1

# HOST CMD 38 6 2 0 10
[Q COMMAND] CMD 38 6 2 0 10
[Q ACK] sent=1

# HOST CMD 2 6 11 0 11
[Q COMMAND] CMD 2 6 11 0 11
[Q ACK] sent=1

# HOST CMD 38 6 3 0 11
[Q COMMAND] CMD 38 6 3 0 11
[Q ACK] sent=1

# HOST CMD 2 6 12 0 12
[Q COMMAND] CMD 2 6 12 0 12
[Q ACK] sent=1

# HOST CMD 38 6 0 0 12
[Q COMMAND] CMD 38 6 0 0 12
[Q ACK] sent=1

# HOST CMD 2 6 13 0 13
[Q COMMAND] CMD 2 6 13 0 13
[Q ACK] sent=1

# HOST CMD 38 6 1 0 13
[Q COMMAND] CMD 38 6 1 0 13
[Q ACK] sent=1

# HOST CMD 2 6 14 0 14
[Q COMMAND] CMD 2 6 14 0 14
[Q ACK] sent=1

# HOST CMD 38 6 2 0 14
[Q COMMAND] CMD 38 6 2 0 14
[Q ACK] sent=1

# HOST CMD 2 6 15 0 15
[Q COMMAND] CMD 2 6 15 0 15
[Q ACK] sent=1

# HOST CMD 38 6 3 0 15
[Q COMMAND] CMD 38 6 3 0 15
[Q ACK] sent=1

# HOST CMD 10 7 0 0 0
[Q COMMAND] CMD 10 7 0 0 0
[Q ACK] sent=1

# HOST CMD 12 7 0 0 0
[Q COMMAND] CMD 12 7 0 0 0
[Q ACK] sent=1

# HOST CMD 47 7 0 0 0
[Q COMMAND] CMD 47 7 0 0 0
[Q ACK] sent=1

# HOST CMD 2 7 0 0 0
[Q COMMAND] CMD 2 7 0 0 0
[Q ACK] sent=1

# HOST CMD 38 7 0 0 0
[Q COMMAND] CMD 38 7 0 0 0
[Q ACK] sent=1

# HOST CMD 2 7 1 0 1
[Q COMMAND] CMD 2 7 1 0 1
[Q ACK] sent=1

# HOST CMD 38 7 1 0 1
[Q COMMAND] CMD 38 7 1 0 1
[Q ACK] sent=1

# HOST CMD 2 7 2 0 2
[Q COMMAND] CMD 2 7 2 0 2
[Q ACK] sent=1

# HOST CMD 38 7 2 0 2
[Q COMMAND] CMD 38 7 2 0 2
[Q ACK] sent=1

# HOST CMD 2 7 3 0 3
[Q COMMAND] CMD 2 7 3 0 3
[Q ACK] sent=1

# HOST CMD 38 7 3 0 3
[Q COMMAND] CMD 38 7 3 0 3
[Q ACK] sent=1

# HOST CMD 2 7 4 0 4
[Q COMMAND] CMD 2 7 4 0 4
[Q ACK] sent=1

# HOST CMD 38 7 0 0 4
[Q COMMAND] CMD 38 7 0 0 4
[Q ACK] sent=1

# HOST CMD 2 7 5 0 5
[Q COMMAND] CMD 2 7 5 0 5
[Q ACK] sent=1

# HOST CMD 38 7 1 0 5
[Q COMMAND] CMD 38 7 1 0 5
[Q ACK] sent=1

# HOST CMD 2 7 6 0 6
[Q COMMAND] CMD 2 7 6 0 6
[Q ACK] sent=1

# HOST CMD 38 7 2 0 6
[Q COMMAND] CMD 38 7 2 0 6
[Q ACK] sent=1

# HOST CMD 2 7 7 0 7
[Q COMMAND] CMD 2 7 7 0 7
[Q ACK] sent=1

# HOST CMD 38 7 3 0 7
[Q COMMAND] CMD 38 7 3 0 7
[Q ACK] sent=1

# HOST CMD 2 7 8 0 8
[Q COMMAND] CMD 2 7 8 0 8
[Q ACK] sent=1

# HOST CMD 38 7 0 0 8
[Q COMMAND] CMD 38 7 0 0 8
[Q ACK] sent=1

# HOST CMD 2 7 9 0 9
[Q COMMAND] CMD 2 7 9 0 9
[Q ACK] sent=1

# HOST CMD 38 7 1 0 9
[Q COMMAND] CMD 38 7 1 0 9
[Q ACK] sent=1

# HOST CMD 2 7 10 0 10
[Q COMMAND] CMD 2 7 10 0 10
[Q ACK] sent=1

# HOST CMD 38 7 2 0 10
[Q COMMAND] CMD 38 7 2 0 10
[Q ACK] sent=1

# HOST CMD 2 7 11 0 11
[Q COMMAND] CMD 2 7 11 0 11
[Q ACK] sent=1

# HOST CMD 38 7 3 0 11
[Q COMMAND] CMD 38 7 3 0 11
[Q ACK] sent=1

# HOST CMD 2 7 12 0 12
[Q COMMAND] CMD 2 7 12 0 12
[Q ACK] sent=1

# HOST CMD 38 7 0 0 12
[Q COMMAND] CMD 38 7 0 0 12
[Q ACK] sent=1

# HOST CMD 2 7 13 0 13
[Q COMMAND] CMD 2 7 13 0 13
[Q ACK] sent=1

# HOST CMD 38 7 1 0 13
[Q COMMAND] CMD 38 7 1 0 13
[Q ACK] sent=1

# HOST CMD 2 7 14 0 14
[Q COMMAND] CMD 2 7 14 0 14
[Q ACK] sent=1

# HOST CMD 38 7 2 0 14
[Q COMMAND] CMD 38 7 2 0 14
[Q ACK] sent=1

# HOST CMD 2 7 15 0 15
[Q COMMAND] CMD 2 7 15 0 15
[Q ACK] sent=1

# HOST CMD 38 7 3 0 15
[Q COMMAND] CMD 38 7 3 0 15
[Q ACK] sent=1

# HOST CMD 10 8 0 0 0
[Q COMMAND] CMD 10 8 0 0 0
[Q ACK] sent=1

# HOST CMD 12 8 0 0 0
[Q COMMAND] CMD 12 8 0 0 0
[Q ACK] sent=1

# HOST CMD 47 8 0 0 0
[Q COMMAND] CMD 47 8 0 0 0
[Q ACK] sent=1

# HOST CMD 2 8 0 0 0
[Q COMMAND] CMD 2 8 0 0 0
[Q ACK] sent=1

# HOST CMD 38 8 0 0 0
[Q COMMAND] CMD 38 8 0 0 0
[Q ACK] sent=1

# HOST CMD 2 8 1 0 1
[Q COMMAND] CMD 2 8 1 0 1
[Q ACK] sent=1

# HOST CMD 38 8 1 0 1
[Q COMMAND] CMD 38 8 1 0 1
[Q ACK] sent=1

# HOST CMD 2 8 2 0 2
[Q COMMAND] CMD 2 8 2 0 2
[Q ACK] sent=1

# HOST CMD 38 8 2 0 2
[Q COMMAND] CMD 38 8 2 0 2
[Q ACK] sent=1

# HOST CMD 2 8 3 0 3
[Q COMMAND] CMD 2 8 3 0 3
[Q ACK] sent=1

# HOST CMD 38 8 3 0 3
[Q COMMAND] CMD 38 8 3 0 3
[Q ACK] sent=1

# HOST CMD 2 8 4 0 4
[Q COMMAND] CMD 2 8 4 0 4
[Q ACK] sent=1

# HOST CMD 38 8 0 0 4
[Q COMMAND] CMD 38 8 0 0 4
[Q ACK] sent=1

# HOST CMD 2 8 5 0 5
[Q COMMAND] CMD 2 8 5 0 5
[Q ACK] sent=1

# HOST CMD 38 8 1 0 5
[Q COMMAND] CMD 38 8 1 0 5
[Q ACK] sent=1

# HOST CMD 2 8 6 0 6
[Q COMMAND] CMD 2 8 6 0 6
[Q ACK] sent=1

# HOST CMD 38 8 2 0 6
[Q COMMAND] CMD 38 8 2 0 6
[Q ACK] sent=1

# HOST CMD 2 8 7 0 7
[Q COMMAND] CMD 2 8 7 0 7
[Q ACK] sent=1

# HOST CMD 38 8 3 0 7
[Q COMMAND] CMD 38 8 3 0 7
[Q ACK] sent=1

# HOST CMD 2 8 8 0 8
[Q COMMAND] CMD 2 8 8 0 8
[Q ACK] sent=1

# HOST CMD 38 8 0 0 8
[Q COMMAND] CMD 38 8 0 0 8
[Q ACK] sent=1

# HOST CMD 2 8 9 0 9
[Q COMMAND] CMD 2 8 9 0 9
[Q ACK] sent=1

# HOST CMD 38 8 1 0 9
[Q COMMAND] CMD 38 8 1 0 9
[Q ACK] sent=1

# HOST CMD 2 8 10 0 10
[Q COMMAND] CMD 2 8 10 0 10
[Q ACK] sent=1

# HOST CMD 38 8 2 0 10
[Q COMMAND] CMD 38 8 2 0 10
[Q ACK] sent=1

# HOST CMD 2 8 11 0 11
[Q COMMAND] CMD 2 8 11 0 11
[Q ACK] sent=1

# HOST CMD 38 8 3 0 11
[Q COMMAND] CMD 38 8 3 0 11
[Q ACK] sent=1

# HOST CMD 2 8 12 0 12
[Q COMMAND] CMD 2 8 12 0 12
[Q ACK] sent=1

# HOST CMD 38 8 0 0 12
[Q COMMAND] CMD 38 8 0 0 12
[Q ACK] sent=1

# HOST CMD 2 8 13 0 13
[Q COMMAND] CMD 2 8 13 0 13
[Q ACK] sent=1

# HOST CMD 38 8 1 0 13
[Q COMMAND] CMD 38 8 1 0 13
[Q ACK] sent=1

# HOST CMD 2 8 14 0 14
[Q COMMAND] CMD 2 8 14 0 14
[Q ACK] sent=1

# HOST CMD 38 8 2 0 14
[Q COMMAND] CMD 38 8 2 0 14
[Q ACK] sent=1

# HOST CMD 2 8 15 0 15
[Q COMMAND] CMD 2 8 15 0 15
[Q ACK] sent=1

# HOST CMD 38 8 3 0 15
[Q COMMAND] CMD 38 8 3 0 15
[Q ACK] sent=1

# HOST CMD 10 9 0 0 0
[Q COMMAND] CMD 10 9 0 0 0
[Q ACK] sent=1

# HOST CMD 12 9 0 0 0
[Q COMMAND] CMD 12 9 0 0 0
[Q ACK] sent=1

# HOST CMD 47 9 0 0 0
[Q COMMAND] CMD 47 9 0 0 0
[Q ACK] sent=1

# HOST CMD 2 9 0 0 0
[Q COMMAND] CMD 2 9 0 0 0
[Q ACK] sent=1

# HOST CMD 38 9 0 0 0
[Q COMMAND] CMD 38 9 0 0 0
[Q ACK] sent=1

# HOST CMD 2 9 1 0 1
[Q COMMAND] CMD 2 9 1 0 1
[Q ACK] sent=1

# HOST CMD 38 9 1 0 1
[Q COMMAND] CMD 38 9 1 0 1
[Q ACK] sent=1

# HOST CMD 2 9 2 0 2
[Q COMMAND] CMD 2 9 2 0 2
[Q ACK] sent=1

# HOST CMD 38 9 2 0 2
[Q COMMAND] CMD 38 9 2 0 2
[Q ACK] sent=1

# HOST CMD 2 9 3 0 3
[Q COMMAND] CMD 2 9 3 0 3
[Q ACK] sent=1

# HOST CMD 38 9 3 0 3
[Q COMMAND] CMD 38 9 3 0 3
[Q ACK] sent=1

# HOST CMD 2 9 4 0 4
[Q COMMAND] CMD 2 9 4 0 4
[Q ACK] sent=1

# HOST CMD 38 9 0 0 4
[Q COMMAND] CMD 38 9 0 0 4
[Q ACK] sent=1

# HOST CMD 2 9 5 0 5
[Q COMMAND] CMD 2 9 5 0 5
[Q ACK] sent=1

# HOST CMD 38 9 1 0 5
[Q COMMAND] CMD 38 9 1 0 5
[Q ACK] sent=1

# HOST CMD 2 9 6 0 6
[Q COMMAND] CMD 2 9 6 0 6
[Q ACK] sent=1

# HOST CMD 38 9 2 0 6
[Q COMMAND] CMD 38 9 2 0 6
[Q ACK] sent=1

# HOST CMD 2 9 7 0 7
[Q COMMAND] CMD 2 9 7 0 7
[Q ACK] sent=1

# HOST CMD 38 9 3 0 7
[Q COMMAND] CMD 38 9 3 0 7
[Q ACK] sent=1

# HOST CMD 2 9 8 0 8
[Q COMMAND] CMD 2 9 8 0 8
[Q ACK] sent=1

# HOST CMD 38 9 0 0 8
[Q COMMAND] CMD 38 9 0 0 8
[Q ACK] sent=1

# HOST CMD 2 9 9 0 9
[Q COMMAND] CMD 2 9 9 0 9
[Q ACK] sent=1

# HOST CMD 38 9 1 0 9
[Q COMMAND] CMD 38 9 1 0 9
[Q ACK] sent=1

# HOST CMD 2 9 10 0 10
[Q COMMAND] CMD 2 9 10 0 10
[Q ACK] sent=1

# HOST CMD 38 9 2 0 10
[Q COMMAND] CMD 38 9 2 0 10
[Q ACK] sent=1

# HOST CMD 2 9 11 0 11
[Q COMMAND] CMD 2 9 11 0 11
[Q ACK] sent=1

# HOST CMD 38 9 3 0 11
[Q COMMAND] CMD 38 9 3 0 11
[Q ACK] sent=1

# HOST CMD 2 9 12 0 12
[Q COMMAND] CMD 2 9 12 0 12
[Q ACK] sent=1

# HOST CMD 38 9 0 0 12
[Q COMMAND] CMD 38 9 0 0 12
[Q ACK] sent=1

# HOST CMD 2 9 13 0 13
[Q COMMAND] CMD 2 9 13 0 13
[Q ACK] sent=1

# HOST CMD 38 9 1 0 13
[Q COMMAND] CMD 38 9 1 0 13
[Q ACK] sent=1

# HOST CMD 2 9 14 0 14
[Q COMMAND] CMD 2 9 14 0 14
[Q ACK] sent=1

# HOST CMD 38 9 2 0 14
[Q COMMAND] CMD 38 9 2 0 14
[Q ACK] sent=1

# HOST CMD 2 9 15 0 15
[Q COMMAND] CMD 2 9 15 0 15
[Q ACK] sent=1

# HOST CMD 38 9 3 0 15
[Q COMMAND] CMD 38 9 3 0 15
[Q ACK] sent=1

# HOST CMD 10 10 0 0 0
[Q COMMAND] CMD 10 10 0 0 0
[Q ACK] sent=1

# HOST CMD 12 10 0 0 0
[Q COMMAND] CMD 12 10 0 0 0
[Q ACK] sent=1

# HOST CMD 47 10 0 0 0
[Q COMMAND] CMD 47 10 0 0 0
[Q ACK] sent=1

# HOST CMD 2 10 0 0 0
[Q COMMAND] CMD 2 10 0 0 0
[Q ACK] sent=1

# HOST CMD 38 10 0 0 0
[Q COMMAND] CMD 38 10 0 0 0
[Q ACK] sent=1

# HOST CMD 2 10 1 0 1
[Q COMMAND] CMD 2 10 1 0 1
[Q ACK] sent=1

# HOST CMD 38 10 1 0 1
[Q COMMAND] CMD 38 10 1 0 1
[Q ACK] sent=1

# HOST CMD 2 10 2 0 2
[Q COMMAND] CMD 2 10 2 0 2
[Q ACK] sent=1

# HOST CMD 38 10 2 0 2
[Q COMMAND] CMD 38 10 2 0 2
[Q ACK] sent=1

# HOST CMD 2 10 3 0 3
[Q COMMAND] CMD 2 10 3 0 3
[Q ACK] sent=1

# HOST CMD 38 10 3 0 3
[Q COMMAND] CMD 38 10 3 0 3
[Q ACK] sent=1

# HOST CMD 2 10 4 0 4
[Q COMMAND] CMD 2 10 4 0 4
[Q ACK] sent=1

# HOST CMD 38 10 0 0 4
[Q COMMAND] CMD 38 10 0 0 4
[Q ACK] sent=1

# HOST CMD 2 10 5 0 5
[Q COMMAND] CMD 2 10 5 0 5
[Q ACK] sent=1

# HOST CMD 38 10 1 0 5
[Q COMMAND] CMD 38 10 1 0 5
[Q ACK] sent=1

# HOST CMD 2 10 6 0 6
[Q COMMAND] CMD 2 10 6 0 6
[Q ACK] sent=1

# HOST CMD 38 10 2 0 6
[Q COMMAND] CMD 38 10 2 0 6
[Q ACK] sent=1

# HOST CMD 2 10 7 0 7
[Q COMMAND] CMD 2 10 7 0 7
[Q ACK] sent=1

# HOST CMD 38 10 3 0 7
[Q COMMAND] CMD 38 10 3 0 7
[Q ACK] sent=1

# HOST CMD 2 10 8 0 8
[Q COMMAND] CMD 2 10 8 0 8
[Q ACK] sent=1

# HOST CMD 38 10 0 0 8
[Q COMMAND] CMD 38 10 0 0 8
[Q ACK] sent=1

# HOST CMD 2 10 9 0 9
[Q COMMAND] CMD 2 10 9 0 9
[Q ACK] sent=1

# HOST CMD 38 10 1 0 9
[Q COMMAND] CMD 38 10 1 0 9
[Q ACK] sent=1

# HOST CMD 2 10 10 0 10
[Q COMMAND] CMD 2 10 10 0 10
[Q ACK] sent=1

# HOST CMD 38 10 2 0 10
[Q COMMAND] CMD 38 10 2 0 10
[Q ACK] sent=1

# HOST CMD 2 10 11 0 11
[Q COMMAND] CMD 2 10 11 0 11
[Q ACK] sent=1

# HOST CMD 38 10 3 0 11
[Q COMMAND] CMD 38 10 3 0 11
[Q ACK] sent=1

# HOST CMD 2 10 12 0 12
[Q COMMAND] CMD 2 10 12 0 12
[Q ACK] sent=1

# HOST CMD 38 10 0 0 12
[Q COMMAND] CMD 38 10 0 0 12
[Q ACK] sent=1

# HOST CMD 2 10 13 0 13
[Q COMMAND] CMD 2 10 13 0 13
[Q ACK] sent=1

# HOST CMD 38 10 1 0 13
[Q COMMAND] CMD 38 10 1 0 13
[Q ACK] sent=1

# HOST CMD 2 10 14 0 14
[Q COMMAND] CMD 2 10 14 0 14
[Q ACK] sent=1

# HOST CMD 38 10 2 0 14
[Q COMMAND] CMD 38 10 2 0 14
[Q ACK] sent=1

# HOST CMD 2 10 15 0 15
[Q COMMAND] CMD 2 10 15 0 15
[Q ACK] sent=1

# HOST CMD 38 10 3 0 15
[Q COMMAND] CMD 38 10 3 0 15
[Q ACK] sent=1

# HOST CMD 10 11 0 0 0
[Q COMMAND] CMD 10 11 0 0 0
[Q ACK] sent=1

# HOST CMD 12 11 0 0 0
[Q COMMAND] CMD 12 11 0 0 0
[Q ACK] sent=1

# HOST CMD 47 11 0 0 0
[Q COMMAND] CMD 47 11 0 0 0
[Q ACK] sent=1

# HOST CMD 2 11 0 0 0
[Q COMMAND] CMD 2 11 0 0 0
[Q ACK] sent=1

# HOST CMD 38 11 0 0 0
[Q COMMAND] CMD 38 11 0 0 0
[Q ACK] sent=1

# HOST CMD 2 11 1 0 1
[Q COMMAND] CMD 2 11 1 0 1
[Q ACK] sent=1

# HOST CMD 38 11 1 0 1
[Q COMMAND] CMD 38 11 1 0 1
[Q ACK] sent=1

# HOST CMD 2 11 2 0 2
[Q COMMAND] CMD 2 11 2 0 2
[Q ACK] sent=1

# HOST CMD 38 11 2 0 2
[Q COMMAND] CMD 38 11 2 0 2
[Q ACK] sent=1

# HOST CMD 2 11 3 0 3
[Q COMMAND] CMD 2 11 3 0 3
[Q ACK] sent=1

# HOST CMD 38 11 3 0 3
[Q COMMAND] CMD 38 11 3 0 3
[Q ACK] sent=1

# HOST CMD 2 11 4 0 4
[Q COMMAND] CMD 2 11 4 0 4
[Q ACK] sent=1

# HOST CMD 38 11 0 0 4
[Q COMMAND] CMD 38 11 0 0 4
[Q ACK] sent=1

# HOST CMD 2 11 5 0 5
[Q COMMAND] CMD 2 11 5 0 5
[Q ACK] sent=1

# HOST CMD 38 11 1 0 5
[Q COMMAND] CMD 38 11 1 0 5
[Q ACK] sent=1

# HOST CMD 2 11 6 0 6
[Q COMMAND] CMD 2 11 6 0 6
[Q ACK] sent=1

# HOST CMD 38 11 2 0 6
[Q COMMAND] CMD 38 11 2 0 6
[Q ACK] sent=1

# HOST CMD 2 11 7 0 7
[Q COMMAND] CMD 2 11 7 0 7
[Q ACK] sent=1

# HOST CMD 38 11 3 0 7
[Q COMMAND] CMD 38 11 3 0 7
[Q ACK] sent=1

# HOST CMD 2 11 8 0 8
[Q COMMAND] CMD 2 11 8 0 8
[Q ACK] sent=1

# HOST CMD 38 11 0 0 8
[Q COMMAND] CMD 38 11 0 0 8
[Q ACK] sent=1

# HOST CMD 2 11 9 0 9
[Q COMMAND] CMD 2 11 9 0 9
[Q ACK] sent=1

# HOST CMD 38 11 1 0 9
[Q COMMAND] CMD 38 11 1 0 9
[Q ACK] sent=1

# HOST CMD 2 11 10 0 10
[Q COMMAND] CMD 2 11 10 0 10
[Q ACK] sent=1

# HOST CMD 38 11 2 0 10
[Q COMMAND] CMD 38 11 2 0 10
[Q ACK] sent=1

# HOST CMD 2 11 11 0 11
[Q COMMAND] CMD 2 11 11 0 11
[Q ACK] sent=1

# HOST CMD 38 11 3 0 11
[Q COMMAND] CMD 38 11 3 0 11
[Q ACK] sent=1

# HOST CMD 2 11 12 0 12
[Q COMMAND] CMD 2 11 12 0 12
[Q ACK] sent=1

# HOST CMD 38 11 0 0 12
[Q COMMAND] CMD 38 11 0 0 12
[Q ACK] sent=1

# HOST CMD 2 11 13 0 13
[Q COMMAND] CMD 2 11 13 0 13
[Q ACK] sent=1

# HOST CMD 38 11 1 0 13
[Q COMMAND] CMD 38 11 1 0 13
[Q ACK] sent=1

# HOST CMD 2 11 14 0 14
[Q COMMAND] CMD 2 11 14 0 14
[Q ACK] sent=1

# HOST CMD 38 11 2 0 14
[Q COMMAND] CMD 38 11 2 0 14
[Q ACK] sent=1

# HOST CMD 2 11 15 0 15
[Q COMMAND] CMD 2 11 15 0 15
[Q ACK] sent=1

# HOST CMD 38 11 3 0 15
[Q COMMAND] CMD 38 11 3 0 15
[Q ACK] sent=1

# HOST CMD 10 12 0 0 0
[Q COMMAND] CMD 10 12 0 0 0
[Q ACK] sent=1

# HOST CMD 12 12 0 0 0
[Q COMMAND] CMD 12 12 0 0 0
[Q ACK] sent=1

# HOST CMD 47 12 0 0 0
[Q COMMAND] CMD 47 12 0 0 0
[Q ACK] sent=1

# HOST CMD 2 12 0 0 0
[Q COMMAND] CMD 2 12 0 0 0
[Q ACK] sent=1

# HOST CMD 38 12 0 0 0
[Q COMMAND] CMD 38 12 0 0 0
[Q ACK] sent=1

# HOST CMD 2 12 1 0 1
[Q COMMAND] CMD 2 12 1 0 1
[Q ACK] sent=1

# HOST CMD 38 12 1 0 1
[Q COMMAND] CMD 38 12 1 0 1
[Q ACK] sent=1

# HOST CMD 2 12 2 0 2
[Q COMMAND] CMD 2 12 2 0 2
[Q ACK] sent=1

# HOST CMD 38 12 2 0 2
[Q COMMAND] CMD 38 12 2 0 2
[Q ACK] sent=1

# HOST CMD 2 12 3 0 3
[Q COMMAND] CMD 2 12 3 0 3
[Q ACK] sent=1

# HOST CMD 38 12 3 0 3
[Q COMMAND] CMD 38 12 3 0 3
[Q ACK] sent=1

# HOST CMD 2 12 4 0 4
[Q COMMAND] CMD 2 12 4 0 4
[Q ACK] sent=1

# HOST CMD 38 12 0 0 4
[Q COMMAND] CMD 38 12 0 0 4
[Q ACK] sent=1

# HOST CMD 2 12 5 0 5
[Q COMMAND] CMD 2 12 5 0 5
[Q ACK] sent=1

# HOST CMD 38 12 1 0 5
[Q COMMAND] CMD 38 12 1 0 5
[Q ACK] sent=1

# HOST CMD 2 12 6 0 6
[Q COMMAND] CMD 2 12 6 0 6
[Q ACK] sent=1

# HOST CMD 38 12 2 0 6
[Q COMMAND] CMD 38 12 2 0 6
[Q ACK] sent=1

# HOST CMD 2 12 7 0 7
[Q COMMAND] CMD 2 12 7 0 7
[Q ACK] sent=1

# HOST CMD 38 12 3 0 7
[Q COMMAND] CMD 38 12 3 0 7
[Q ACK] sent=1

# HOST CMD 2 12 8 0 8
[Q COMMAND] CMD 2 12 8 0 8
[Q ACK] sent=1

# HOST CMD 38 12 0 0 8
[Q COMMAND] CMD 38 12 0 0 8
[Q ACK] sent=1

# HOST CMD 2 12 9 0 9
[Q COMMAND] CMD 2 12 9 0 9
[Q ACK] sent=1

# HOST CMD 38 12 1 0 9
[Q COMMAND] CMD 38 12 1 0 9
[Q ACK] sent=1

# HOST CMD 2 12 10 0 10
[Q COMMAND] CMD 2 12 10 0 10
[Q ACK] sent=1

# HOST CMD 38 12 2 0 10
[Q COMMAND] CMD 38 12 2 0 10
[Q ACK] sent=1

# HOST CMD 2 12 11 0 11
[Q COMMAND] CMD 2 12 11 0 11
[Q ACK] sent=1

# HOST CMD 38 12 3 0 11
[Q COMMAND] CMD 38 12 3 0 11
[Q ACK] sent=1

# HOST CMD 2 12 12 0 12
[Q COMMAND] CMD 2 12 12 0 12
[Q ACK] sent=1

# HOST CMD 38 12 0 0 12
[Q COMMAND] CMD 38 12 0 0 12
[Q ACK] sent=1

# HOST CMD 2 12 13 0 13
[Q COMMAND] CMD 2 12 13 0 13
[Q ACK] sent=1

# HOST CMD 38 12 1 0 13
[Q COMMAND] CMD 38 12 1 0 13
[Q ACK] sent=1

# HOST CMD 2 12 14 0 14
[Q COMMAND] CMD 2 12 14 0 14
[Q ACK] sent=1

# HOST CMD 38 12 2 0 14
[Q COMMAND] CMD 38 12 2 0 14
[Q ACK] sent=1

# HOST CMD 2 12 15 0 15
[Q COMMAND] CMD 2 12 15 0 15
[Q ACK] sent=1

# HOST CMD 38 12 3 0 15
[Q COMMAND] CMD 38 12 3 0 15
[Q ACK] sent=1

# HOST CMD 10 13 0 0 0
[Q COMMAND] CMD 10 13 0 0 0
[Q ACK] sent=1

# HOST CMD 12 13 0 0 0
[Q COMMAND] CMD 12 13 0 0 0
[Q ACK] sent=1

# HOST CMD 47 13 0 0 0
[Q COMMAND] CMD 47 13 0 0 0
[Q ACK] sent=1

# HOST CMD 2 13 0 0 0
[Q COMMAND] CMD 2 13 0 0 0
[Q ACK] sent=1

# HOST CMD 38 13 0 0 0
[Q COMMAND] CMD 38 13 0 0 0
[Q ACK] sent=1

# HOST CMD 2 13 1 0 1
[Q COMMAND] CMD 2 13 1 0 1
[Q ACK] sent=1

# HOST CMD 38 13 1 0 1
[Q COMMAND] CMD 38 13 1 0 1
[Q ACK] sent=1

# HOST CMD 2 13 2 0 2
[Q COMMAND] CMD 2 13 2 0 2
[Q ACK] sent=1

# HOST CMD 38 13 2 0 2
[Q COMMAND] CMD 38 13 2 0 2
[Q ACK] sent=1

# HOST CMD 2 13 3 0 3
[Q COMMAND] CMD 2 13 3 0 3
[Q ACK] sent=1

# HOST CMD 38 13 3 0 3
[Q COMMAND] CMD 38 13 3 0 3
[Q ACK] sent=1

# HOST CMD 2 13 4 0 4
[Q COMMAND] CMD 2 13 4 0 4
[Q ACK] sent=1

# HOST CMD 38 13 0 0 4
[Q COMMAND] CMD 38 13 0 0 4
[Q ACK] sent=1

# HOST CMD 2 13 5 0 5
[Q COMMAND] CMD 2 13 5 0 5
[Q ACK] sent=1

# HOST CMD 38 13 1 0 5
[Q COMMAND] CMD 38 13 1 0 5
[Q ACK] sent=1

# HOST CMD 2 13 6 0 6
[Q COMMAND] CMD 2 13 6 0 6
[Q ACK] sent=1

# HOST CMD 38 13 2 0 6
[Q COMMAND] CMD 38 13 2 0 6
[Q ACK] sent=1

# HOST CMD 2 13 7 0 7
[Q COMMAND] CMD 2 13 7 0 7
[Q ACK] sent=1

# HOST CMD 38 13 3 0 7
[Q COMMAND] CMD 38 13 3 0 7
[Q ACK] sent=1

# HOST CMD 2 13 8 0 8
[Q COMMAND] CMD 2 13 8 0 8
[Q ACK] sent=1

# HOST CMD 38 13 0 0 8
[Q COMMAND] CMD 38 13 0 0 8
[Q ACK] sent=1

# HOST CMD 2 13 9 0 9
[Q COMMAND] CMD 2 13 9 0 9
[Q ACK] sent=1

# HOST CMD 38 13 1 0 9
[Q COMMAND] CMD 38 13 1 0 9
[Q ACK] sent=1

# HOST CMD 2 13 10 0 10
[Q COMMAND] CMD 2 13 10 0 10
[Q ACK] sent=1

# HOST CMD 38 13 2 0 10
[Q COMMAND] CMD 38 13 2 0 10
[Q ACK] sent=1

# HOST CMD 2 13 11 0 11
[Q COMMAND] CMD 2 13 11 0 11
[Q ACK] sent=1

# HOST CMD 38 13 3 0 11
[Q COMMAND] CMD 38 13 3 0 11
[Q ACK] sent=1

# HOST CMD 2 13 12 0 12
[Q COMMAND] CMD 2 13 12 0 12
[Q ACK] sent=1

# HOST CMD 38 13 0 0 12
[Q COMMAND] CMD 38 13 0 0 12
[Q ACK] sent=1

# HOST CMD 2 13 13 0 13
[Q COMMAND] CMD 2 13 13 0 13
[Q ACK] sent=1

# HOST CMD 38 13 1 0 13
[Q COMMAND] CMD 38 13 1 0 13
[Q ACK] sent=1

# HOST CMD 2 13 14 0 14
[Q COMMAND] CMD 2 13 14 0 14
[Q ACK] sent=1

# HOST CMD 38 13 2 0 14
[Q COMMAND] CMD 38 13 2 0 14
[Q ACK] sent=1

# HOST CMD 2 13 15 0 15
[Q COMMAND] CMD 2 13 15 0 15
[Q ACK] sent=1

# HOST CMD 38 13 3 0 15
[Q COMMAND] CMD 38 13 3 0 15
[Q ACK] sent=1

# HOST CMD 10 14 0 0 0
[Q COMMAND] CMD 10 14 0 0 0
[Q ACK] sent=1

# HOST CMD 12 14 0 0 0
[Q COMMAND] CMD 12 14 0 0 0
[Q ACK] sent=1

# HOST CMD 47 14 0 0 0
[Q COMMAND] CMD 47 14 0 0 0
[Q ACK] sent=1

# HOST CMD 2 14 0 0 0
[Q COMMAND] CMD 2 14 0 0 0
[Q ACK] sent=1

# HOST CMD 38 14 0 0 0
[Q COMMAND] CMD 38 14 0 0 0
[Q ACK] sent=1

# HOST CMD 2 14 1 0 1
[Q COMMAND] CMD 2 14 1 0 1
[Q ACK] sent=1

# HOST CMD 38 14 1 0 1
[Q COMMAND] CMD 38 14 1 0 1
[Q ACK] sent=1

# HOST CMD 2 14 2 0 2
[Q COMMAND] CMD 2 14 2 0 2
[Q ACK] sent=1

# HOST CMD 38 14 2 0 2
[Q COMMAND] CMD 38 14 2 0 2
[Q ACK] sent=1

# HOST CMD 2 14 3 0 3
[Q COMMAND] CMD 2 14 3 0 3
[Q ACK] sent=1

# HOST CMD 38 14 3 0 3
[Q COMMAND] CMD 38 14 3 0 3
[Q ACK] sent=1

# HOST CMD 2 14 4 0 4
[Q COMMAND] CMD 2 14 4 0 4
[Q ACK] sent=1

# HOST CMD 38 14 0 0 4
[Q COMMAND] CMD 38 14 0 0 4
[Q ACK] sent=1

# HOST CMD 2 14 5 0 5
[Q COMMAND] CMD 2 14 5 0 5
[Q ACK] sent=1

# HOST CMD 38 14 1 0 5
[Q COMMAND] CMD 38 14 1 0 5
[Q ACK] sent=1

# HOST CMD 2 14 6 0 6
[Q COMMAND] CMD 2 14 6 0 6
[Q ACK] sent=1

# HOST CMD 38 14 2 0 6
[Q COMMAND] CMD 38 14 2 0 6
[Q ACK] sent=1

# HOST CMD 2 14 7 0 7
[Q COMMAND] CMD 2 14 7 0 7
[Q ACK] sent=1

# HOST CMD 38 14 3 0 7
[Q COMMAND] CMD 38 14 3 0 7
[Q ACK] sent=1

# HOST CMD 2 14 8 0 8
[Q COMMAND] CMD 2 14 8 0 8
[Q ACK] sent=1

# HOST CMD 38 14 0 0 8
[Q COMMAND] CMD 38 14 0 0 8
[Q ACK] sent=1

# HOST CMD 2 14 9 0 9
[Q COMMAND] CMD 2 14 9 0 9
[Q ACK] sent=1

# HOST CMD 38 14 1 0 9
[Q COMMAND] CMD 38 14 1 0 9
[Q ACK] sent=1

# HOST CMD 2 14 10 0 10
[Q COMMAND] CMD 2 14 10 0 10
[Q ACK] sent=1

# HOST CMD 38 14 2 0 10
[Q COMMAND] CMD 38 14 2 0 10
[Q ACK] sent=1

# HOST CMD 2 14 11 0 11
[Q COMMAND] CMD 2 14 11 0 11
[Q ACK] sent=1

# HOST CMD 38 14 3 0 11
[Q COMMAND] CMD 38 14 3 0 11
[Q ACK] sent=1

# HOST CMD 2 14 12 0 12
[Q COMMAND] CMD 2 14 12 0 12
[Q ACK] sent=1

# HOST CMD 38 14 0 0 12
[Q COMMAND] CMD 38 14 0 0 12
[Q ACK] sent=1

# HOST CMD 2 14 13 0 13
[Q COMMAND] CMD 2 14 13 0 13
[Q ACK] sent=1

# HOST CMD 38 14 1 0 13
[Q COMMAND] CMD 38 14 1 0 13
[Q ACK] sent=1

# HOST CMD 2 14 14 0 14
[Q COMMAND] CMD 2 14 14 0 14
[Q ACK] sent=1

# HOST CMD 38 14 2 0 14
[Q COMMAND] CMD 38 14 2 0 14
[Q ACK] sent=1

# HOST CMD 2 14 15 0 15
[Q COMMAND] CMD 2 14 15 0 15
[Q ACK] sent=1

# HOST CMD 38 14 3 0 15
[Q COMMAND] CMD 38 14 3 0 15
[Q ACK] sent=1

# HOST CMD 10 15 0 0 0
[Q COMMAND] CMD 10 15 0 0 0
[Q ACK] sent=1

# HOST CMD 12 15 0 0 0
[Q COMMAND] CMD 12 15 0 0 0
[Q ACK] sent=1

# HOST CMD 47 15 0 0 0
[Q COMMAND] CMD 47 15 0 0 0
[Q ACK] sent=1

# HOST CMD 2 15 0 0 0
[Q COMMAND] CMD 2 15 0 0 0
[Q ACK] sent=1

# HOST CMD 38 15 0 0 0
[Q COMMAND] CMD 38 15 0 0 0
[Q ACK] sent=1

# HOST CMD 2 15 1 0 1
[Q COMMAND] CMD 2 15 1 0 1
[Q ACK] sent=1

# HOST CMD 38 15 1 0 1
[Q COMMAND] CMD 38 15 1 0 1
[Q ACK] sent=1

# HOST CMD 2 15 2 0 2
[Q COMMAND] CMD 2 15 2 0 2
[Q ACK] sent=1

# HOST CMD 38 15 2 0 2
[Q COMMAND] CMD 38 15 2 0 2
[Q ACK] sent=1

# HOST CMD 2 15 3 0 3
[Q COMMAND] CMD 2 15 3 0 3
[Q ACK] sent=1

# HOST CMD 38 15 3 0 3
[Q COMMAND] CMD 38 15 3 0 3
[Q ACK] sent=1

# HOST CMD 2 15 4 0 4
[Q COMMAND] CMD 2 15 4 0 4
[Q ACK] sent=1

# HOST CMD 38 15 0 0 4
[Q COMMAND] CMD 38 15 0 0 4
[Q ACK] sent=1

# HOST CMD 2 15 5 0 5
[Q COMMAND] CMD 2 15 5 0 5
[Q ACK] sent=1

# HOST CMD 38 15 1 0 5
[Q COMMAND] CMD 38 15 1 0 5
[Q ACK] sent=1

# HOST CMD 2 15 6 0 6
[Q COMMAND] CMD 2 15 6 0 6
[Q ACK] sent=1

# HOST CMD 38 15 2 0 6
[Q COMMAND] CMD 38 15 2 0 6
[Q ACK] sent=1

# HOST CMD 2 15 7 0 7
[Q COMMAND] CMD 2 15 7 0 7
[Q ACK] sent=1

# HOST CMD 38 15 3 0 7
[Q COMMAND] CMD 38 15 3 0 7
[Q ACK] sent=1

# HOST CMD 2 15 8 0 8
[Q COMMAND] CMD 2 15 8 0 8
[Q ACK] sent=1

# HOST CMD 38 15 0 0 8
[Q COMMAND] CMD 38 15 0 0 8
[Q ACK] sent=1

# HOST CMD 2 15 9 0 9
[Q COMMAND] CMD 2 15 9 0 9
[Q ACK] sent=1

# HOST CMD 38 15 1 0 9
[Q COMMAND] CMD 38 15 1 0 9
[Q ACK] sent=1

# HOST CMD 2 15 10 0 10
[Q COMMAND] CMD 2 15 10 0 10
[Q ACK] sent=1

# HOST CMD 38 15 2 0 10
[Q COMMAND] CMD 38 15 2 0 10
[Q ACK] sent=1

# HOST CMD 2 15 11 0 11
[Q COMMAND] CMD 2 15 11 0 11
[Q ACK] sent=1

# HOST CMD 38 15 3 0 11
[Q COMMAND] CMD 38 15 3 0 11
[Q ACK] sent=1

# HOST CMD 2 15 12 0 12
[Q COMMAND] CMD 2 15 12 0 12
[Q ACK] sent=1

# HOST CMD 38 15 0 0 12
[Q COMMAND] CMD 38 15 0 0 12
[Q ACK] sent=1

# HOST CMD 2 15 13 0 13
[Q COMMAND] CMD 2 15 13 0 13
[Q ACK] sent=1

# HOST CMD 38 15 1 0 13
[Q COMMAND] CMD 38 15 1 0 13
[Q ACK] sent=1

# HOST CMD 2 15 14 0 14
[Q COMMAND] CMD 2 15 14 0 14
[Q ACK] sent=1

# HOST CMD 38 15 2 0 14
[Q COMMAND] CMD 38 15 2 0 14
[Q ACK] sent=1

# HOST CMD 2 15 15 0 15
[Q COMMAND] CMD 2 15 15 0 15
[Q ACK] sent=1

# HOST CMD 38 15 3 0 15
[Q COMMAND] CMD 38 15 3 0 15
[Q ACK] sent=1

# HOST CMD 0 0 1 0 0
[Q COMMAND] CMD 0 0 1 0 0
[Q ACK] sent=1

# HOST CMD 75 0 8 0 0
[Q COMMAND] CMD 75 0 8 0 0
[Q ACK] sent=1

# HOST LOAD 1 4
[Q COMMAND] LOAD 1 4
[Q ACK] load=1
[M6 read] bytes=705600 read_us=6664297 bytes_per_second=105877 original_channels=2 rate=44100 total_psram=33554432
[M6 load] track=1 file_bytes=705644 pcm_bytes=352800 load_publish_us=8991397 payload=4727388 transient=352800 peak_payload=5080315 ps_free=25932268 largest=21495796 internal=174424 display=2304000 fx_delay=352800 reserve=4194304
[M6.1 replacement] retired_clear=1 ps_delta=0 status=READY
[M213 address] track=1 pcm=0x482abe40 base=0x482abdfc bytes=352927 owner_usable_bytes=360436 frames=176400 mod64=0 mod128=64 mod256=64 mod4096=3648 mod131072=48704 external=1 requested_caps=102
# HOST CMD 77 0 0 0 0
8 free=25932268 largest=21495796
[Q COMMAND] CMD 77 0 0 0 0
[Q ACK] sent=1

# HOST CMD 0 0 0 0 0
[Q COMMAND] CMD 0 0 0 0 0
[Q ACK] sent=1
[Q COMMAND] 
[Q ACK] invalid=1

# HOST STATE
[Q COMMAND] STATE
[Q STATE] bpm=240 swing=50 playing=0 mode=0 chain_length=0 chain_loop=0 project_busy=0 restoring=0 sample_busy=0 project_status=PROJECT READY / 0 MISSING sample_status=SAMPLE READY
[Q TRACK] track=0 source=1 pitch=47 synth_pitch=36 sample_pitch=47 mute=0 solo=0 start=0 end=65535 reverse=0 mode=0 choke=1 cutoff=0 resonance=0 send=127 slices=8 enabled=1 selected=0 frames=176400 waveform=0720701a name=m19p_mixed.wav
[Q SLICE] track=0 index=0 start=0 end=8192
[Q SLICE] track=0 index=1 start=8192 end=16384
[Q SLICE] track=0 index=2 start=16384 end=20480
[Q SLICE] track=0 index=3 start=20480 end=28672
[Q SLICE] track=0 index=4 start=28672 end=32768
[Q SLICE] track=0 index=5 start=32768 end=45056
[Q SLICE] track=0 index=6 start=45056 end=57344
[Q SLICE] track=0 index=7 start=57344 end=65535
[Q TRACK] track=1 source=1 pitch=48 synth_pitch=39 sample_pitch=48 mute=0 solo=0 start=0 end=65535 reverse=1 mode=0 choke=0 cutoff=0 resonance=0 send=127 slices=4 enabled=1 selected=0 frames=176400 waveform=595ef306 name=m19p_stereo.wav
[Q SLICE] track=1 index=0 start=0 end=16383
[Q SLICE] track=1 index=1 start=16383 end=32767
[Q SLICE] track=1 index=2 start=32767 end=49151
[Q SLICE] track=1 index=3 start=49151 end=65535
[Q TRACK] track=2 source=1 pitch=49 synth_pitch=42 sample_pitch=49 mute=0 solo=0 start=0 end=65535 reverse=0 mode=0 choke=0 cutoff=0 resonance=0 send=127 slices=4 enabled=1 selected=0 frames=176400 waveform=595ef306 name=m19p_stereo.wav
[Q SLICE] track=2 index=0 start=0 end=16383
[Q SLICE] track=2 index=1 start=16383 end=32767
[Q SLICE] track=2 index=2 start=32767 end=49151
[Q SLICE] track=2 index=3 start=49151 end=65535
[Q TRACK] track=3 source=1 pitch=50 synth_pitch=45 sample_pitch=50 mute=0 solo=0 start=0 end=65535 reverse=1 mode=0 choke=0 cutoff=0 resonance=0 send=127 slices=4 enabled=1 selected=0 frames=22050 waveform=0ee7dbac name=m19p_oneshot.wav
[Q SLICE] track=3 index=0 start=0 end=16383
[Q SLICE] track=3 index=1 start=16383 end=32767
[Q SLICE] track=3 index=2 start=32767 end=49151
[Q SLICE] track=3 index=3 start=49151 end=65535
[Q PATTERN] index=0 length=16 masks=ffff,ffff,ffff
[Q LOCK] pattern=0 step=0 mask=128 slice=0
[Q LOCK] pattern=0 step=1 mask=128 slice=1
[Q LOCK] pattern=0 step=2 mask=128 slice=2
[Q LOCK] pattern=0 step=3 mask=128 slice=3
[Q PATTERN] index=1 length=16 masks=0000,0000,0000
[Q LOCK] pattern=1 step=0 mask=0 slice=0
[Q LOCK] pattern=1 step=1 mask=0 slice=0
[Q LOCK] pattern=1 step=2 mask=0 slice=0
[Q LOCK] pattern=1 step=3 mask=0 slice=0
[Q PATTERN] index=2 length=16 masks=0000,0000,0000
[Q LOCK] pattern=2 step=0 mask=0 slice=0
[Q LOCK] pattern=2 step=1 mask=0 slice=0
[Q LOCK] pattern=2 step=2 mask=0 slice=0
[Q LOCK] pattern=2 step=3 mask=0 slice=0
[Q PATTERN] index=3 length=16 masks=0000,0000,0000
[Q LOCK] pattern=3 step=0 mask=0 slice=0
[Q LOCK] pattern=3 step=1 mask=0 slice=0
[Q LOCK] pattern=3 step=2 mask=0 slice=0
[Q LOCK] pattern=3 step=3 mask=0 slice=0
[Q TRANSIENT] state=4 request=3 progress=100 count=8 stale_discarded=0 apply=1 cancel=1 duration_max_us=63880 chunk_max_us=2336
[Q PROPOSAL] index=0 start=0 end=8192
[Q PROPOSAL] index=1 start=8192 end=16384
[Q PROPOSAL] index=2 start=16384 end=20480
[Q PROPOSAL] index=3 start=20480 end=28672
[Q PROPOSAL] index=4 start=28672 end=32768
[Q PROPOSAL] index=5 start=32768 end=45056
[Q PROPOSAL] index=6 start=45056 end=57344
[Q PROPOSAL] index=7 start=57344 end=65535
[Q HEAP] tag=state internal=174424 free=25932268 largest=21495796
[Q PLAYBACK] triggers=24290 reverse=12144 gate=2 releases=1 chokes=39 retriggers=24256 repeat_accepts=1 repeat_hits=23664 chain_loops=0

# HOST CMD 15 0 4 0 0
[Q COMMAND] CMD 15 0 4 0 0
[Q ACK] sent=1

# HOST CMD 67 0 0 0 0
[Q COMMAND] CMD 67 0 0 0 0
[Q ACK] sent=1

# HOST CMD 61 0 0 0 0
[Q COMMAND] CMD 61 0 0 0 0
[Q ACK] sent=1

# HOST CMD 65 0 1 0 0
[Q COMMAND] CMD 65 0 1 0 0
[Q ACK] sent=1

# HOST CMD 66 0 1 0 0
[Q COMMAND] CMD 66 0 1 0 0
[Q ACK] sent=1

# HOST CMD 60 0 1 0 0
[Q COMMAND] CMD 60 0 1 0 0
[Q ACK] sent=1

# HOST CMD 0 0 1 0 0
[Q COMMAND] CMD 0 0 1 0 0
[Q ACK] sent=1

# HOST CMD 0 0 0 0 0
[Q COMMAND] CMD 0 0 0 0 0
[Q ACK] sent=1
[Q COMMAND] 
[Q ACK] invalid=1

# HOST STATE
[Q COMMAND] STATE
[Q STATE] bpm=240 swing=50 playing=0 mode=1 chain_length=1 chain_loop=1 project_busy=0 restoring=0 sample_busy=0 project_status=PROJECT READY / 0 MISSING sample_status=SAMPLE READY
[Q CHAIN] index=0 pattern=0 repeats=1
[Q TRACK] track=0 source=1 pitch=47 synth_pitch=36 sample_pitch=47 mute=0 solo=0 start=0 end=65535 reverse=0 mode=0 choke=1 cutoff=0 resonance=0 send=127 slices=8 enabled=1 selected=0 frames=176400 waveform=0720701a name=m19p_mixed.wav
[Q SLICE] track=0 index=0 start=0 end=8192
[Q SLICE] track=0 index=1 start=8192 end=16384
[Q SLICE] track=0 index=2 start=16384 end=20480
[Q SLICE] track=0 index=3 start=20480 end=28672
[Q SLICE] track=0 index=4 start=28672 end=32768
[Q SLICE] track=0 index=5 start=32768 end=45056
[Q SLICE] track=0 index=6 start=45056 end=57344
[Q SLICE] track=0 index=7 start=57344 end=65535
[Q TRACK] track=1 source=1 pitch=48 synth_pitch=39 sample_pitch=48 mute=0 solo=0 start=0 end=65535 reverse=1 mode=0 choke=0 cutoff=0 resonance=0 send=127 slices=4 enabled=1 selected=0 frames=176400 waveform=595ef306 name=m19p_stereo.wav
[Q SLICE] track=1 index=0 start=0 end=16383
[Q SLICE] track=1 index=1 start=16383 end=32767
[Q SLICE] track=1 index=2 start=32767 end=49151
[Q SLICE] track=1 index=3 start=49151 end=65535
[Q TRACK] track=2 source=1 pitch=49 synth_pitch=42 sample_pitch=49 mute=0 solo=0 start=0 end=65535 reverse=0 mode=0 choke=0 cutoff=0 resonance=0 send=127 slices=4 enabled=1 selected=0 frames=176400 waveform=595ef306 name=m19p_stereo.wav
[Q SLICE] track=2 index=0 start=0 end=16383
[Q SLICE] track=2 index=1 start=16383 end=32767
[Q SLICE] track=2 index=2 start=32767 end=49151
[Q SLICE] track=2 index=3 start=49151 end=65535
[Q TRACK] track=3 source=1 pitch=50 synth_pitch=45 sample_pitch=50 mute=0 solo=0 start=0 end=65535 reverse=1 mode=0 choke=0 cutoff=0 resonance=0 send=127 slices=4 enabled=1 selected=0 frames=22050 waveform=0ee7dbac name=m19p_oneshot.wav
[Q SLICE] track=3 index=0 start=0 end=16383
[Q SLICE] track=3 index=1 start=16383 end=32767
[Q SLICE] track=3 index=2 start=32767 end=49151
[Q SLICE] track=3 index=3 start=49151 end=65535
[Q PATTERN] index=0 length=4 masks=ffff,ffff,ffff
[Q LOCK] pattern=0 step=0 mask=128 slice=0
[Q LOCK] pattern=0 step=1 mask=128 slice=1
[Q LOCK] pattern=0 step=2 mask=128 slice=2
[Q LOCK] pattern=0 step=3 mask=128 slice=3
[Q PATTERN] index=1 length=16 masks=0000,0000,0000
[Q LOCK] pattern=1 step=0 mask=0 slice=0
[Q LOCK] pattern=1 step=1 mask=0 slice=0
[Q LOCK] pattern=1 step=2 mask=0 slice=0
[Q LOCK] pattern=1 step=3 mask=0 slice=0
[Q PATTERN] index=2 length=16 masks=0000,0000,0000
[Q LOCK] pattern=2 step=0 mask=0 slice=0
[Q LOCK] pattern=2 step=1 mask=0 slice=0
[Q LOCK] pattern=2 step=2 mask=0 slice=0
[Q LOCK] pattern=2 step=3 mask=0 slice=0
[Q PATTERN] index=3 length=16 masks=0000,0000,0000
[Q LOCK] pattern=3 step=0 mask=0 slice=0
[Q LOCK] pattern=3 step=1 mask=0 slice=0
[Q LOCK] pattern=3 step=2 mask=0 slice=0
[Q LOCK] pattern=3 step=3 mask=0 slice=0
[Q TRANSIENT] state=4 request=3 progress=100 count=8 stale_discarded=0 apply=1 cancel=1 duration_max_us=63880 chunk_max_us=2336
[Q PROPOSAL] index=0 start=0 end=8192
[Q PROPOSAL] index=1 start=8192 end=16384
[Q PROPOSAL] index=2 start=16384 end=20480
[Q PROPOSAL] index=3 start=20480 end=28672
[Q PROPOSAL] index=4 start=28672 end=32768
[Q PROPOSAL] index=5 start=32768 end=45056
[Q PROPOSAL] index=6 start=45056 end=57344
[Q PROPOSAL] index=7 start=57344 end=65535
[Q HEAP] tag=state internal=174424 free=25932268 largest=21495796
[Q PLAYBACK] triggers=25106 reverse=12552 gate=2 releases=1 chokes=90 retriggers=25056 repeat_accepts=1 repeat_hits=23664 chain_loops=12

# HOST MEASURE 0
[Q COMMAND] MEASURE 0

# HOST METRICS
[Q COMMAND] METRICS
[Q METRICS] blocks=17920 stored=16384 p99=3664 max=3794 misses=0 failures=0 timeouts=0 nonzero=9094304 overlap=22 overlap_max=1792 active_max=16

# HOST SAVE M213_LAYOUT_QUAL
[Q COMMAND] SAVE M213_LAYOUT_QUAL
[Q ACK] save=1

# HOST PROJECT M213_LAYOUT_QUAL
[Q COMMAND] PROJECT M213_LAYOUT_QUAL
[Q ACK] project=1
[Q COMMAND] 
[Q ACK] invalid=1

# HOST STATE
[Q COMMAND] STATE
[Q STATE] bpm=240 swing=50 playing=0 mode=1 chain_length=1 chain_loop=1 project_busy=1 restoring=1 sample_busy=0 project_status=LOADING SAMPLES 1/16 sample_status=SAMPLE READY
[Q CHAIN] index=0 pattern=0 repeats=1
[Q TRACK] track=0 source=1 pitch=47 synth_pitch=36 sample_pitch=47 mute=0 solo=0 start=0 end=65535 reverse=0 mode=0 choke=1 cutoff=0 resonance=0 send=127 slices=8 enabled=1 selected=0 frames=0 waveform=5f6c8245 name=
[Q SLICE] track=0 index=0 start=0 end=8192
[Q SLICE] track=0 index=1 start=8192 end=16384
[Q SLICE] track=0 index=2 start=16384 end=20480
[Q SLICE] track=0 index=3 start=20480 end=28672
[Q SLICE] track=0 index=4 start=28672 end=32768
[Q SLICE] track=0 index=5 start=32768 end=45056
[Q SLICE] track=0 index=6 start=45056 end=57344
[Q SLICE] track=0 index=7 start=57344 end=65535
[Q TRACK] track=1 source=1 pitch=48 synth_pitch=39 sample_pitch=48 mute=0 solo=0 start=0 end=65535 reverse=1 mode=0 choke=0 cutoff=0 resonance=0 send=127 slices=4 enabled=1 selected=0 frames=0 waveform=5f6c8245 name=
[Q SLICE] track=1 index=0 start=0 end=16383
[Q SLICE] track=1 index=1 start=16383 end=32767
[Q SLICE] track=1 index=2 start=32767 end=49151
[Q SLICE] track=1 index=3 start=49151 end=65535
[Q TRACK] track=2 source=1 pitch=49 synth_pitch=42 sample_pitch=49 mute=0 solo=0 start=0 end=65535 reverse=0 mode=0 choke=0 cutoff=0 resonance=0 send=127 slices=4 enabled=1 selected=0 frames=0 waveform=5f6c8245 name=
[Q SLICE] track=2 index=0 start=0 end=16383
[Q SLICE] track=2 index=1 start=16383 end=32767
[Q SLICE] track=2 index=2 start=32767 end=49151
[Q SLICE] track=2 index=3 start=49151 end=65535
[Q TRACK] track=3 source=1 pitch=50 synth_pitch=45 sample_pitch=50 mute=0 solo=0 start=0 end=65535 reverse=1 mode=0 choke=0 cutoff=0 resonance=0 send=127 slices=4 enabled=1 selected=0 frames=0 waveform=5f6c8245 name=
[Q SLICE] track=3 index=0 start=0 end=16383
[Q SLICE] track=3 index=1 start=16383 end=32767
[Q SLICE] track=3 index=2 start=32767 end=49151
[Q SLICE] track=3 index=3 start=49151 end=65535
[Q PATTERN] index=0 length=4 masks=ffff,ffff,ffff
[Q LOCK] pattern=0 step=0 mask=128 slice=0
[Q LOCK] pattern=0 step=1 mask=128 slice=1
[Q LOCK] pattern=0 step=2 mask=128 slice=2
[Q LOCK] pattern=0 step=3 mask=128 slice=3
[Q PATTERN] index=1 length=16 masks=0000,0000,0000
[Q LOCK] pattern=1 step=0 mask=0 slice=0
[Q LOCK] pattern=1 step=1 mask=0 slice=0
[Q LOCK] pattern=1 step=2 mask=0 slice=0
[Q LOCK] pattern=1 step=3 mask=0 slice=0
[Q PATTERN] index=2 length=16 masks=0000,0000,0000
[Q LOCK] pattern=2 step=0 mask=0 slice=0
[Q LOCK] pattern=2 step=1 mask=0 slice=0
[Q LOCK] pattern=2 step=2 mask=0 slice=0
[Q LOCK] pattern=2 step=3 mask=0 slice=0
[Q PATTERN] index=3 length=16 masks=0000,0000,0000
[Q LOCK] pattern=3 step=0 mask=0 slice=0
[Q LOCK] pattern=3 step=1 mask=0 slice=0
[Q LOCK] pattern=3 step=2 mask=0 slice=0
[Q LOCK] pattern=3 step=3 mask=0 slice=0
[Q TRANSIENT] state=4 request=3 progress=100 count=8 stale_discarded=0 apply=1 cancel=1 duration_max_us=63880 chunk_max_us=2336
[Q PROPOSAL] index=0 start=0 end=8192
[Q PROPOSAL] index=1 start=8192 end=16384
[Q PROPOSAL] index=2 start=16384 end=20480
[Q PROPOSAL] index=3 start=20480 end=28672
[Q PROPOSAL] index=4 start=28672 end=32768
[Q PROPOSAL] index=5 start=32768 end=45056
[Q PROPOSAL] index=6 start=45056 end=57344
[Q PROPOSAL] index=7 start=57344 end=65535
[Q HEAP] tag=state internal=193152 free=30392872 largest=29884404
[Q PLAYBACK] triggers=25106 reverse=12552 gate=2 releases=1 chokes=90 retriggers=25056 repeat_accepts=1 repeat_hits=23664 chain_loops=12
[M6 read] bytes=352800 read_us=766272 bytes_per_second=460410 original_channels=1 rate=44100 total_psram=33554432
[M6 load] track=0 file_bytes=352844 pcm_bytes=352800 load_publish_us=1277403 payload=352863 transient=352800 peak_payload=352863 ps_free=30392872 largest=29884404 internal=198484 display=2304000 fx_delay=352800 reserve=4194304
[M6.1 replacement] retired_clear=1 ps_delta=360452 status=READY
[M213 address] track=0 pcm=0x482abe00 base=0x482abdfc bytes=352863 owner_usable_bytes=360436 frames=176400 mod64=0 mod128=0 mod256=0 mod4096=3584 mod131072=48640 external=1 requested_caps=1028 free=30392872 largest=29884404
[Q COMMAND] 
[Q ACK] invalid=1

# HOST STATE
[Q COMMAND] STATE
[Q STATE] bpm=240 swing=50 playing=0 mode=1 chain_length=1 chain_loop=1 project_busy=1 restoring=1 sample_busy=0 project_status=LOADING SAMPLES 2/16 sample_status=SAMPLE READY
[Q CHAIN] index=0 pattern=0 repeats=1
[Q TRACK] track=0 source=1 pitch=47 synth_pitch=36 sample_pitch=47 mute=0 solo=0 start=0 end=65535 reverse=0 mode=0 choke=1 cutoff=0 resonance=0 send=127 slices=8 enabled=1 selected=0 frames=176400 waveform=0720701a name=m19p_mixed.wav
[Q SLICE] track=0 index=0 start=0 end=8192
[Q SLICE] track=0 index=1 start=8192 end=16384
[Q SLICE] track=0 index=2 start=16384 end=20480
[Q SLICE] track=0 index=3 start=20480 end=28672
[Q SLICE] track=0 index=4 start=28672 end=32768
[Q SLICE] track=0 index=5 start=32768 end=45056
[Q SLICE] track=0 index=6 start=45056 end=57344
[Q SLICE] track=0 index=7 start=57344 end=65535
[Q TRACK] track=1 source=1 pitch=48 synth_pitch=39 sample_pitch=48 mute=0 solo=0 start=0 end=65535 reverse=1 mode=0 choke=0 cutoff=0 resonance=0 send=127 slices=4 enabled=1 selected=0 frames=0 waveform=5f6c8245 name=
[Q SLICE] track=1 index=0 start=0 end=16383
[Q SLICE] track=1 index=1 start=16383 end=32767
[Q SLICE] track=1 index=2 start=32767 end=49151
[Q SLICE] track=1 index=3 start=49151 end=65535
[Q TRACK] track=2 source=1 pitch=49 synth_pitch=42 sample_pitch=49 mute=0 solo=0 start=0 end=65535 reverse=0 mode=0 choke=0 cutoff=0 resonance=0 send=127 slices=4 enabled=1 selected=0 frames=0 waveform=5f6c8245 name=
[Q SLICE] track=2 index=0 start=0 end=16383
[Q SLICE] track=2 index=1 start=16383 end=32767
[Q SLICE] track=2 index=2 start=32767 end=49151
[Q SLICE] track=2 index=3 start=49151 end=65535
[Q TRACK] track=3 source=1 pitch=50 synth_pitch=45 sample_pitch=50 mute=0 solo=0 start=0 end=65535 reverse=1 mode=0 choke=0 cutoff=0 resonance=0 send=127 slices=4 enabled=1 selected=0 frames=0 waveform=5f6c8245 name=
[Q SLICE] track=3 index=0 start=0 end=16383
[Q SLICE] track=3 index=1 start=16383 end=32767
[Q SLICE] track=3 index=2 start=32767 end=49151
[Q SLICE] track=3 index=3 start=49151 end=65535
[Q PATTERN] index=0 length=4 masks=ffff,ffff,ffff
[Q LOCK] pattern=0 step=0 mask=128 slice=0
[Q LOCK] pattern=0 step=1 mask=128 slice=1
[Q LOCK] pattern=0 step=2 mask=128 slice=2
[Q LOCK] pattern=0 step=3 mask=128 slice=3
[Q PATTERN] index=1 length=16 masks=0000,0000,0000
[Q LOCK] pattern=1 step=0 mask=0 slice=0
[Q LOCK] pattern=1 step=1 mask=0 slice=0
[Q LOCK] pattern=1 step=2 mask=0 slice=0
[Q LOCK] pattern=1 step=3 mask=0 slice=0
[Q PATTERN] index=2 length=16 masks=0000,0000,0000
[Q LOCK] pattern=2 step=0 mask=0 slice=0
[Q LOCK] pattern=2 step=1 mask=0 slice=0
[Q LOCK] pattern=2 step=2 mask=0 slice=0
[Q LOCK] pattern=2 step=3 mask=0 slice=0
[Q PATTERN] index=3 length=16 masks=0000,0000,0000
[Q LOCK] pattern=3 step=0 mask=0 slice=0
[Q LOCK] pattern=3 step=1 mask=0 slice=0
[Q LOCK] pattern=3 step=2 mask=0 slice=0
[Q LOCK] pattern=3 step=3 mask=0 slice=0
[Q TRANSIENT] state=4 request=3 progress=100 count=8 stale_discarded=0 apply=1 cancel=1 duration_max_us=63880 chunk_max_us=2336
[Q PROPOSAL] index=0 start=0 end=8192
[Q PROPOSAL] index=1 start=8192 end=16384
[Q PROPOSAL] index=2 start=16384 end=20480
[Q PROPOSAL] index=3 start=20480 end=28672
[Q PROPOSAL] index=4 start=28672 end=32768
[Q PROPOSAL] index=5 start=32768 end=45056
[Q PROPOSAL] index=6 start=45056 end=57344
[Q PROPOSAL] index=7 start=57344 end=65535
[Q HEAP] tag=state internal=196880 free=30032420 largest=29884404
[Q PLAYBACK] triggers=25106 reverse=12552 gate=2 releases=1 chokes=90 retriggers=25056 repeat_accepts=1 repeat_hits=23664 chain_loops=12
[M6 read] bytes=705600 read_us=1168121 bytes_per_second=604047 original_channels=2 rate=44100 total_psram=33554432
[M6 load] track=1 file_bytes=705644 pcm_bytes=352800 load_publish_us=1684130 payload=705790 transient=352800 peak_payload=705790 ps_free=30032420 largest=29884404 internal=196880 display=2304000 fx_delay=352800 reserve=4194304
[M6.1 replacement] retired_clear=1 ps_delta=360452 status=READY
[M213 address] track=1 pcm=0x48303e40 base=0x48303e00 bytes=352927 owner_usable_bytes=360436 frames=176400 mod64=0 mod128=64 mod256=64 mod4096=3648 mod131072=15936 external=1 requested_caps=1028 free=30032420 largest=29884404
[Q COMMAND] 
[Q ACK] invalid=1

# HOST STATE
[Q COMMAND] STATE
[Q STATE] bpm=240 swing=50 playing=0 mode=1 chain_length=1 chain_loop=1 project_busy=1 restoring=1 sample_busy=0 project_status=LOADING SAMPLES 3/16 sample_status=SAMPLE READY
[Q CHAIN] index=0 pattern=0 repeats=1
[Q TRACK] track=0 source=1 pitch=47 synth_pitch=36 sample_pitch=47 mute=0 solo=0 start=0 end=65535 reverse=0 mode=0 choke=1 cutoff=0 resonance=0 send=127 slices=8 enabled=1 selected=0 frames=176400 waveform=0720701a name=m19p_mixed.wav
[Q SLICE] track=0 index=0 start=0 end=8192
[Q SLICE] track=0 index=1 start=8192 end=16384
[Q SLICE] track=0 index=2 start=16384 end=20480
[Q SLICE] track=0 index=3 start=20480 end=28672
[Q SLICE] track=0 index=4 start=28672 end=32768
[Q SLICE] track=0 index=5 start=32768 end=45056
[Q SLICE] track=0 index=6 start=45056 end=57344
[Q SLICE] track=0 index=7 start=57344 end=65535
[Q TRACK] track=1 source=1 pitch=48 synth_pitch=39 sample_pitch=48 mute=0 solo=0 start=0 end=65535 reverse=1 mode=0 choke=0 cutoff=0 resonance=0 send=127 slices=4 enabled=1 selected=0 frames=176400 waveform=595ef306 name=m19p_stereo.wav
[Q SLICE] track=1 index=0 start=0 end=16383
[Q SLICE] track=1 index=1 start=16383 end=32767
[Q SLICE] track=1 index=2 start=32767 end=49151
[Q SLICE] track=1 index=3 start=49151 end=65535
[Q TRACK] track=2 source=1 pitch=49 synth_pitch=42 sample_pitch=49 mute=0 solo=0 start=0 end=65535 reverse=0 mode=0 choke=0 cutoff=0 resonance=0 send=127 slices=4 enabled=1 selected=0 frames=0 waveform=5f6c8245 name=
[Q SLICE] track=2 index=0 start=0 end=16383
[Q SLICE] track=2 index=1 start=16383 end=32767
[Q SLICE] track=2 index=2 start=32767 end=49151
[Q SLICE] track=2 index=3 start=49151 end=65535
[Q TRACK] track=3 source=1 pitch=50 synth_pitch=45 sample_pitch=50 mute=0 solo=0 start=0 end=65535 reverse=1 mode=0 choke=0 cutoff=0 resonance=0 send=127 slices=4 enabled=1 selected=0 frames=0 waveform=5f6c8245 name=
[Q SLICE] track=3 index=0 start=0 end=16383
[Q SLICE] track=3 index=1 start=16383 end=32767
[Q SLICE] track=3 index=2 start=32767 end=49151
[Q SLICE] track=3 index=3 start=49151 end=65535
[Q PATTERN] index=0 length=4 masks=ffff,ffff,ffff
[Q LOCK] pattern=0 step=0 mask=128 slice=0
[Q LOCK] pattern=0 step=1 mask=128 slice=1
[Q LOCK] pattern=0 step=2 mask=128 slice=2
[Q LOCK] pattern=0 step=3 mask=128 slice=3
[Q PATTERN] index=1 length=16 masks=0000,0000,0000
[Q LOCK] pattern=1 step=0 mask=0 slice=0
[Q LOCK] pattern=1 step=1 mask=0 slice=0
[Q LOCK] pattern=1 step=2 mask=0 slice=0
[Q LOCK] pattern=1 step=3 mask=0 slice=0
[Q PATTERN] index=2 length=16 masks=0000,0000,0000
[Q LOCK] pattern=2 step=0 mask=0 slice=0
[Q LOCK] pattern=2 step=1 mask=0 slice=0
[Q LOCK] pattern=2 step=2 mask=0 slice=0
[Q LOCK] pattern=2 step=3 mask=0 slice=0
[Q PATTERN] index=3 length=16 masks=0000,0000,0000
[Q LOCK] pattern=3 step=0 mask=0 slice=0
[Q LOCK] pattern=3 step=1 mask=0 slice=0
[Q LOCK] pattern=3 step=2 mask=0 slice=0
[Q LOCK] pattern=3 step=3 mask=0 slice=0
[Q TRANSIENT] state=4 request=3 progress=100 count=8 stale_discarded=0 apply=1 cancel=1 duration_max_us=63880 chunk_max_us=2336
[Q PROPOSAL] index=0 start=0 end=8192
[Q PROPOSAL] index=1 start=8192 end=16384
[Q PROPOSAL] index=2 start=16384 end=20480
[Q PROPOSAL] index=3 start=20480 end=28672
[Q PROPOSAL] index=4 start=28672 end=32768
[Q PROPOSAL] index=5 start=32768 end=45056
[Q PROPOSAL] index=6 start=45056 end=57344
[Q PROPOSAL] index=7 start=57344 end=65535
[Q HEAP] tag=state internal=195276 free=29671968 largest=29360116
[Q PLAYBACK] triggers=25106 reverse=12552 gate=2 releases=1 chokes=90 retriggers=25056 repeat_accepts=1 repeat_hits=23664 chain_loops=12
[M6 read] bytes=705600 read_us=1251328 bytes_per_second=563880 original_channels=2 rate=44100 total_psram=33554432
[M6 load] track=2 file_bytes=705644 pcm_bytes=352800 load_publish_us=1863338 payload=1058781 transient=352800 peak_payload=1058781 ps_free=29671968 largest=29360116 internal=195276 display=2304000 fx_delay=352800 reserve=4194304
[M6.1 replacement] retired_clear=1 ps_delta=360452 status=READY
[M213 address] track=2 pcm=0x4835bec0 base=0x4835be04 bytes=352991 owner_usable_bytes=360436 frames=176400 mod64=0 mod128=64 mod256=192 mod4096=3776 mod131072=114368 external=1 requested_caps=1028 free=29671968 largest=29360116
[M6 read] bytes=44100 read_us=155761 bytes_per_second=283126 original_channels=1 rate=44100 total_psram=33554432
[M6 load] track=3 file_bytes=44144 pcm_bytes=44100 load_publish_us=662770 payload=1103136 transient=44100 peak_payload=1103136 ps_free=29626908 largest=29360116 internal=193672 display=2304000 fx_delay=352800 reserve=4194304
[M6.1 replacement] retired_clear=1 ps_delta=45060 status=READY
[M213 address] track=3 pcm=0x483b3f00 base=0x483b3e08 bytes=44355 owner_usable_bytes=45044 frames=22050 mod64=0 mod128=0 mod256=0 mod4096=3840 mod131072=81664 external=1 requested_caps=1028 free=29626908 largest=29360116
[Q COMMAND] 
[Q ACK] invalid=1

# HOST STATE
[Q COMMAND] STATE
[Q STATE] bpm=240 swing=50 playing=0 mode=1 chain_length=1 chain_loop=1 project_busy=1 restoring=1 sample_busy=0 project_status=LOADING SAMPLES 5/16 sample_status=SAMPLE READY
[Q CHAIN] index=0 pattern=0 repeats=1
[Q TRACK] track=0 source=1 pitch=47 synth_pitch=36 sample_pitch=47 mute=0 solo=0 start=0 end=65535 reverse=0 mode=0 choke=1 cutoff=0 resonance=0 send=127 slices=8 enabled=1 selected=0 frames=176400 waveform=0720701a name=m19p_mixed.wav
[Q SLICE] track=0 index=0 start=0 end=8192
[Q SLICE] track=0 index=1 start=8192 end=16384
[Q SLICE] track=0 index=2 start=16384 end=20480
[Q SLICE] track=0 index=3 start=20480 end=28672
[Q SLICE] track=0 index=4 start=28672 end=32768
[Q SLICE] track=0 index=5 start=32768 end=45056
[Q SLICE] track=0 index=6 start=45056 end=57344
[Q SLICE] track=0 index=7 start=57344 end=65535
[Q TRACK] track=1 source=1 pitch=48 synth_pitch=39 sample_pitch=48 mute=0 solo=0 start=0 end=65535 reverse=1 mode=0 choke=0 cutoff=0 resonance=0 send=127 slices=4 enabled=1 selected=0 frames=176400 waveform=595ef306 name=m19p_stereo.wav
[Q SLICE] track=1 index=0 start=0 end=16383
[Q SLICE] track=1 index=1 start=16383 end=32767
[Q SLICE] track=1 index=2 start=32767 end=49151
[Q SLICE] track=1 index=3 start=49151 end=65535
[Q TRACK] track=2 source=1 pitch=49 synth_pitch=42 sample_pitch=49 mute=0 solo=0 start=0 end=65535 reverse=0 mode=0 choke=0 cutoff=0 resonance=0 send=127 slices=4 enabled=1 selected=0 frames=176400 waveform=595ef306 name=m19p_stereo.wav
[Q SLICE] track=2 index=0 start=0 end=16383
[Q SLICE] track=2 index=1 start=16383 end=32767
[Q SLICE] track=2 index=2 start=32767 end=49151
[Q SLICE] track=2 index=3 start=49151 end=65535
[Q TRACK] track=3 source=1 pitch=50 synth_pitch=45 sample_pitch=50 mute=0 solo=0 start=0 end=65535 reverse=1 mode=0 choke=0 cutoff=0 resonance=0 send=127 slices=4 enabled=1 selected=0 frames=22050 waveform=0ee7dbac name=m19p_oneshot.wav
[Q SLICE] track=3 index=0 start=0 end=16383
[Q SLICE] track=3 index=1 start=16383 end=32767
[Q SLICE] track=3 index=2 start=32767 end=49151
[Q SLICE] track=3 index=3 start=49151 end=65535
[Q PATTERN] index=0 length=4 masks=ffff,ffff,ffff
[Q LOCK] pattern=0 step=0 mask=128 slice=0
[Q LOCK] pattern=0 step=1 mask=128 slice=1
[Q LOCK] pattern=0 step=2 mask=128 slice=2
[Q LOCK] pattern=0 step=3 mask=128 slice=3
[Q PATTERN] index=1 length=16 masks=0000,0000,0000
[Q LOCK] pattern=1 step=0 mask=0 slice=0
[Q LOCK] pattern=1 step=1 mask=0 slice=0
[Q LOCK] pattern=1 step=2 mask=0 slice=0
[Q LOCK] pattern=1 step=3 mask=0 slice=0
[Q PATTERN] index=2 length=16 masks=0000,0000,0000
[Q LOCK] pattern=2 step=0 mask=0 slice=0
[Q LOCK] pattern=2 step=1 mask=0 slice=0
[Q LOCK] pattern=2 step=2 mask=0 slice=0
[Q LOCK] pattern=2 step=3 mask=0 slice=0
[Q PATTERN] index=3 length=16 masks=0000,0000,0000
[Q LOCK] pattern=3 step=0 mask=0 slice=0
[Q LOCK] pattern=3 step=1 mask=0 slice=0
[Q LOCK] pattern=3 step=2 mask=0 slice=0
[Q LOCK] pattern=3 step=3 mask=0 slice=0
[Q TRANSIENT] state=4 request=3 progress=100 count=8 stale_discarded=0 apply=1 cancel=1 duration_max_us=63880 chunk_max_us=2336
[Q PROPOSAL] index=0 start=0 end=8192
[Q PROPOSAL] index=1 start=8192 end=16384
[Q PROPOSAL] index=2 start=16384 end=20480
[Q PROPOSAL] index=3 start=20480 end=28672
[Q PROPOSAL] index=4 start=28672 end=32768
[Q PROPOSAL] index=5 start=32768 end=45056
[Q PROPOSAL] index=6 start=45056 end=57344
[Q PROPOSAL] index=7 start=57344 end=65535
[Q HEAP] tag=state internal=192068 free=29266456 largest=28835828
[Q PLAYBACK] triggers=25106 reverse=12552 gate=2 releases=1 chokes=90 retriggers=25056 repeat_accepts=1 repeat_hits=23664 chain_loops=12
[M6 read] bytes=352800 read_us=679425 bytes_per_second=519262 original_channels=1 rate=44100 total_psram=33554432
[M6 load] track=4 file_bytes=352844 pcm_bytes=352800 load_publish_us=1228945 payload=1456255 transient=352800 peak_payload=1456255 ps_free=29266456 largest=28835828 internal=192068 display=2304000 fx_delay=352800 reserve=4194304
[M6.1 replacement] retired_clear=1 ps_delta=360452 status=READY
[M213 address] track=4 pcm=0x483bef40 base=0x483bee0c bytes=353119 owner_usable_bytes=360436 frames=176400 mod64=0 mod128=64 mod256=64 mod4096=3904 mod131072=126784 external=1 requested_caps=1028 free=29266456 largest=28835828
[M6 read] bytes=352800 read_us=686219 bytes_per_second=514121 original_channels=1 rate=44100 total_psram=33554432
[Q COMMAND] 
[Q ACK] invalid=1
[M6 load] track=5 file_bytes=352844 pcm_bytes=352800 load_publish_us=1198334 payload=1809438 transient=352800 peak_payload=1809438 ps_free=28906004 largest=28835828 internal=190464 display=2304000 fx_delay=352800 reserve=4194304
[M6.1 replacement] retired_clear=1 ps_delta=360452 status=READY
[M213 address] track=5 pcm=0x4841
# HOST STATE
6f80 base=0x48416e10 bytes=353183 owner_usable_bytes=360436 frames=176400 mod64=0 mod128=0 mod256=128 mod4096=3968 mod131072=94080 external=1 requested_caps=1028 free=28906004 largest=28835828
[Q COMMAND] STATE
[Q STATE] bpm=240 swing=50 playing=0 mode=1 chain_length=1 chain_loop=1 project_busy=1 restoring=1 sample_busy=0 project_status=LOADING SAMPLES 7/16 sample_status=SAMPLE READY
[Q CHAIN] index=0 pattern=0 repeats=1
[Q TRACK] track=0 source=1 pitch=47 synth_pitch=36 sample_pitch=47 mute=0 solo=0 start=0 end=65535 reverse=0 mode=0 choke=1 cutoff=0 resonance=0 send=127 slices=8 enabled=1 selected=0 frames=176400 waveform=0720701a name=m19p_mixed.wav
[Q SLICE] track=0 index=0 start=0 end=8192
[Q SLICE] track=0 index=1 start=8192 end=16384
[Q SLICE] track=0 index=2 start=16384 end=20480
[Q SLICE] track=0 index=3 start=20480 end=28672
[Q SLICE] track=0 index=4 start=28672 end=32768
[Q SLICE] track=0 index=5 start=32768 end=45056
[Q SLICE] track=0 index=6 start=45056 end=57344
[Q SLICE] track=0 index=7 start=57344 end=65535
[Q TRACK] track=1 source=1 pitch=48 synth_pitch=39 sample_pitch=48 mute=0 solo=0 start=0 end=65535 reverse=1 mode=0 choke=0 cutoff=0 resonance=0 send=127 slices=4 enabled=1 selected=0 frames=176400 waveform=595ef306 name=m19p_stereo.wav
[Q SLICE] track=1 index=0 start=0 end=16383
[Q SLICE] track=1 index=1 start=16383 end=32767
[Q SLICE] track=1 index=2 start=32767 end=49151
[Q SLICE] track=1 index=3 start=49151 end=65535
[Q TRACK] track=2 source=1 pitch=49 synth_pitch=42 sample_pitch=49 mute=0 solo=0 start=0 end=65535 reverse=0 mode=0 choke=0 cutoff=0 resonance=0 send=127 slices=4 enabled=1 selected=0 frames=176400 waveform=595ef306 name=m19p_stereo.wav
[Q SLICE] track=2 index=0 start=0 end=16383
[Q SLICE] track=2 index=1 start=16383 end=32767
[Q SLICE] track=2 index=2 start=32767 end=49151
[Q SLICE] track=2 index=3 start=49151 end=65535
[Q TRACK] track=3 source=1 pitch=50 synth_pitch=45 sample_pitch=50 mute=0 solo=0 start=0 end=65535 reverse=1 mode=0 choke=0 cutoff=0 resonance=0 send=127 slices=4 enabled=1 selected=0 frames=22050 waveform=0ee7dbac name=m19p_oneshot.wav
[Q SLICE] track=3 index=0 start=0 end=16383
[Q SLICE] track=3 index=1 start=16383 end=32767
[Q SLICE] track=3 index=2 start=32767 end=49151
[Q SLICE] track=3 index=3 start=49151 end=65535
[Q PATTERN] index=0 length=4 masks=ffff,ffff,ffff
[Q LOCK] pattern=0 step=0 mask=128 slice=0
[Q LOCK] pattern=0 step=1 mask=128 slice=1
[Q LOCK] pattern=0 step=2 mask=128 slice=2
[Q LOCK] pattern=0 step=3 mask=128 slice=3
[Q PATTERN] index=1 length=16 masks=0000,0000,0000
[Q LOCK] pattern=1 step=0 mask=0 slice=0
[Q LOCK] pattern=1 step=1 mask=0 slice=0
[Q LOCK] pattern=1 step=2 mask=0 slice=0
[Q LOCK] pattern=1 step=3 mask=0 slice=0
[Q PATTERN] index=2 length=16 masks=0000,0000,0000
[Q LOCK] pattern=2 step=0 mask=0 slice=0
[Q LOCK] pattern=2 step=1 mask=0 slice=0
[Q LOCK] pattern=2 step=2 mask=0 slice=0
[Q LOCK] pattern=2 step=3 mask=0 slice=0
[Q PATTERN] index=3 length=16 masks=0000,0000,0000
[Q LOCK] pattern=3 step=0 mask=0 slice=0
[Q LOCK] pattern=3 step=1 mask=0 slice=0
[Q LOCK] pattern=3 step=2 mask=0 slice=0
[Q LOCK] pattern=3 step=3 mask=0 slice=0
[Q TRANSIENT] state=4 request=3 progress=100 count=8 stale_discarded=0 apply=1 cancel=1 duration_max_us=63880 chunk_max_us=2336
[Q PROPOSAL] index=0 start=0 end=8192
[Q PROPOSAL] index=1 start=8192 end=16384
[Q PROPOSAL] index=2 start=16384 end=20480
[Q PROPOSAL] index=3 start=20480 end=28672
[Q PROPOSAL] index=4 start=28672 end=32768
[Q PROPOSAL] index=5 start=32768 end=45056
[Q PROPOSAL] index=6 start=45056 end=57344
[Q PROPOSAL] index=7 start=57344 end=65535
[Q HEAP] tag=state internal=184056 free=28545552 largest=28311540
[Q PLAYBACK] triggers=25106 reverse=12552 gate=2 releases=1 chokes=90 retriggers=25056 repeat_accepts=1 repeat_hits=23664 chain_loops=12
[M6 read] bytes=352800 read_us=772879 bytes_per_second=456475 original_channels=1 rate=44100 total_psram=33554432
[M6 load] track=6 file_bytes=352844 pcm_bytes=352800 load_publish_us=1288888 payload=2162685 transient=352800 peak_payload=2162685 ps_free=28545552 largest=28311540 internal=188860 display=2304000 fx_delay=352800 reserve=4194304
[M6.1 replacement] retired_clear=1 ps_delta=360452 status=READY
[M213 address] track=6 pcm=0x4846efc0 base=0x4846ee14 bytes=353247 owner_usable_bytes=360436 frames=176400 mod64=0 mod128=64 mod256=192 mod4096=4032 mod131072=61376 external=1 requested_caps=1028 free=28545552 largest=28311540
[Q COMMAND] 
[Q ACK] invalid=1

# HOST STATE
[Q COMMAND] STATE
[Q STATE] bpm=240 swing=50 playing=0 mode=1 chain_length=1 chain_loop=1 project_busy=1 restoring=1 sample_busy=0 project_status=LOADING SAMPLES 8/16 sample_status=SAMPLE READY
[Q CHAIN] index=0 pattern=0 repeats=1
[Q TRACK] track=0 source=1 pitch=47 synth_pitch=36 sample_pitch=47 mute=0 solo=0 start=0 end=65535 reverse=0 mode=0 choke=1 cutoff=0 resonance=0 send=127 slices=8 enabled=1 selected=0 frames=176400 waveform=0720701a name=m19p_mixed.wav
[Q SLICE] track=0 index=0 start=0 end=8192
[Q SLICE] track=0 index=1 start=8192 end=16384
[Q SLICE] track=0 index=2 start=16384 end=20480
[Q SLICE] track=0 index=3 start=20480 end=28672
[Q SLICE] track=0 index=4 start=28672 end=32768
[Q SLICE] track=0 index=5 start=32768 end=45056
[Q SLICE] track=0 index=6 start=45056 end=57344
[Q SLICE] track=0 index=7 start=57344 end=65535
[Q TRACK] track=1 source=1 pitch=48 synth_pitch=39 sample_pitch=48 mute=0 solo=0 start=0 end=65535 reverse=1 mode=0 choke=0 cutoff=0 resonance=0 send=127 slices=4 enabled=1 selected=0 frames=176400 waveform=595ef306 name=m19p_stereo.wav
[Q SLICE] track=1 index=0 start=0 end=16383
[Q SLICE] track=1 index=1 start=16383 end=32767
[Q SLICE] track=1 index=2 start=32767 end=49151
[Q SLICE] track=1 index=3 start=49151 end=65535
[Q TRACK] track=2 source=1 pitch=49 synth_pitch=42 sample_pitch=49 mute=0 solo=0 start=0 end=65535 reverse=0 mode=0 choke=0 cutoff=0 resonance=0 send=127 slices=4 enabled=1 selected=0 frames=176400 waveform=595ef306 name=m19p_stereo.wav
[Q SLICE] track=2 index=0 start=0 end=16383
[Q SLICE] track=2 index=1 start=16383 end=32767
[Q SLICE] track=2 index=2 start=32767 end=49151
[Q SLICE] track=2 index=3 start=49151 end=65535
[Q TRACK] track=3 source=1 pitch=50 synth_pitch=45 sample_pitch=50 mute=0 solo=0 start=0 end=65535 reverse=1 mode=0 choke=0 cutoff=0 resonance=0 send=127 slices=4 enabled=1 selected=0 frames=22050 waveform=0ee7dbac name=m19p_oneshot.wav
[Q SLICE] track=3 index=0 start=0 end=16383
[Q SLICE] track=3 index=1 start=16383 end=32767
[Q SLICE] track=3 index=2 start=32767 end=49151
[Q SLICE] track=3 index=3 start=49151 end=65535
[Q PATTERN] index=0 length=4 masks=ffff,ffff,ffff
[Q LOCK] pattern=0 step=0 mask=128 slice=0
[Q LOCK] pattern=0 step=1 mask=128 slice=1
[Q LOCK] pattern=0 step=2 mask=128 slice=2
[Q LOCK] pattern=0 step=3 mask=128 slice=3
[Q PATTERN] index=1 length=16 masks=0000,0000,0000
[Q LOCK] pattern=1 step=0 mask=0 slice=0
[Q LOCK] pattern=1 step=1 mask=0 slice=0
[Q LOCK] pattern=1 step=2 mask=0 slice=0
[Q LOCK] pattern=1 step=3 mask=0 slice=0
[Q PATTERN] index=2 length=16 masks=0000,0000,0000
[Q LOCK] pattern=2 step=0 mask=0 slice=0
[Q LOCK] pattern=2 step=1 mask=0 slice=0
[Q LOCK] pattern=2 step=2 mask=0 slice=0
[Q LOCK] pattern=2 step=3 mask=0 slice=0
[Q PATTERN] index=3 length=16 masks=0000,0000,0000
[Q LOCK] pattern=3 step=0 mask=0 slice=0
[Q LOCK] pattern=3 step=1 mask=0 slice=0
[Q LOCK] pattern=3 step=2 mask=0 slice=0
[Q LOCK] pattern=3 step=3 mask=0 slice=0
[Q TRANSIENT] state=4 request=3 progress=100 count=8 stale_discarded=0 apply=1 cancel=1 duration_max_us=63880 chunk_max_us=2336
[Q PROPOSAL] index=0 start=0 end=8192
[Q PROPOSAL] index=1 start=8192 end=16384
[Q PROPOSAL] index=2 start=16384 end=20480
[Q PROPOSAL] index=3 start=20480 end=28672
[Q PROPOSAL] index=4 start=28672 end=32768
[Q PROPOSAL] index=5 start=32768 end=45056
[Q PROPOSAL] index=6 start=45056 end=57344
[Q PROPOSAL] index=7 start=57344 end=65535
[Q HEAP] tag=state internal=187256 free=28185100 largest=27787252
[Q PLAYBACK] triggers=25106 reverse=12552 gate=2 releases=1 chokes=90 retriggers=25056 repeat_accepts=1 repeat_hits=23664 chain_loops=12
[M6 read] bytes=705600 read_us=1250069 bytes_per_second=564448 original_channels=2 rate=44100 total_psram=33554432
[M6 load] track=7 file_bytes=705644 pcm_bytes=352800 load_publish_us=1769004 payload=2515996 transient=352800 peak_payload=2515996 ps_free=28185100 largest=27787252 internal=187256 display=2304000 fx_delay=352800 reserve=4194304
[M6.1 replacement] retired_clear=1 ps_delta=360452 status=READY
[M213 address] track=7 pcm=0x484c7000 base=0x484c6e18 bytes=353311 owner_usable_bytes=360436 frames=176400 mod64=0 mod128=0 mod256=0 mod4096=0 mod131072=28672 external=1 requested_caps=1028 free=28185100 largest=27787252
[M6 read] bytes=44100 read_us=85130 bytes_per_second=518031 original_channels=1 rate=44100 total_psram=33554432
[M6 load] track=8 file_bytes=44144 pcm_bytes=44100 load_publish_us=597823 payload=2560671 transient=44100 peak_payload=2560671 ps_free=28140040 largest=27787252 internal=185652 display=2304000 fx_delay=352800 reserve=4194304
[M6.1 replacement] retired_clear=1 ps_delta=45060 status=READY
[M213 address] track=8 pcm=0x4851f040 base=0x4851ee1c bytes=44675 owner_usable_bytes=45044 frames=22050 mod64=0 mod128=64 mod256=64 mod4096=64 mod131072=127040 external=1 requested_caps=1028 free=28140040 largest=27787252
[Q COMMAND] 
[Q ACK] invalid=1

# HOST STATE
[Q COMMAND] STATE
[Q STATE] bpm=240 swing=50 playing=0 mode=1 chain_length=1 chain_loop=1 project_busy=1 restoring=1 sample_busy=0 project_status=LOADING SAMPLES 10/16 sample_status=SAMPLE READY
[Q CHAIN] index=0 pattern=0 repeats=1
[Q TRACK] track=0 source=1 pitch=47 synth_pitch=36 sample_pitch=47 mute=0 solo=0 start=0 end=65535 reverse=0 mode=0 choke=1 cutoff=0 resonance=0 send=127 slices=8 enabled=1 selected=0 frames=176400 waveform=0720701a name=m19p_mixed.wav
[Q SLICE] track=0 index=0 start=0 end=8192
[Q SLICE] track=0 index=1 start=8192 end=16384
[Q SLICE] track=0 index=2 start=16384 end=20480
[Q SLICE] track=0 index=3 start=20480 end=28672
[Q SLICE] track=0 index=4 start=28672 end=32768
[Q SLICE] track=0 index=5 start=32768 end=45056
[Q SLICE] track=0 index=6 start=45056 end=57344
[Q SLICE] track=0 index=7 start=57344 end=65535
[Q TRACK] track=1 source=1 pitch=48 synth_pitch=39 sample_pitch=48 mute=0 solo=0 start=0 end=65535 reverse=1 mode=0 choke=0 cutoff=0 resonance=0 send=127 slices=4 enabled=1 selected=0 frames=176400 waveform=595ef306 name=m19p_stereo.wav
[Q SLICE] track=1 index=0 start=0 end=16383
[Q SLICE] track=1 index=1 start=16383 end=32767
[Q SLICE] track=1 index=2 start=32767 end=49151
[Q SLICE] track=1 index=3 start=49151 end=65535
[Q TRACK] track=2 source=1 pitch=49 synth_pitch=42 sample_pitch=49 mute=0 solo=0 start=0 end=65535 reverse=0 mode=0 choke=0 cutoff=0 resonance=0 send=127 slices=4 enabled=1 selected=0 frames=176400 waveform=595ef306 name=m19p_stereo.wav
[Q SLICE] track=2 index=0 start=0 end=16383
[Q SLICE] track=2 index=1 start=16383 end=32767
[Q SLICE] track=2 index=2 start=32767 end=49151
[Q SLICE] track=2 index=3 start=49151 end=65535
[Q TRACK] track=3 source=1 pitch=50 synth_pitch=45 sample_pitch=50 mute=0 solo=0 start=0 end=65535 reverse=1 mode=0 choke=0 cutoff=0 resonance=0 send=127 slices=4 enabled=1 selected=0 frames=22050 waveform=0ee7dbac name=m19p_oneshot.wav
[Q SLICE] track=3 index=0 start=0 end=16383
[Q SLICE] track=3 index=1 start=16383 end=32767
[Q SLICE] track=3 index=2 start=32767 end=49151
[Q SLICE] track=3 index=3 start=49151 end=65535
[Q PATTERN] index=0 length=4 masks=ffff,ffff,ffff
[Q LOCK] pattern=0 step=0 mask=128 slice=0
[Q LOCK] pattern=0 step=1 mask=128 slice=1
[Q LOCK] pattern=0 step=2 mask=128 slice=2
[Q LOCK] pattern=0 step=3 mask=128 slice=3
[Q PATTERN] index=1 length=16 masks=0000,0000,0000
[Q LOCK] pattern=1 step=0 mask=0 slice=0
[Q LOCK] pattern=1 step=1 mask=0 slice=0
[Q LOCK] pattern=1 step=2 mask=0 slice=0
[Q LOCK] pattern=1 step=3 mask=0 slice=0
[Q PATTERN] index=2 length=16 masks=0000,0000,0000
[Q LOCK] pattern=2 step=0 mask=0 slice=0
[Q LOCK] pattern=2 step=1 mask=0 slice=0
[Q LOCK] pattern=2 step=2 mask=0 slice=0
[Q LOCK] pattern=2 step=3 mask=0 slice=0
[Q PATTERN] index=3 length=16 masks=0000,0000,0000
[Q LOCK] pattern=3 step=0 mask=0 slice=0
[Q LOCK] pattern=3 step=1 mask=0 slice=0
[Q LOCK] pattern=3 step=2 mask=0 slice=0
[Q LOCK] pattern=3 step=3 mask=0 slice=0
[Q TRANSIENT] state=4 request=3 progress=100 count=8 stale_discarded=0 apply=1 cancel=1 duration_max_us=63880 chunk_max_us=2336
[Q PROPOSAL] index=0 start=0 end=8192
[Q PROPOSAL] index=1 start=8192 end=16384
[Q PROPOSAL] index=2 start=16384 end=20480
[Q PROPOSAL] index=3 start=20480 end=28672
[Q PROPOSAL] index=4 start=28672 end=32768
[Q PROPOSAL] index=5 start=32768 end=45056
[Q PROPOSAL] index=6 start=45056 end=57344
[Q PROPOSAL] index=7 start=57344 end=65535
[Q HEAP] tag=state internal=184048 free=27779588 largest=27262964
[Q PLAYBACK] triggers=25106 reverse=12552 gate=2 releases=1 chokes=90 retriggers=25056 repeat_accepts=1 repeat_hits=23664 chain_loops=12
[M6 read] bytes=352800 read_us=754698 bytes_per_second=467471 original_channels=1 rate=44100 total_psram=33554432
[M6 load] track=9 file_bytes=352844 pcm_bytes=352800 load_publish_us=1272706 payload=2914110 transient=352800 peak_payload=2914110 ps_free=27779588 largest=27262964 internal=184048 display=2304000 fx_delay=352800 reserve=4194304
[M6.1 replacement] retired_clear=1 ps_delta=360452 status=READY
[M213 address] track=9 pcm=0x4852a080 base=0x48529e20 bytes=353439 owner_usable_bytes=360436 frames=176400 mod64=0 mod128=0 mod256=128 mod4096=128 mod131072=41088 external=1 requested_caps=1028 free=27779588 largest=27262964
[Q COMMAND] 
[Q ACK] invalid=1

# HOST STATE
[Q COMMAND] STATE
[Q STATE] bpm=240 swing=50 playing=0 mode=1 chain_length=1 chain_loop=1 project_busy=1 restoring=1 sample_busy=0 project_status=LOADING SAMPLES 11/16 sample_status=SAMPLE READY
[Q CHAIN] index=0 pattern=0 repeats=1
[Q TRACK] track=0 source=1 pitch=47 synth_pitch=36 sample_pitch=47 mute=0 solo=0 start=0 end=65535 reverse=0 mode=0 choke=1 cutoff=0 resonance=0 send=127 slices=8 enabled=1 selected=0 frames=176400 waveform=0720701a name=m19p_mixed.wav
[Q SLICE] track=0 index=0 start=0 end=8192
[Q SLICE] track=0 index=1 start=8192 end=16384
[Q SLICE] track=0 index=2 start=16384 end=20480
[Q SLICE] track=0 index=3 start=20480 end=28672
[Q SLICE] track=0 index=4 start=28672 end=32768
[Q SLICE] track=0 index=5 start=32768 end=45056
[Q SLICE] track=0 index=6 start=45056 end=57344
[Q SLICE] track=0 index=7 start=57344 end=65535
[Q TRACK] track=1 source=1 pitch=48 synth_pitch=39 sample_pitch=48 mute=0 solo=0 start=0 end=65535 reverse=1 mode=0 choke=0 cutoff=0 resonance=0 send=127 slices=4 enabled=1 selected=0 frames=176400 waveform=595ef306 name=m19p_stereo.wav
[Q SLICE] track=1 index=0 start=0 end=16383
[Q SLICE] track=1 index=1 start=16383 end=32767
[Q SLICE] track=1 index=2 start=32767 end=49151
[Q SLICE] track=1 index=3 start=49151 end=65535
[Q TRACK] track=2 source=1 pitch=49 synth_pitch=42 sample_pitch=49 mute=0 solo=0 start=0 end=65535 reverse=0 mode=0 choke=0 cutoff=0 resonance=0 send=127 slices=4 enabled=1 selected=0 frames=176400 waveform=595ef306 name=m19p_stereo.wav
[Q SLICE] track=2 index=0 start=0 end=16383
[Q SLICE] track=2 index=1 start=16383 end=32767
[Q SLICE] track=2 index=2 start=32767 end=49151
[Q SLICE] track=2 index=3 start=49151 end=65535
[Q TRACK] track=3 source=1 pitch=50 synth_pitch=45 sample_pitch=50 mute=0 solo=0 start=0 end=65535 reverse=1 mode=0 choke=0 cutoff=0 resonance=0 send=127 slices=4 enabled=1 selected=0 frames=22050 waveform=0ee7dbac name=m19p_oneshot.wav
[Q SLICE] track=3 index=0 start=0 end=16383
[Q SLICE] track=3 index=1 start=16383 end=32767
[Q SLICE] track=3 index=2 start=32767 end=49151
[Q SLICE] track=3 index=3 start=49151 end=65535
[Q PATTERN] index=0 length=4 masks=ffff,ffff,ffff
[Q LOCK] pattern=0 step=0 mask=128 slice=0
[Q LOCK] pattern=0 step=1 mask=128 slice=1
[Q LOCK] pattern=0 step=2 mask=128 slice=2
[Q LOCK] pattern=0 step=3 mask=128 slice=3
[Q PATTERN] index=1 length=16 masks=0000,0000,0000
[Q LOCK] pattern=1 step=0 mask=0 slice=0
[Q LOCK] pattern=1 step=1 mask=0 slice=0
[Q LOCK] pattern=1 step=2 mask=0 slice=0
[Q LOCK] pattern=1 step=3 mask=0 slice=0
[Q PATTERN] index=2 length=16 masks=0000,0000,0000
[Q LOCK] pattern=2 step=0 mask=0 slice=0
[Q LOCK] pattern=2 step=1 mask=0 slice=0
[Q LOCK] pattern=2 step=2 mask=0 slice=0
[Q LOCK] pattern=2 step=3 mask=0 slice=0
[Q PATTERN] index=3 length=16 masks=0000,0000,0000
[Q LOCK] pattern=3 step=0 mask=0 slice=0
[Q LOCK] pattern=3 step=1 mask=0 slice=0
[Q LOCK] pattern=3 step=2 mask=0 slice=0
[Q LOCK] pattern=3 step=3 mask=0 slice=0
[Q TRANSIENT] state=4 request=3 progress=100 count=8 stale_discarded=0 apply=1 cancel=1 duration_max_us=63880 chunk_max_us=2336
[Q PROPOSAL] index=0 start=0 end=8192
[Q PROPOSAL] index=1 start=8192 end=16384
[Q PROPOSAL] index=2 start=16384 end=20480
[Q PROPOSAL] index=3 start=20480 end=28672
[Q PROPOSAL] index=4 start=28672 end=32768
[Q PROPOSAL] index=5 start=32768 end=45056
[Q PROPOSAL] index=6 start=45056 end=57344
[Q PROPOSAL] index=7 start=57344 end=65535
[Q HEAP] tag=state internal=182444 free=27419136 largest=27262964
[Q PLAYBACK] triggers=25106 reverse=12552 gate=2 releases=1 chokes=90 retriggers=25056 repeat_accepts=1 repeat_hits=23664 chain_loops=12
[M6 read] bytes=352800 read_us=685970 bytes_per_second=514308 original_channels=1 rate=44100 total_psram=33554432
[M6 load] track=10 file_bytes=352844 pcm_bytes=352800 load_publish_us=1664371 payload=3267613 transient=352800 peak_payload=3267613 ps_free=27419136 largest=27262964 internal=182444 display=2304000 fx_delay=352800 reserve=4194304
[M6.1 replacement] retired_clear=1 ps_delta=360452 status=READY
[M213 address] track=10 pcm=0x485820c0 base=0x48581e24 bytes=353503 owner_usable_bytes=360436 frames=176400 mod64=0 mod128=64 mod256=192 mod4096=192 mod131072=8384 external=1 requested_caps=1028 free=27419136 largest=27262964
[M6 read] bytes=352800 read_us=755192 bytes_per_second=467165 original_channels=1 rate=44100 total_psram=33554432
[Q COMMAND] 
[Q ACK] invalid=1
[M6 load] track=11 file_bytes=352844 pcm_bytes=352800 load_publish_us=1271266 payload=3621180 transient=352800 peak_payload=3621180 ps_free=27058684 largest=26738676 internal=180840 display=2304000 fx_delay=352800 reserve=4194304
[M6.1 replacement] retired_clear=1 ps_delta=360452 status=READY
[M213 address] track=11 pcm=0x485da100 base=0x485d9e28 bytes=353567 owner_usable_bytes=360436 frames=176400 mod64=0 mod128=0 mod2
# HOST STATE
56=0 mod4096=256 mod131072=106752 external=1 requested_caps=1028 free=27058684 largest=26738676
[Q COMMAND] STATE
[Q STATE] bpm=240 swing=50 playing=0 mode=1 chain_length=1 chain_loop=1 project_busy=1 restoring=1 sample_busy=0 project_status=LOADING SAMPLES 13/16 sample_status=SAMPLE READY
[Q CHAIN] index=0 pattern=0 repeats=1
[Q TRACK] track=0 source=1 pitch=47 synth_pitch=36 sample_pitch=47 mute=0 solo=0 start=0 end=65535 reverse=0 mode=0 choke=1 cutoff=0 resonance=0 send=127 slices=8 enabled=1 selected=0 frames=176400 waveform=0720701a name=m19p_mixed.wav
[Q SLICE] track=0 index=0 start=0 end=8192
[Q SLICE] track=0 index=1 start=8192 end=16384
[Q SLICE] track=0 index=2 start=16384 end=20480
[Q SLICE] track=0 index=3 start=20480 end=28672
[Q SLICE] track=0 index=4 start=28672 end=32768
[Q SLICE] track=0 index=5 start=32768 end=45056
[Q SLICE] track=0 index=6 start=45056 end=57344
[Q SLICE] track=0 index=7 start=57344 end=65535
[Q TRACK] track=1 source=1 pitch=48 synth_pitch=39 sample_pitch=48 mute=0 solo=0 start=0 end=65535 reverse=1 mode=0 choke=0 cutoff=0 resonance=0 send=127 slices=4 enabled=1 selected=0 frames=176400 waveform=595ef306 name=m19p_stereo.wav
[Q SLICE] track=1 index=0 start=0 end=16383
[Q SLICE] track=1 index=1 start=16383 end=32767
[Q SLICE] track=1 index=2 start=32767 end=49151
[Q SLICE] track=1 index=3 start=49151 end=65535
[Q TRACK] track=2 source=1 pitch=49 synth_pitch=42 sample_pitch=49 mute=0 solo=0 start=0 end=65535 reverse=0 mode=0 choke=0 cutoff=0 resonance=0 send=127 slices=4 enabled=1 selected=0 frames=176400 waveform=595ef306 name=m19p_stereo.wav
[Q SLICE] track=2 index=0 start=0 end=16383
[Q SLICE] track=2 index=1 start=16383 end=32767
[Q SLICE] track=2 index=2 start=32767 end=49151
[Q SLICE] track=2 index=3 start=49151 end=65535
[Q TRACK] track=3 source=1 pitch=50 synth_pitch=45 sample_pitch=50 mute=0 solo=0 start=0 end=65535 reverse=1 mode=0 choke=0 cutoff=0 resonance=0 send=127 slices=4 enabled=1 selected=0 frames=22050 waveform=0ee7dbac name=m19p_oneshot.wav
[Q SLICE] track=3 index=0 start=0 end=16383
[Q SLICE] track=3 index=1 start=16383 end=32767
[Q SLICE] track=3 index=2 start=32767 end=49151
[Q SLICE] track=3 index=3 start=49151 end=65535
[Q PATTERN] index=0 length=4 masks=ffff,ffff,ffff
[Q LOCK] pattern=0 step=0 mask=128 slice=0
[Q LOCK] pattern=0 step=1 mask=128 slice=1
[Q LOCK] pattern=0 step=2 mask=128 slice=2
[Q LOCK] pattern=0 step=3 mask=128 slice=3
[Q PATTERN] index=1 length=16 masks=0000,0000,0000
[Q LOCK] pattern=1 step=0 mask=0 slice=0
[Q LOCK] pattern=1 step=1 mask=0 slice=0
[Q LOCK] pattern=1 step=2 mask=0 slice=0
[Q LOCK] pattern=1 step=3 mask=0 slice=0
[Q PATTERN] index=2 length=16 masks=0000,0000,0000
[Q LOCK] pattern=2 step=0 mask=0 slice=0
[Q LOCK] pattern=2 step=1 mask=0 slice=0
[Q LOCK] pattern=2 step=2 mask=0 slice=0
[Q LOCK] pattern=2 step=3 mask=0 slice=0
[Q PATTERN] index=3 length=16 masks=0000,0000,0000
[Q LOCK] pattern=3 step=0 mask=0 slice=0
[Q LOCK] pattern=3 step=1 mask=0 slice=0
[Q LOCK] pattern=3 step=2 mask=0 slice=0
[Q LOCK] pattern=3 step=3 mask=0 slice=0
[Q TRANSIENT] state=4 request=3 progress=100 count=8 stale_discarded=0 apply=1 cancel=1 duration_max_us=63880 chunk_max_us=2336
[Q PROPOSAL] index=0 start=0 end=8192
[Q PROPOSAL] index=1 start=8192 end=16384
[Q PROPOSAL] index=2 start=16384 end=20480
[Q PROPOSAL] index=3 start=20480 end=28672
[Q PROPOSAL] index=4 start=28672 end=32768
[Q PROPOSAL] index=5 start=32768 end=45056
[Q PROPOSAL] index=6 start=45056 end=57344
[Q PROPOSAL] index=7 start=57344 end=65535
[Q HEAP] tag=state internal=173904 free=26698232 largest=26214388
[Q PLAYBACK] triggers=25106 reverse=12552 gate=2 releases=1 chokes=90 retriggers=25056 repeat_accepts=1 repeat_hits=23664 chain_loops=12
[M6 read] bytes=705600 read_us=1248777 bytes_per_second=565032 original_channels=2 rate=44100 total_psram=33554432
[M6 load] track=12 file_bytes=705644 pcm_bytes=352800 load_publish_us=1764786 payload=3974811 transient=352800 peak_payload=3974811 ps_free=26698232 largest=26214388 internal=179236 display=2304000 fx_delay=352800 reserve=4194304
[M6.1 replacement] retired_clear=1 ps_delta=360452 status=READY
[M213 address] track=12 pcm=0x48632140 base=0x48631e2c bytes=353631 owner_usable_bytes=360436 frames=176400 mod64=0 mod128=64 mod256=64 mod4096=320 mod131072=74048 external=1 requested_caps=1028 free=26698232 largest=26214388
[Q COMMAND] 
[Q ACK] invalid=1

# HOST STATE
[Q COMMAND] STATE
[Q STATE] bpm=240 swing=50 playing=0 mode=1 chain_length=1 chain_loop=1 project_busy=1 restoring=1 sample_busy=0 project_status=LOADING SAMPLES 14/16 sample_status=SAMPLE READY
[Q CHAIN] index=0 pattern=0 repeats=1
[Q TRACK] track=0 source=1 pitch=47 synth_pitch=36 sample_pitch=47 mute=0 solo=0 start=0 end=65535 reverse=0 mode=0 choke=1 cutoff=0 resonance=0 send=127 slices=8 enabled=1 selected=0 frames=176400 waveform=0720701a name=m19p_mixed.wav
[Q SLICE] track=0 index=0 start=0 end=8192
[Q SLICE] track=0 index=1 start=8192 end=16384
[Q SLICE] track=0 index=2 start=16384 end=20480
[Q SLICE] track=0 index=3 start=20480 end=28672
[Q SLICE] track=0 index=4 start=28672 end=32768
[Q SLICE] track=0 index=5 start=32768 end=45056
[Q SLICE] track=0 index=6 start=45056 end=57344
[Q SLICE] track=0 index=7 start=57344 end=65535
[Q TRACK] track=1 source=1 pitch=48 synth_pitch=39 sample_pitch=48 mute=0 solo=0 start=0 end=65535 reverse=1 mode=0 choke=0 cutoff=0 resonance=0 send=127 slices=4 enabled=1 selected=0 frames=176400 waveform=595ef306 name=m19p_stereo.wav
[Q SLICE] track=1 index=0 start=0 end=16383
[Q SLICE] track=1 index=1 start=16383 end=32767
[Q SLICE] track=1 index=2 start=32767 end=49151
[Q SLICE] track=1 index=3 start=49151 end=65535
[Q TRACK] track=2 source=1 pitch=49 synth_pitch=42 sample_pitch=49 mute=0 solo=0 start=0 end=65535 reverse=0 mode=0 choke=0 cutoff=0 resonance=0 send=127 slices=4 enabled=1 selected=0 frames=176400 waveform=595ef306 name=m19p_stereo.wav
[Q SLICE] track=2 index=0 start=0 end=16383
[Q SLICE] track=2 index=1 start=16383 end=32767
[Q SLICE] track=2 index=2 start=32767 end=49151
[Q SLICE] track=2 index=3 start=49151 end=65535
[Q TRACK] track=3 source=1 pitch=50 synth_pitch=45 sample_pitch=50 mute=0 solo=0 start=0 end=65535 reverse=1 mode=0 choke=0 cutoff=0 resonance=0 send=127 slices=4 enabled=1 selected=0 frames=22050 waveform=0ee7dbac name=m19p_oneshot.wav
[Q SLICE] track=3 index=0 start=0 end=16383
[Q SLICE] track=3 index=1 start=16383 end=32767
[Q SLICE] track=3 index=2 start=32767 end=49151
[Q SLICE] track=3 index=3 start=49151 end=65535
[Q PATTERN] index=0 length=4 masks=ffff,ffff,ffff
[Q LOCK] pattern=0 step=0 mask=128 slice=0
[Q LOCK] pattern=0 step=1 mask=128 slice=1
[Q LOCK] pattern=0 step=2 mask=128 slice=2
[Q LOCK] pattern=0 step=3 mask=128 slice=3
[Q PATTERN] index=1 length=16 masks=0000,0000,0000
[Q LOCK] pattern=1 step=0 mask=0 slice=0
[Q LOCK] pattern=1 step=1 mask=0 slice=0
[Q LOCK] pattern=1 step=2 mask=0 slice=0
[Q LOCK] pattern=1 step=3 mask=0 slice=0
[Q PATTERN] index=2 length=16 masks=0000,0000,0000
[Q LOCK] pattern=2 step=0 mask=0 slice=0
[Q LOCK] pattern=2 step=1 mask=0 slice=0
[Q LOCK] pattern=2 step=2 mask=0 slice=0
[Q LOCK] pattern=2 step=3 mask=0 slice=0
[Q PATTERN] index=3 length=16 masks=0000,0000,0000
[Q LOCK] pattern=3 step=0 mask=0 slice=0
[Q LOCK] pattern=3 step=1 mask=0 slice=0
[Q LOCK] pattern=3 step=2 mask=0 slice=0
[Q LOCK] pattern=3 step=3 mask=0 slice=0
[Q TRANSIENT] state=4 request=3 progress=100 count=8 stale_discarded=0 apply=1 cancel=1 duration_max_us=63880 chunk_max_us=2336
[Q PROPOSAL] index=0 start=0 end=8192
[Q PROPOSAL] index=1 start=8192 end=16384
[Q PROPOSAL] index=2 start=16384 end=20480
[Q PROPOSAL] index=3 start=20480 end=28672
[Q PROPOSAL] index=4 start=28672 end=32768
[Q PROPOSAL] index=5 start=32768 end=45056
[Q PROPOSAL] index=6 start=45056 end=57344
[Q PROPOSAL] index=7 start=57344 end=65535
[Q HEAP] tag=state internal=177632 free=26653172 largest=26214388
[Q PLAYBACK] triggers=25106 reverse=12552 gate=2 releases=1 chokes=90 retriggers=25056 repeat_accepts=1 repeat_hits=23664 chain_loops=12
[M6 read] bytes=44100 read_us=84482 bytes_per_second=522004 original_channels=1 rate=44100 total_psram=33554432
[M6 load] track=13 file_bytes=44144 pcm_bytes=44100 load_publish_us=921719 payload=4019806 transient=44100 peak_payload=4019806 ps_free=26653172 largest=26214388 internal=177632 display=2304000 fx_delay=352800 reserve=4194304
[M6.1 replacement] retired_clear=1 ps_delta=45060 status=READY
[M213 address] track=13 pcm=0x4868a180 base=0x48689e30 bytes=44995 owner_usable_bytes=45044 frames=22050 mod64=0 mod128=0 mod256=128 mod4096=384 mod131072=41344 external=1 requested_caps=1028 free=26653172 largest=26214388
[M6 read] bytes=352800 read_us=754068 bytes_per_second=467862 original_channels=1 rate=44100 total_psram=33554432
[Q COMMAND] 
[Q ACK] invalid=1
[M6 load] track=14 file_bytes=352844 pcm_bytes=352800 load_publish_us=1271201 payload=4373565 transient=352800 peak_payload=4373565 ps_free=26292720 largest=26214388 internal=176028 display=2304000 fx_delay=352800 reserve=4194304
[M6.1 replacement] retired_clear=1 ps_delta=360452 status=READY
[
# HOST STATE
M213 address] track=14 pcm=0x486951c0 base=0x48694e34 bytes=353759 owner_usable_bytes=360436 frames=176400 mod64=0 mod128=64 mod256=192 mod4096=448 mod131072=86464 external=1 requested_caps=1028 free=26292720 largest=26214388
[Q COMMAND] STATE
[Q STATE] bpm=240 swing=50 playing=0 mode=1 chain_length=1 chain_loop=1 project_busy=1 restoring=1 sample_busy=0 project_status=LOADING SAMPLES 16/16 sample_status=SAMPLE READY
[Q CHAIN] index=0 pattern=0 repeats=1
[Q TRACK] track=0 source=1 pitch=47 synth_pitch=36 sample_pitch=47 mute=0 solo=0 start=0 end=65535 reverse=0 mode=0 choke=1 cutoff=0 resonance=0 send=127 slices=8 enabled=1 selected=0 frames=176400 waveform=0720701a name=m19p_mixed.wav
[Q SLICE] track=0 index=0 start=0 end=8192
[Q SLICE] track=0 index=1 start=8192 end=16384
[Q SLICE] track=0 index=2 start=16384 end=20480
[Q SLICE] track=0 index=3 start=20480 end=28672
[Q SLICE] track=0 index=4 start=28672 end=32768
[Q SLICE] track=0 index=5 start=32768 end=45056
[Q SLICE] track=0 index=6 start=45056 end=57344
[Q SLICE] track=0 index=7 start=57344 end=65535
[Q TRACK] track=1 source=1 pitch=48 synth_pitch=39 sample_pitch=48 mute=0 solo=0 start=0 end=65535 reverse=1 mode=0 choke=0 cutoff=0 resonance=0 send=127 slices=4 enabled=1 selected=0 frames=176400 waveform=595ef306 name=m19p_stereo.wav
[Q SLICE] track=1 index=0 start=0 end=16383
[Q SLICE] track=1 index=1 start=16383 end=32767
[Q SLICE] track=1 index=2 start=32767 end=49151
[Q SLICE] track=1 index=3 start=49151 end=65535
[Q TRACK] track=2 source=1 pitch=49 synth_pitch=42 sample_pitch=49 mute=0 solo=0 start=0 end=65535 reverse=0 mode=0 choke=0 cutoff=0 resonance=0 send=127 slices=4 enabled=1 selected=0 frames=176400 waveform=595ef306 name=m19p_stereo.wav
[Q SLICE] track=2 index=0 start=0 end=16383
[Q SLICE] track=2 index=1 start=16383 end=32767
[Q SLICE] track=2 index=2 start=32767 end=49151
[Q SLICE] track=2 index=3 start=49151 end=65535
[Q TRACK] track=3 source=1 pitch=50 synth_pitch=45 sample_pitch=50 mute=0 solo=0 start=0 end=65535 reverse=1 mode=0 choke=0 cutoff=0 resonance=0 send=127 slices=4 enabled=1 selected=0 frames=22050 waveform=0ee7dbac name=m19p_oneshot.wav
[Q SLICE] track=3 index=0 start=0 end=16383
[Q SLICE] track=3 index=1 start=16383 end=32767
[Q SLICE] track=3 index=2 start=32767 end=49151
[Q SLICE] track=3 index=3 start=49151 end=65535
[Q PATTERN] index=0 length=4 masks=ffff,ffff,ffff
[Q LOCK] pattern=0 step=0 mask=128 slice=0
[Q LOCK] pattern=0 step=1 mask=128 slice=1
[Q LOCK] pattern=0 step=2 mask=128 slice=2
[Q LOCK] pattern=0 step=3 mask=128 slice=3
[Q PATTERN] index=1 length=16 masks=0000,0000,0000
[Q LOCK] pattern=1 step=0 mask=0 slice=0
[Q LOCK] pattern=1 step=1 mask=0 slice=0
[Q LOCK] pattern=1 step=2 mask=0 slice=0
[Q LOCK] pattern=1 step=3 mask=0 slice=0
[Q PATTERN] index=2 length=16 masks=0000,0000,0000
[Q LOCK] pattern=2 step=0 mask=0 slice=0
[Q LOCK] pattern=2 step=1 mask=0 slice=0
[Q LOCK] pattern=2 step=2 mask=0 slice=0
[Q LOCK] pattern=2 step=3 mask=0 slice=0
[Q PATTERN] index=3 length=16 masks=0000,0000,0000
[Q LOCK] pattern=3 step=0 mask=0 slice=0
[Q LOCK] pattern=3 step=1 mask=0 slice=0
[Q LOCK] pattern=3 step=2 mask=0 slice=0
[Q LOCK] pattern=3 step=3 mask=0 slice=0
[Q TRANSIENT] state=4 request=3 progress=100 count=8 stale_discarded=0 apply=1 cancel=1 duration_max_us=63880 chunk_max_us=2336
[Q PROPOSAL] index=0 start=0 end=8192
[Q PROPOSAL] index=1 start=8192 end=16384
[Q PROPOSAL] index=2 start=16384 end=20480
[Q PROPOSAL] index=3 start=20480 end=28672
[Q PROPOSAL] index=4 start=28672 end=32768
[Q PROPOSAL] index=5 start=32768 end=45056
[Q PROPOSAL] index=6 start=45056 end=57344
[Q PROPOSAL] index=7 start=57344 end=65535
[Q HEAP] tag=state internal=169620 free=25932268 largest=25690100
[Q PLAYBACK] triggers=25106 reverse=12552 gate=2 releases=1 chokes=90 retriggers=25056 repeat_accepts=1 repeat_hits=23664 chain_loops=12
[M6 read] bytes=352800 read_us=763316 bytes_per_second=462193 original_channels=1 rate=44100 total_psram=33554432
[M6 load] track=15 file_bytes=352844 pcm_bytes=352800 load_publish_us=1280446 payload=4727388 transient=352800 peak_payload=4727388 ps_free=25932268 largest=25690100 internal=174424 display=2304000 fx_delay=352800 reserve=4194304
[M6.1 replacement] retired_clear=1 ps_delta=360452 status=READY
[M213 address] track=15 pcm=0x486ed200 base=0x486ece38 bytes=353823 owner_usable_bytes=360436 frames=176400 mod64=0 mod128=0 mod256=0 mod4096=512 mod131072=53760 external=1 requested_caps=1028 free=25932268 largest=25690100
[Q COMMAND] 
[Q ACK] invalid=1

# HOST STATE
[Q COMMAND] STATE
[Q STATE] bpm=240 swing=50 playing=0 mode=1 chain_length=1 chain_loop=1 project_busy=0 restoring=0 sample_busy=0 project_status=PROJECT READY / 0 MISSING sample_status=SAMPLE READY
[Q CHAIN] index=0 pattern=0 repeats=1
[Q TRACK] track=0 source=1 pitch=47 synth_pitch=36 sample_pitch=47 mute=0 solo=0 start=0 end=65535 reverse=0 mode=0 choke=1 cutoff=0 resonance=0 send=127 slices=8 enabled=1 selected=0 frames=176400 waveform=0720701a name=m19p_mixed.wav
[Q SLICE] track=0 index=0 start=0 end=8192
[Q SLICE] track=0 index=1 start=8192 end=16384
[Q SLICE] track=0 index=2 start=16384 end=20480
[Q SLICE] track=0 index=3 start=20480 end=28672
[Q SLICE] track=0 index=4 start=28672 end=32768
[Q SLICE] track=0 index=5 start=32768 end=45056
[Q SLICE] track=0 index=6 start=45056 end=57344
[Q SLICE] track=0 index=7 start=57344 end=65535
[Q TRACK] track=1 source=1 pitch=48 synth_pitch=39 sample_pitch=48 mute=0 solo=0 start=0 end=65535 reverse=1 mode=0 choke=0 cutoff=0 resonance=0 send=127 slices=4 enabled=1 selected=0 frames=176400 waveform=595ef306 name=m19p_stereo.wav
[Q SLICE] track=1 index=0 start=0 end=16383
[Q SLICE] track=1 index=1 start=16383 end=32767
[Q SLICE] track=1 index=2 start=32767 end=49151
[Q SLICE] track=1 index=3 start=49151 end=65535
[Q TRACK] track=2 source=1 pitch=49 synth_pitch=42 sample_pitch=49 mute=0 solo=0 start=0 end=65535 reverse=0 mode=0 choke=0 cutoff=0 resonance=0 send=127 slices=4 enabled=1 selected=0 frames=176400 waveform=595ef306 name=m19p_stereo.wav
[Q SLICE] track=2 index=0 start=0 end=16383
[Q SLICE] track=2 index=1 start=16383 end=32767
[Q SLICE] track=2 index=2 start=32767 end=49151
[Q SLICE] track=2 index=3 start=49151 end=65535
[Q TRACK] track=3 source=1 pitch=50 synth_pitch=45 sample_pitch=50 mute=0 solo=0 start=0 end=65535 reverse=1 mode=0 choke=0 cutoff=0 resonance=0 send=127 slices=4 enabled=1 selected=0 frames=22050 waveform=0ee7dbac name=m19p_oneshot.wav
[Q SLICE] track=3 index=0 start=0 end=16383
[Q SLICE] track=3 index=1 start=16383 end=32767
[Q SLICE] track=3 index=2 start=32767 end=49151
[Q SLICE] track=3 index=3 start=49151 end=65535
[Q PATTERN] index=0 length=4 masks=ffff,ffff,ffff
[Q LOCK] pattern=0 step=0 mask=128 slice=0
[Q LOCK] pattern=0 step=1 mask=128 slice=1
[Q LOCK] pattern=0 step=2 mask=128 slice=2
[Q LOCK] pattern=0 step=3 mask=128 slice=3
[Q PATTERN] index=1 length=16 masks=0000,0000,0000
[Q LOCK] pattern=1 step=0 mask=0 slice=0
[Q LOCK] pattern=1 step=1 mask=0 slice=0
[Q LOCK] pattern=1 step=2 mask=0 slice=0
[Q LOCK] pattern=1 step=3 mask=0 slice=0
[Q PATTERN] index=2 length=16 masks=0000,0000,0000
[Q LOCK] pattern=2 step=0 mask=0 slice=0
[Q LOCK] pattern=2 step=1 mask=0 slice=0
[Q LOCK] pattern=2 step=2 mask=0 slice=0
[Q LOCK] pattern=2 step=3 mask=0 slice=0
[Q PATTERN] index=3 length=16 masks=0000,0000,0000
[Q LOCK] pattern=3 step=0 mask=0 slice=0
[Q LOCK] pattern=3 step=1 mask=0 slice=0
[Q LOCK] pattern=3 step=2 mask=0 slice=0
[Q LOCK] pattern=3 step=3 mask=0 slice=0
[Q TRANSIENT] state=4 request=3 progress=100 count=8 stale_discarded=0 apply=1 cancel=1 duration_max_us=63880 chunk_max_us=2336
[Q PROPOSAL] index=0 start=0 end=8192
[Q PROPOSAL] index=1 start=8192 end=16384
[Q PROPOSAL] index=2 start=16384 end=20480
[Q PROPOSAL] index=3 start=20480 end=28672
[Q PROPOSAL] index=4 start=28672 end=32768
[Q PROPOSAL] index=5 start=32768 end=45056
[Q PROPOSAL] index=6 start=45056 end=57344
[Q PROPOSAL] index=7 start=57344 end=65535
[Q HEAP] tag=state internal=174424 free=25932268 largest=25690100
[Q PLAYBACK] triggers=25106 reverse=12552 gate=2 releases=1 chokes=90 retriggers=25056 repeat_accepts=1 repeat_hits=23664 chain_loops=12

# HOST STORE 8
[Q COMMAND] STORE 8
[M213 address] track=0 pcm=0x482abe00 base=0x482abdfc bytes=352863 owner_usable_bytes=360436 frames=176400 mod64=0 mod128=0 mod256=0 mod4096=3584 mod131072=48640 external=1 requested_caps=1028 free=25932268 largest=25690100
[M213 address] track=1 pcm=0x48303e40 base=0x48303e00 bytes=352927 owner_usable_bytes=360436 frames=176400 mod64=0 mod128=64 mod256=64 mod4096=3648 mod131072=15936 external=1 requested_caps=1028 free=25932268 largest=25690100
[M213 address] track=2 pcm=0x4835bec0 base=0x4835be04 bytes=352991 owner_usable_bytes=360436 frames=176400 mod64=0 mod128=64 mod256=192 mod4096=3776 mod131072=114368 external=1 requested_caps=1028 free=25932268 largest=25690100
[M213 address] track=3 pcm=0x483b3f00 base=0x483b3e08 bytes=44355 owner_usable_bytes=45044 frames=22050 mod64=0 mod128=0 mod256=0 mod4096=3840 mod131072=81664 external=1 requested_caps=1028 free=25932268 largest=25690100
[M213 address] track=4 pcm=0x483bef40 base=0x483bee0c bytes=353119 owner_usable_bytes=360436 frames=176400 mod64=0 mod128=64 mod256=64 mod4096=3904 mod131072=126784 external=1 requested_caps=1028 free=25932268 largest=25690100
[M213 address] track=5 pcm=0x48416f80 base=0x48416e10 bytes=353183 owner_usable_bytes=360436 frames=176400 mod64=0 mod128=0 mod256=128 mod4096=3968 mod131072=94080 external=1 requested_caps=1028 free=25932268 largest=25690100
[M213 address] track=6 pcm=0x4846efc0 base=0x4846ee14 bytes=353247 owner_usable_bytes=360436 frames=176400 mod64=0 mod128=64 mod256=192 mod4096=4032 mod131072=61376 external=1 requested_caps=1028 free=25932268 largest=25690100
[M213 address] track=7 pcm=0x484c7000 base=0x484c6e18 bytes=353311 owner_usable_bytes=360436 frames=176400 mod64=0 mod128=0 mod256=0 mod4096=0 mod131072=28672 external=1 requested_caps=1028 free=25932268 largest=25690100
[M213 address] track=8 pcm=0x4851f040 base=0x4851ee1c bytes=44675 owner_usable_bytes=45044 frames=22050 mod64=0 mod128=64 mod256=64 mod4096=64 mod131072=127040 external=1 requested_caps=1028 free=25932268 largest=25690100
[M213 address] track=9 pcm=0x4852a080 base=0x48529e20 bytes=353439 owner_usable_bytes=360436 frames=176400 mod64=0 mod128=0 mod256=128 mod4096=128 mod131072=41088 external=1 requested_caps=1028 free=25932268 largest=25690100
[M213 address] track=10 pcm=0x485820c0 base=0x48581e24 bytes=353503 owner_usable_bytes=360436 frames=176400 mod64=0 mod128=64 mod256=192 mod4096=192 mod131072=8384 external=1 requested_caps=1028 free=25932268 largest=25690100
[M213 address] track=11 pcm=0x485da100 base=0x485d9e28 bytes=353567 owner_usable_bytes=360436 frames=176400 mod64=0 mod128=0 mod256=0 mod4096=256 mod131072=106752 external=1 requested_caps=1028 free=25932268 largest=25690100
[M213 address] track=12 pcm=0x48632140 base=0x48631e2c bytes=353631 owner_usable_bytes=360436 frames=176400 mod64=0 mod128=64 mod256=64 mod4096=320 mod131072=74048 external=1 requested_caps=1028 free=25932268 largest=25690100
[M213 address] track=13 pcm=0x4868a180 base=0x48689e30 bytes=44995 owner_usable_bytes=45044 frames=22050 mod64=0 mod128=0 mod256=128 mod4096=384 mod131072=41344 external=1 requested_caps=1028 free=25932268 largest=25690100
[M213 address] track=14 pcm=0x486951c0 base=0x48694e34 bytes=353759 owner_usable_bytes=360436 frames=176400 mod64=0 mod128=64 mod256=192 mod4096=448 mod131072=86464 external=1 requested_caps=1028 free=25932268 largest=25690100
[M213 address] track=15 pcm=0x486ed200 base=0x486ece38 bytes=353823 owner_usable_bytes=360436 frames=176400 mod64=0 mod128=0 mod256=0 mod4096=512 mod131072=53760 external=1 requested_caps=1028 free=25932268 largest=25690100
[M213 locality] tag=8 order=0 eviction=0 repeats=32 reads=131072 us=4345 max=204 checksum=3441540352 sweep=0 concurrent_audio=1 cold_proven=0
[M213 locality] tag=8 order=1 eviction=0 repeats=32 reads=131072 us=4124 max=1887 checksum=3441540352 sweep=0 concurrent_audio=1 cold_proven=0
[M213 locality] tag=8 order=2 eviction=0 repeats=32 reads=131072 us=6911 max=1972 checksum=3441540352 sweep=0 concurrent_audio=1 cold_proven=0
[M213 locality] tag=8 order=0 eviction=1 repeats=32 reads=131072 us=6482 max=331 checksum=3441540352 sweep=524288 concurrent_audio=1 cold_proven=0
[M213 locality] tag=8 order=1 eviction=1 repeats=32 reads=131072 us=10741 max=2244 checksum=3441540352 sweep=1048576 concurrent_audio=1 cold_proven=0
[M213 locality] tag=8 order=2 eviction=1 repeats=32 reads=131072 us=11461 max=2333 checksum=3441540352 sweep=1572864 concurrent_audio=1 cold_proven=0
[M213 locality complete] tag=8
[M213 physical] tag=8 complete=1
[Q HEAP] tag=store_done internal=174424 free=25932268 largest=25690100 payload=4727388
[Q STORE DONE] op=8
[Q COMMAND] 
[Q ACK] invalid=1

# HOST STATE
[Q COMMAND] STATE
[Q STATE] bpm=240 swing=50 playing=0 mode=1 chain_length=1 chain_loop=1 project_busy=0 restoring=0 sample_busy=0 project_status=PROJECT READY / 0 MISSING sample_status=SAMPLE READY
[Q CHAIN] index=0 pattern=0 repeats=1
[Q TRACK] track=0 source=1 pitch=47 synth_pitch=36 sample_pitch=47 mute=0 solo=0 start=0 end=65535 reverse=0 mode=0 choke=1 cutoff=0 resonance=0 send=127 slices=8 enabled=1 selected=0 frames=176400 waveform=0720701a name=m19p_mixed.wav
[Q SLICE] track=0 index=0 start=0 end=8192
[Q SLICE] track=0 index=1 start=8192 end=16384
[Q SLICE] track=0 index=2 start=16384 end=20480
[Q SLICE] track=0 index=3 start=20480 end=28672
[Q SLICE] track=0 index=4 start=28672 end=32768
[Q SLICE] track=0 index=5 start=32768 end=45056
[Q SLICE] track=0 index=6 start=45056 end=57344
[Q SLICE] track=0 index=7 start=57344 end=65535
[Q TRACK] track=1 source=1 pitch=48 synth_pitch=39 sample_pitch=48 mute=0 solo=0 start=0 end=65535 reverse=1 mode=0 choke=0 cutoff=0 resonance=0 send=127 slices=4 enabled=1 selected=0 frames=176400 waveform=595ef306 name=m19p_stereo.wav
[Q SLICE] track=1 index=0 start=0 end=16383
[Q SLICE] track=1 index=1 start=16383 end=32767
[Q SLICE] track=1 index=2 start=32767 end=49151
[Q SLICE] track=1 index=3 start=49151 end=65535
[Q TRACK] track=2 source=1 pitch=49 synth_pitch=42 sample_pitch=49 mute=0 solo=0 start=0 end=65535 reverse=0 mode=0 choke=0 cutoff=0 resonance=0 send=127 slices=4 enabled=1 selected=0 frames=176400 waveform=595ef306 name=m19p_stereo.wav
[Q SLICE] track=2 index=0 start=0 end=16383
[Q SLICE] track=2 index=1 start=16383 end=32767
[Q SLICE] track=2 index=2 start=32767 end=49151
[Q SLICE] track=2 index=3 start=49151 end=65535
[Q TRACK] track=3 source=1 pitch=50 synth_pitch=45 sample_pitch=50 mute=0 solo=0 start=0 end=65535 reverse=1 mode=0 choke=0 cutoff=0 resonance=0 send=127 slices=4 enabled=1 selected=0 frames=22050 waveform=0ee7dbac name=m19p_oneshot.wav
[Q SLICE] track=3 index=0 start=0 end=16383
[Q SLICE] track=3 index=1 start=16383 end=32767
[Q SLICE] track=3 index=2 start=32767 end=49151
[Q SLICE] track=3 index=3 start=49151 end=65535
[Q PATTERN] index=0 length=4 masks=ffff,ffff,ffff
[Q LOCK] pattern=0 step=0 mask=128 slice=0
[Q LOCK] pattern=0 step=1 mask=128 slice=1
[Q LOCK] pattern=0 step=2 mask=128 slice=2
[Q LOCK] pattern=0 step=3 mask=128 slice=3
[Q PATTERN] index=1 length=16 masks=0000,0000,0000
[Q LOCK] pattern=1 step=0 mask=0 slice=0
[Q LOCK] pattern=1 step=1 mask=0 slice=0
[Q LOCK] pattern=1 step=2 mask=0 slice=0
[Q LOCK] pattern=1 step=3 mask=0 slice=0
[Q PATTERN] index=2 length=16 masks=0000,0000,0000
[Q LOCK] pattern=2 step=0 mask=0 slice=0
[Q LOCK] pattern=2 step=1 mask=0 slice=0
[Q LOCK] pattern=2 step=2 mask=0 slice=0
[Q LOCK] pattern=2 step=3 mask=0 slice=0
[Q PATTERN] index=3 length=16 masks=0000,0000,0000
[Q LOCK] pattern=3 step=0 mask=0 slice=0
[Q LOCK] pattern=3 step=1 mask=0 slice=0
[Q LOCK] pattern=3 step=2 mask=0 slice=0
[Q LOCK] pattern=3 step=3 mask=0 slice=0
[Q TRANSIENT] state=4 request=3 progress=100 count=8 stale_discarded=0 apply=1 cancel=1 duration_max_us=63880 chunk_max_us=2336
[Q PROPOSAL] index=0 start=0 end=8192
[Q PROPOSAL] index=1 start=8192 end=16384
[Q PROPOSAL] index=2 start=16384 end=20480
[Q PROPOSAL] index=3 start=20480 end=28672
[Q PROPOSAL] index=4 start=28672 end=32768
[Q PROPOSAL] index=5 start=32768 end=45056
[Q PROPOSAL] index=6 start=45056 end=57344
[Q PROPOSAL] index=7 start=57344 end=65535
[Q HEAP] tag=state internal=174424 free=25932268 largest=25690100
[Q PLAYBACK] triggers=25106 reverse=12552 gate=2 releases=1 chokes=90 retriggers=25056 repeat_accepts=1 repeat_hits=23664 chain_loops=12

# HOST M213 SD policy=direct_1 COMPLETE; no listening observed
