
# HOST SESSION UTC 2026-10-09T20:11:17.941188+00:00 mode=0

# HOST ESPrun reset
esptool v5.1.0
Serial port COM13:
Connecting...
Connected to ESP32-P4 on COM13:
Chip type:          ESP32-P4 (revision v1.3)
Features:           Dual Core + LP Core, 400MHz
Crystal frequency:  40MHz
USB mode:           USB-Serial/JTAG
MAC:                80:f1:b2:d3:cc:86

Uploading stub flasher...
Running stub flasher...
Stub flasher running.

Warning: ESP32-P4 has no chip ID. Reading MAC address instead.
MAC:                80:f1:b2:d3:cc:86

Hard resetting via RTS pin...
PSRAM PRE DELAY: 31246012
PSRAM POST DELAY: 30885556
[AUDIO] I2C init OK
[AUDIO] ES8311 found at 0x18
[AUDIO] I2S init 44100/16 OK, MCLK=11289600 Hz
[AUDIO] ES8311 playback configured (capture serial port disabled)
[AUDIO] PA GPIO11 enabled
[M6 budget] total=33554432 display=2304000 fx_delay=352800 samples=0 reserve=4194304 free=30779004 largest=30408692 internal=200648
[M6 SD] mounted=1 width=4 clock_khz=20000 mount_us=261557 capacity=8053063680 status=SD READY
[M6 index] files=9 entries=9 limited=0 scan_us=28293 ps_free=30752712 largest=30408692 internal=199024

# HOST INDEX
[Q COMMAND] INDEX
[M213 index] index=0 name=m19p_impulses.wav
[M213 index] index=1 name=m19p_kick.wav
[M213 index] index=2 name=m19p_snare.wav
[M213 index] index=3 name=m19p_mixed.wav
[M213 index] index=4 name=m19p_stereo.wav
[M213 index] index=5 name=m19p_large.wav
[M213 index] index=6 name=m19p_bad_depth.wav
[M213 index] index=7 name=m19p_truncated.wav
[M213 index] index=8 name=m19p_oneshot.wav

# HOST CMD 0 0 0 0 0
[Q COMMAND] CMD 0 0 0 0 0
[Q ACK] sent=1

# HOST LOAD 0 3
[Q COMMAND] LOAD 0 3
[Q ACK] load=1
[M6 read] bytes=352800 read_us=695191 bytes_per_second=507486 original_channels=1 rate=44100 total_psram=33554432
[M6 load] track=0 file_bytes=352844 pcm_bytes=352800 load_publish_us=1125102 payload=352800 transient=352800 peak_payload=352800 ps_free=30392872 largest=29884404 internal=197740 display=2304000 fx_delay=352800 reserve=4194304
[M6.1 replacement] retired_clear=1 ps_delta=360452 status=READY
[M213 address] track=0 pcm=0x482abdfc base=0x482abdfc bytes=352800 frames=176400 mod64=60 mod128=124 mod256=252 mod4096=3580 mod131072=48636 external=1 requested_caps=1028 free=30392872 largest=29884404

# HOST LOAD 1 3
[Q COMMAND] LOAD 1 3
[Q ACK] load=1
[M6 read] bytes=352800 read_us=704337 bytes_per_second=500896 original_channels=1 rate=44100 total_psram=33554432
[M6 load] track=1 file_bytes=352844 pcm_bytes=352800 load_publish_us=1134278 payload=705600 transient=352800 peak_payload=705600 ps_free=30032420 largest=29884404 internal=196136 display=2304000 fx_delay=352800 reserve=4194304
[M6.1 replacement] retired_clear=1 ps_delta=360452 status=READY
[M213 address] track=1 pcm=0x48303e00 base=0x48303e00 bytes=352800 frames=176400 mod64=0 mod128=0 mod256=0 mod4096=3584 mod131072=15872 external=1 requested_caps=1028 free=30032420 largest=29884404

# HOST LOAD 2 3
[Q COMMAND] LOAD 2 3
[Q ACK] load=1
[M6 read] bytes=352800 read_us=710331 bytes_per_second=496669 original_channels=1 rate=44100 total_psram=33554432
[M6 load] track=2 file_bytes=352844 pcm_bytes=352800 load_publish_us=1140260 payload=1058400 transient=352800 peak_payload=1058400 ps_free=29671968 largest=29360116 internal=194532 display=2304000 fx_delay=352800 reserve=4194304
[M6.1 replacement] retired_clear=1 ps_delta=360452 status=READY
[M213 address] track=2 pcm=0x4835be04 base=0x4835be04 bytes=352800 frames=176400 mod64=4 mod128=4 mod256=4 mod4096=3588 mod131072=114180 external=1 requested_caps=1028 free=29671968 largest=29360116

# HOST LOAD 3 3
[Q COMMAND] LOAD 3 3
[Q ACK] load=1
[M6 read] bytes=352800 read_us=701168 bytes_per_second=503160 original_channels=1 rate=44100 total_psram=33554432
[M6 load] track=3 file_bytes=352844 pcm_bytes=352800 load_publish_us=1135047 payload=1411200 transient=352800 peak_payload=1411200 ps_free=29311516 largest=28835828 internal=192928 display=2304000 fx_delay=352800 reserve=4194304
[M6.1 replacement] retired_clear=1 ps_delta=360452 status=READY
[M213 address] track=3 pcm=0x483b3e08 base=0x483b3e08 bytes=352800 frames=176400 mod64=8 mod128=8 mod256=8 mod4096=3592 mod131072=81416 external=1 requested_caps=1028 free=29311516 largest=28835828

# HOST LOAD 4 3
[Q COMMAND] LOAD 4 3
[Q ACK] load=1
[M6 read] bytes=352800 read_us=713604 bytes_per_second=494391 original_channels=1 rate=44100 total_psram=33554432
[M6 load] track=4 file_bytes=352844 pcm_bytes=352800 load_publish_us=1147526 payload=1764000 transient=352800 peak_payload=1764000 ps_free=28951064 largest=28835828 internal=191324 display=2304000 fx_delay=352800 reserve=4194304
[M6.1 replacement] retired_clear=1 ps_delta=360452 status=READY
[M213 address] track=4 pcm=0x4840be0c base=0x4840be0c bytes=352800 frames=176400 mod64=12 mod128=12 mod256=12 mod4096=3596 mod131072=48652 external=1 requested_caps=1028 free=28951064 largest=28835828

# HOST LOAD 5 3
[Q COMMAND] LOAD 5 3
[Q ACK] load=1
[M6 read] bytes=352800 read_us=711147 bytes_per_second=496099 original_channels=1 rate=44100 total_psram=33554432
[M6 load] track=5 file_bytes=352844 pcm_bytes=352800 load_publish_us=1169809 payload=2116800 transient=352800 peak_payload=2116800 ps_free=28590612 largest=28311540 internal=189720 display=2304000 fx_delay=352800 reserve=4194304
[M6.1 replacement] retired_clear=1 ps_delta=360452 status=READY
[M213 address] track=5 pcm=0x48463e10 base=0x48463e10 bytes=352800 frames=176400 mod64=16 mod128=16 mod256=16 mod4096=3600 mod131072=15888 external=1 requested_caps=1028 free=28590612 largest=28311540

# HOST LOAD 6 3
[Q COMMAND] LOAD 6 3
[Q ACK] load=1
[M6 read] bytes=352800 read_us=776989 bytes_per_second=454060 original_channels=1 rate=44100 total_psram=33554432
[M6 load] track=6 file_bytes=352844 pcm_bytes=352800 load_publish_us=1240158 payload=2469600 transient=352800 peak_payload=2469600 ps_free=28230160 largest=27787252 internal=188116 display=2304000 fx_delay=352800 reserve=4194304
[M6.1 replacement] retired_clear=1 ps_delta=360452 status=READY
[M213 address] track=6 pcm=0x484bbe14 base=0x484bbe14 bytes=352800 frames=176400 mod64=20 mod128=20 mod256=20 mod4096=3604 mod131072=114196 external=1 requested_caps=1028 free=28230160 largest=27787252

# HOST LOAD 7 3
[Q COMMAND] LOAD 7 3
[Q ACK] load=1
[M6 read] bytes=352800 read_us=703970 bytes_per_second=501157 original_channels=1 rate=44100 total_psram=33554432
[M6 load] track=7 file_bytes=352844 pcm_bytes=352800 load_publish_us=1136719 payload=2822400 transient=352800 peak_payload=2822400 ps_free=27869708 largest=27787252 internal=186512 display=2304000 fx_delay=352800 reserve=4194304
[M6.1 replacement] retired_clear=1 ps_delta=360452 status=READY
[M213 address] track=7 pcm=0x48513e18 base=0x48513e18 bytes=352800 frames=176400 mod64=24 mod128=24 mod256=24 mod4096=3608 mod131072=81432 external=1 requested_caps=1028 free=27869708 largest=27787252

# HOST LOAD 8 3
[Q COMMAND] LOAD 8 3
[Q ACK] load=1
[M6 read] bytes=352800 read_us=706834 bytes_per_second=499127 original_channels=1 rate=44100 total_psram=33554432
[M6 load] track=8 file_bytes=352844 pcm_bytes=352800 load_publish_us=1140027 payload=3175200 transient=352800 peak_payload=3175200 ps_free=27509256 largest=27262964 internal=184908 display=2304000 fx_delay=352800 reserve=4194304
[M6.1 replacement] retired_clear=1 ps_delta=360452 status=READY
[M213 address] track=8 pcm=0x4856be1c base=0x4856be1c bytes=352800 frames=176400 mod64=28 mod128=28 mod256=28 mod4096=3612 mod131072=48668 external=1 requested_caps=1028 free=27509256 largest=27262964

# HOST LOAD 9 3
[Q COMMAND] LOAD 9 3
[Q ACK] load=1
[M6 read] bytes=352800 read_us=776318 bytes_per_second=454452 original_channels=1 rate=44100 total_psram=33554432
[M6 load] track=9 file_bytes=352844 pcm_bytes=352800 load_publish_us=1240725 payload=3528000 transient=352800 peak_payload=3528000 ps_free=27148804 largest=26738676 internal=183304 display=2304000 fx_delay=352800 reserve=4194304
[M6.1 replacement] retired_clear=1 ps_delta=360452 status=READY
[M213 address] track=9 pcm=0x485c3e20 base=0x485c3e20 bytes=352800 frames=176400 mod64=32 mod128=32 mod256=32 mod4096=3616 mod131072=15904 external=1 requested_caps=1028 free=27148804 largest=26738676

# HOST LOAD 10 3
[Q COMMAND] LOAD 10 3
[Q ACK] load=1
[M6 read] bytes=352800 read_us=785319 bytes_per_second=449244 original_channels=1 rate=44100 total_psram=33554432
[M6 load] track=10 file_bytes=352844 pcm_bytes=352800 load_publish_us=1245875 payload=3880800 transient=352800 peak_payload=3880800 ps_free=26788352 largest=26738676 internal=181700 display=2304000 fx_delay=352800 reserve=4194304
[M6.1 replacement] retired_clear=1 ps_delta=360452 status=READY
[M213 address] track=10 pcm=0x4861be24 base=0x4861be24 bytes=352800 frames=176400 mod64=36 mod128=36 mod256=36 mod4096=3620 mod131072=114212 external=1 requested_caps=1028 free=26788352 largest=26738676

# HOST LOAD 11 3
[Q COMMAND] LOAD 11 3
[Q ACK] load=1
[M6 read] bytes=352800 read_us=712037 bytes_per_second=495479 original_channels=1 rate=44100 total_psram=33554432
[M6 load] track=11 file_bytes=352844 pcm_bytes=352800 load_publish_us=1145989 payload=4233600 transient=352800 peak_payload=4233600 ps_free=26427900 largest=26214388 internal=180096 display=2304000 fx_delay=352800 reserve=4194304
[M6.1 replacement] retired_clear=1 ps_delta=360452 status=READY
[M213 address] track=11 pcm=0x48673e28 base=0x48673e28 bytes=352800 frames=176400 mod64=40 mod128=40 mod256=40 mod4096=3624 mod131072=81448 external=1 requested_caps=1028 free=26427900 largest=26214388

# HOST LOAD 12 3
[Q COMMAND] LOAD 12 3
[Q ACK] load=1
[M6 read] bytes=352800 read_us=790114 bytes_per_second=446517 original_channels=1 rate=44100 total_psram=33554432
[M6 load] track=12 file_bytes=352844 pcm_bytes=352800 load_publish_us=1258263 payload=4586400 transient=352800 peak_payload=4586400 ps_free=26067448 largest=25690100 internal=178492 display=2304000 fx_delay=352800 reserve=4194304
[M6.1 replacement] retired_clear=1 ps_delta=360452 status=READY
[M213 address] track=12 pcm=0x486cbe2c base=0x486cbe2c bytes=352800 frames=176400 mod64=44 mod128=44 mod256=44 mod4096=3628 mod131072=48684 external=1 requested_caps=1028 free=26067448 largest=25690100

# HOST LOAD 13 3
[Q COMMAND] LOAD 13 3
[Q ACK] load=1
[M6 read] bytes=352800 read_us=709432 bytes_per_second=497299 original_channels=1 rate=44100 total_psram=33554432
[M6 load] track=13 file_bytes=352844 pcm_bytes=352800 load_publish_us=1141712 payload=4939200 transient=352800 peak_payload=4939200 ps_free=25706996 largest=25690100 internal=176888 display=2304000 fx_delay=352800 reserve=4194304
[M6.1 replacement] retired_clear=1 ps_delta=360452 status=READY
[M213 address] track=13 pcm=0x48723e30 base=0x48723e30 bytes=352800 frames=176400 mod64=48 mod128=48 mod256=48 mod4096=3632 mod131072=15920 external=1 requested_caps=1028 free=25706996 largest=25690100

# HOST LOAD 14 3
[Q COMMAND] LOAD 14 3
[Q ACK] load=1
[M6 read] bytes=352800 read_us=725558 bytes_per_second=486246 original_channels=1 rate=44100 total_psram=33554432
[M6 load] track=14 file_bytes=352844 pcm_bytes=352800 load_publish_us=1190291 payload=5292000 transient=352800 peak_payload=5292000 ps_free=25346544 largest=25165812 internal=175284 display=2304000 fx_delay=352800 reserve=4194304
[M6.1 replacement] retired_clear=1 ps_delta=360452 status=READY
[M213 address] track=14 pcm=0x4877be34 base=0x4877be34 bytes=352800 frames=176400 mod64=52 mod128=52 mod256=52 mod4096=3636 mod131072=114228 external=1 requested_caps=1028 free=25346544 largest=25165812

# HOST LOAD 15 3
[Q COMMAND] LOAD 15 3
[Q ACK] load=1
[M6 read] bytes=352800 read_us=772212 bytes_per_second=456869 original_channels=1 rate=44100 total_psram=33554432
[M6 load] track=15 file_bytes=352844 pcm_bytes=352800 load_publish_us=1230834 payload=5644800 transient=352800 peak_payload=5644800 ps_free=24986092 largest=24641524 internal=173680 display=2304000 fx_delay=352800 reserve=4194304
[M6.1 replacement] retired_clear=1 ps_delta=360452 status=READY
[M213 address] track=15 pcm=0x487d3e38 base=0x487d3e38 bytes=352800 frames=176400 mod64=56 mod128=56 mod256=56 mod4096=3640 mod131072=81464 external=1 requested_caps=1028 free=24986092 largest=24641524

# HOST STORE 8
[Q COMMAND] STORE 8
[M213 address] track=0 pcm=0x482abdfc base=0x482abdfc bytes=352800 frames=176400 mod64=60 mod128=124 mod256=252 mod4096=3580 mod131072=48636 external=1 requested_caps=1028 free=24986092 largest=24641524
[M213 address] track=1 pcm=0x48303e00 base=0x48303e00 bytes=352800 frames=176400 mod64=0 mod128=0 mod256=0 mod4096=3584 mod131072=15872 external=1 requested_caps=1028 free=24986092 largest=24641524
[M213 address] track=2 pcm=0x4835be04 base=0x4835be04 bytes=352800 frames=176400 mod64=4 mod128=4 mod256=4 mod4096=3588 mod131072=114180 external=1 requested_caps=1028 free=24986092 largest=24641524
[M213 address] track=3 pcm=0x483b3e08 base=0x483b3e08 bytes=352800 frames=176400 mod64=8 mod128=8 mod256=8 mod4096=3592 mod131072=81416 external=1 requested_caps=1028 free=24986092 largest=24641524
[M213 address] track=4 pcm=0x4840be0c base=0x4840be0c bytes=352800 frames=176400 mod64=12 mod128=12 mod256=12 mod4096=3596 mod131072=48652 external=1 requested_caps=1028 free=24986092 largest=24641524
[M213 address] track=5 pcm=0x48463e10 base=0x48463e10 bytes=352800 frames=176400 mod64=16 mod128=16 mod256=16 mod4096=3600 mod131072=15888 external=1 requested_caps=1028 free=24986092 largest=24641524
[M213 address] track=6 pcm=0x484bbe14 base=0x484bbe14 bytes=352800 frames=176400 mod64=20 mod128=20 mod256=20 mod4096=3604 mod131072=114196 external=1 requested_caps=1028 free=24986092 largest=24641524
[M213 address] track=7 pcm=0x48513e18 base=0x48513e18 bytes=352800 frames=176400 mod64=24 mod128=24 mod256=24 mod4096=3608 mod131072=81432 external=1 requested_caps=1028 free=24986092 largest=24641524
[M213 address] track=8 pcm=0x4856be1c base=0x4856be1c bytes=352800 frames=176400 mod64=28 mod128=28 mod256=28 mod4096=3612 mod131072=48668 external=1 requested_caps=1028 free=24986092 largest=24641524
[M213 address] track=9 pcm=0x485c3e20 base=0x485c3e20 bytes=352800 frames=176400 mod64=32 mod128=32 mod256=32 mod4096=3616 mod131072=15904 external=1 requested_caps=1028 free=24986092 largest=24641524
[M213 address] track=10 pcm=0x4861be24 base=0x4861be24 bytes=352800 frames=176400 mod64=36 mod128=36 mod256=36 mod4096=3620 mod131072=114212 external=1 requested_caps=1028 free=24986092 largest=24641524
[M213 address] track=11 pcm=0x48673e28 base=0x48673e28 bytes=352800 frames=176400 mod64=40 mod128=40 mod256=40 mod4096=3624 mod131072=81448 external=1 requested_caps=1028 free=24986092 largest=24641524
[M213 address] track=12 pcm=0x486cbe2c base=0x486cbe2c bytes=352800 frames=176400 mod64=44 mod128=44 mod256=44 mod4096=3628 mod131072=48684 external=1 requested_caps=1028 free=24986092 largest=24641524
[M213 address] track=13 pcm=0x48723e30 base=0x48723e30 bytes=352800 frames=176400 mod64=48 mod128=48 mod256=48 mod4096=3632 mod131072=15920 external=1 requested_caps=1028 free=24986092 largest=24641524
[M213 address] track=14 pcm=0x4877be34 base=0x4877be34 bytes=352800 frames=176400 mod64=52 mod128=52 mod256=52 mod4096=3636 mod131072=114228 external=1 requested_caps=1028 free=24986092 largest=24641524
[M213 address] track=15 pcm=0x487d3e38 base=0x487d3e38 bytes=352800 frames=176400 mod64=56 mod128=56 mod256=56 mod4096=3640 mod131072=81464 external=1 requested_caps=1028 free=24986092 largest=24641524
[M213 locality] tag=1 order=0 eviction=0 repeats=32 reads=131072 us=86851 max=3948 checksum=14336000 sweep=0 concurrent_audio=1 cold_proven=0
[M213 locality] tag=1 order=1 eviction=0 repeats=32 reads=131072 us=4503 max=149 checksum=14336000 sweep=0 concurrent_audio=1 cold_proven=0
[M213 locality] tag=1 order=2 eviction=0 repeats=32 reads=131072 us=12872 max=2199 checksum=14336000 sweep=0 concurrent_audio=1 cold_proven=0
[M213 locality] tag=1 order=0 eviction=1 repeats=32 reads=131072 us=98150 max=4182 checksum=14336000 sweep=524288 concurrent_audio=1 cold_proven=0
[M213 locality] tag=1 order=1 eviction=1 repeats=32 reads=131072 us=9270 max=2261 checksum=14336000 sweep=1048576 concurrent_audio=1 cold_proven=0
[M213 locality] tag=1 order=2 eviction=1 repeats=32 reads=131072 us=18444 max=2496 checksum=14336000 sweep=1572864 concurrent_audio=1 cold_proven=0
[M213 locality complete] tag=1
[M213 physical] tag=1 complete=1
[Q HEAP] tag=store_done internal=173680 free=24986092 largest=24641524 payload=5644800
[Q STORE DONE] op=8

# HOST LOAD 15 1
[Q COMMAND] LOAD 15 1
[Q ACK] load=1
[M6 read] bytes=352800 read_us=693292 bytes_per_second=508876 original_channels=1 rate=44100 total_psram=33554432
[M6 load] track=15 file_bytes=352844 pcm_bytes=352800 load_publish_us=1126104 payload=5644800 transient=352800 peak_payload=5997600 ps_free=24986092 largest=24117236 internal=173680 display=2304000 fx_delay=352800 reserve=4194304
[M6.1 replacement] retired_clear=1 ps_delta=0 status=READY
[M213 address] track=15 pcm=0x4882be3c base=0x4882be3c bytes=352800 frames=176400 mod64=60 mod128=60 mod256=60 mod4096=3644 mod131072=48700 external=1 requested_caps=1028 free=24986092 largest=24117236

# HOST LOAD 14 3
[Q COMMAND] LOAD 14 3
[Q ACK] load=1
[M6 read] bytes=352800 read_us=702208 bytes_per_second=502415 original_channels=1 rate=44100 total_psram=33554432
[M6 load] track=14 file_bytes=352844 pcm_bytes=352800 load_publish_us=1135464 payload=5644800 transient=352800 peak_payload=5997600 ps_free=24986092 largest=24117236 internal=173680 display=2304000 fx_delay=352800 reserve=4194304
[M6.1 replacement] retired_clear=1 ps_delta=0 status=READY
[M213 address] track=14 pcm=0x487d3e38 base=0x487d3e38 bytes=352800 frames=176400 mod64=56 mod128=56 mod256=56 mod4096=3640 mod131072=81464 external=1 requested_caps=1028 free=24986092 largest=24117236

# HOST LOAD 13 1
[Q COMMAND] LOAD 13 1
[Q ACK] load=1
[M6 read] bytes=352800 read_us=754709 bytes_per_second=467464 original_channels=1 rate=44100 total_psram=33554432
[M6 load] track=13 file_bytes=352844 pcm_bytes=352800 load_publish_us=1219720 payload=5644800 transient=352800 peak_payload=5997600 ps_free=24986092 largest=24117236 internal=173680 display=2304000 fx_delay=352800 reserve=4194304
[M6.1 replacement] retired_clear=1 ps_delta=0 status=READY
[M213 address] track=13 pcm=0x4877be34 base=0x4877be34 bytes=352800 frames=176400 mod64=52 mod128=52 mod256=52 mod4096=3636 mod131072=114228 external=1 requested_caps=1028 free=24986092 largest=24117236

# HOST LOAD 12 3
[Q COMMAND] LOAD 12 3
[Q ACK] load=1
[M6 read] bytes=352800 read_us=775351 bytes_per_second=455019 original_channels=1 rate=44100 total_psram=33554432
[M6 load] track=12 file_bytes=352844 pcm_bytes=352800 load_publish_us=1207702 payload=5644800 transient=352800 peak_payload=5997600 ps_free=24986092 largest=24117236 internal=173680 display=2304000 fx_delay=352800 reserve=4194304
[M6.1 replacement] retired_clear=1 ps_delta=0 status=READY
[M213 address] track=12 pcm=0x48723e30 base=0x48723e30 bytes=352800 frames=176400 mod64=48 mod128=48 mod256=48 mod4096=3632 mod131072=15920 external=1 requested_caps=1028 free=24986092 largest=24117236

# HOST LOAD 11 1
[Q COMMAND] LOAD 11 1
[Q ACK] load=1
[M6 read] bytes=352800 read_us=690578 bytes_per_second=510876 original_channels=1 rate=44100 total_psram=33554432
[M6 load] track=11 file_bytes=352844 pcm_bytes=352800 load_publish_us=1158493 payload=5644800 transient=352800 peak_payload=5997600 ps_free=24986092 largest=24117236 internal=173680 display=2304000 fx_delay=352800 reserve=4194304
[M6.1 replacement] retired_clear=1 ps_delta=0 status=READY
[M213 address] track=11 pcm=0x486cbe2c base=0x486cbe2c bytes=352800 frames=176400 mod64=44 mod128=44 mod256=44 mod4096=3628 mod131072=48684 external=1 requested_caps=1028 free=24986092 largest=24117236

# HOST LOAD 10 3
[Q COMMAND] LOAD 10 3
[Q ACK] load=1
[M6 read] bytes=352800 read_us=705051 bytes_per_second=500389 original_channels=1 rate=44100 total_psram=33554432
[M6 load] track=10 file_bytes=352844 pcm_bytes=352800 load_publish_us=1172679 payload=5644800 transient=352800 peak_payload=5997600 ps_free=24986092 largest=24117236 internal=173680 display=2304000 fx_delay=352800 reserve=4194304
[M6.1 replacement] retired_clear=1 ps_delta=0 status=READY
[M213 address] track=10 pcm=0x48673e28 base=0x48673e28 bytes=352800 frames=176400 mod64=40 mod128=40 mod256=40 mod4096=3624 mod131072=81448 external=1 requested_caps=1028 free=24986092 largest=24117236

# HOST LOAD 9 1
[Q COMMAND] LOAD 9 1
[Q ACK] load=1
[M6 read] bytes=352800 read_us=694819 bytes_per_second=507758 original_channels=1 rate=44100 total_psram=33554432
[M6 load] track=9 file_bytes=352844 pcm_bytes=352800 load_publish_us=1158004 payload=5644800 transient=352800 peak_payload=5997600 ps_free=24986092 largest=24117236 internal=173680 display=2304000 fx_delay=352800 reserve=4194304
[M6.1 replacement] retired_clear=1 ps_delta=0 status=READY
[M213 address] track=9 pcm=0x4861be24 base=0x4861be24 bytes=352800 frames=176400 mod64=36 mod128=36 mod256=36 mod4096=3620 mod131072=114212 external=1 requested_caps=1028 free=24986092 largest=24117236

# HOST LOAD 8 3
[Q COMMAND] LOAD 8 3
[Q ACK] load=1
[M6 read] bytes=352800 read_us=704900 bytes_per_second=500496 original_channels=1 rate=44100 total_psram=33554432
[M6 load] track=8 file_bytes=352844 pcm_bytes=352800 load_publish_us=1140407 payload=5644800 transient=352800 peak_payload=5997600 ps_free=24986092 largest=24117236 internal=173680 display=2304000 fx_delay=352800 reserve=4194304
[M6.1 replacement] retired_clear=1 ps_delta=0 status=READY
[M213 address] track=8 pcm=0x485c3e20 base=0x485c3e20 bytes=352800 frames=176400 mod64=32 mod128=32 mod256=32 mod4096=3616 mod131072=15904 external=1 requested_caps=1028 free=24986092 largest=24117236

# HOST LOAD 7 1
[Q COMMAND] LOAD 7 1
[Q ACK] load=1
[M6 read] bytes=352800 read_us=691228 bytes_per_second=510395 original_channels=1 rate=44100 total_psram=33554432
[M6 load] track=7 file_bytes=352844 pcm_bytes=352800 load_publish_us=1124207 payload=5644800 transient=352800 peak_payload=5997600 ps_free=24986092 largest=24117236 internal=173680 display=2304000 fx_delay=352800 reserve=4194304
[M6.1 replacement] retired_clear=1 ps_delta=0 status=READY
[M213 address] track=7 pcm=0x4856be1c base=0x4856be1c bytes=352800 frames=176400 mod64=28 mod128=28 mod256=28 mod4096=3612 mod131072=48668 external=1 requested_caps=1028 free=24986092 largest=24117236

# HOST LOAD 6 3
[Q COMMAND] LOAD 6 3
[Q ACK] load=1
[M6 read] bytes=352800 read_us=708207 bytes_per_second=498159 original_channels=1 rate=44100 total_psram=33554432
[M6 load] track=6 file_bytes=352844 pcm_bytes=352800 load_publish_us=1143648 payload=5644800 transient=352800 peak_payload=5997600 ps_free=24986092 largest=24117236 internal=173680 display=2304000 fx_delay=352800 reserve=4194304
[M6.1 replacement] retired_clear=1 ps_delta=0 status=READY
[M213 address] track=6 pcm=0x48513e18 base=0x48513e18 bytes=352800 frames=176400 mod64=24 mod128=24 mod256=24 mod4096=3608 mod131072=81432 external=1 requested_caps=1028 free=24986092 largest=24117236

# HOST LOAD 5 1
[Q COMMAND] LOAD 5 1
[Q ACK] load=1
[M6 read] bytes=352800 read_us=759138 bytes_per_second=464737 original_channels=1 rate=44100 total_psram=33554432
[M6 load] track=5 file_bytes=352844 pcm_bytes=352800 load_publish_us=1194411 payload=5644800 transient=352800 peak_payload=5997600 ps_free=24986092 largest=24117236 internal=173680 display=2304000 fx_delay=352800 reserve=4194304
[M6.1 replacement] retired_clear=1 ps_delta=0 status=READY
[M213 address] track=5 pcm=0x484bbe14 base=0x484bbe14 bytes=352800 frames=176400 mod64=20 mod128=20 mod256=20 mod4096=3604 mod131072=114196 external=1 requested_caps=1028 free=24986092 largest=24117236

# HOST LOAD 4 3
[Q COMMAND] LOAD 4 3
[Q ACK] load=1
[M6 read] bytes=352800 read_us=783679 bytes_per_second=450184 original_channels=1 rate=44100 total_psram=33554432
[M6 load] track=4 file_bytes=352844 pcm_bytes=352800 load_publish_us=1219220 payload=5644800 transient=352800 peak_payload=5997600 ps_free=24986092 largest=24117236 internal=173680 display=2304000 fx_delay=352800 reserve=4194304
[M6.1 replacement] retired_clear=1 ps_delta=0 status=READY
[M213 address] track=4 pcm=0x48463e10 base=0x48463e10 bytes=352800 frames=176400 mod64=16 mod128=16 mod256=16 mod4096=3600 mod131072=15888 external=1 requested_caps=1028 free=24986092 largest=24117236

# HOST LOAD 3 1
[Q COMMAND] LOAD 3 1
[Q ACK] load=1
[M6 read] bytes=352800 read_us=676049 bytes_per_second=521855 original_channels=1 rate=44100 total_psram=33554432
[M6 load] track=3 file_bytes=352844 pcm_bytes=352800 load_publish_us=1111553 payload=5644800 transient=352800 peak_payload=5997600 ps_free=24986092 largest=24117236 internal=173680 display=2304000 fx_delay=352800 reserve=4194304
[M6.1 replacement] retired_clear=1 ps_delta=0 status=READY
[M213 address] track=3 pcm=0x4840be0c base=0x4840be0c bytes=352800 frames=176400 mod64=12 mod128=12 mod256=12 mod4096=3596 mod131072=48652 external=1 requested_caps=1028 free=24986092 largest=24117236

# HOST LOAD 2 3
[Q COMMAND] LOAD 2 3
[Q ACK] load=1
[M6 read] bytes=352800 read_us=718996 bytes_per_second=490684 original_channels=1 rate=44100 total_psram=33554432
[M6 load] track=2 file_bytes=352844 pcm_bytes=352800 load_publish_us=1186918 payload=5644800 transient=352800 peak_payload=5997600 ps_free=24986092 largest=24117236 internal=173680 display=2304000 fx_delay=352800 reserve=4194304
[M6.1 replacement] retired_clear=1 ps_delta=0 status=READY
[M213 address] track=2 pcm=0x483b3e08 base=0x483b3e08 bytes=352800 frames=176400 mod64=8 mod128=8 mod256=8 mod4096=3592 mod131072=81416 external=1 requested_caps=1028 free=24986092 largest=24117236

# HOST LOAD 1 1
[Q COMMAND] LOAD 1 1
[Q ACK] load=1
[M6 read] bytes=352800 read_us=691704 bytes_per_second=510044 original_channels=1 rate=44100 total_psram=33554432
[M6 load] track=1 file_bytes=352844 pcm_bytes=352800 load_publish_us=1124577 payload=5644800 transient=352800 peak_payload=5997600 ps_free=24986092 largest=24117236 internal=173680 display=2304000 fx_delay=352800 reserve=4194304
[M6.1 replacement] retired_clear=1 ps_delta=0 status=READY
[M213 address] track=1 pcm=0x4835be04 base=0x4835be04 bytes=352800 frames=176400 mod64=4 mod128=4 mod256=4 mod4096=3588 mod131072=114180 external=1 requested_caps=1028 free=24986092 largest=24117236

# HOST LOAD 0 3
[Q COMMAND] LOAD 0 3
[Q ACK] load=1
[M6 read] bytes=352800 read_us=706515 bytes_per_second=499352 original_channels=1 rate=44100 total_psram=33554432
[M6 load] track=0 file_bytes=352844 pcm_bytes=352800 load_publish_us=1167006 payload=5644800 transient=352800 peak_payload=5997600 ps_free=24986092 largest=24117236 internal=173680 display=2304000 fx_delay=352800 reserve=4194304
[M6.1 replacement] retired_clear=1 ps_delta=0 status=READY
[M213 address] track=0 pcm=0x48303e00 base=0x48303e00 bytes=352800 frames=176400 mod64=0 mod128=0 mod256=0 mod4096=3584 mod131072=15872 external=1 requested_caps=1028 free=24986092 largest=24117236

# HOST LOAD 15 3
[Q COMMAND] LOAD 15 3
[Q ACK] load=1
[M6 read] bytes=352800 read_us=707796 bytes_per_second=498448 original_channels=1 rate=44100 total_psram=33554432
[M6 load] track=15 file_bytes=352844 pcm_bytes=352800 load_publish_us=1143528 payload=5644800 transient=352800 peak_payload=5997600 ps_free=24986092 largest=24641524 internal=173680 display=2304000 fx_delay=352800 reserve=4194304
[M6.1 replacement] retired_clear=1 ps_delta=0 status=READY
[M213 address] track=15 pcm=0x482abdfc base=0x482abdfc bytes=352800 frames=176400 mod64=60 mod128=124 mod256=252 mod4096=3580 mod131072=48636 external=1 requested_caps=1028 free=24986092 largest=24641524

# HOST LOAD 14 1
[Q COMMAND] LOAD 14 1
[Q ACK] load=1
[M6 read] bytes=352800 read_us=681373 bytes_per_second=517778 original_channels=1 rate=44100 total_psram=33554432
[M6 load] track=14 file_bytes=352844 pcm_bytes=352800 load_publish_us=1111308 payload=5644800 transient=352800 peak_payload=5997600 ps_free=24986092 largest=24117236 internal=173680 display=2304000 fx_delay=352800 reserve=4194304
[M6.1 replacement] retired_clear=1 ps_delta=0 status=READY
[M213 address] track=14 pcm=0x4882be3c base=0x4882be3c bytes=352800 frames=176400 mod64=60 mod128=60 mod256=60 mod4096=3644 mod131072=48700 external=1 requested_caps=1028 free=24986092 largest=24117236

# HOST LOAD 13 3
[Q COMMAND] LOAD 13 3
[Q ACK] load=1
[M5] blocks=10337 p50=1819 p95=1951 p99=1972 max=2056 misses=0 failures=0 timeouts=0 peak=0 nonzero=0 rails=0 active_min=0 active_max=0
[M8 groove] parents=0 passed=0 skipped=0 ratchets=0 pending_max=0 velocity_min=127 velocity_max=0 swing_changes=0
[MEM] M8 after 60s PSRAM total=33554432 free=24625640 largest=24117236 internal_free=172076
[M10 locks] locked=0 unlocked=0 pitch=0 volume=0 pan=0 wave=0 pattern_bytes=3106 bank_bytes=49696 engine_bytes=52616
[M11 tone] cutoff=0 resonance=0 send=0 cutoff_min=127 cutoff_max=0 resonance_min=127 resonance_max=0 send_min=127 send_max=0 blocks=0 max=0 dense=0 dense_max=0
[M12 locks] cutoff=0 resonance=0 send=0 coefficients=0 avoided=34 send_changes=0 coefficient_blocks=0 coefficient_max=0 edit_blocks=0 edit_max=0 commands=0 step_bytes=9 event_bytes=20 voice_bytes=384 idle_residue=0
[M17 chain] starts=0 advances=0 repeats=0 loops=0 stops=0 switches=0 min_length=16 max_length=0 boundary_max=0 seen=0 entry_bytes=2 chain_bytes=66 engine_bytes=52616
[M18 performance] override_requests=0 override_accepts=0 override_loops=0 override_cancels=0 returns=0 fill_requests=0 fill_accepts=0 fill_completions=0 fill_to_override=0 fill_to_arrangement=0 mute_edits=0 solo_edits=0 boundaries=0 boundary_max=0 state_bytes=352 engine_bytes=52616 publication_bytes=24
[M181 repeat] requests=0 accepts=0 cancelled=0 x2_windows=0 x4_windows=0 x8_windows=0 hits=0 x8_hits=0 changes=0 releases=0 empty=0 captured_max=0 suppressed=0 worst=0 capture_bytes=324 repeat_bytes=336
[M181 x8] blocks=0 worst=0 active_min=0 active_max=0 coefficients=0 avoided=0 chokes=0 full_blocks=0
[M181 runtime] requested=0 active=0 count=0 ui_presses=0 ui_releases=0 ui_edits=0
[M18 runtime] override_target=0 override_active=0 fill_pending=0 fill_active=0 return_pattern=0 return_end=0 mutes=0 solos=0 ui_bytes=116
[M19 analysis] requests=0 completed=0 cancelled=0 stale_discarded=0 frames=0 candidates=0 selected=0 proposals=0 apply=0 cancel=0 min_count=0 max_count=0 sensitivity=0 target=0 duration_max_us=0 chunk_max_us=0
[M19 overlap] blocks=0 worst=0 misses=0 x8_blocks=0 ui_interval_max_us=0 detector_bytes=616 candidate_bytes=512 proposal_bytes=84 status_bytes=100 storage_stack=7000 stack_free_min=0
[M18 UI] entries=0 pads=0 fills=0 toggles=0 switches=0
[M17 UI] entries=0 edits=0 rows=0 scrolls=0
[M16 project] state_bytes=53192 file_bytes=52704 snapshot_blocks=0 snapshot_max=0 apply_blocks=0 apply_max=0 fixtures=0 fixture_errors=0 dirty=1 physical_pending=1
[M13 dense] blocks=2068 active_min=0
[M13 playback] triggers=0 reverse=0 gate=0 releases=0 ends=0 choke_ops=0 choked=0 retriggers=0 region_min=0 region_max=0 max=2056 choke_max=0 retrigger_max=0 voice_bytes=64 track_bytes=116 event_bytes=20
[M15 locks] locked=0 unlocked=0 unsliced=0 requested_min=0 requested_max=0 resolved_min=0 resolved_max=0 clamped=0 edits=0 ui_edits=0 align=1 requested_seen=0 r[M6 read] bytes=352800 read_us=704600 bytes_per_second=500709 original_channels=1 rate=44100 total_psram=33554432
[M6 load] track=13 file_bytes=352844 pcm_bytes=352800 load_publish_us=1137692 payload=5644800 transient=352800 peak_payload=5997600 ps_free=24986092 largest=24117236 internal=173680 display=2304000 fx_delay=352800 reserve=4194304
[M6.1 replacement] retired_clear=1 ps_delta=0 status=READY
[M213 address] track=13 pcm=0x487d3e38 base=0x487d3e38 bytes=352800 frames=176400 mod64=56 mod128=56 mod256=56 mod4096=3640 mod131072=81464 external=1 requested_caps=1028 free=24986092 largest=24117236
esolved_seen=0
[M14 slices] triggers=0 auditions=0 index_min=0 index_max=0 frames_min=0 frames_max=0 active_changes=0 divides=0 adds=0 deletes=0 resets=0 edit_blocks=0 edit_max=0 slice_bytes=4 bank_bytes=66 sample_bytes=1556
[M10 worst] blocks=0 max=0
[M9 tools] rotate=0 reverse=0 copy_track=0 clear_track=0 duplicate=0 euclidean=0 randomize=0 mutate=0 reroll=0 blocks=0 dense_blocks=0 max=0

# HOST LOAD 12 1
[Q COMMAND] LOAD 12 1
[Q ACK] load=1
[M6 read] bytes=352800 read_us=740753 bytes_per_second=476272 original_channels=1 rate=44100 total_psram=33554432
[M6 load] track=12 file_bytes=352844 pcm_bytes=352800 load_publish_us=1170698 payload=5644800 transient=352800 peak_payload=5997600 ps_free=24986092 largest=24117236 internal=173680 display=2304000 fx_delay=352800 reserve=4194304
[M6.1 replacement] retired_clear=1 ps_delta=0 status=READY
[M213 address] track=12 pcm=0x4877be34 base=0x4877be34 bytes=352800 frames=176400 mod64=52 mod128=52 mod256=52 mod4096=3636 mod131072=114228 external=1 requested_caps=1028 free=24986092 largest=24117236

# HOST LOAD 11 3
[Q COMMAND] LOAD 11 3
[Q ACK] load=1
[M5 UI] seconds=63.001 submitted=88 completed=88 dirty_avg=662109 dirty_max=768000 full=74 preparation_max_us=69132 touch_errors=0 rejected=0 pads=0 steps=0 drags=0 pages=0 transport=0 bpm=0 skipped=71
[M7 patterns] switches=0 loops=0 selections=0 copies=0 clears=0 lengths=0 solos=0 mutes=0 normal_frames=14 dirty_avg=102400 dirty_max=102400 pattern_bytes=3106 command_bytes=12
[M7 applied] long_to_short=0 short_to_long=0 queue_replacements=0 copies=0 clears=0 lengths=0 solos=0 mutes=0 steps=0
[M9 UI] entries=0 copies=0 randomize=0 cell_max=0 edit_full=0
[M12 UI] entries=0 edits=0 widgets_max=0 edit_full=0
[M11 UI] entries=0 edits=0 widgets_max=0 edit_full=0
[M10 UI] entries=0 edits=0 widgets_max=0 edit_full=0
[M13 UI] entries=0 edits=0 widgets_max=0 edit_full=0
[M14 UI] entries=0 edits=0 edit_full=0 waveform_first_us=0 waveform_redraw_max_us=0 slice_redraw_max_us=0 build_count=36 build_max_us=432393 large_us=0 cache_bytes=1440 page_max_us=0 drag_dirty_max=0
[M5 memory] ps_before=30753324 ps_after=24625640 internal_before=198816 internal_after=166748 largest_before=30408692 largest_after=24117236
[M6 read] bytes=352800 read_us=766333 bytes_per_second=460374 original_channels=1 rate=44100 total_psram=33554432
[M6 load] track=11 file_bytes=352844 pcm_bytes=352800 load_publish_us=1201802 payload=5644800 transient=352800 peak_payload=5997600 ps_free=24986092 largest=24117236 internal=173408 display=2304000 fx_delay=352800 reserve=4194304
[M6.1 replacement] retired_clear=1 ps_delta=0 status=READY
[M213 address] track=11 pcm=0x48723e30 base=0x48723e30 bytes=352800 frames=176400 mod64=48 mod128=48 mod256=48 mod4096=3632 mod131072=15920 external=1 requested_caps=1028 free=24986092 largest=24117236

# HOST LOAD 10 1
[Q COMMAND] LOAD 10 1
[Q ACK] load=1
[M6 read] bytes=352800 read_us=686529 bytes_per_second=513889 original_channels=1 rate=44100 total_psram=33554432
[M6 load] track=10 file_bytes=352844 pcm_bytes=352800 load_publish_us=1119457 payload=5644800 transient=352800 peak_payload=5997600 ps_free=24986092 largest=24117236 internal=173408 display=2304000 fx_delay=352800 reserve=4194304
[M6.1 replacement] retired_clear=1 ps_delta=0 status=READY
[M213 address] track=10 pcm=0x486cbe2c base=0x486cbe2c bytes=352800 frames=176400 mod64=44 mod128=44 mod256=44 mod4096=3628 mod131072=48684 external=1 requested_caps=1028 free=24986092 largest=24117236

# HOST LOAD 9 3
[Q COMMAND] LOAD 9 3
[Q ACK] load=1
[M6 read] bytes=352800 read_us=704012 bytes_per_second=501127 original_channels=1 rate=44100 total_psram=33554432
[M6 load] track=9 file_bytes=352844 pcm_bytes=352800 load_publish_us=1136795 payload=5644800 transient=352800 peak_payload=5997600 ps_free=24986092 largest=24117236 internal=173408 display=2304000 fx_delay=352800 reserve=4194304
[M6.1 replacement] retired_clear=1 ps_delta=0 status=READY
[M213 address] track=9 pcm=0x48673e28 base=0x48673e28 bytes=352800 frames=176400 mod64=40 mod128=40 mod256=40 mod4096=3624 mod131072=81448 external=1 requested_caps=1028 free=24986092 largest=24117236

# HOST LOAD 8 1
[Q COMMAND] LOAD 8 1
[Q ACK] load=1
[M6 read] bytes=352800 read_us=675444 bytes_per_second=522323 original_channels=1 rate=44100 total_psram=33554432
[M6 load] track=8 file_bytes=352844 pcm_bytes=352800 load_publish_us=1108221 payload=5644800 transient=352800 peak_payload=5997600 ps_free=24986092 largest=24117236 internal=173408 display=2304000 fx_delay=352800 reserve=4194304
[M6.1 replacement] retired_clear=1 ps_delta=0 status=READY
[M213 address] track=8 pcm=0x4861be24 base=0x4861be24 bytes=352800 frames=176400 mod64=36 mod128=36 mod256=36 mod4096=3620 mod131072=114212 external=1 requested_caps=1028 free=24986092 largest=24117236

# HOST LOAD 7 3
[Q COMMAND] LOAD 7 3
[Q ACK] load=1
[M6 read] bytes=352800 read_us=705017 bytes_per_second=500413 original_channels=1 rate=44100 total_psram=33554432
[M6 load] track=7 file_bytes=352844 pcm_bytes=352800 load_publish_us=1134931 payload=5644800 transient=352800 peak_payload=5997600 ps_free=24986092 largest=24117236 internal=173408 display=2304000 fx_delay=352800 reserve=4194304
[M6.1 replacement] retired_clear=1 ps_delta=0 status=READY
[M213 address] track=7 pcm=0x485c3e20 base=0x485c3e20 bytes=352800 frames=176400 mod64=32 mod128=32 mod256=32 mod4096=3616 mod131072=15904 external=1 requested_caps=1028 free=24986092 largest=24117236

# HOST LOAD 6 1
[Q COMMAND] LOAD 6 1
[Q ACK] load=1
[M6 read] bytes=352800 read_us=683654 bytes_per_second=516050 original_channels=1 rate=44100 total_psram=33554432
[M6 load] track=6 file_bytes=352844 pcm_bytes=352800 load_publish_us=1113577 payload=5644800 transient=352800 peak_payload=5997600 ps_free=24986092 largest=24117236 internal=173408 display=2304000 fx_delay=352800 reserve=4194304
[M6.1 replacement] retired_clear=1 ps_delta=0 status=READY
[M213 address] track=6 pcm=0x4856be1c base=0x4856be1c bytes=352800 frames=176400 mod64=28 mod128=28 mod256=28 mod4096=3612 mod131072=48668 external=1 requested_caps=1028 free=24986092 largest=24117236

# HOST LOAD 5 3
[Q COMMAND] LOAD 5 3
[Q ACK] load=1
[M6 read] bytes=352800 read_us=707268 bytes_per_second=498820 original_channels=1 rate=44100 total_psram=33554432
[M6 load] track=5 file_bytes=352844 pcm_bytes=352800 load_publish_us=1137205 payload=5644800 transient=352800 peak_payload=5997600 ps_free=24986092 largest=24117236 internal=173408 display=2304000 fx_delay=352800 reserve=4194304
[M6.1 replacement] retired_clear=1 ps_delta=0 status=READY
[M213 address] track=5 pcm=0x48513e18 base=0x48513e18 bytes=352800 frames=176400 mod64=24 mod128=24 mod256=24 mod4096=3608 mod131072=81432 external=1 requested_caps=1028 free=24986092 largest=24117236

# HOST LOAD 4 1
[Q COMMAND] LOAD 4 1
[Q ACK] load=1
[M6 read] bytes=352800 read_us=755136 bytes_per_second=467200 original_channels=1 rate=44100 total_psram=33554432
[M6 load] track=4 file_bytes=352844 pcm_bytes=352800 load_publish_us=1188120 payload=5644800 transient=352800 peak_payload=5997600 ps_free=24986092 largest=24117236 internal=173408 display=2304000 fx_delay=352800 reserve=4194304
[M6.1 replacement] retired_clear=1 ps_delta=0 status=READY
[M213 address] track=4 pcm=0x484bbe14 base=0x484bbe14 bytes=352800 frames=176400 mod64=20 mod128=20 mod256=20 mod4096=3604 mod131072=114196 external=1 requested_caps=1028 free=24986092 largest=24117236

# HOST LOAD 3 3
[Q COMMAND] LOAD 3 3
[Q ACK] load=1
[M6 read] bytes=352800 read_us=701020 bytes_per_second=503266 original_channels=1 rate=44100 total_psram=33554432
[M6 load] track=3 file_bytes=352844 pcm_bytes=352800 load_publish_us=1134272 payload=5644800 transient=352800 peak_payload=5997600 ps_free=24986092 largest=24117236 internal=173408 display=2304000 fx_delay=352800 reserve=4194304
[M6.1 replacement] retired_clear=1 ps_delta=0 status=READY
[M213 address] track=3 pcm=0x48463e10 base=0x48463e10 bytes=352800 frames=176400 mod64=16 mod128=16 mod256=16 mod4096=3600 mod131072=15888 external=1 requested_caps=1028 free=24986092 largest=24117236

# HOST LOAD 2 1
[Q COMMAND] LOAD 2 1
[Q ACK] load=1
[M6 read] bytes=352800 read_us=681097 bytes_per_second=517987 original_channels=1 rate=44100 total_psram=33554432
[M6 load] track=2 file_bytes=352844 pcm_bytes=352800 load_publish_us=1116815 payload=5644800 transient=352800 peak_payload=5997600 ps_free=24986092 largest=24117236 internal=173408 display=2304000 fx_delay=352800 reserve=4194304
[M6.1 replacement] retired_clear=1 ps_delta=0 status=READY
[M213 address] track=2 pcm=0x4840be0c base=0x4840be0c bytes=352800 frames=176400 mod64=12 mod128=12 mod256=12 mod4096=3596 mod131072=48652 external=1 requested_caps=1028 free=24986092 largest=24117236

# HOST LOAD 1 3
[Q COMMAND] LOAD 1 3
[Q ACK] load=1
[M6 read] bytes=352800 read_us=702445 bytes_per_second=502245 original_channels=1 rate=44100 total_psram=33554432
[M6 load] track=1 file_bytes=352844 pcm_bytes=352800 load_publish_us=1135196 payload=5644800 transient=352800 peak_payload=5997600 ps_free=24986092 largest=24117236 internal=173408 display=2304000 fx_delay=352800 reserve=4194304
[M6.1 replacement] retired_clear=1 ps_delta=0 status=READY
[M213 address] track=1 pcm=0x483b3e08 base=0x483b3e08 bytes=352800 frames=176400 mod64=8 mod128=8 mod256=8 mod4096=3592 mod131072=81416 external=1 requested_caps=1028 free=24986092 largest=24117236

# HOST LOAD 0 1
[Q COMMAND] LOAD 0 1
[Q ACK] load=1
[M6 read] bytes=352800 read_us=689793 bytes_per_second=511457 original_channels=1 rate=44100 total_psram=33554432
[M6 load] track=0 file_bytes=352844 pcm_bytes=352800 load_publish_us=1149196 payload=5644800 transient=352800 peak_payload=5997600 ps_free=24986092 largest=24117236 internal=173408 display=2304000 fx_delay=352800 reserve=4194304
[M6.1 replacement] retired_clear=1 ps_delta=0 status=READY
[M213 address] track=0 pcm=0x4835be04 base=0x4835be04 bytes=352800 frames=176400 mod64=4 mod128=4 mod256=4 mod4096=3588 mod131072=114180 external=1 requested_caps=1028 free=24986092 largest=24117236

# HOST STORE 8
[Q COMMAND] STORE 8
[M213 address] track=0 pcm=0x4835be04 base=0x4835be04 bytes=352800 frames=176400 mod64=4 mod128=4 mod256=4 mod4096=3588 mod131072=114180 external=1 requested_caps=1028 free=24986092 largest=24117236
[M213 address] track=1 pcm=0x483b3e08 base=0x483b3e08 bytes=352800 frames=176400 mod64=8 mod128=8 mod256=8 mod4096=3592 mod131072=81416 external=1 requested_caps=1028 free=24986092 largest=24117236
[M213 address] track=2 pcm=0x4840be0c base=0x4840be0c bytes=352800 frames=176400 mod64=12 mod128=12 mod256=12 mod4096=3596 mod131072=48652 external=1 requested_caps=1028 free=24986092 largest=24117236
[M213 address] track=3 pcm=0x48463e10 base=0x48463e10 bytes=352800 frames=176400 mod64=16 mod128=16 mod256=16 mod4096=3600 mod131072=15888 external=1 requested_caps=1028 free=24986092 largest=24117236
[M213 address] track=4 pcm=0x484bbe14 base=0x484bbe14 bytes=352800 frames=176400 mod64=20 mod128=20 mod256=20 mod4096=3604 mod131072=114196 external=1 requested_caps=1028 free=24986092 largest=24117236
[M213 address] track=5 pcm=0x48513e18 base=0x48513e18 bytes=352800 frames=176400 mod64=24 mod128=24 mod256=24 mod4096=3608 mod131072=81432 external=1 requested_caps=1028 free=24986092 largest=24117236
[M213 address] track=6 pcm=0x4856be1c base=0x4856be1c bytes=352800 frames=176400 mod64=28 mod128=28 mod256=28 mod4096=3612 mod131072=48668 external=1 requested_caps=1028 free=24986092 largest=24117236
[M213 address] track=7 pcm=0x485c3e20 base=0x485c3e20 bytes=352800 frames=176400 mod64=32 mod128=32 mod256=32 mod4096=3616 mod131072=15904 external=1 requested_caps=1028 free=24986092 largest=24117236
[M213 address] track=8 pcm=0x4861be24 base=0x4861be24 bytes=352800 frames=176400 mod64=36 mod128=36 mod256=36 mod4096=3620 mod131072=114212 external=1 requested_caps=1028 free=24986092 largest=24117236
[M213 address] track=9 pcm=0x48673e28 base=0x48673e28 bytes=352800 frames=176400 mod64=40 mod128=40 mod256=40 mod4096=3624 mod131072=81448 external=1 requested_caps=1028 free=24986092 largest=24117236
[M213 address] track=10 pcm=0x486cbe2c base=0x486cbe2c bytes=352800 frames=176400 mod64=44 mod128=44 mod256=44 mod4096=3628 mod131072=48684 external=1 requested_caps=1028 free=24986092 largest=24117236
[M213 address] track=11 pcm=0x48723e30 base=0x48723e30 bytes=352800 frames=176400 mod64=48 mod128=48 mod256=48 mod4096=3632 mod131072=15920 external=1 requested_caps=1028 free=24986092 largest=24117236
[M213 address] track=12 pcm=0x4877be34 base=0x4877be34 bytes=352800 frames=176400 mod64=52 mod128=52 mod256=52 mod4096=3636 mod131072=114228 external=1 requested_caps=1028 free=24986092 largest=24117236
[M213 address] track=13 pcm=0x487d3e38 base=0x487d3e38 bytes=352800 frames=176400 mod64=56 mod128=56 mod256=56 mod4096=3640 mod131072=81464 external=1 requested_caps=1028 free=24986092 largest=24117236
[M213 address] track=14 pcm=0x4882be3c base=0x4882be3c bytes=352800 frames=176400 mod64=60 mod128=60 mod256=60 mod4096=3644 mod131072=48700 external=1 requested_caps=1028 free=24986092 largest=24117236
[M213 address] track=15 pcm=0x482abdfc base=0x482abdfc bytes=352800 frames=176400 mod64=60 mod128=124 mod256=252 mod4096=3580 mod131072=48636 external=1 requested_caps=1028 free=24986092 largest=24117236
[M213 locality] tag=2 order=0 eviction=0 repeats=32 reads=131072 us=84055 max=4098 checksum=3150639360 sweep=0 concurrent_audio=1 cold_proven=0
[M213 locality] tag=2 order=1 eviction=0 repeats=32 reads=131072 us=4545 max=171 checksum=3150639360 sweep=0 concurrent_audio=1 cold_proven=0
[M213 locality] tag=2 order=2 eviction=0 repeats=32 reads=131072 us=14767 max=2173 checksum=3150639360 sweep=0 concurrent_audio=1 cold_proven=0
[M213 locality] tag=2 order=0 eviction=1 repeats=32 reads=131072 us=90355 max=4005 checksum=3150639360 sweep=524288 concurrent_audio=1 cold_proven=0
[M213 locality] tag=2 order=1 eviction=1 repeats=32 reads=131072 us=11064 max=2274 checksum=3150639360 sweep=1048576 concurrent_audio=1 cold_proven=0
[M213 locality] tag=2 order=2 eviction=1 repeats=32 reads=131072 us=9532 max=323 checksum=3150639360 sweep=1572864 concurrent_audio=1 cold_proven=0
[M213 locality complete] tag=2
[M213 physical] tag=2 complete=1
[Q HEAP] tag=store_done internal=173408 free=24986092 largest=24117236 payload=5644800
[Q STORE DONE] op=8

# HOST LOAD 0 1
[Q COMMAND] LOAD 0 1
[Q ACK] load=1
[M6 read] bytes=352800 read_us=690535 bytes_per_second=510908 original_channels=1 rate=44100 total_psram=33554432
[M6 load] track=0 file_bytes=352844 pcm_bytes=352800 load_publish_us=1149834 payload=5644800 transient=352800 peak_payload=5997600 ps_free=24986092 largest=24117236 internal=173408 display=2304000 fx_delay=352800 reserve=4194304
[M6.1 replacement] retired_clear=1 ps_delta=0 status=READY
[M213 address] track=0 pcm=0x48303e00 base=0x48303e00 bytes=352800 frames=176400 mod64=0 mod128=0 mod256=0 mod4096=3584 mod131072=15872 external=1 requested_caps=1028 free=24986092 largest=24117236

# HOST LOAD 1 2
[Q COMMAND] LOAD 1 2
[Q ACK] load=1
[M6 read] bytes=352800 read_us=699284 bytes_per_second=504516 original_channels=1 rate=44100 total_psram=33554432
[M6 load] track=1 file_bytes=352844 pcm_bytes=352800 load_publish_us=1134333 payload=5644800 transient=352800 peak_payload=5997600 ps_free=24986092 largest=24117236 internal=173408 display=2304000 fx_delay=352800 reserve=4194304
[M6.1 replacement] retired_clear=1 ps_delta=0 status=READY
[M213 address] track=1 pcm=0x4835be04 base=0x4835be04 bytes=352800 frames=176400 mod64=4 mod128=4 mod256=4 mod4096=3588 mod131072=114180 external=1 requested_caps=1028 free=24986092 largest=24117236

# HOST LOAD 2 3
[Q COMMAND] LOAD 2 3
[Q ACK] load=1
[M6 read] bytes=352800 read_us=767145 bytes_per_second=459886 original_channels=1 rate=44100 total_psram=33554432
[M6 load] track=2 file_bytes=352844 pcm_bytes=352800 load_publish_us=1200248 payload=5644800 transient=352800 peak_payload=5997600 ps_free=24986092 largest=24117236 internal=173408 display=2304000 fx_delay=352800 reserve=4194304
[M6.1 replacement] retired_clear=1 ps_delta=0 status=READY
[M213 address] track=2 pcm=0x483b3e08 base=0x483b3e08 bytes=352800 frames=176400 mod64=8 mod128=8 mod256=8 mod4096=3592 mod131072=81416 external=1 requested_caps=1028 free=24986092 largest=24117236

# HOST LOAD 3 4
[Q COMMAND] LOAD 3 4
[Q ACK] load=1
[M6 read] bytes=705600 read_us=1182359 bytes_per_second=596773 original_channels=2 rate=44100 total_psram=33554432
[M6 load] track=3 file_bytes=705644 pcm_bytes=352800 load_publish_us=1683159 payload=5644800 transient=352800 peak_payload=5997600 ps_free=24986092 largest=24117236 internal=173408 display=2304000 fx_delay=352800 reserve=4194304
[M6.1 replacement] retired_clear=1 ps_delta=0 status=READY
[M213 address] track=3 pcm=0x4840be0c base=0x4840be0c bytes=352800 frames=176400 mod64=12 mod128=12 mod256=12 mod4096=3596 mod131072=48652 external=1 requested_caps=1028 free=24986092 largest=24117236

# HOST LOAD 4 8
[Q COMMAND] LOAD 4 8
[Q ACK] load=1
[M6 read] bytes=44100 read_us=86227 bytes_per_second=511440 original_channels=1 rate=44100 total_psram=33554432
[M6 load] track=4 file_bytes=44144 pcm_bytes=44100 load_publish_us=514676 payload=5336100 transient=44100 peak_payload=5688900 ps_free=25301484 largest=24117236 internal=173408 display=2304000 fx_delay=352800 reserve=4194304
[M6.1 replacement] retired_clear=1 ps_delta=-315392 status=READY
[M213 address] track=4 pcm=0x48463e10 base=0x48463e10 bytes=44100 frames=22050 mod64=16 mod128=16 mod256=16 mod4096=3600 mod131072=15888 external=1 requested_caps=1028 free=25301484 largest=24117236

# HOST LOAD 5 1
[Q COMMAND] LOAD 5 1
[Q ACK] load=1
[M6 read] bytes=352800 read_us=690665 bytes_per_second=510812 original_channels=1 rate=44100 total_psram=33554432
[M6 load] track=5 file_bytes=352844 pcm_bytes=352800 load_publish_us=1152519 payload=5336100 transient=352800 peak_payload=5688900 ps_free=25301484 largest=24117236 internal=173408 display=2304000 fx_delay=352800 reserve=4194304
[M6.1 replacement] retired_clear=1 ps_delta=0 status=READY
[M213 address] track=5 pcm=0x4846ee14 base=0x4846ee14 bytes=352800 frames=176400 mod64=20 mod128=20 mod256=20 mod4096=3604 mod131072=60948 external=1 requested_caps=1028 free=25301484 largest=24117236

# HOST LOAD 6 2
[Q COMMAND] LOAD 6 2
[Q ACK] load=1
[M6 read] bytes=352800 read_us=693829 bytes_per_second=508482 original_channels=1 rate=44100 total_psram=33554432
[M6 load] track=6 file_bytes=352844 pcm_bytes=352800 load_publish_us=1123242 payload=5336100 transient=352800 peak_payload=5688900 ps_free=25301484 largest=24117236 internal=173408 display=2304000 fx_delay=352800 reserve=4194304
[M6.1 replacement] retired_clear=1 ps_delta=0 status=READY
[M213 address] track=6 pcm=0x484c6e18 base=0x484c6e18 bytes=352800 frames=176400 mod64=24 mod128=24 mod256=24 mod4096=3608 mod131072=28184 external=1 requested_caps=1028 free=25301484 largest=24117236

# HOST LOAD 7 3
[Q COMMAND] LOAD 7 3
[Q ACK] load=1
[M6 read] bytes=352800 read_us=693928 bytes_per_second=508410 original_channels=1 rate=44100 total_psram=33554432
[M6 load] track=7 file_bytes=352844 pcm_bytes=352800 load_publish_us=1129372 payload=5336100 transient=352800 peak_payload=5688900 ps_free=25301484 largest=24117236 internal=173408 display=2304000 fx_delay=352800 reserve=4194304
[M6.1 replacement] retired_clear=1 ps_delta=0 status=READY
[M213 address] track=7 pcm=0x4851ee1c base=0x4851ee1c bytes=352800 frames=176400 mod64=28 mod128=28 mod256=28 mod4096=3612 mod131072=126492 external=1 requested_caps=1028 free=25301484 largest=24117236

# HOST LOAD 8 4
[Q COMMAND] LOAD 8 4
[Q ACK] load=1
[M6 read] bytes=705600 read_us=1189377 bytes_per_second=593251 original_channels=2 rate=44100 total_psram=33554432
[M6 load] track=8 file_bytes=705644 pcm_bytes=352800 load_publish_us=1624892 payload=5336100 transient=352800 peak_payload=5688900 ps_free=25301484 largest=24117236 internal=173408 display=2304000 fx_delay=352800 reserve=4194304
[M6.1 replacement] retired_clear=1 ps_delta=0 status=READY
[M213 address] track=8 pcm=0x48576e20 base=0x48576e20 bytes=352800 frames=176400 mod64=32 mod128=32 mod256=32 mod4096=3616 mod131072=93728 external=1 requested_caps=1028 free=25301484 largest=24117236

# HOST LOAD 9 8
[Q COMMAND] LOAD 9 8
[Q ACK] load=1
[M6 read] bytes=44100 read_us=86143 bytes_per_second=511939 original_channels=1 rate=44100 total_psram=33554432
[M6 load] track=9 file_bytes=44144 pcm_bytes=44100 load_publish_us=514225 payload=5027400 transient=44100 peak_payload=5380200 ps_free=25616876 largest=24117236 internal=173408 display=2304000 fx_delay=352800 reserve=4194304
[M6.1 replacement] retired_clear=1 ps_delta=-315392 status=READY
[M213 address] track=9 pcm=0x485cee24 base=0x485cee24 bytes=44100 frames=22050 mod64=36 mod128=36 mod256=36 mod4096=3620 mod131072=60964 external=1 requested_caps=1028 free=25616876 largest=24117236

# HOST LOAD 10 1
[Q COMMAND] LOAD 10 1
[Q ACK] load=1
[M6 read] bytes=352800 read_us=678829 bytes_per_second=519718 original_channels=1 rate=44100 total_psram=33554432
[M6 load] track=10 file_bytes=352844 pcm_bytes=352800 load_publish_us=1111596 payload=5027400 transient=352800 peak_payload=5380200 ps_free=25616876 largest=24117236 internal=173408 display=2304000 fx_delay=352800 reserve=4194304
[M6.1 replacement] retired_clear=1 ps_delta=0 status=READY
[M213 address] track=10 pcm=0x485d9e28 base=0x485d9e28 bytes=352800 frames=176400 mod64=40 mod128=40 mod256=40 mod4096=3624 mod131072=106024 external=1 requested_caps=1028 free=25616876 largest=24117236

# HOST LOAD 11 2
[Q COMMAND] LOAD 11 2
[Q ACK] load=1
[M6 read] bytes=352800 read_us=698498 bytes_per_second=505083 original_channels=1 rate=44100 total_psram=33554432
[M6 load] track=11 file_bytes=352844 pcm_bytes=352800 load_publish_us=1155175 payload=5027400 transient=352800 peak_payload=5380200 ps_free=25616876 largest=24117236 internal=173408 display=2304000 fx_delay=352800 reserve=4194304
[M6.1 replacement] retired_clear=1 ps_delta=0 status=READY
[M213 address] track=11 pcm=0x48631e2c base=0x48631e2c bytes=352800 frames=176400 mod64=44 mod128=44 mod256=44 mod4096=3628 mod131072=73260 external=1 requested_caps=1028 free=25616876 largest=24117236

# HOST LOAD 12 3
[Q COMMAND] LOAD 12 3
[Q ACK] load=1
[M6 read] bytes=352800 read_us=698725 bytes_per_second=504919 original_channels=1 rate=44100 total_psram=33554432
[M6 load] track=12 file_bytes=352844 pcm_bytes=352800 load_publish_us=1134224 payload=5027400 transient=352800 peak_payload=5380200 ps_free=25616876 largest=24117236 internal=173408 display=2304000 fx_delay=352800 reserve=4194304
[M6.1 replacement] retired_clear=1 ps_delta=0 status=READY
[M213 address] track=12 pcm=0x48689e30 base=0x48689e30 bytes=352800 frames=176400 mod64=48 mod128=48 mod256=48 mod4096=3632 mod131072=40496 external=1 requested_caps=1028 free=25616876 largest=24117236

# HOST LOAD 13 4
[Q COMMAND] LOAD 13 4
[Q ACK] load=1
[M6 read] bytes=705600 read_us=1252271 bytes_per_second=563456 original_channels=2 rate=44100 total_psram=33554432
[M6 load] track=13 file_bytes=705644 pcm_bytes=352800 load_publish_us=1687805 payload=5027400 transient=352800 peak_payload=5380200 ps_free=25616876 largest=24117236 internal=173408 display=2304000 fx_delay=352800 reserve=4194304
[M6.1 replacement] retired_clear=1 ps_delta=0 status=READY
[M213 address] track=13 pcm=0x486e1e34 base=0x486e1e34 bytes=352800 frames=176400 mod64=52 mod128=52 mod256=52 mod4096=3636 mod131072=7732 external=1 requested_caps=1028 free=25616876 largest=24117236

# HOST LOAD 14 8
[Q COMMAND] LOAD 14 8
[Q ACK] load=1
[M6 read] bytes=44100 read_us=90167 bytes_per_second=489092 original_channels=1 rate=44100 total_psram=33554432
[M6 load] track=14 file_bytes=44144 pcm_bytes=44100 load_publish_us=550983 payload=4718700 transient=44100 peak_payload=5071500 ps_free=25932268 largest=25690100 internal=173408 display=2304000 fx_delay=352800 reserve=4194304
[M6.1 replacement] retired_clear=1 ps_delta=-315392 status=READY
[M213 address] track=14 pcm=0x48739e38 base=0x48739e38 bytes=44100 frames=22050 mod64=56 mod128=56 mod256=56 mod4096=3640 mod131072=106040 external=1 requested_caps=1028 free=25932268 largest=25690100

# HOST LOAD 15 1
[Q COMMAND] LOAD 15 1
[Q ACK] load=1
[M6 read] bytes=352800 read_us=690581 bytes_per_second=510874 original_channels=1 rate=44100 total_psram=33554432
[M6 load] track=15 file_bytes=352844 pcm_bytes=352800 load_publish_us=1123406 payload=4718700 transient=352800 peak_payload=5071500 ps_free=25932268 largest=25165812 internal=173408 display=2304000 fx_delay=352800 reserve=4194304
[M6.1 replacement] retired_clear=1 ps_delta=0 status=READY
[M213 address] track=15 pcm=0x48744e3c base=0x48744e3c bytes=352800 frames=176400 mod64=60 mod128=60 mod256=60 mod4096=3644 mod131072=20028 external=1 requested_caps=1028 free=25932268 largest=25165812

# HOST LOAD 0 5
[Q COMMAND] LOAD 0 5
[Q ACK] load=1
[M6 read] bytes=4194304 read_us=7911094 bytes_per_second=530180 original_channels=1 rate=44100 total_psram=33554432
[M6 load] track=0 file_bytes=4194348 pcm_bytes=4194304 load_publish_us=8428179 payload=8560204 transient=4194304 peak_payload=8913004 ps_free=21967340 largest=20971508 internal=173408 display=2304000 fx_delay=352800 reserve=4194304
[M6.1 replacement] retired_clear=1 ps_delta=3964928 status=READY
[M213 address] track=0 pcm=0x4879ce40 base=0x4879ce40 bytes=4194304 frames=2097152 mod64=0 mod128=64 mod256=64 mod4096=3648 mod131072=118336 external=1 requested_caps=1028 free=21967340 largest=20971508

# HOST STORE 8
[Q COMMAND] STORE 8
[M213 address] track=0 pcm=0x4879ce40 base=0x4879ce40 bytes=4194304 frames=2097152 mod64=0 mod128=64 mod256=64 mod4096=3648 mod131072=118336 external=1 requested_caps=1028 free=21967340 largest=20971508
[M213 address] track=1 pcm=0x4835be04 base=0x4835be04 bytes=352800 frames=176400 mod64=4 mod128=4 mod256=4 mod4096=3588 mod131072=114180 external=1 requested_caps=1028 free=21967340 largest=20971508
[M213 address] track=2 pcm=0x483b3e08 base=0x483b3e08 bytes=352800 frames=176400 mod64=8 mod128=8 mod256=8 mod4096=3592 mod131072=81416 external=1 requested_caps=1028 free=21967340 largest=20971508
[M213 address] track=3 pcm=0x4840be0c base=0x4840be0c bytes=352800 frames=176400 mod64=12 mod128=12 mod256=12 mod4096=3596 mod131072=48652 external=1 requested_caps=1028 free=21967340 largest=20971508
[M213 address] track=4 pcm=0x48463e10 base=0x48463e10 bytes=44100 frames=22050 mod64=16 mod128=16 mod256=16 mod4096=3600 mod131072=15888 external=1 requested_caps=1028 free=21967340 largest=20971508
[M213 address] track=5 pcm=0x4846ee14 base=0x4846ee14 bytes=352800 frames=176400 mod64=20 mod128=20 mod256=20 mod4096=3604 mod131072=60948 external=1 requested_caps=1028 free=21967340 largest=20971508
[M213 address] track=6 pcm=0x484c6e18 base=0x484c6e18 bytes=352800 frames=176400 mod64=24 mod128=24 mod256=24 mod4096=3608 mod131072=28184 external=1 requested_caps=1028 free=21967340 largest=20971508
[M213 address] track=7 pcm=0x4851ee1c base=0x4851ee1c bytes=352800 frames=176400 mod64=28 mod128=28 mod256=28 mod4096=3612 mod131072=126492 external=1 requested_caps=1028 free=21967340 largest=20971508
[M213 address] track=8 pcm=0x48576e20 base=0x48576e20 bytes=352800 frames=176400 mod64=32 mod128=32 mod256=32 mod4096=3616 mod131072=93728 external=1 requested_caps=1028 free=21967340 largest=20971508
[M213 address] track=9 pcm=0x485cee24 base=0x485cee24 bytes=44100 frames=22050 mod64=36 mod128=36 mod256=36 mod4096=3620 mod131072=60964 external=1 requested_caps=1028 free=21967340 largest=20971508
[M213 address] track=10 pcm=0x485d9e28 base=0x485d9e28 bytes=352800 frames=176400 mod64=40 mod128=40 mod256=40 mod4096=3624 mod131072=106024 external=1 requested_caps=1028 free=21967340 largest=20971508
[M213 address] track=11 pcm=0x48631e2c base=0x48631e2c bytes=352800 frames=176400 mod64=44 mod128=44 mod256=44 mod4096=3628 mod131072=73260 external=1 requested_caps=1028 free=21967340 largest=20971508
[M213 address] track=12 pcm=0x48689e30 base=0x48689e30 bytes=352800 frames=176400 mod64=48 mod128=48 mod256=48 mod4096=3632 mod131072=40496 external=1 requested_caps=1028 free=21967340 largest=20971508
[M213 address] track=13 pcm=0x486e1e34 base=0x486e1e34 bytes=352800 frames=176400 mod64=52 mod128=52 mod256=52 mod4096=3636 mod131072=7732 external=1 requested_caps=1028 free=21967340 largest=20971508
[M213 address] track=14 pcm=0x48739e38 base=0x48739e38 bytes=44100 frames=22050 mod64=56 mod128=56 mod256=56 mod4096=3640 mod131072=106040 external=1 requested_caps=1028 free=21967340 largest=20971508
[M213 address] track=15 pcm=0x48744e3c base=0x48744e3c bytes=352800 frames=176400 mod64=60 mod128=60 mod256=60 mod4096=3644 mod131072=20028 external=1 requested_caps=1028 free=21967340 largest=20971508
[M213 locality] tag=3 order=0 eviction=0 repeats=32 reads=131072 us=11416 max=2428 checksum=3441764352 sweep=0 concurrent_audio=1 cold_proven=0
[M213 locality] tag=3 order=1 eviction=0 repeats=32 reads=131072 us=2339 max=78 checksum=3441764352 sweep=0 concurrent_audio=1 cold_proven=0
[M213 locality] tag=3 order=2 eviction=0 repeats=32 reads=131072 us=7004 max=2022 checksum=3441764352 sweep=0 concurrent_audio=1 cold_proven=0
[M213 locality] tag=3 order=0 eviction=1 repeats=32 reads=131072 us=24601 max=2461 checksum=3441764352 sweep=524288 concurrent_audio=1 cold_proven=0
[M213 locality] tag=3 order=1 eviction=1 repeats=32 reads=131072 us=7016 max=2285 checksum=3441764352 sweep=1048576 concurrent_audio=1 cold_proven=0
[M213 locality] tag=3 order=2 eviction=1 repeats=32 reads=131072 us=12172 max=2387 checksum=3441764352 sweep=1572864 concurrent_audio=1 cold_proven=0
[M213 locality complete] tag=3
[M213 physical] tag=3 complete=1
[Q HEAP] tag=store_done internal=173408 free=21967340 largest=20971508 payload=8560204
[Q STORE DONE] op=8

# HOST LOAD 0 6
[Q COMMAND] LOAD 0 6
[Q ACK] load=1

# HOST LOAD 0 7
[Q COMMAND] LOAD 0 7
[Q ACK] load=1

# HOST STORE 9
[Q COMMAND] STORE 9
[M213 missing] accepted=0 preserved=1
[Q HEAP] tag=store_done internal=173408 free=21967340 largest=20971508 payload=8560204
[Q STORE DONE] op=9

# HOST STORE 8
[Q COMMAND] STORE 8
[M213 address] track=0 pcm=0x4879ce40 base=0x4879ce40 bytes=4194304 frames=2097152 mod64=0 mod128=64 mod256=64 mod4096=3648 mod131072=118336 external=1 requested_caps=1028 free=21967340 largest=20971508
[M213 address] track=1 pcm=0x4835be04 base=0x4835be04 bytes=352800 frames=176400 mod64=4 mod128=4 mod256=4 mod4096=3588 mod131072=114180 external=1 requested_caps=1028 free=21967340 largest=20971508
[M213 address] track=2 pcm=0x483b3e08 base=0x483b3e08 bytes=352800 frames=176400 mod64=8 mod128=8 mod256=8 mod4096=3592 mod131072=81416 external=1 requested_caps=1028 free=21967340 largest=20971508
[M213 address] track=3 pcm=0x4840be0c base=0x4840be0c bytes=352800 frames=176400 mod64=12 mod128=12 mod256=12 mod4096=3596 mod131072=48652 external=1 requested_caps=1028 free=21967340 largest=20971508
[M213 address] track=4 pcm=0x48463e10 base=0x48463e10 bytes=44100 frames=22050 mod64=16 mod128=16 mod256=16 mod4096=3600 mod131072=15888 external=1 requested_caps=1028 free=21967340 largest=20971508
[M213 address] track=5 pcm=0x4846ee14 base=0x4846ee14 bytes=352800 frames=176400 mod64=20 mod128=20 mod256=20 mod4096=3604 mod131072=60948 external=1 requested_caps=1028 free=21967340 largest=20971508
[M213 address] track=6 pcm=0x484c6e18 base=0x484c6e18 bytes=352800 frames=176400 mod64=24 mod128=24 mod256=24 mod4096=3608 mod131072=28184 external=1 requested_caps=1028 free=21967340 largest=20971508
[M213 address] track=7 pcm=0x4851ee1c base=0x4851ee1c bytes=352800 frames=176400 mod64=28 mod128=28 mod256=28 mod4096=3612 mod131072=126492 external=1 requested_caps=1028 free=21967340 largest=20971508
[M213 address] track=8 pcm=0x48576e20 base=0x48576e20 bytes=352800 frames=176400 mod64=32 mod128=32 mod256=32 mod4096=3616 mod131072=93728 external=1 requested_caps=1028 free=21967340 largest=20971508
[M213 address] track=9 pcm=0x485cee24 base=0x485cee24 bytes=44100 frames=22050 mod64=36 mod128=36 mod256=36 mod4096=3620 mod131072=60964 external=1 requested_caps=1028 free=21967340 largest=20971508
[M213 address] track=10 pcm=0x485d9e28 base=0x485d9e28 bytes=352800 frames=176400 mod64=40 mod128=40 mod256=40 mod4096=3624 mod131072=106024 external=1 requested_caps=1028 free=21967340 largest=20971508
[M213 address] track=11 pcm=0x48631e2c base=0x48631e2c bytes=352800 frames=176400 mod64=44 mod128=44 mod256=44 mod4096=3628 mod131072=73260 external=1 requested_caps=1028 free=21967340 largest=20971508
[M213 address] track=12 pcm=0x48689e30 base=0x48689e30 bytes=352800 frames=176400 mod64=48 mod128=48 mod256=48 mod4096=3632 mod131072=40496 external=1 requested_caps=1028 free=21967340 largest=20971508
[M213 address] track=13 pcm=0x486e1e34 base=0x486e1e34 bytes=352800 frames=176400 mod64=52 mod128=52 mod256=52 mod4096=3636 mod131072=7732 external=1 requested_caps=1028 free=21967340 largest=20971508
[M213 address] track=14 pcm=0x48739e38 base=0x48739e38 bytes=44100 frames=22050 mod64=56 mod128=56 mod256=56 mod4096=3640 mod131072=106040 external=1 requested_caps=1028 free=21967340 largest=20971508
[M213 address] track=15 pcm=0x48744e3c base=0x48744e3c bytes=352800 frames=176400 mod64=60 mod128=60 mod256=60 mod4096=3644 mod131072=20028 external=1 requested_caps=1028 free=21967340 largest=20971508
[M213 locality] tag=4 order=0 eviction=0 repeats=32 reads=131072 us=11102 max=2115 checksum=3441764352 sweep=0 concurrent_audio=1 cold_proven=0
[M213 locality] tag=4 order=1 eviction=0 repeats=32 reads=131072 us=4218 max=1949 checksum=3441764352 sweep=0 concurrent_audio=1 cold_proven=0
[M213 locality] tag=4 order=2 eviction=0 repeats=32 reads=131072 us=7021 max=2045 checksum=3441764352 sweep=0 concurrent_audio=1 cold_proven=0
[M213 locality] tag=4 order=0 eviction=1 repeats=32 reads=131072 us=16140 max=2463 checksum=3441764352 sweep=524288 concurrent_audio=1 cold_proven=0
[M213 locality] tag=4 order=1 eviction=1 repeats=32 reads=131072 us=4878 max=203 checksum=3441764352 sweep=1048576 concurrent_audio=1 cold_proven=0
[M213 locality] tag=4 order=2 eviction=1 repeats=32 reads=131072 us=12126 max=2298 checksum=3441764352 sweep=1572864 concurrent_audio=1 cold_proven=0
[M213 locality complete] tag=4
[M213 physical] tag=4 complete=1
[Q HEAP] tag=store_done internal=173408 free=21967340 largest=20971508 payload=8560204
[Q STORE DONE] op=8

# HOST STORE 10
[Q COMMAND] STORE 10
[Q HEAP] tag=fragmented internal=173408 free=19804524 largest=17301492 payload=8560204
[Q HEAP] tag=store_done internal=173408 free=19804524 largest=17301492 payload=8560204
[Q STORE DONE] op=10

# HOST LOAD 15 2
[Q COMMAND] LOAD 15 2
[Q ACK] load=1
[M6 read] bytes=352800 read_us=698471 bytes_per_second=505103 original_channels=1 rate=44100 total_psram=33554432
[M6 load] track=15 file_bytes=352844 pcm_bytes=352800 load_publish_us=1128425 payload=8560204 transient=352800 peak_payload=8913004 ps_free=19804524 largest=16777204 internal=173408 display=2304000 fx_delay=352800 reserve=4194304
[M6.1 replacement] retired_clear=1 ps_delta=0 status=READY
[M213 address] track=15 pcm=0x48f37f1c base=0x48f37f1c bytes=352800 frames=176400 mod64=28 mod128=28 mod256=28 mod4096=3868 mod131072=98076 external=1 requested_caps=1028 free=19804524 largest=16777204

# HOST LOAD 14 1
[Q COMMAND] LOAD 14 1
[Q ACK] load=1
[M6 read] bytes=352800 read_us=671650 bytes_per_second=525273 original_channels=1 rate=44100 total_psram=33554432
[M6 load] track=14 file_bytes=352844 pcm_bytes=352800 load_publish_us=1101582 payload=8868904 transient=352800 peak_payload=8913004 ps_free=19489132 largest=16777204 internal=173408 display=2304000 fx_delay=352800 reserve=4194304
[M6.1 replacement] retired_clear=1 ps_delta=315392 status=READY
[M213 address] track=14 pcm=0x48744e3c base=0x48744e3c bytes=352800 frames=176400 mod64=60 mod128=60 mod256=60 mod4096=3644 mod131072=20028 external=1 requested_caps=1028 free=19489132 largest=16777204

# HOST LOAD 13 8
[Q COMMAND] LOAD 13 8
[Q ACK] load=1
[M6 read] bytes=44100 read_us=154030 bytes_per_second=286307 original_channels=1 rate=44100 total_psram=33554432
[M6 load] track=13 file_bytes=44144 pcm_bytes=44100 load_publish_us=578132 payload=8560204 transient=44100 peak_payload=8913004 ps_free=19804524 largest=16777204 internal=173408 display=2304000 fx_delay=352800 reserve=4194304
[M6.1 replacement] retired_clear=1 ps_delta=-315392 status=READY
[M213 address] track=13 pcm=0x48739e38 base=0x48739e38 bytes=44100 frames=22050 mod64=56 mod128=56 mod256=56 mod4096=3640 mod131072=106040 external=1 requested_caps=1028 free=19804524 largest=16777204

# HOST LOAD 12 4
[Q COMMAND] LOAD 12 4
[Q ACK] load=1
[M6 read] bytes=705600 read_us=1186302 bytes_per_second=594789 original_channels=2 rate=44100 total_psram=33554432
[M6 load] track=12 file_bytes=705644 pcm_bytes=352800 load_publish_us=1618612 payload=8560204 transient=352800 peak_payload=8913004 ps_free=19804524 largest=16777204 internal=173408 display=2304000 fx_delay=352800 reserve=4194304
[M6.1 replacement] retired_clear=1 ps_delta=0 status=READY
[M213 address] track=12 pcm=0x486e1e34 base=0x486e1e34 bytes=352800 frames=176400 mod64=52 mod128=52 mod256=52 mod4096=3636 mod131072=7732 external=1 requested_caps=1028 free=19804524 largest=16777204

# HOST LOAD 11 3
[Q COMMAND] LOAD 11 3
[Q ACK] load=1
[M6 read] bytes=352800 read_us=709029 bytes_per_second=497581 original_channels=1 rate=44100 total_psram=33554432
[M6 load] track=11 file_bytes=352844 pcm_bytes=352800 load_publish_us=1142221 payload=8560204 transient=352800 peak_payload=8913004 ps_free=19804524 largest=16777204 internal=173408 display=2304000 fx_delay=352800 reserve=4194304
[M6.1 replacement] retired_clear=1 ps_delta=0 status=READY
[M213 address] track=11 pcm=0x48689e30 base=0x48689e30 bytes=352800 frames=176400 mod64=48 mod128=48 mod256=48 mod4096=3632 mod131072=40496 external=1 requested_caps=1028 free=19804524 largest=16777204

# HOST LOAD 10 2
[Q COMMAND] LOAD 10 2
[Q ACK] load=1
[M6 read] bytes=352800 read_us=764036 bytes_per_second=461758 original_channels=1 rate=44100 total_psram=33554432
[M6 load] track=10 file_bytes=352844 pcm_bytes=352800 load_publish_us=1193438 payload=8560204 transient=352800 peak_payload=8913004 ps_free=19804524 largest=16777204 internal=173408 display=2304000 fx_delay=352800 reserve=4194304
[M6.1 replacement] retired_clear=1 ps_delta=0 status=READY
[M213 address] track=10 pcm=0x48631e2c base=0x48631e2c bytes=352800 frames=176400 mod64=44 mod128=44 mod256=44 mod4096=3628 mod131072=73260 external=1 requested_caps=1028 free=19804524 largest=16777204

# HOST LOAD 9 1
[Q COMMAND] LOAD 9 1
[Q ACK] load=1
[M6 read] bytes=352800 read_us=682947 bytes_per_second=516584 original_channels=1 rate=44100 total_psram=33554432
[M6 load] track=9 file_bytes=352844 pcm_bytes=352800 load_publish_us=1139251 payload=8868904 transient=352800 peak_payload=8913004 ps_free=19489132 largest=16777204 internal=173408 display=2304000 fx_delay=352800 reserve=4194304
[M6.1 replacement] retired_clear=1 ps_delta=315392 status=READY
[M213 address] track=9 pcm=0x485d9e28 base=0x485d9e28 bytes=352800 frames=176400 mod64=40 mod128=40 mod256=40 mod4096=3624 mod131072=106024 external=1 requested_caps=1028 free=19489132 largest=16777204

# HOST LOAD 8 8
[Q COMMAND] LOAD 8 8
[Q ACK] load=1
[M6 read] bytes=44100 read_us=84095 bytes_per_second=524406 original_channels=1 rate=44100 total_psram=33554432
[M6 load] track=8 file_bytes=44144 pcm_bytes=44100 load_publish_us=510460 payload=8560204 transient=44100 peak_payload=8913004 ps_free=19804524 largest=16777204 internal=173408 display=2304000 fx_delay=352800 reserve=4194304
[M6.1 replacement] retired_clear=1 ps_delta=-315392 status=READY
[M213 address] track=8 pcm=0x485cee24 base=0x485cee24 bytes=44100 frames=22050 mod64=36 mod128=36 mod256=36 mod4096=3620 mod131072=60964 external=1 requested_caps=1028 free=19804524 largest=16777204

# HOST LOAD 7 4
[Q COMMAND] LOAD 7 4
[Q ACK] load=1
[M6 read] bytes=705600 read_us=1255292 bytes_per_second=562100 original_channels=2 rate=44100 total_psram=33554432
[M6 load] track=7 file_bytes=705644 pcm_bytes=352800 load_publish_us=1718530 payload=8560204 transient=352800 peak_payload=8913004 ps_free=19804524 largest=16777204 internal=173408 display=2304000 fx_delay=352800 reserve=4194304
[M6.1 replacement] retired_clear=1 ps_delta=0 status=READY
[M213 address] track=7 pcm=0x48576e20 base=0x48576e20 bytes=352800 frames=176400 mod64=32 mod128=32 mod256=32 mod4096=3616 mod131072=93728 external=1 requested_caps=1028 free=19804524 largest=16777204

# HOST LOAD 6 3
[Q COMMAND] LOAD 6 3
[Q ACK] load=1
[M6 read] bytes=352800 read_us=705081 bytes_per_second=500368 original_channels=1 rate=44100 total_psram=33554432
[M6 load] track=6 file_bytes=352844 pcm_bytes=352800 load_publish_us=1135032 payload=8560204 transient=352800 peak_payload=8913004 ps_free=19804524 largest=16777204 internal=173408 display=2304000 fx_delay=352800 reserve=4194304
[M6.1 replacement] retired_clear=1 ps_delta=0 status=READY
[M213 address] track=6 pcm=0x4851ee1c base=0x4851ee1c bytes=352800 frames=176400 mod64=28 mod128=28 mod256=28 mod4096=3612 mod131072=126492 external=1 requested_caps=1028 free=19804524 largest=16777204

# HOST LOAD 5 2
[Q COMMAND] LOAD 5 2
[Q ACK] load=1
[M6 read] bytes=352800 read_us=765109 bytes_per_second=461110 original_channels=1 rate=44100 total_psram=33554432
[M6 load] track=5 file_bytes=352844 pcm_bytes=352800 load_publish_us=1200199 payload=8560204 transient=352800 peak_payload=8913004 ps_free=19804524 largest=16777204 internal=173408 display=2304000 fx_delay=352800 reserve=4194304
[M6.1 replacement] retired_clear=1 ps_delta=0 status=READY
[M213 address] track=5 pcm=0x484c6e18 base=0x484c6e18 bytes=352800 frames=176400 mod64=24 mod128=24 mod256=24 mod4096=3608 mod131072=28184 external=1 requested_caps=1028 free=19804524 largest=16777204

# HOST LOAD 4 1
[Q COMMAND] LOAD 4 1
[Q ACK] load=1
[M6 read] bytes=352800 read_us=749366 bytes_per_second=470797 original_channels=1 rate=44100 total_psram=33554432
[M6 load] track=4 file_bytes=352844 pcm_bytes=352800 load_publish_us=1182292 payload=8868904 transient=352800 peak_payload=8913004 ps_free=19489132 largest=16777204 internal=173408 display=2304000 fx_delay=352800 reserve=4194304
[M6.1 replacement] retired_clear=1 ps_delta=315392 status=READY
[M213 address] track=4 pcm=0x4846ee14 base=0x4846ee14 bytes=352800 frames=176400 mod64=20 mod128=20 mod256=20 mod4096=3604 mod131072=60948 external=1 requested_caps=1028 free=19489132 largest=16777204

# HOST LOAD 3 8
[Q COMMAND] LOAD 3 8
[Q ACK] load=1
[M6 read] bytes=44100 read_us=86864 bytes_per_second=507690 original_channels=1 rate=44100 total_psram=33554432
[M6 load] track=3 file_bytes=44144 pcm_bytes=44100 load_publish_us=516738 payload=8560204 transient=44100 peak_payload=8913004 ps_free=19804524 largest=16777204 internal=173408 display=2304000 fx_delay=352800 reserve=4194304
[M6.1 replacement] retired_clear=1 ps_delta=-315392 status=READY
[M213 address] track=3 pcm=0x48463e10 base=0x48463e10 bytes=44100 frames=22050 mod64=16 mod128=16 mod256=16 mod4096=3600 mod131072=15888 external=1 requested_caps=1028 free=19804524 largest=16777204

# HOST LOAD 2 4
[Q COMMAND] LOAD 2 4
[Q ACK] load=1
[M6 read] bytes=705600 read_us=1186222 bytes_per_second=594829 original_channels=2 rate=44100 total_psram=33554432
[M6 load] track=2 file_bytes=705644 pcm_bytes=352800 load_publish_us=1645225 payload=8560204 transient=352800 peak_payload=8913004 ps_free=19804524 largest=16777204 internal=173408 display=2304000 fx_delay=352800 reserve=4194304
[M6.1 replacement] retired_clear=1 ps_delta=0 status=READY
[M213 address] track=2 pcm=0x4840be0c base=0x4840be0c bytes=352800 frames=176400 mod64=12 mod128=12 mod256=12 mod4096=3596 mod131072=48652 external=1 requested_caps=1028 free=19804524 largest=16777204

# HOST LOAD 1 3
[Q COMMAND] LOAD 1 3
[Q ACK] load=1
[M6 read] bytes=352800 read_us=693836 bytes_per_second=508477 original_channels=1 rate=44100 total_psram=33554432
[M6 load] track=1 file_bytes=352844 pcm_bytes=352800 load_publish_us=1129305 payload=8560204 transient=352800 peak_payload=8913004 ps_free=19804524 largest=16777204 internal=173408 display=2304000 fx_delay=352800 reserve=4194304
[M6.1 replacement] retired_clear=1 ps_delta=0 status=READY
[M213 address] track=1 pcm=0x483b3e08 base=0x483b3e08 bytes=352800 frames=176400 mod64=8 mod128=8 mod256=8 mod4096=3592 mod131072=81416 external=1 requested_caps=1028 free=19804524 largest=16777204

# HOST LOAD 0 2
[Q COMMAND] LOAD 0 2
[Q ACK] load=1
[M6 read] bytes=352800 read_us=692094 bytes_per_second=509757 original_channels=1 rate=44100 total_psram=33554432
[M6 load] track=0 file_bytes=352844 pcm_bytes=352800 load_publish_us=1125187 payload=4718700 transient=352800 peak_payload=8913004 ps_free=23769452 largest=16777204 internal=173408 display=2304000 fx_delay=352800 reserve=4194304
[M6.1 replacement] retired_clear=1 ps_delta=-3964928 status=READY
[M213 address] track=0 pcm=0x48350e24 base=0x48350e24 bytes=352800 frames=176400 mod64=36 mod128=36 mod256=36 mod4096=3620 mod131072=69156 external=1 requested_caps=1028 free=23769452 largest=16777204

# HOST STORE 8
[Q COMMAND] STORE 8
[M213 address] track=0 pcm=0x48350e24 base=0x48350e24 bytes=352800 frames=176400 mod64=36 mod128=36 mod256=36 mod4096=3620 mod131072=69156 external=1 requested_caps=1028 free=23769452 largest=16777204
[M213 address] track=1 pcm=0x483b3e08 base=0x483b3e08 bytes=352800 frames=176400 mod64=8 mod128=8 mod256=8 mod4096=3592 mod131072=81416 external=1 requested_caps=1028 free=23769452 largest=16777204
[M213 address] track=2 pcm=0x4840be0c base=0x4840be0c bytes=352800 frames=176400 mod64=12 mod128=12 mod256=12 mod4096=3596 mod131072=48652 external=1 requested_caps=1028 free=23769452 largest=16777204
[M213 address] track=3 pcm=0x48463e10 base=0x48463e10 bytes=44100 frames=22050 mod64=16 mod128=16 mod256=16 mod4096=3600 mod131072=15888 external=1 requested_caps=1028 free=23769452 largest=16777204
[M213 address] track=4 pcm=0x4846ee14 base=0x4846ee14 bytes=352800 frames=176400 mod64=20 mod128=20 mod256=20 mod4096=3604 mod131072=60948 external=1 requested_caps=1028 free=23769452 largest=16777204
[M213 address] track=5 pcm=0x484c6e18 base=0x484c6e18 bytes=352800 frames=176400 mod64=24 mod128=24 mod256=24 mod4096=3608 mod131072=28184 external=1 requested_caps=1028 free=23769452 largest=16777204
[M213 address] track=6 pcm=0x4851ee1c base=0x4851ee1c bytes=352800 frames=176400 mod64=28 mod128=28 mod256=28 mod4096=3612 mod131072=126492 external=1 requested_caps=1028 free=23769452 largest=16777204
[M213 address] track=7 pcm=0x48576e20 base=0x48576e20 bytes=352800 frames=176400 mod64=32 mod128=32 mod256=32 mod4096=3616 mod131072=93728 external=1 requested_caps=1028 free=23769452 largest=16777204
[M213 address] track=8 pcm=0x485cee24 base=0x485cee24 bytes=44100 frames=22050 mod64=36 mod128=36 mod256=36 mod4096=3620 mod131072=60964 external=1 requested_caps=1028 free=23769452 largest=16777204
[M213 address] track=9 pcm=0x485d9e28 base=0x485d9e28 bytes=352800 frames=176400 mod64=40 mod128=40 mod256=40 mod4096=3624 mod131072=106024 external=1 requested_caps=1028 free=23769452 largest=16777204
[M213 address] track=10 pcm=0x48631e2c base=0x48631e2c bytes=352800 frames=176400 mod64=44 mod128=44 mod256=44 mod4096=3628 mod131072=73260 external=1 requested_caps=1028 free=23769452 largest=16777204
[M213 address] track=11 pcm=0x48689e30 base=0x48689e30 bytes=352800 frames=176400 mod64=48 mod128=48 mod256=48 mod4096=3632 mod131072=40496 external=1 requested_caps=1028 free=23769452 largest=16777204
[M213 address] track=12 pcm=0x486e1e34 base=0x486e1e34 bytes=352800 frames=176400 mod64=52 mod128=52 mod256=52 mod4096=3636 mod131072=7732 external=1 requested_caps=1028 free=23769452 largest=16777204
[M213 address] track=13 pcm=0x48739e38 base=0x48739e38 bytes=44100 frames=22050 mod64=56 mod128=56 mod256=56 mod4096=3640 mod131072=106040 external=1 requested_caps=1028 free=23769452 largest=16777204
[M213 address] track=14 pcm=0x48744e3c base=0x48744e3c bytes=352800 frames=176400 mod64=60 mod128=60 mod256=60 mod4096=3644 mod131072=20028 external=1 requested_caps=1028 free=23769452 largest=16777204
[M213 address] track=15 pcm=0x48f37f1c base=0x48f37f1c bytes=352800 frames=176400 mod64=28 mod128=28 mod256=28 mod4096=3868 mod131072=98076 external=1 requested_caps=1028 free=23769452 largest=16777204
[M213 locality] tag=5 order=0 eviction=0 repeats=32 reads=131072 us=8896 max=2099 checksum=3442474688 sweep=0 concurrent_audio=1 cold_proven=0
[M213 locality] tag=5 order=1 eviction=0 repeats=32 reads=131072 us=2330 max=77 checksum=3442474688 sweep=0 concurrent_audio=1 cold_proven=0
[M213 locality] tag=5 order=2 eviction=0 repeats=32 reads=131072 us=7002 max=2027 checksum=3442474688 sweep=0 concurrent_audio=1 cold_proven=0
[M213 locality] tag=5 order=0 eviction=1 repeats=32 reads=131072 us=15881 max=2443 checksum=3442474688 sweep=524288 concurrent_audio=1 cold_proven=0
[M213 locality] tag=5 order=1 eviction=1 repeats=32 reads=131072 us=6991 max=2227 checksum=3442474688 sweep=1048576 concurrent_audio=1 cold_proven=0
[M213 locality] tag=5 order=2 eviction=1 repeats=32 reads=131072 us=11973 max=2308 checksum=3442474688 sweep=1572864 concurrent_audio=1 cold_proven=0
[M213 locality complete] tag=5
[M213 physical] tag=5 complete=1
[Q HEAP] tag=store_done internal=173408 free=23769452 largest=16777204 payload=4718700
[Q STORE DONE] op=8

# HOST STORE 12
[Q COMMAND] STORE 12
[Q HEAP] tag=pressure internal=173408 free=5386580 largest=4718580 payload=4718700
[Q HEAP] tag=store_done internal=173408 free=5386580 largest=4718580 payload=4718700
[Q STORE DONE] op=12

# HOST LOAD 0 5
[Q COMMAND] LOAD 0 5
[Q ACK] load=1
[Q COMMAND] 
[Q ACK] invalid=1

# HOST STATE
[Q COMMAND] STATE
[Q STATE] bpm=120 swing=50 playing=0 mode=0 chain_length=0 chain_loop=0 project_busy=0 restoring=0 sample_busy=0 project_status=PROJECT READY sample_status=Sample exceeds PSRAM budget
[Q TRACK] track=0 source=1 pitch=60 synth_pitch=36 sample_pitch=60 mute=0 solo=0 start=0 end=65535 reverse=0 mode=0 choke=0 cutoff=0 resonance=0 send=127 slices=1 enabled=0 selected=0 frames=176400 waveform=5e370bb2 name=m19p_snare.wav
[Q SLICE] track=0 index=0 start=0 end=65535
[Q TRACK] track=1 source=1 pitch=60 synth_pitch=39 sample_pitch=60 mute=0 solo=0 start=0 end=65535 reverse=0 mode=0 choke=0 cutoff=0 resonance=0 send=127 slices=1 enabled=0 selected=0 frames=176400 waveform=0720701a name=m19p_mixed.wav
[Q SLICE] track=1 index=0 start=0 end=65535
[Q TRACK] track=2 source=1 pitch=60 synth_pitch=42 sample_pitch=60 mute=0 solo=0 start=0 end=65535 reverse=0 mode=0 choke=0 cutoff=0 resonance=0 send=127 slices=1 enabled=0 selected=0 frames=176400 waveform=595ef306 name=m19p_stereo.wav
[Q SLICE] track=2 index=0 start=0 end=65535
[Q TRACK] track=3 source=1 pitch=60 synth_pitch=45 sample_pitch=60 mute=0 solo=0 start=0 end=65535 reverse=0 mode=0 choke=0 cutoff=0 resonance=0 send=127 slices=1 enabled=0 selected=0 frames=22050 waveform=0ee7dbac name=m19p_oneshot.wav
[Q SLICE] track=3 index=0 start=0 end=65535
[Q PATTERN] index=0 length=16 masks=0000,0000,0000
[Q LOCK] pattern=0 step=0 mask=0 slice=0
[Q LOCK] pattern=0 step=1 mask=0 slice=0
[Q LOCK] pattern=0 step=2 mask=0 slice=0
[Q LOCK] pattern=0 step=3 mask=0 slice=0
[Q PATTERN] index=1 length=16 masks=0000,0000,0000
[Q LOCK] pattern=1 step=0 mask=0 slice=0
[Q LOCK] pattern=1 step=1 mask=0 slice=0
[Q LOCK] pattern=1 step=2 mask=0 slice=0
[Q LOCK] pattern=1 step=3 mask=0 slice=0
[Q PATTERN] index=2 length=16 masks=0000,0000,0000
[Q LOCK] pattern=2 step=0 mask=0 slice=0
[Q LOCK] pattern=2 step=1 mask=0 slice=0
[Q LOCK] pattern=2 step=2 mask=0 slice=0
[Q LOCK] pattern=2 step=3 mask=0 slice=0
[Q PATTERN] index=3 length=16 masks=0000,0000,0000
[Q LOCK] pattern=3 step=0 mask=0 slice=0
[Q LOCK] pattern=3 step=1 mask=0 slice=0
[Q LOCK] pattern=3 step=2 mask=0 slice=0
[Q LOCK] pattern=3 step=3 mask=0 slice=0
[Q TRANSIENT] state=0 request=0 progress=0 count=1 stale_discarded=0 apply=0 cancel=0 duration_max_us=0 chunk_max_us=0
[Q PROPOSAL] index=0 start=0 end=65535
[Q HEAP] tag=state internal=173408 free=5386580 largest=4718580
[Q PLAYBACK] triggers=0 reverse=0 gate=0 releases=0 chokes=0 retriggers=0 repeat_accepts=0 repeat_hits=0 chain_loops=0

# HOST STORE 13
[Q COMMAND] STORE 13
[Q HEAP] tag=store_done internal=173408 free=25932268 largest=16777204 payload=4718700
[Q STORE DONE] op=13

# HOST LOAD 0 5
[Q COMMAND] LOAD 0 5
[Q ACK] load=1
[M6 read] bytes=4194304 read_us=8047038 bytes_per_second=521223 original_channels=1 rate=44100 total_psram=33554432
[M6 load] track=0 file_bytes=4194348 pcm_bytes=4194304 load_publish_us=8538408 payload=8560204 transient=4194304 peak_payload=8913004 ps_free=21967340 largest=16777204 internal=173408 display=2304000 fx_delay=352800 reserve=4194304
[M6.1 replacement] retired_clear=1 ps_delta=3964928 status=READY
[M213 address] track=0 pcm=0x4879ce40 base=0x4879ce40 bytes=4194304 frames=2097152 mod64=0 mod128=64 mod256=64 mod4096=3648 mod131072=118336 external=1 requested_caps=1028 free=21967340 largest=16777204

# HOST STORE 8
[Q COMMAND] STORE 8
[M213 address] track=0 pcm=0x4879ce40 base=0x4879ce40 bytes=4194304 frames=2097152 mod64=0 mod128=64 mod256=64 mod4096=3648 mod131072=118336 external=1 requested_caps=1028 free=21967340 largest=16777204
[M213 address] track=1 pcm=0x483b3e08 base=0x483b3e08 bytes=352800 frames=176400 mod64=8 mod128=8 mod256=8 mod4096=3592 mod131072=81416 external=1 requested_caps=1028 free=21967340 largest=16777204
[M213 address] track=2 pcm=0x4840be0c base=0x4840be0c bytes=352800 frames=176400 mod64=12 mod128=12 mod256=12 mod4096=3596 mod131072=48652 external=1 requested_caps=1028 free=21967340 largest=16777204
[M213 address] track=3 pcm=0x48463e10 base=0x48463e10 bytes=44100 frames=22050 mod64=16 mod128=16 mod256=16 mod4096=3600 mod131072=15888 external=1 requested_caps=1028 free=21967340 largest=16777204
[M213 address] track=4 pcm=0x4846ee14 base=0x4846ee14 bytes=352800 frames=176400 mod64=20 mod128=20 mod256=20 mod4096=3604 mod131072=60948 external=1 requested_caps=1028 free=21967340 largest=16777204
[M213 address] track=5 pcm=0x484c6e18 base=0x484c6e18 bytes=352800 frames=176400 mod64=24 mod128=24 mod256=24 mod4096=3608 mod131072=28184 external=1 requested_caps=1028 free=21967340 largest=16777204
[M213 address] track=6 pcm=0x4851ee1c base=0x4851ee1c bytes=352800 frames=176400 mod64=28 mod128=28 mod256=28 mod4096=3612 mod131072=126492 external=1 requested_caps=1028 free=21967340 largest=16777204
[M213 address] track=7 pcm=0x48576e20 base=0x48576e20 bytes=352800 frames=176400 mod64=32 mod128=32 mod256=32 mod4096=3616 mod131072=93728 external=1 requested_caps=1028 free=21967340 largest=16777204
[M213 address] track=8 pcm=0x485cee24 base=0x485cee24 bytes=44100 frames=22050 mod64=36 mod128=36 mod256=36 mod4096=3620 mod131072=60964 external=1 requested_caps=1028 free=21967340 largest=16777204
[M213 address] track=9 pcm=0x485d9e28 base=0x485d9e28 bytes=352800 frames=176400 mod64=40 mod128=40 mod256=40 mod4096=3624 mod131072=106024 external=1 requested_caps=1028 free=21967340 largest=16777204
[M213 address] track=10 pcm=0x48631e2c base=0x48631e2c bytes=352800 frames=176400 mod64=44 mod128=44 mod256=44 mod4096=3628 mod131072=73260 external=1 requested_caps=1028 free=21967340 largest=16777204
[M213 address] track=11 pcm=0x48689e30 base=0x48689e30 bytes=352800 frames=176400 mod64=48 mod128=48 mod256=48 mod4096=3632 mod131072=40496 external=1 requested_caps=1028 free=21967340 largest=16777204
[M213 address] track=12 pcm=0x486e1e34 base=0x486e1e34 bytes=352800 frames=176400 mod64=52 mod128=52 mod256=52 mod4096=3636 mod131072=7732 external=1 requested_caps=1028 free=21967340 largest=16777204
[M213 address] track=13 pcm=0x48739e38 base=0x48739e38 bytes=44100 frames=22050 mod64=56 mod128=56 mod256=56 mod4096=3640 mod131072=106040 external=1 requested_caps=1028 free=21967340 largest=16777204
[M213 address] track=14 pcm=0x48744e3c base=0x48744e3c bytes=352800 frames=176400 mod64=60 mod128=60 mod256=60 mod4096=3644 mod131072=20028 external=1 requested_caps=1028 free=21967340 largest=16777204
[M213 address] track=15 pcm=0x48f37f1c base=0x48f37f1c bytes=352800 frames=176400 mod64=28 mod128=28 mod256=28 mod4096=3868 mod131072=98076 external=1 requested_caps=1028 free=21967340 largest=16777204
[M213 locality] tag=6 order=0 eviction=0 repeats=32 reads=131072 us=14839 max=2388 checksum=3441764352 sweep=0 concurrent_audio=1 cold_proven=0
[M213 locality] tag=6 order=1 eviction=0 repeats=32 reads=131072 us=4180 max=1929 checksum=3441764352 sweep=0 concurrent_audio=1 cold_proven=0
[M213 locality] tag=6 order=2 eviction=0 repeats=32 reads=131072 us=8891 max=2052 checksum=3441764352 sweep=0 concurrent_audio=1 cold_proven=0
[M213 locality] tag=6 order=0 eviction=1 repeats=32 reads=131072 us=11884 max=2348 checksum=3441764352 sweep=524288 concurrent_audio=1 cold_proven=0
[M213 locality] tag=6 order=1 eviction=1 repeats=32 reads=131072 us=9143 max=2206 checksum=3441764352 sweep=1048576 concurrent_audio=1 cold_proven=0
[M213 locality] tag=6 order=2 eviction=1 repeats=32 reads=131072 us=9866 max=2294 checksum=3441764352 sweep=1572864 concurrent_audio=1 cold_proven=0
[M213 locality complete] tag=6
[M213 physical] tag=6 complete=1
[Q HEAP] tag=store_done internal=173408 free=21967340 largest=16777204 payload=8560204
[Q STORE DONE] op=8

# HOST SAVE M213_LAYOUT_QUAL
[Q COMMAND] SAVE M213_LAYOUT_QUAL
[Q ACK] save=1

# HOST PROJECT M213_LAYOUT_QUAL
[Q COMMAND] PROJECT M213_LAYOUT_QUAL
[Q ACK] project=1
[Q COMMAND] 
[Q ACK] invalid=1

# HOST STATE
[Q COMMAND] STATE
[Q STATE] bpm=120 swing=50 playing=0 mode=0 chain_length=0 chain_loop=0 project_busy=1 restoring=1 sample_busy=0 project_status=LOADING SAMPLES 1/16 sample_status=SAMPLE READY
[Q TRACK] track=0 source=1 pitch=60 synth_pitch=36 sample_pitch=60 mute=0 solo=0 start=0 end=65535 reverse=0 mode=0 choke=0 cutoff=0 resonance=0 send=127 slices=1 enabled=0 selected=0 frames=0 waveform=5f6c8245 name=
[Q SLICE] track=0 index=0 start=0 end=65535
[Q TRACK] track=1 source=1 pitch=60 synth_pitch=39 sample_pitch=60 mute=0 solo=0 start=0 end=65535 reverse=0 mode=0 choke=0 cutoff=0 resonance=0 send=127 slices=1 enabled=0 selected=0 frames=0 waveform=5f6c8245 name=
[Q SLICE] track=1 index=0 start=0 end=65535
[Q TRACK] track=2 source=1 pitch=60 synth_pitch=42 sample_pitch=60 mute=0 solo=0 start=0 end=65535 reverse=0 mode=0 choke=0 cutoff=0 resonance=0 send=127 slices=1 enabled=0 selected=0 frames=0 waveform=5f6c8245 name=
[Q SLICE] track=2 index=0 start=0 end=65535
[Q TRACK] track=3 source=1 pitch=60 synth_pitch=45 sample_pitch=60 mute=0 solo=0 start=0 end=65535 reverse=0 mode=0 choke=0 cutoff=0 resonance=0 send=127 slices=1 enabled=0 selected=0 frames=0 waveform=5f6c8245 name=
[Q SLICE] track=3 index=0 start=0 end=65535
[Q PATTERN] index=0 length=16 masks=0000,0000,0000
[Q LOCK] pattern=0 step=0 mask=0 slice=0
[Q LOCK] pattern=0 step=1 mask=0 slice=0
[Q LOCK] pattern=0 step=2 mask=0 slice=0
[Q LOCK] pattern=0 step=3 mask=0 slice=0
[Q PATTERN] index=1 length=16 masks=0000,0000,0000
[Q LOCK] pattern=1 step=0 mask=0 slice=0
[Q LOCK] pattern=1 step=1 mask=0 slice=0
[Q LOCK] pattern=1 step=2 mask=0 slice=0
[Q LOCK] pattern=1 step=3 mask=0 slice=0
[Q PATTERN] index=2 length=16 masks=0000,0000,0000
[Q LOCK] pattern=2 step=0 mask=0 slice=0
[Q LOCK] pattern=2 step=1 mask=0 slice=0
[Q LOCK] pattern=2 step=2 mask=0 slice=0
[Q LOCK] pattern=2 step=3 mask=0 slice=0
[Q PATTERN] index=3 length=16 masks=0000,0000,0000
[Q LOCK] pattern=3 step=0 mask=0 slice=0
[Q LOCK] pattern=3 step=1 mask=0 slice=0
[Q LOCK] pattern=3 step=2 mask=0 slice=0
[Q LOCK] pattern=3 step=3 mask=0 slice=0
[Q TRANSIENT] state=0 request=0 progress=0 count=1 stale_discarded=0 apply=0 cancel=0 duration_max_us=0 chunk_max_us=0
[Q PROPOSAL] index=0 start=0 end=65535
[Q HEAP] tag=state internal=191912 free=26427944 largest=26214388
[Q PLAYBACK] triggers=0 reverse=0 gate=0 releases=0 chokes=0 retriggers=0 repeat_accepts=0 repeat_hits=0 chain_loops=0
[Q COMMAND] 
[Q ACK] invalid=1

# HOST STATE
[Q COMMAND] STATE
[Q STATE] bpm=120 swing=50 playing=0 mode=0 chain_length=0 chain_loop=0 project_busy=1 restoring=1 sample_busy=0 project_status=LOADING SAMPLES 1/16 sample_status=SAMPLE READY
[Q TRACK] track=0 source=1 pitch=60 synth_pitch=36 sample_pitch=60 mute=0 solo=0 start=0 end=65535 reverse=0 mode=0 choke=0 cutoff=0 resonance=0 send=127 slices=1 enabled=0 selected=0 frames=0 waveform=5f6c8245 name=
[Q SLICE] track=0 index=0 start=0 end=65535
[Q TRACK] track=1 source=1 pitch=60 synth_pitch=39 sample_pitch=60 mute=0 solo=0 start=0 end=65535 reverse=0 mode=0 choke=0 cutoff=0 resonance=0 send=127 slices=1 enabled=0 selected=0 frames=0 waveform=5f6c8245 name=
[Q SLICE] track=1 index=0 start=0 end=65535
[Q TRACK] track=2 source=1 pitch=60 synth_pitch=42 sample_pitch=60 mute=0 solo=0 start=0 end=65535 reverse=0 mode=0 choke=0 cutoff=0 resonance=0 send=127 slices=1 enabled=0 selected=0 frames=0 waveform=5f6c8245 name=
[Q SLICE] track=2 index=0 start=0 end=65535
[Q TRACK] track=3 source=1 pitch=60 synth_pitch=45 sample_pitch=60 mute=0 solo=0 start=0 end=65535 reverse=0 mode=0 choke=0 cutoff=0 resonance=0 send=127 slices=1 enabled=0 selected=0 frames=0 waveform=5f6c8245 name=
[Q SLICE] track=3 index=0 start=0 end=65535
[Q PATTERN] index=0 length=16 masks=0000,0000,0000
[Q LOCK] pattern=0 step=0 mask=0 slice=0
[Q LOCK] pattern=0 step=1 mask=0 slice=0
[Q LOCK] pattern=0 step=2 mask=0 slice=0
[Q LOCK] pattern=0 step=3 mask=0 slice=0
[Q PATTERN] index=1 length=16 masks=0000,0000,0000
[Q LOCK] pattern=1 step=0 mask=0 slice=0
[Q LOCK] pattern=1 step=1 mask=0 slice=0
[Q LOCK] pattern=1 step=2 mask=0 slice=0
[Q LOCK] pattern=1 step=3 mask=0 slice=0
[Q PATTERN] index=2 length=16 masks=0000,0000,0000
[Q LOCK] pattern=2 step=0 mask=0 slice=0
[Q LOCK] pattern=2 step=1 mask=0 slice=0
[Q LOCK] pattern=2 step=2 mask=0 slice=0
[Q LOCK] pattern=2 step=3 mask=0 slice=0
[Q PATTERN] index=3 length=16 masks=0000,0000,0000
[Q LOCK] pattern=3 step=0 mask=0 slice=0
[Q LOCK] pattern=3 step=1 mask=0 slice=0
[Q LOCK] pattern=3 step=2 mask=0 slice=0
[Q LOCK] pattern=3 step=3 mask=0 slice=0
[Q TRANSIENT] state=0 request=0 progress=0 count=1 stale_discarded=0 apply=0 cancel=0 duration_max_us=0 chunk_max_us=0
[Q PROPOSAL] index=0 start=0 end=65535
[Q HEAP] tag=state internal=191912 free=26427944 largest=26214388
[Q PLAYBACK] triggers=0 reverse=0 gate=0 releases=0 chokes=0 retriggers=0 repeat_accepts=0 repeat_hits=0 chain_loops=0
[Q COMMAND] 
[Q ACK] invalid=1

# HOST STATE
[Q COMMAND] STATE
[Q STATE] bpm=120 swing=50 playing=0 mode=0 chain_length=0 chain_loop=0 project_busy=1 restoring=1 sample_busy=0 project_status=LOADING SAMPLES 1/16 sample_status=SAMPLE READY
[Q TRACK] track=0 source=1 pitch=60 synth_pitch=36 sample_pitch=60 mute=0 solo=0 start=0 end=65535 reverse=0 mode=0 choke=0 cutoff=0 resonance=0 send=127 slices=1 enabled=0 selected=0 frames=0 waveform=5f6c8245 name=
[Q SLICE] track=0 index=0 start=0 end=65535
[Q TRACK] track=1 source=1 pitch=60 synth_pitch=39 sample_pitch=60 mute=0 solo=0 start=0 end=65535 reverse=0 mode=0 choke=0 cutoff=0 resonance=0 send=127 slices=1 enabled=0 selected=0 frames=0 waveform=5f6c8245 name=
[Q SLICE] track=1 index=0 start=0 end=65535
[Q TRACK] track=2 source=1 pitch=60 synth_pitch=42 sample_pitch=60 mute=0 solo=0 start=0 end=65535 reverse=0 mode=0 choke=0 cutoff=0 resonance=0 send=127 slices=1 enabled=0 selected=0 frames=0 waveform=5f6c8245 name=
[Q SLICE] track=2 index=0 start=0 end=65535
[Q TRACK] track=3 source=1 pitch=60 synth_pitch=45 sample_pitch=60 mute=0 solo=0 start=0 end=65535 reverse=0 mode=0 choke=0 cutoff=0 resonance=0 send=127 slices=1 enabled=0 selected=0 frames=0 waveform=5f6c8245 name=
[Q SLICE] track=3 index=0 start=0 end=65535
[Q PATTERN] index=0 length=16 masks=0000,0000,0000
[Q LOCK] pattern=0 step=0 mask=0 slice=0
[Q LOCK] pattern=0 step=1 mask=0 slice=0
[Q LOCK] pattern=0 step=2 mask=0 slice=0
[Q LOCK] pattern=0 step=3 mask=0 slice=0
[Q PATTERN] index=1 length=16 masks=0000,0000,0000
[Q LOCK] pattern=1 step=0 mask=0 slice=0
[Q LOCK] pattern=1 step=1 mask=0 slice=0
[Q LOCK] pattern=1 step=2 mask=0 slice=0
[Q LOCK] pattern=1 step=3 mask=0 slice=0
[Q PATTERN] index=2 length=16 masks=0000,0000,0000
[Q LOCK] pattern=2 step=0 mask=0 slice=0
[Q LOCK] pattern=2 step=1 mask=0 slice=0
[Q LOCK] pattern=2 step=2 mask=0 slice=0
[Q LOCK] pattern=2 step=3 mask=0 slice=0
[Q PATTERN] index=3 length=16 masks=0000,0000,0000
[Q LOCK] pattern=3 step=0 mask=0 slice=0
[Q LOCK] pattern=3 step=1 mask=0 slice=0
[Q LOCK] pattern=3 step=2 mask=0 slice=0
[Q LOCK] pattern=3 step=3 mask=0 slice=0
[Q TRANSIENT] state=0 request=0 progress=0 count=1 stale_discarded=0 apply=0 cancel=0 duration_max_us=0 chunk_max_us=0
[Q PROPOSAL] index=0 start=0 end=65535
[Q HEAP] tag=state internal=191912 free=26427944 largest=26214388
[Q PLAYBACK] triggers=0 reverse=0 gate=0 releases=0 chokes=0 retriggers=0 repeat_accepts=0 repeat_hits=0 chain_loops=0
[Q COMMAND] 
[Q ACK] invalid=1

# HOST STATE
[Q COMMAND] STATE
[Q STATE] bpm=120 swing=50 playing=0 mode=0 chain_length=0 chain_loop=0 project_busy=1 restoring=1 sample_busy=0 project_status=LOADING SAMPLES 1/16 sample_status=SAMPLE READY
[Q TRACK] track=0 source=1 pitch=60 synth_pitch=36 sample_pitch=60 mute=0 solo=0 start=0 end=65535 reverse=0 mode=0 choke=0 cutoff=0 resonance=0 send=127 slices=1 enabled=0 selected=0 frames=0 waveform=5f6c8245 name=
[Q SLICE] track=0 index=0 start=0 end=65535
[Q TRACK] track=1 source=1 pitch=60 synth_pitch=39 sample_pitch=60 mute=0 solo=0 start=0 end=65535 reverse=0 mode=0 choke=0 cutoff=0 resonance=0 send=127 slices=1 enabled=0 selected=0 frames=0 waveform=5f6c8245 name=
[Q SLICE] track=1 index=0 start=0 end=65535
[Q TRACK] track=2 source=1 pitch=60 synth_pitch=42 sample_pitch=60 mute=0 solo=0 start=0 end=65535 reverse=0 mode=0 choke=0 cutoff=0 resonance=0 send=127 slices=1 enabled=0 selected=0 frames=0 waveform=5f6c8245 name=
[Q SLICE] track=2 index=0 start=0 end=65535
[Q TRACK] track=3 source=1 pitch=60 synth_pitch=45 sample_pitch=60 mute=0 solo=0 start=0 end=65535 reverse=0 mode=0 choke=0 cutoff=0 resonance=0 send=127 slices=1 enabled=0 selected=0 frames=0 waveform=5f6c8245 name=
[Q SLICE] track=3 index=0 start=0 end=65535
[Q PATTERN] index=0 length=16 masks=0000,0000,0000
[Q LOCK] pattern=0 step=0 mask=0 slice=0
[Q LOCK] pattern=0 step=1 mask=0 slice=0
[Q LOCK] pattern=0 step=2 mask=0 slice=0
[Q LOCK] pattern=0 step=3 mask=0 slice=0
[Q PATTERN] index=1 length=16 masks=0000,0000,0000
[Q LOCK] pattern=1 step=0 mask=0 slice=0
[Q LOCK] pattern=1 step=1 mask=0 slice=0
[Q LOCK] pattern=1 step=2 mask=0 slice=0
[Q LOCK] pattern=1 step=3 mask=0 slice=0
[Q PATTERN] index=2 length=16 masks=0000,0000,0000
[Q LOCK] pattern=2 step=0 mask=0 slice=0
[Q LOCK] pattern=2 step=1 mask=0 slice=0
[Q LOCK] pattern=2 step=2 mask=0 slice=0
[Q LOCK] pattern=2 step=3 mask=0 slice=0
[Q PATTERN] index=3 length=16 masks=0000,0000,0000
[Q LOCK] pattern=3 step=0 mask=0 slice=0
[Q LOCK] pattern=3 step=1 mask=0 slice=0
[Q LOCK] pattern=3 step=2 mask=0 slice=0
[Q LOCK] pattern=3 step=3 mask=0 slice=0
[Q TRANSIENT] state=0 request=0 progress=0 count=1 stale_discarded=0 apply=0 cancel=0 duration_max_us=0 chunk_max_us=0
[Q PROPOSAL] index=0 start=0 end=65535
[Q HEAP] tag=state internal=192440 free=26427944 largest=26214388
[Q PLAYBACK] triggers=0 reverse=0 gate=0 releases=0 chokes=0 retriggers=0 repeat_accepts=0 repeat_hits=0 chain_loops=0
[Q COMMAND] 
[Q ACK] invalid=1

# HOST STATE
[Q COMMAND] STATE
[Q STATE] bpm=120 swing=50 playing=0 mode=0 chain_length=0 chain_loop=0 project_busy=1 restoring=1 sample_busy=0 project_status=LOADING SAMPLES 1/16 sample_status=SAMPLE READY
[Q TRACK] track=0 source=1 pitch=60 synth_pitch=36 sample_pitch=60 mute=0 solo=0 start=0 end=65535 reverse=0 mode=0 choke=0 cutoff=0 resonance=0 send=127 slices=1 enabled=0 selected=0 frames=0 waveform=5f6c8245 name=
[Q SLICE] track=0 index=0 start=0 end=65535
[Q TRACK] track=1 source=1 pitch=60 synth_pitch=39 sample_pitch=60 mute=0 solo=0 start=0 end=65535 reverse=0 mode=0 choke=0 cutoff=0 resonance=0 send=127 slices=1 enabled=0 selected=0 frames=0 waveform=5f6c8245 name=
[Q SLICE] track=1 index=0 start=0 end=65535
[Q TRACK] track=2 source=1 pitch=60 synth_pitch=42 sample_pitch=60 mute=0 solo=0 start=0 end=65535 reverse=0 mode=0 choke=0 cutoff=0 resonance=0 send=127 slices=1 enabled=0 selected=0 frames=0 waveform=5f6c8245 name=
[Q SLICE] track=2 index=0 start=0 end=65535
[Q TRACK] track=3 source=1 pitch=60 synth_pitch=45 sample_pitch=60 mute=0 solo=0 start=0 end=65535 reverse=0 mode=0 choke=0 cutoff=0 resonance=0 send=127 slices=1 enabled=0 selected=0 frames=0 waveform=5f6c8245 name=
[Q SLICE] track=3 index=0 start=0 end=65535
[Q PATTERN] index=0 length=16 masks=0000,0000,0000
[Q LOCK] pattern=0 step=0 mask=0 slice=0
[Q LOCK] pattern=0 step=1 mask=0 slice=0
[Q LOCK] pattern=0 step=2 mask=0 slice=0
[Q LOCK] pattern=0 step=3 mask=0 slice=0
[Q PATTERN] index=1 length=16 masks=0000,0000,0000
[Q LOCK] pattern=1 step=0 mask=0 slice=0
[Q LOCK] pattern=1 step=1 mask=0 slice=0
[Q LOCK] pattern=1 step=2 mask=0 slice=0
[Q LOCK] pattern=1 step=3 mask=0 slice=0
[Q PATTERN] index=2 length=16 masks=0000,0000,0000
[Q LOCK] pattern=2 step=0 mask=0 slice=0
[Q LOCK] pattern=2 step=1 mask=0 slice=0
[Q LOCK] pattern=2 step=2 mask=0 slice=0
[Q LOCK] pattern=2 step=3 mask=0 slice=0
[Q PATTERN] index=3 length=16 masks=0000,0000,0000
[Q LOCK] pattern=3 step=0 mask=0 slice=0
[Q LOCK] pattern=3 step=1 mask=0 slice=0
[Q LOCK] pattern=3 step=2 mask=0 slice=0
[Q LOCK] pattern=3 step=3 mask=0 slice=0
[Q TRANSIENT] state=0 request=0 progress=0 count=1 stale_discarded=0 apply=0 cancel=0 duration_max_us=0 chunk_max_us=0
[Q PROPOSAL] index=0 start=0 end=65535
[Q HEAP] tag=state internal=197252 free=26427944 largest=26214388
[Q PLAYBACK] triggers=0 reverse=0 gate=0 releases=0 chokes=0 retriggers=0 repeat_accepts=0 repeat_hits=0 chain_loops=0
[M6 read] bytes=4194304 read_us=7958077 bytes_per_second=527049 original_channels=1 rate=44100 total_psram=33554432
[M6 load] track=0 file_bytes=4194348 pcm_bytes=4194304 load_publish_us=8448539 payload=4194304 transient=4194304 peak_payload=4194304 ps_free=26427944 largest=26214388 internal=197252 display=2304000 fx_delay=352800 reserve=4194304
[M6.1 replacement] retired_clear=1 ps_delta=4325380 status=READY
[M213 address] track=0 pcm=0x482abdfc base=0x482abdfc bytes=4194304 frames=2097152 mod64=60 mod128=124 mod256=252 mod4096=3580 mod131072=48636 external=1 requested_caps=1028 free=26427944 largest=26214388
[Q COMMAND] 
[Q ACK] invalid=1

# HOST STATE
[Q COMMAND] STATE
[M6 read] bytes=352800 read_us=705342 bytes_per_second=500182 original_channels=1 rate=44100 total_psram=33554432
[M6 load] track=1 file_bytes=352844 pcm_bytes=352800 load_publish_us=1138147 payload=4547104 transient=352800 peak_payload=4547104 ps_free=26067492 largest=25690100 internal=195648 display=2304000 fx_delay=352800 reserve=4194304
[M6.1 replacement] retired_clear=1 ps_delta=360452 status=READY
[M213 address] track=1 pcm=0x486cbe00 base=0x486cbe00 bytes=352800 frames=176400 mod64=0 mod128=0 mod256=0 mod4096=3584 mod131072=48640 external=1 requested_caps=1028 free=26067492 largest=25690100
[Q STATE] bpm=120 swing=50 playing=0 mode=0 chain_length=0 chain_loop=0 project_busy=1 restoring=1 sample_busy=0 project_status=LOADING SAMPLES 3/16 sample_status=SAMPLE READY
[Q TRACK] track=0 source=1 pitch=60 synth_pitch=36 sample_pitch=60 mute=0 solo=0 start=0 end=65535 reverse=0 mode=0 choke=0 cutoff=0 resonance=0 send=127 slices=1 enabled=0 selected=0 frames=2097152 waveform=0e481651 name=m19p_large.wav
[Q SLICE] track=0 index=0 start=0 end=65535
[Q TRACK] track=1 source=1 pitch=60 synth_pitch=39 sample_pitch=60 mute=0 solo=0 start=0 end=65535 reverse=0 mode=0 choke=0 cutoff=0 resonance=0 send=127 slices=1 enabled=0 selected=0 frames=176400 waveform=0720701a name=m19p_mixed.wav
[Q SLICE] track=1 index=0 start=0 end=65535
[Q TRACK] track=2 source=1 pitch=60 synth_pitch=42 sample_pitch=60 mute=0 solo=0 start=0 end=65535 reverse=0 mode=0 choke=0 cutoff=0 resonance=0 send=127 slices=1 enabled=0 selected=0 frames=0 waveform=5f6c8245 name=
[Q SLICE] track=2 index=0 start=0 end=65535
[Q TRACK] track=3 source=1 pitch=60 synth_pitch=45 sample_pitch=60 mute=0 solo=0 start=0 end=65535 reverse=0 mode=0 choke=0 cutoff=0 resonance=0 send=127 slices=1 enabled=0 selected=0 frames=0 waveform=5f6c8245 name=
[Q SLICE] track=3 index=0 start=0 end=65535
[Q PATTERN] index=0 length=16 masks=0000,0000,0000
[Q LOCK] pattern=0 step=0 mask=0 slice=0
[Q LOCK] pattern=0 step=1 mask=0 slice=0
[Q LOCK] pattern=0 step=2 mask=0 slice=0
[Q LOCK] pattern=0 step=3 mask=0 slice=0
[Q PATTERN] index=1 length=16 masks=0000,0000,0000
[Q LOCK] pattern=1 step=0 mask=0 slice=0
[Q LOCK] pattern=1 step=1 mask=0 slice=0
[Q LOCK] pattern=1 step=2 mask=0 slice=0
[Q LOCK] pattern=1 step=3 mask=0 slice=0
[Q PATTERN] index=2 length=16 masks=0000,0000,0000
[Q LOCK] pattern=2 step=0 mask=0 slice=0
[Q LOCK] pattern=2 step=1 mask=0 slice=0
[Q LOCK] pattern=2 step=2 mask=0 slice=0
[Q LOCK] pattern=2 step=3 mask=0 slice=0
[Q PATTERN] index=3 length=16 masks=0000,0000,0000
[Q LOCK] pattern=3 step=0 mask=0 slice=0
[Q LOCK] pattern=3 step=1 mask=0 slice=0
[Q LOCK] pattern=3 step=2 mask=0 slice=0
[Q LOCK] pattern=3 step=3 mask=0 slice=0
[Q TRANSIENT] state=0 request=0 progress=0 count=1 stale_discarded=0 apply=0 cancel=0 duration_max_us=0 chunk_max_us=0
[Q PROPOSAL] index=0 start=0 end=65535
[Q HEAP] tag=state internal=188704 free=25707040 largest=25690100
[Q PLAYBACK] triggers=0 reverse=0 gate=0 releases=0 chokes=0 retriggers=0 repeat_accepts=0 repeat_hits=0 chain_loops=0
[M6 read] bytes=705600 read_us=1249685 bytes_per_second=564622 original_channels=2 rate=44100 total_psram=33554432
[M6 load] track=2 file_bytes=705644 pcm_bytes=352800 load_publish_us=1682674 payload=4899904 transient=352800 peak_payload=4899904 ps_free=25707040 largest=25690100 internal=194044 display=2304000 fx_delay=352800 reserve=4194304
[M6.1 replacement] retired_clear=1 ps_delta=360452 status=READY
[M213 address] track=2 pcm=0x48723e04 base=0x48723e04 bytes=352800 frames=176400 mod64=4 mod128=4 mod256=4 mod4096=3588 mod131072=15876 external=1 requested_caps=1028 free=25707040 largest=25690100
[Q COMMAND] 
[Q ACK] invalid=1

# HOST STATE
[Q COMMAND] STATE
[Q STATE] bpm=120 swing=50 playing=0 mode=0 chain_length=0 chain_loop=0 project_busy=1 restoring=1 sample_busy=0 project_status=LOADING SAMPLES 4/16 sample_status=SAMPLE READY
[Q TRACK] track=0 source=1 pitch=60 synth_pitch=36 sample_pitch=60 mute=0 solo=0 start=0 end=65535 reverse=0 mode=0 choke=0 cutoff=0 resonance=0 send=127 slices=1 enabled=0 selected=0 frames=2097152 waveform=0e481651 name=m19p_large.wav
[Q SLICE] track=0 index=0 start=0 end=65535
[Q TRACK] track=1 source=1 pitch=60 synth_pitch=39 sample_pitch=60 mute=0 solo=0 start=0 end=65535 reverse=0 mode=0 choke=0 cutoff=0 resonance=0 send=127 slices=1 enabled=0 selected=0 frames=176400 waveform=0720701a name=m19p_mixed.wav
[Q SLICE] track=1 index=0 start=0 end=65535
[Q TRACK] track=2 source=1 pitch=60 synth_pitch=42 sample_pitch=60 mute=0 solo=0 start=0 end=65535 reverse=0 mode=0 choke=0 cutoff=0 resonance=0 send=127 slices=1 enabled=0 selected=0 frames=176400 waveform=595ef306 name=m19p_stereo.wav
[Q SLICE] track=2 index=0 start=0 end=65535
[Q TRACK] track=3 source=1 pitch=60 synth_pitch=45 sample_pitch=60 mute=0 solo=0 start=0 end=65535 reverse=0 mode=0 choke=0 cutoff=0 resonance=0 send=127 slices=1 enabled=0 selected=0 frames=0 waveform=5f6c8245 name=
[Q SLICE] track=3 index=0 start=0 end=65535
[Q PATTERN] index=0 length=16 masks=0000,0000,0000
[Q LOCK] pattern=0 step=0 mask=0 slice=0
[Q LOCK] pattern=0 step=1 mask=0 slice=0
[Q LOCK] pattern=0 step=2 mask=0 slice=0
[Q LOCK] pattern=0 step=3 mask=0 slice=0
[Q PATTERN] index=1 length=16 masks=0000,0000,0000
[Q LOCK] pattern=1 step=0 mask=0 slice=0
[Q LOCK] pattern=1 step=1 mask=0 slice=0
[Q LOCK] pattern=1 step=2 mask=0 slice=0
[Q LOCK] pattern=1 step=3 mask=0 slice=0
[Q PATTERN] index=2 length=16 masks=0000,0000,0000
[Q LOCK] pattern=2 step=0 mask=0 slice=0
[Q LOCK] pattern=2 step=1 mask=0 slice=0
[Q LOCK] pattern=2 step=2 mask=0 slice=0
[Q LOCK] pattern=2 step=3 mask=0 slice=0
[Q PATTERN] index=3 length=16 masks=0000,0000,0000
[Q LOCK] pattern=3 step=0 mask=0 slice=0
[Q LOCK] pattern=3 step=1 mask=0 slice=0
[Q LOCK] pattern=3 step=2 mask=0 slice=0
[Q LOCK] pattern=3 step=3 mask=0 slice=0
[Q TRANSIENT] state=0 request=0 progress=0 count=1 stale_discarded=0 apply=0 cancel=0 duration_max_us=0 chunk_max_us=0
[Q PROPOSAL] index=0 start=0 end=65535
[Q HEAP] tag=state internal=192440 free=25661980 largest=25165812
[Q PLAYBACK] triggers=0 reverse=0 gate=0 releases=0 chokes=0 ret[M6 read] bytes=44100 read_us=94343 bytes_per_second=467443 original_channels=1 rate=44100 total_psram=33554432
[M6 load] track=3 file_bytes=44144 pcm_bytes=44100 load_publish_us=526890 payload=4944004 transient=44100 peak_payload=4944004 ps_free=25661980 largest=25165812 internal=192440 display=2304000 fx_delay=352800 reserve=4194304
[M6.1 replacement] retired_clear=1 ps_delta=45060 status=READY
[M213 address] track=3 pcm=0x4877be08 base=0x4877be08 bytes=44100 frames=22050 mod64=8 mod128=8 mod256=8 mod4096=3592 mod131072=114184 external=1 requested_caps=1028 free=25661980 largest=25165812
riggers=0 repeat_accepts=0 repeat_hits=0 chain_loops=0
[M6 read] bytes=352800 read_us=751172 bytes_per_second=469666 original_channels=1 rate=44100 total_psram=33554432
[M6 load] track=4 file_bytes=352844 pcm_bytes=352800 load_publish_us=1183896 payload=5296804 transient=352800 peak_payload=5296804 ps_free=25301528 largest=25165812 internal=190836 display=2304000 fx_delay=352800 reserve=4194304
[M6.1 replacement] retired_clear=1 ps_delta=360452 status=READY
[M213 address] track=4 pcm=0x48786e0c base=0x48786e0c bytes=352800 frames=176400 mod64=12 mod128=12 mod256=12 mod4096=3596 mod131072=28172 external=1 requested_caps=1028 free=25301528 largest=25165812
[Q COMMAND] 
[Q ACK] invalid=1

# HOST STATE
[Q COMMAND] STATE
[Q STATE] bpm=120 swing=50 playing=0 mode=0 chain_length=0 chain_loop=0 project_busy=1 restoring=1 sample_busy=0 project_status=LOADING SAMPLES 6/16 sample_status=SAMPLE READY
[Q TRACK] track=0 source=1 pitch=60 synth_pitch=36 sample_pitch=60 mute=0 solo=0 start=0 end=65535 reverse=0 mode=0 choke=0 cutoff=0 resonance=0 send=127 slices=1 enabled=0 selected=0 frames=2097152 waveform=0e481651 name=m19p_large.wav
[Q SLICE] track=0 index=0 start=0 end=65535
[Q TRACK] track=1 source=1 pitch=60 synth_pitch=39 sample_pitch=60 mute=0 solo=0 start=0 end=65535 reverse=0 mode=0 choke=0 cutoff=0 resonance=0 send=127 slices=1 enabled=0 selected=0 frames=176400 waveform=0720701a name=m19p_mixed.wav
[Q SLICE] track=1 index=0 start=0 end=65535
[Q TRACK] track=2 source=1 pitch=60 synth_pitch=42 sample_pitch=60 mute=0 solo=0 start=0 end=65535 reverse=0 mode=0 choke=0 cutoff=0 resonance=0 send=127 slices=1 enabled=0 selected=0 frames=176400 waveform=595ef306 name=m19p_stereo.wav
[Q SLICE] track=2 index=0 start=0 end=65535
[Q TRACK] track=3 source=1 pitch=60 synth_pitch=45 sample_pitch=60 mute=0 solo=0 start=0 end=65535 reverse=0 mode=0 choke=0 cutoff=0 resonance=0 send=127 slices=1 enabled=0 selected=0 frames=22050 waveform=0ee7dbac name=m19p_oneshot.wav
[Q SLICE] track=3 index=0 start=0 end=65535
[Q PATTERN] index=0 length=16 masks=0000,0000,0000
[Q LOCK] pattern=0 step=0 mask=0 slice=0
[Q LOCK] pattern=0 step=1 mask=0 slice=0
[Q LOCK] pattern=0 step=2 mask=0 slice=0
[Q LOCK] pattern=0 step=3 mask=0 slice=0
[Q PATTERN] index=1 length=16 masks=0000,0000,0000
[Q LOCK] pattern=1 step=0 mask=0 slice=0
[Q LOCK] pattern=1 step=1 mask=0 slice=0
[Q LOCK] pattern=1 step=2 mask=0 slice=0
[Q LOCK] pattern=1 step=3 mask=0 slice=0
[Q PATTERN] index=2 length=16 masks=0000,0000,0000
[Q LOCK] pattern=2 step=0 mask=0 slice=0
[Q LOCK] pattern=2 step=1 mask=0 slice=0
[Q LOCK] pattern=2 step=2 mask=0 slice=0
[Q LOCK] pattern=2 step=3 mask=0 slice=0
[Q PATTERN] index=3 length=16 masks=0000,0000,0000
[Q LOCK] pattern=3 step=0 mask=0 slice=0
[Q LOCK] pattern=3 step=1 mask=0 slice=0
[Q LOCK] pattern=3 step=2 mask=0 slice=0
[Q LOCK] pattern=3 step=3 mask=0 slice=0
[Q TRANSIENT] state=0 request=0 progress=0 count=1 stale_discarded=0 apply=0 cancel=0 duration_max_us=0 chunk_max_us=0
[Q PROPOSAL] index=0 start=0 end=65535
[Q HEAP] tag=state internal=183892 free=24941076 largest=24641524
[Q PLAYBACK] triggers=0 reverse=0 gate=0 releases=0 chokes=0 retriggers=0 repeat_accepts=0 repeat_hits=0 chain_loops=0
[M6 read] bytes=352800 read_us=704033 bytes_per_second=501112 original_channels=1 rate=44100 total_psram=33554432
[M6 load] track=5 file_bytes=352844 pcm_bytes=352800 load_publish_us=1138001 payload=5649604 transient=352800 peak_payload=5649604 ps_free=24941076 largest=24641524 internal=189232 display=2304000 fx_delay=352800 reserve=4194304
[M6.1 replacement] retired_clear=1 ps_delta=360452 status=READY
[M213 address] track=5 pcm=0x487dee10 base=0x487dee10 bytes=352800 frames=176400 mod64=16 mod128=16 mod256=16 mod4096=3600 mod131072=126480 external=1 requested_caps=1028 free=24941076 largest=24641524
[Q COMMAND] 
[Q ACK] invalid=1

# HOST STATE
[Q COMMAND] STATE
[Q STATE] bpm=120 swing=50 playing=0 mode=0 chain_length=0 chain_loop=0 project_busy=1 restoring=1 sample_busy=0 project_status=LOADING SAMPLES 7/16 sample_status=SAMPLE READY
[Q TRACK] track=0 source=1 pitch=60 synth_pitch=36 sample_pitch=60 mute=0 solo=0 start=0 end=65535 reverse=0 mode=0 choke=0 cutoff=0 resonance=0 send=127 slices=1 enabled=0 selected=0 frames=2097152 waveform=0e481651 name=m19p_large.wav
[Q SLICE] track=0 index=0 start=0 end=65535
[Q TRACK] track=1 source=1 pitch=60 synth_pitch=39 sample_pitch=60 mute=0 solo=0 start=0 end=65535 reverse=0 mode=0 choke=0 cutoff=0 resonance=0 send=127 slices=1 enabled=0 selected=0 frames=176400 waveform=0720701a name=m19p_mixed.wav
[Q SLICE] track=1 index=0 start=0 end=65535
[Q TRACK] track=2 source=1 pitch=60 synth_pitch=42 sample_pitch=60 mute=0 solo=0 start=0 end=65535 reverse=0 mode=0 choke=0 cutoff=0 resonance=0 send=127 slices=1 enabled=0 selected=0 frames=176400 waveform=595ef306 name=m19p_stereo.wav
[Q SLICE] track=2 index=0 start=0 end=65535
[Q TRACK] track=3 source=1 pitch=60 synth_pitch=45 sample_pitch=60 mute=0 solo=0 start=0 end=65535 reverse=0 mode=0 choke=0 cutoff=0 resonance=0 send=127 slices=1 enabled=0 selected=0 frames=22050 waveform=0ee7dbac name=m19p_oneshot.wav
[Q SLICE] track=3 index=0 start=0 end=65535
[Q PATTERN] index=0 length=16 masks=0000,0000,0000
[Q LOCK] pattern=0 step=0 mask=0 slice=0
[Q LOCK] pattern=0 step=1 mask=0 slice=0
[Q LOCK] pattern=0 step=2 mask=0 slice=0
[Q LOCK] pattern=0 step=3 mask=0 slice=0
[Q PATTERN] index=1 length=16 masks=0000,0000,0000
[Q LOCK] pattern=1 step=0 mask=0 slice=0
[Q LOCK] pattern=1 step=1 mask=0 slice=0
[Q LOCK] pattern=1 step=2 mask=0 slice=0
[Q LOCK] pattern=1 step=3 mask=0 slice=0
[Q PATTERN] index=2 length=16 masks=0000,0000,0000
[M6 read] bytes=352800 read_us=704712 bytes_per_second=500630 original_channels=1 rate=44100 total_psram=33554432
[M6 load] track=6 file_bytes=352844 pcm_bytes=352800 load_publish_us=1143593 payload=6002404 transient=352800 peak_payload=6002404 ps_free=24580624 largest=24117236 internal=187628 display=2304000 fx_delay=352800 reserve=4194304
[M6.1 replacement] retired_clear=1 ps_delta=360452 status=READY
[M213 address] track=6 pcm=0x48836e14 base=0x48836e14 bytes=352800 frames=176400 mod64=20 mod128=20 mod256=20 mod4096=3604 mod131072=93716 external=1 requested_caps=1028 free=24580624 largest=24117236
[Q LOCK] pattern=2 step=0 mask=0 slice=0
[Q LOCK] pattern=2 step=1 mask=0 slice=0
[Q LOCK] pattern=2 step=2 mask=0 slice=0
[Q LOCK] pattern=2 step=3 mask=0 slice=0
[Q PATTERN] index=3 length=16 masks=0000,0000,0000
[Q LOCK] pattern=3 step=0 mask=0 slice=0
[Q LOCK] pattern=3 step=1 mask=0 slice=0
[Q LOCK] pattern=3 step=2 mask=0 slice=0
[Q LOCK] pattern=3 step=3 mask=0 slice=0
[Q TRANSIENT] state=0 request=0 progress=0 count=1 stale_discarded=0 apply=0 cancel=0 duration_max_us=0 chunk_max_us=0
[Q PROPOSAL] index=0 start=0 end=65535
[Q HEAP] tag=state internal=181212 free=24220172 largest=24117236
[Q PLAYBACK] triggers=0 reverse=0 gate=0 releases=0 chokes=0 retriggers=0 repeat_accepts=0 repeat_hits=0 chain_loops=0
[Q COMMAND] 
[Q ACK] invalid=1

# HOST STATE
[Q COMMAND] STATE
[Q STATE] bpm=120 swing=50 playing=0 mode=0 chain_length=0 chain_loop=0 project_busy=1 restoring=1 sample_busy=0 project_status=LOADING SAMPLES 8/16 sample_status=SAMPLE READY
[Q TRACK] track=0 source=1 pitch=60 synth_pitch=36 sample_pitch=60 mute=0 solo=0 start=0 end=65535 reverse=0 mode=0 choke=0 cutoff=0 resonance=0 send=127 slices=1 enabled=0 selected=0 frames=2097152 waveform=0e481651 name=m19p_large.wav
[Q SLICE] track=0 index=0 start=0 end=65535
[Q TRACK] track=1 source=1 pitch=60 synth_pitch=39 sample_pitch=60 mute=0 solo=0 start=0 end=65535 reverse=0 mode=0 choke=0 cutoff=0 resonance=0 send=127 slices=1 enabled=0 selected=0 frames=176400 waveform=0720701a name=m19p_mixed.wav
[Q SLICE] track=1 index=0 start=[M6 read] bytes=705600 read_us=1250469 bytes_per_second=564268 original_channels=2 rate=44100 total_psram=33554432
[M6 load] track=7 file_bytes=705644 pcm_bytes=352800 load_publish_us=1682617 payload=6355204 transient=352800 peak_payload=6355204 ps_free=24220172 largest=24117236 internal=186024 display=2304000 fx_delay=352800 reserve=4194304
[M6.1 replacement] retired_clear=1 ps_delta=360452 status=READY
[M213 address] track=7 pcm=0x4888ee18 base=0x4888ee18 bytes=352800 frames=176400 mod64=24 mod128=24 mod256=24 mod4096=3608 mod131072=60952 external=1 requested_caps=1028 free=24220172 largest=24117236
0 end=65535
[Q TRACK] track=2 source=1 pitch=60 synth_pitch=42 sample_pitch=60 mute=0 solo=0 start=0 end=65535 reverse=0 mode=0 choke=0 cutoff=0 resonance=0 send=127 slices=1 enabled=0 selected=0 frames=176400 waveform=595ef306 name=m19p_stereo.wav
[Q SLICE] track=2 index=0 start=0 end=65535
[Q TRACK] track=3 source=1 pitch=60 synth_pitch=45 sample_pitch=60 mute=0 solo=0 start=0 end=65535 reverse=0 mode=0 choke=0 cutoff=0 resonance=0 send=127 slices=1 enabled=0 selected=0 frames=22050 waveform=0ee7dbac name=m19p_oneshot.wav
[Q SLICE] track=3 index=0 start=0 end=65535
[Q PATTERN] index=0 length=16 masks=0000,0000,0000
[Q LOCK] pattern=0 step=0 mask=0 slice=0
[Q LOCK] pattern=0 step=1 mask=0 slice=0
[Q LOCK] pattern=0 step=2 mask=0 slice=0
[Q LOCK] pattern=0 step=3 mask=0 slice=0
[Q PATTERN] index=1 length=16 masks=0000,0000,0000
[Q LOCK] pattern=1 step=0 mask=0 slice=0
[Q LOCK] pattern=1 step=1 mask=0 slice=0
[Q LOCK] pattern=1 step=2 mask=0 slice=0
[Q LOCK] pattern=1 step=3 mask=0 slice=0
[Q PATTERN] index=2 length=16 masks=0000,0000,0000
[Q LOCK] pattern=2 step=0 mask=0 slice=0
[Q LOCK] pattern=2 step=1 mask=0 slice=0
[Q LOCK] pattern=2 step=2 mask=0 slice=0
[Q LOCK] pattern=2 step=3 mask=0 slice=0
[Q PATTERN] index=3 length=16 masks=0000,0000,0000
[Q LOCK] pattern=3 step=0 mask=0 slice=0
[Q LOCK] pattern=3 step=1 mask=0 slice=0
[Q LOCK] pattern=3 step=2 mask=0 slice=0
[Q LOCK] pattern=3 step=3 mask=0 slice=0
[Q TRANSIENT] state=0 request=0 progress=0 count=1 stale_discarded=0 apply=0 cancel=0 duration_max_us=0 chunk_max_us=0
[Q PROPOSAL] index=0 start=0 end=65535
[Q HEAP] tag=state internal=184420 free=24175112 largest=24117236
[Q PLAYBACK] triggers=0 reverse=0 gate=0 releases=0 chokes=0 retriggers=0 repeat_accepts=0 repeat_hits=0 chain_loops=0
[M6 read] bytes=44100 read_us=91702 bytes_per_second=480905 original_channels=1 rate=44100 total_psram=33554432
[M6 load] track=8 file_bytes=44144 pcm_bytes=44100 load_publish_us=590885 payload=6399304 transient=44100 peak_payload=6399304 ps_free=24175112 largest=24117236 internal=184420 display=2304000 fx_delay=352800 reserve=4194304
[M6.1 replacement] retired_clear=1 ps_delta=45060 status=READY
[M213 address] track=8 pcm=0x488e6e1c base=0x488e6e1c bytes=44100 frames=22050 mod64=28 mod128=28 mod256=28 mod4096=3612 mod131072=28188 external=1 requested_caps=1028 free=24175112 largest=24117236
[Q COMMAND] 
[Q ACK] invalid=1

# HOST STATE
[Q COMMAND] STATE
[Q STATE] bpm=120 swing=50 playing=0 mode=0 chain_length=0 chain_loop=0 project_busy=1 restoring=1 sample_busy=0 project_status=LOADING SAMPLES 10/16 sample_status=SAMPLE READY
[M6 read] bytes=352800 read_us=672872 bytes_per_second=524319 original_channels=1 rate=44100 total_psram=33554432
[M6 load] track=9 file_bytes=352844 pcm_bytes=352800 load_publish_us=1102608 payload=6752104 transient=352800 peak_payload=6752104 ps_free=23814660 largest=23592948 internal=182816 display=2304000 fx_delay=352800 reserve=4194304
[M6.1 replacement] retired_clear=1 ps_delta=360452 status=READY
[M213 address] track=9 pcm=0x488f1e20 base=0x488f1e20 bytes=352800 frames=176400 mod64=32 mod128=32 mod256=32 mod4096=3616 mod131072=73248 external=1 requested_caps=1028 free=23814660 largest=23592948
[Q TRACK] track=0 source=1 pitch=60 synth_pitch=36 sample_pitch=60 mute=0 solo=0 start=0 end=65535 reverse=0 mode=0 choke=0 cutoff=0 resonance=0 send=127 slices=1 enabled=0 selected=0 frames=2097152 waveform=0e481651 name=m19p_large.wav
[Q SLICE] track=0 index=0 start=0 end=65535
[Q TRACK] track=1 source=1 pitch=60 synth_pitch=39 sample_pitch=60 mute=0 solo=0 start=0 end=65535 reverse=0 mode=0 choke=0 cutoff=0 resonance=0 send=127 slices=1 enabled=0 selected=0 frames=176400 waveform=0720701a name=m19p_mixed.wav
[Q SLICE] track=1 index=0 start=0 end=65535
[Q TRACK] track=2 source=1 pitch=60 synth_pitch=42 sample_pitch=60 mute=0 solo=0 start=0 end=65535 reverse=0 mode=0 choke=0 cutoff=0 resonance=0 send=127 slices=1 enabled=0 selected=0 frames=176400 waveform=595ef306 name=m19p_stereo.wav
[Q SLICE] track=2 index=0 start=0 end=65535
[Q TRACK] track=3 source=1 pitch=60 synth_pitch=45 sample_pitch=60 mute=0 solo=0 start=0 end=65535 reverse=0 mode=0 choke=0 cutoff=0 resonance=0 send=127 slices=1 enabled=0 selected=0 frames=22050 waveform=0ee7dbac name=m19p_oneshot.wav
[Q SLICE] track=3 index=0 start=0 end=65535
[Q PATTERN] index=0 length=16 masks=0000,0000,0000
[Q LOCK] pattern=0 step=0 mask=0 slice=0
[Q LOCK] pattern=0 step=1 mask=0 slice=0
[Q LOCK] pattern=0 step=2 mask=0 slice=0
[Q LOCK] pattern=0 step=3 mask=0 slice=0
[Q PATTERN] index=1 length=16 masks=0000,0000,0000
[Q LOCK] pattern=1 step=0 mask=0 slice=0
[Q LOCK] pattern=1 step=1 mask=0 slice=0
[Q LOCK] pattern=1 step=2 mask=0 slice=0
[Q LOCK] pattern=1 step=3 mask=0 slice=0
[Q PATTERN] index=2 length=16 masks=0000,0000,0000
[Q LOCK] pattern=2 step=0 mask=0 slice=0
[Q LOCK] pattern=2 step=1 mask=0 slice=0
[Q LOCK] pattern=2 step=2 mask=0 slice=0
[Q LOCK] pattern=2 step=3 mask=0 slice=0
[Q PATTERN] index=3 length=16 masks=0000,0000,0000
[Q LOCK] pattern=3 step=0 mask=0 slice=0
[Q LOCK] pattern=3 step=1 mask=0 slice=0
[Q LOCK] pattern=3 step=2 mask=0 slice=0
[Q LOCK] pattern=3 step=3 mask=0 slice=0
[Q TRANSIENT] state=0 request=0 progress=0 count=1 stale_discarded=0 apply=0 cancel=0 duration_max_us=0 chunk_max_us=0
[Q PROPOSAL] index=0 start=0 end=65535
[Q HEAP] tag=state internal=175872 free=23454208 largest=23068660
[Q PLAYBACK] triggers=0 reverse=0 gate=0 releases=0 chokes=0 retriggers=0 repeat_accepts=0 repeat_hits=0 chain_loops=0
[M6 read] bytes=352800 read_us=766275 bytes_per_second=460409 original_channels=1 rate=44100 total_psram=33554432
[M6 load] track=10 file_bytes=352844 pcm_bytes=352800 load_publish_us=1201303 payload=7104904 transient=352800 peak_payload=7104904 ps_free=23454208 largest=23068660 internal=181212 display=2304000 fx_delay=352800 reserve=4194304
[M6.1 replacement] retired_clear=1 ps_delta=360452 status=READY
[M213 address] track=10 pcm=0x48949e24 base=0x48949e24 bytes=352800 frames=176400 mod64=36 mod128=36 mod256=36 mod4096=3620 mod131072=40484 external=1 requested_caps=1028 free=23454208 largest=23068660
[Q COMMAND] 
[Q ACK] invalid=1

# HOST STATE
[Q COMMAND] STATE
[Q STATE] bpm=120 swing=50 playing=0 mode=0 chain_length=0 chain_loop=0 project_busy=1 restoring=1 sample_busy=0 project_status=LOADING SAMPLES 12/16 sample_status=SAMPLE READY
[Q TRACK] track=0 source=1 pitch=60 synth_pitch=36 sample_pitch=60 mute=0 solo=0 start=0 end=65535 reverse=0 mode=0 choke=0 cutoff=0 resonance=0 send=127 slices=1 enabled=0 selected=0 frames=2097152 waveform=0e481651 name=m19p_large.wav
[Q SLICE] track=0 index=0 start=0 end=65535
[Q TRACK] track=1 source=1 pitch=60 synth_pitch=39 sample_pitch=60 mute=0 solo=0 start=0 end=65535 reverse=0 mode=0 choke=0 cutoff=0 resonance=0 send=127 slices=1 enabled=0 selected=0 frames=176400 waveform=0720701a name=m19p_mixed.wav
[Q SLICE] track=1 index=0 start=0 end=65535
[Q TRACK] track=2 source=1 pitch=60 synth_pitch=42 sample_pitch=60 mute=0 solo=0 start=0 end=65535 reverse=0 mode=0 choke=0 cutoff=0 resonance=0 send=127 slices=1 enabled=0 selected=0 frames=176400 waveform=595ef306 name=m19p_stereo.wav
[Q SLICE] track=2 index=0 start=0 end=65535
[Q TRACK] track=3 source=1 pitch=60 synth_pitch=45 sample_pitch=60 mute=0 solo=0 start=0 end=65535 reverse=0 mode=0 choke=0 cutoff=0 resonance=0 send=127 slices=1 enabled=0 selected=0 frames=22050 waveform=0ee7dbac name=m19p_oneshot.wav
[Q SLICE] track=3 index=0 start=0 end=65535
[Q PATTERN] index=0 length=16 masks=0000,0000,0000
[Q LOCK] pattern=0 step=0 mask=0 slice=0
[Q LOCK] pattern=0 step=1 mask=0 slice=0
[Q LOCK] pattern=0 step=2 mask=0 slice=0
[Q LOCK] pattern=0 step=3 mask=0 slice=0
[Q PATTERN] index=1 length=16 masks=0000,0000,0000
[Q LOCK] pattern=1 step=0 mask=0 slice=0
[Q LOCK] pattern=1 step=1 mask=0 slice=0
[Q LOCK] pattern=1 step=2 mask=0 slice=0
[Q LOCK] pattern=1 step=3 mask=0 slice=0
[Q PATTERN] index=2 length=16 masks=0000,0000,0000
[Q LOCK] pattern=2 step=0 mask=0 slice=0
[Q LOCK] pattern=2 step=1 mask=0 slice=0
[Q LOCK] pattern=2 step=2 mask=0 slice=0
[Q LOCK] pattern=2 step=3 mask=0 slice=0
[Q PATTERN] index=3 length=16 masks=0000,0000,0000
[Q LOCK] pattern=3 step=0 mask=0 slice=0
[Q LOCK] pattern=3 step=1 mask=0 slice=0
[Q LOCK] pattern=3 step=2 mask=0 slice=0
[Q LOCK] pattern=3 step=3 mask=0 slice=0
[Q TRANSIENT] state=0 request=0 progress=0 count=1 stale_discarded=0 apply=0 cancel=0 duration_max_us=0 chunk_max_us=0
[Q PROPOSAL] index=0 start=0 end=65535
[Q HEAP] tag=state internal=179608 free=23093756 largest=23068660
[Q PLAYBACK] triggers=0 reverse=0 gate=0 releases=0 chokes=0 retriggers=0 repeat_accepts=0 repeat_hits=0 chain_loops=0
[M6 read] bytes=352800 read_us=715670 bytes_per_second=492964 original_channels=1 rate=44100 total_psram=33554432
[M6 load] track=11 file_bytes=352844 pcm_bytes=352800 load_publish_us=1155337 payload=7457704 transient=352800 peak_payload=7457704 ps_free=23093756 largest=23068660 internal=179608 display=2304000 fx_delay=352800 reserve=4194304
[M6.1 replacement] retired_clear=1 ps_delta=360452 status=READY
[M213 address] track=11 pcm=0x489a1e28 base=0x489a1e28 bytes=352800 frames=176400 mod64=40 mod128=40 mod256=40 mod4096=3624 mod131072=7720 external=1 requested_caps=1028 free=23093756 largest=23068660
[Q COMMAND] 
[Q ACK] invalid=1

# HOST STATE
[Q COMMAND] STATE
[Q STATE] bpm=120 swing=50 playing=0 mode=0 chain_length=0 chain_loop=0 project_busy=1 restoring=1 sample_busy=0 project_status=LOADING SAMPLES 13/16 sample_status=SAMPLE READY
[Q TRACK] track=0 source=1 pitch=60 synth_pitch=36 sample_pitch=60 mute=0 solo=0 start=0 end=65535 reverse=0 mode=0 choke=0 cutoff=0 resonance=0 send=127 slices=1 enabled=0 selected=0 frames=2097152 waveform=0e481651 name=m19p_large.wav
[Q SLICE] track=0 index=0 start=0 end=65535
[Q TRACK] track=1 source=1 pitch=60 synth_pitch=39 sample_pitch=60 mute=0 solo=0 start=0 end=65535 reverse=0 mode=0 choke=0 cutoff=0 resonance=0 send=127 slices=1 enabled=0 selected=0 frames=176400 waveform=0720701a name=m19p_mixed.wav
[Q SLICE] track=1 index=0 start=0 end=65535
[Q TRACK] track=2 source=1 pitch=60 synth_pitch=42 sample_pitch=60 mute=0 solo=0 start=0 end=65535 reverse=0 mode=0 choke=0 cutoff=0 resonance=0 send=127 slices=1 enabled=0 selected=0 frames=176400 waveform=595ef306 name=m19p_stereo.wav
[Q SLICE] track=2 index=0 start=0 end=65535
[Q TRACK] track=3 source=1 pitch=60 synth_pitch=45 sample_pitch=60 mute=0 solo=0 start=0 end=65535 reverse=0 mode=0 choke=0 cutoff=0 resonance=0 send=127 slices=1 enabled=0 selected=0 frames=22050 waveform=0ee7dbac name=m19p_oneshot.wav
[Q SLICE] track=3 index=0 start=0 end=65535
[Q PATTERN] index=0 length=16 masks=0000,0000,0000
[Q LOCK] pattern=0 step=0 mask=0 slice=0
[Q LOCK] pattern=0 step=1 mask=0 slice=0
[Q LOCK] pattern=0 step=2 mask=0 slice=0
[Q LOCK] pattern=0 step=3 mask=0 slice=0
[Q PATTERN] index=1 length=16 masks=0000,0000,0000
[Q LOCK] pattern=1 step=0 mask=0 slice=0
[Q LOCK] pattern=1 step=1 mask=0 slice=0
[Q LOCK] pattern=1 step=2 mask=0 slice=0
[Q LOCK] pattern=1 step=3 mask=0 slice=0
[Q PATTERN] index=2 length=16 masks=0000,0000,0000
[Q LOCK] pattern=2 step=0 mask=0 slice=0
[Q LOCK] pattern=2 step=1 mask=0 slice=0
[Q LOCK] pattern=2 step=2 mask=0 slice=0
[Q LOCK] pattern=2 step=3 mask=0 slice=0
[Q PATTERN] index=3 length=16 masks=0000,0000,0000
[Q LOCK] pattern=3 step=0 mask=0 slice=0
[Q LOCK] pattern=3 step=1 mask=0 slice=0
[Q LOCK] pattern=3 step=2 mask=0 slice=0
[Q LOCK] pattern=3 step=3 mask=0 slice=0
[Q TRANSIENT] state=0 request=0 progress=0 count=1 stale_discarded=0 apply=0 cancel=0 duration_max_us=0 chunk_max_us=0
[Q PROPOSAL] index=0 start=0 end=65535
[Q HEAP] tag=state internal=178004 free=22733304 largest=22544372
[Q PLAYBACK] triggers=0 reverse=0 gate=0 releases=0 chokes=0 retriggers=0 repeat_accepts=0 repea[M6 read] bytes=705600 read_us=1253749 bytes_per_second=562792 original_channels=2 rate=44100 total_psram=33554432
[M6 load] track=12 file_bytes=705644 pcm_bytes=352800 load_publish_us=1688313 payload=7810504 transient=352800 peak_payload=7810504 ps_free=22733304 largest=22544372 internal=178004 display=2304000 fx_delay=352800 reserve=4194304
[M6.1 replacement] retired_clear=1 ps_delta=360452 status=READY
[M213 address] track=12 pcm=0x489f9e2c base=0x489f9e2c bytes=352800 frames=176400 mod64=44 mod128=44 mod256=44 mod4096=3628 mod131072=106028 external=1 requested_caps=1028 free=22733304 largest=22544372
t_hits=0 chain_loops=0
[M6 read] bytes=44100 read_us=89159 bytes_per_second=494621 original_channels=1 rate=44100 total_psram=33554432
[M6 load] track=13 file_bytes=44144 pcm_bytes=44100 load_publish_us=521835 payload=7854604 transient=44100 peak_payload=7854604 ps_free=22688244 largest=22544372 internal=176400 display=2304000 fx_delay=352800 reserve=4194304
[M6.1 replacement] retired_clear=1 ps_delta=45060 status=READY
[M213 address] track=13 pcm=0x48a51e30 base=0x48a51e30 bytes=44100 frames=22050 mod64=48 mod128=48 mod256=48 mod4096=3632 mod131072=73264 external=1 requested_caps=1028 free=22688244 largest=22544372
[Q COMMAND] 
[Q ACK] invalid=1

# HOST STATE
[Q COMMAND] STATE
[Q STATE] bpm=120 swing=50 playing=0 mode=0 chain_length=0 chain_loop=0 project_busy=1 restoring=1 sample_busy=0 project_status=LOADING SAMPLES 15/16 sample_status=SAMPLE READY
[Q TRACK] track=0 source=1 pitch=60 synth_pitch=36 sample_pitch=60 mute=0 solo=0 start=0 end=65535 reverse=0 mode=0 choke=0 cutoff=0 resonance=0 send=127 slices=1 enabled=0 selected=0 frames=2097152 waveform=0e481651 name=m19p_large.wav
[Q SLICE] track=0 index=0 start=0 end=65535
[Q TRACK] track=1 source=1 pitch=60 synth_pitch=39 sample_pitch=60 mute=0 solo=0 start=0 end=65535 reverse=0 mode=0 choke=0 cutoff=0 resonance=0 send=127 slices=1 enabled=0 selected=0 frames=176400 waveform=0720701a name=m19p_mixed.wav
[Q SLICE] track=1 index=0 start=0 end=65535
[Q TRACK] track=2 source=1 pitch=60 synth_pitch=42 sample_pitch=60 mute=0 solo=0 start=0 end=65535 reverse=0 mode=0 choke=0 cutoff=0 resonance=0 send=127 slices=1 enabled=0 selected=0 frames=176400 waveform=595ef306 name=m19p_stereo.wav
[Q SLICE] track=2 index=0 start=0 end=65535
[Q TRACK] track=3 source=1 pitch=60 synth_pitch=45 sample_pitch=60 mute=0 solo=0 start=0 end=65535 reverse=0 mode=0 choke=0 cutoff=0 resonance=0 send=127 slices=1 enabled=0 selected=0 frames=22050 waveform=0ee7dbac name=m19p_oneshot.wav
[Q SLICE] track=3 index=0 start=0 end=65535
[Q PATTERN] index=0 length=16 masks=0000,0000,0000
[Q LOCK] pattern=0 step=0 mask=0 slice=0
[Q LOCK] pattern=0 step=1 mask=0 slice=0
[Q LOCK] pattern=0 step=2 mask=0 slice=0
[Q LOCK] pattern=0 step=3 mask=0 slice=0
[Q PATTERN] index=1 length=16 masks=0000,0000,0000
[Q LOCK] pattern=1 step=0 mask=0 slice=0
[Q LOCK] pattern=1 step=1 mask=0 slice=0
[Q LOCK] pattern=1 step=2 mask=0 slice=0
[Q LOCK] pattern=1 step=3 mask=0 slice=0
[Q PATTERN] index=2 length=16 masks=0000,0000,0000
[Q LOCK] pattern=2 step=0 mask=0 slice=0
[Q LOCK] pattern=2 step=1 mask=0 slice=0
[Q LOCK] pattern=2 step=2 mask=0 slice=0
[Q LOCK] pattern=2 step=3 mask=0 slice=0
[Q PATTERN] index=3 length=16 masks=0000,0000,0000
[Q LOCK] pattern=3 step=0 mask=0 slice=0
[Q LOCK] pattern=3 step=1 mask=0 slice=0
[Q LOCK] pattern=3 step=2 mask=0 slice=0
[Q LOCK] pattern=3 step=3 mask=0[M6 read] bytes=352800 read_us=753985 bytes_per_second=467913 original_channels=1 rate=44100 total_psram=33554432
[M6 load] track=14 file_bytes=352844 pcm_bytes=352800 load_publish_us=1189589 payload=8207404 transient=352800 peak_payload=8207404 ps_free=22327792 largest=22020084 internal=174796 display=2304000 fx_delay=352800 reserve=4194304
[M6.1 replacement] retired_clear=1 ps_delta=360452 status=READY
[M213 address] track=14 pcm=0x48a5ce34 base=0x48a5ce34 bytes=352800 frames=176400 mod64=52 mod128=52 mod256=52 mod4096=3636 mod131072=118324 external=1 requested_caps=1028 free=22327792 largest=22020084
 slice=0
[Q TRANSIENT] state=0 request=0 progress=0 count=1 stale_discarded=0 apply=0 cancel=0 duration_max_us=0 chunk_max_us=0
[Q PROPOSAL] index=0 start=0 end=65535
[Q HEAP] tag=state internal=168380 free=21967340 largest=21495796
[Q PLAYBACK] triggers=0 reverse=0 gate=0 releases=0 chokes=0 retriggers=0 repeat_accepts=0 repeat_hits=0 chain_loops=0
[M6 read] bytes=352800 read_us=762013 bytes_per_second=462984 original_channels=1 rate=44100 total_psram=33554432
[M6 load] track=15 file_bytes=352844 pcm_bytes=352800 load_publish_us=1261456 payload=8560204 transient=352800 peak_payload=8560204 ps_free=21967340 largest=21495796 internal=173192 display=2304000 fx_delay=352800 reserve=4194304
[M6.1 replacement] retired_clear=1 ps_delta=360452 status=READY
[M213 address] track=15 pcm=0x48ab4e38 base=0x48ab4e38 bytes=352800 frames=176400 mod64=56 mod128=56 mod256=56 mod4096=3640 mod131072=85560 external=1 requested_caps=1028 free=21967340 largest=21495796
[Q COMMAND] 
[Q ACK] invalid=1

# HOST STATE
[Q COMMAND] STATE
[Q STATE] bpm=120 swing=50 playing=0 mode=0 chain_length=0 chain_loop=0 project_busy=0 restoring=0 sample_busy=0 project_status=PROJECT READY / 0 MISSING sample_status=SAMPLE READY
[Q TRACK] track=0 source=1 pitch=60 synth_pitch=36 sample_pitch=60 mute=0 solo=0 start=0 end=65535 reverse=0 mode=0 choke=0 cutoff=0 resonance=0 send=127 slices=1 enabled=0 selected=0 frames=2097152 waveform=0e481651 name=m19p_large.wav
[Q SLICE] track=0 index=0 start=0 end=65535
[Q TRACK] track=1 source=1 pitch=60 synth_pitch=39 sample_pitch=60 mute=0 solo=0 start=0 end=65535 reverse=0 mode=0 choke=0 cutoff=0 resonance=0 send=127 slices=1 enabled=0 selected=0 frames=176400 waveform=0720701a name=m19p_mixed.wav
[Q SLICE] track=1 index=0 start=0 end=65535
[Q TRACK] track=2 source=1 pitch=60 synth_pitch=42 sample_pitch=60 mute=0 solo=0 start=0 end=65535 reverse=0 mode=0 choke=0 cutoff=0 resonance=0 send=127 slices=1 enabled=0 selected=0 frames=176400 waveform=595ef306 name=m19p_stereo.wav
[Q SLICE] track=2 index=0 start=0 end=65535
[Q TRACK] track=3 source=1 pitch=60 synth_pitch=45 sample_pitch=60 mute=0 solo=0 start=0 end=65535 reverse=0 mode=0 choke=0 cutoff=0 resonance=0 send=127 slices=1 enabled=0 selected=0 frames=22050 waveform=0ee7dbac name=m19p_oneshot.wav
[Q SLICE] track=3 index=0 start=0 end=65535
[Q PATTERN] index=0 length=16 masks=0000,0000,0000
[Q LOCK] pattern=0 step=0 mask=0 slice=0
[Q LOCK] pattern=0 step=1 mask=0 slice=0
[Q LOCK] pattern=0 step=2 mask=0 slice=0
[Q LOCK] pattern=0 step=3 mask=0 slice=0
[Q PATTERN] index=1 length=16 masks=0000,0000,0000
[Q LOCK] pattern=1 step=0 mask=0 slice=0
[Q LOCK] pattern=1 step=1 mask=0 slice=0
[Q LOCK] pattern=1 step=2 mask=0 slice=0
[Q LOCK] pattern=1 step=3 mask=0 slice=0
[Q PATTERN] index=2 length=16 masks=0000,0000,0000
[Q LOCK] pattern=2 step=0 mask=0 slice=0
[Q LOCK] pattern=2 step=1 mask=0 slice=0
[Q LOCK] pattern=2 step=2 mask=0 slice=0
[Q LOCK] pattern=2 step=3 mask=0 slice=0
[Q PATTERN] index=3 length=16 masks=0000,0000,0000
[Q LOCK] pattern=3 step=0 mask=0 slice=0
[Q LOCK] pattern=3 step=1 mask=0 slice=0
[Q LOCK] pattern=3 step=2 mask=0 slice=0
[Q LOCK] pattern=3 step=3 mask=0 slice=0
[Q TRANSIENT] state=0 request=0 progress=0 count=1 stale_discarded=0 apply=0 cancel=0 duration_max_us=0 chunk_max_us=0
[Q PROPOSAL] index=0 start=0 end=65535
[Q HEAP] tag=state internal=173192 free=21967340 largest=21495796
[Q PLAYBACK] triggers=0 reverse=0 gate=0 releases=0 chokes=0 retriggers=0 repeat_accepts=0 repeat_hits=0 chain_loops=0

# HOST STORE 8
[Q COMMAND] STORE 8
[M213 address] track=0 pcm=0x482abdfc base=0x482abdfc bytes=4194304 frames=2097152 mod64=60 mod128=124 mod256=252 mod4096=3580 mod131072=48636 external=1 requested_caps=1028 free=21967340 largest=21495796
[M213 address] track=1 pcm=0x486cbe00 base=0x486cbe00 bytes=352800 frames=176400 mod64=0 mod128=0 mod256=0 mod4096=3584 mod131072=48640 external=1 requested_caps=1028 free=21967340 largest=21495796
[M213 address] track=2 pcm=0x48723e04 base=0x48723e04 bytes=352800 frames=176400 mod64=4 mod128=4 mod256=4 mod4096=3588 mod131072=15876 external=1 requested_caps=1028 free=21967340 largest=21495796
[M213 address] track=3 pcm=0x4877be08 base=0x4877be08 bytes=44100 frames=22050 mod64=8 mod128=8 mod256=8 mod4096=3592 mod131072=114184 external=1 requested_caps=1028 free=21967340 largest=21495796
[M213 address] track=4 pcm=0x48786e0c base=0x48786e0c bytes=352800 frames=176400 mod64=12 mod128=12 mod256=12 mod4096=3596 mod131072=28172 external=1 requested_caps=1028 free=21967340 largest=21495796
[M213 address] track=5 pcm=0x487dee10 base=0x487dee10 bytes=352800 frames=176400 mod64=16 mod128=16 mod256=16 mod4096=3600 mod131072=126480 external=1 requested_caps=1028 free=21967340 largest=21495796
[M213 address] track=6 pcm=0x48836e14 base=0x48836e14 bytes=352800 frames=176400 mod64=20 mod128=20 mod256=20 mod4096=3604 mod131072=93716 external=1 requested_caps=1028 free=21967340 largest=21495796
[M213 address] track=7 pcm=0x4888ee18 base=0x4888ee18 bytes=352800 frames=176400 mod64=24 mod128=24 mod256=24 mod4096=3608 mod131072=60952 external=1 requested_caps=1028 free=21967340 largest=21495796
[M213 address] track=8 pcm=0x488e6e1c base=0x488e6e1c bytes=44100 frames=22050 mod64=28 mod128=28 mod256=28 mod4096=3612 mod131072=28188 external=1 requested_caps=1028 free=21967340 largest=21495796
[M213 address] track=9 pcm=0x488f1e20 base=0x488f1e20 bytes=352800 frames=176400 mod64=32 mod128=32 mod256=32 mod4096=3616 mod131072=73248 external=1 requested_caps=1028 free=21967340 largest=21495796
[M213 address] track=10 pcm=0x48949e24 base=0x48949e24 bytes=352800 frames=176400 mod64=36 mod128=36 mod256=36 mod4096=3620 mod131072=40484 external=1 requested_caps=1028 free=21967340 largest=21495796
[M213 address] track=11 pcm=0x489a1e28 base=0x489a1e28 bytes=352800 frames=176400 mod64=40 mod128=40 mod256=40 mod4096=3624 mod131072=7720 external=1 requested_caps=1028 free=21967340 largest=21495796
[M213 address] track=12 pcm=0x489f9e2c base=0x489f9e2c bytes=352800 frames=176400 mod64=44 mod128=44 mod256=44 mod4096=3628 mod131072=106028 external=1 requested_caps=1028 free=21967340 largest=21495796
[M213 address] track=13 pcm=0x48a51e30 base=0x48a51e30 bytes=44100 frames=22050 mod64=48 mod128=48 mod256=48 mod4096=3632 mod131072=73264 external=1 requested_caps=1028 free=21967340 largest=21495796
[M213 address] track=14 pcm=0x48a5ce34 base=0x48a5ce34 bytes=352800 frames=176400 mod64=52 mod128=52 mod256=52 mod4096=3636 mod131072=118324 external=1 requested_caps=1028 free=21967340 largest=21495796
[M213 address] track=15 pcm=0x48ab4e38 base=0x48ab4e38 bytes=352800 frames=176400 mod64=56 mod128=56 mod256=56 mod4096=3640 mod131072=85560 external=1 requested_caps=1028 free=21967340 largest=21495796
[M213 locality] tag=7 order=0 eviction=0 repeats=32 reads=131072 us=9172 max=2093 checksum=3441764352 sweep=0 concurrent_audio=1 cold_proven=0
[M213 locality] tag=7 order=1 eviction=0 repeats=32 reads=131072 us=2338 max=78 checksum=3441764352 sweep=0 concurrent_audio=1 cold_proven=0
[M213 locality] tag=7 order=2 eviction=0 repeats=32 reads=131072 us=5161 max=188 checksum=3441764352 sweep=0 concurrent_audio=1 cold_proven=0
[M213 locality] tag=7 order=0 eviction=1 repeats=32 reads=131072 us=11860 max=2371 checksum=3441764352 sweep=524288 concurrent_audio=1 cold_proven=0
[M213 locality] tag=7 order=1 eviction=1 repeats=32 reads=131072 us=10997 max=2297 checksum=3441764352 sweep=1048576 concurrent_audio=1 cold_proven=0
[M213 locality] tag=7 order=2 eviction=1 repeats=32 reads=131072 us=14306 max=2389 checksum=3441764352 sweep=1572864 concurrent_audio=1 cold_proven=0
[M213 locality complete] tag=7
[M213 physical] tag=7 complete=1
[Q HEAP] tag=store_done internal=173192 free=21967340 largest=21495796 payload=8560204
[Q STORE DONE] op=8

# HOST MEASURE 1
[Q COMMAND] MEASURE 1

# HOST CMD 6 0 47 0 0
[Q COMMAND] CMD 6 0 47 0 0
[Q ACK] sent=1

# HOST CMD 46 0 0 0 0
[Q COMMAND] CMD 46 0 0 0 0
[Q ACK] sent=1

# HOST CMD 55 0 4 0 0
[Q COMMAND] CMD 55 0 4 0 0
[Q ACK] sent=1

# HOST CMD 51 0 1 0 0
[Q COMMAND] CMD 51 0 1 0 0
[Q ACK] sent=1

# HOST CMD 47 0 0 0 0
[Q COMMAND] CMD 47 0 0 0 0
[Q ACK] sent=1

# HOST CMD 59 0 0 0 2
[Q COMMAND] CMD 59 0 0 0 2
[Q ACK] sent=1

# HOST CMD 6 1 48 0 0
[Q COMMAND] CMD 6 1 48 0 0
[Q ACK] sent=1

# HOST CMD 46 1 1 0 0
[Q COMMAND] CMD 46 1 1 0 0
[Q ACK] sent=1

# HOST CMD 55 1 4 0 0
[Q COMMAND] CMD 55 1 4 0 0
[Q ACK] sent=1

# HOST CMD 51 1 1 0 0
[Q COMMAND] CMD 51 1 1 0 0
[Q ACK] sent=1

# HOST CMD 47 1 0 0 0
[Q COMMAND] CMD 47 1 0 0 0
[Q ACK] sent=1

# HOST CMD 59 1 0 0 2
[Q COMMAND] CMD 59 1 0 0 2
[Q ACK] sent=1

# HOST CMD 6 2 49 0 0
[Q COMMAND] CMD 6 2 49 0 0
[Q ACK] sent=1

# HOST CMD 46 2 0 0 0
[Q COMMAND] CMD 46 2 0 0 0
[Q ACK] sent=1

# HOST CMD 55 2 4 0 0
[Q COMMAND] CMD 55 2 4 0 0
[Q ACK] sent=1

# HOST CMD 51 2 1 0 0
[Q COMMAND] CMD 51 2 1 0 0
[Q ACK] sent=1

# HOST CMD 47 2 0 0 0
[Q COMMAND] CMD 47 2 0 0 0
[Q ACK] sent=1

# HOST CMD 59 2 0 0 2
[Q COMMAND] CMD 59 2 0 0 2
[Q ACK] sent=1

# HOST CMD 6 3 50 0 0
[Q COMMAND] CMD 6 3 50 0 0
[Q ACK] sent=1

# HOST CMD 46 3 1 0 0
[Q COMMAND] CMD 46 3 1 0 0
[Q ACK] sent=1

# HOST CMD 55 3 4 0 0
[Q COMMAND] CMD 55 3 4 0 0
[Q ACK] sent=1

# HOST CMD 51 3 1 0 0
[Q COMMAND] CMD 51 3 1 0 0
[Q ACK] sent=1

# HOST CMD 47 3 0 0 0
[Q COMMAND] CMD 47 3 0 0 0
[Q ACK] sent=1

# HOST CMD 59 3 0 0 2
[Q COMMAND] CMD 59 3 0 0 2
[Q ACK] sent=1

# HOST CMD 6 4 51 0 0
[Q COMMAND] CMD 6 4 51 0 0
[Q ACK] sent=1

# HOST CMD 46 4 0 0 0
[Q COMMAND] CMD 46 4 0 0 0
[Q ACK] sent=1

# HOST CMD 55 4 4 0 0
[Q COMMAND] CMD 55 4 4 0 0
[Q ACK] sent=1

# HOST CMD 51 4 1 0 0
[Q COMMAND] CMD 51 4 1 0 0
[Q ACK] sent=1

# HOST CMD 47 4 0 0 0
[Q COMMAND] CMD 47 4 0 0 0
[Q ACK] sent=1

# HOST CMD 59 4 0 0 2
[Q COMMAND] CMD 59 4 0 0 2
[Q ACK] sent=1

# HOST CMD 6 5 52 0 0
[Q COMMAND] CMD 6 5 52 0 0
[Q ACK] sent=1

# HOST CMD 46 5 1 0 0
[Q COMMAND] CMD 46 5 1 0 0
[Q ACK] sent=1

# HOST CMD 55 5 4 0 0
[Q COMMAND] CMD 55 5 4 0 0
[Q ACK] sent=1

# HOST CMD 51 5 1 0 0
[Q COMMAND] CMD 51 5 1 0 0
[Q ACK] sent=1

# HOST CMD 47 5 0 0 0
[Q COMMAND] CMD 47 5 0 0 0
[Q ACK] sent=1

# HOST CMD 59 5 0 0 2
[Q COMMAND] CMD 59 5 0 0 2
[Q ACK] sent=1

# HOST CMD 6 6 53 0 0
[Q COMMAND] CMD 6 6 53 0 0
[Q ACK] sent=1

# HOST CMD 46 6 0 0 0
[Q COMMAND] CMD 46 6 0 0 0
[Q ACK] sent=1

# HOST CMD 55 6 4 0 0
[Q COMMAND] CMD 55 6 4 0 0
[Q ACK] sent=1

# HOST CMD 51 6 1 0 0
[Q COMMAND] CMD 51 6 1 0 0
[Q ACK] sent=1

# HOST CMD 47 6 0 0 0
[Q COMMAND] CMD 47 6 0 0 0
[Q ACK] sent=1

# HOST CMD 59 6 0 0 2
[Q COMMAND] CMD 59 6 0 0 2
[Q ACK] sent=1

# HOST CMD 6 7 54 0 0
[Q COMMAND] CMD 6 7 54 0 0
[Q ACK] sent=1

# HOST CMD 46 7 1 0 0
[Q COMMAND] CMD 46 7 1 0 0
[Q ACK] sent=1

# HOST CMD 55 7 4 0 0
[Q COMMAND] CMD 55 7 4 0 0
[Q ACK] sent=1

# HOST CMD 51 7 1 0 0
[Q COMMAND] CMD 51 7 1 0 0
[Q ACK] sent=1

# HOST CMD 47 7 0 0 0
[Q COMMAND] CMD 47 7 0 0 0
[Q ACK] sent=1

# HOST CMD 59 7 0 0 2
[Q COMMAND] CMD 59 7 0 0 2
[Q ACK] sent=1

# HOST CMD 6 8 55 0 0
[Q COMMAND] CMD 6 8 55 0 0
[Q ACK] sent=1

# HOST CMD 46 8 0 0 0
[Q COMMAND] CMD 46 8 0 0 0
[Q ACK] sent=1

# HOST CMD 55 8 4 0 0
[Q COMMAND] CMD 55 8 4 0 0
[Q ACK] sent=1

# HOST CMD 51 8 1 0 0
[Q COMMAND] CMD 51 8 1 0 0
[Q ACK] sent=1

# HOST CMD 47 8 0 0 0
[Q COMMAND] CMD 47 8 0 0 0
[Q ACK] sent=1

# HOST CMD 59 8 0 0 2
[Q COMMAND] CMD 59 8 0 0 2
[Q ACK] sent=1

# HOST CMD 6 9 56 0 0
[Q COMMAND] CMD 6 9 56 0 0
[Q ACK] sent=1

# HOST CMD 46 9 1 0 0
[Q COMMAND] CMD 46 9 1 0 0
[Q ACK] sent=1

# HOST CMD 55 9 4 0 0
[Q COMMAND] CMD 55 9 4 0 0
[Q ACK] sent=1

# HOST CMD 51 9 1 0 0
[Q COMMAND] CMD 51 9 1 0 0
[Q ACK] sent=1

# HOST CMD 47 9 0 0 0
[Q COMMAND] CMD 47 9 0 0 0
[Q ACK] sent=1

# HOST CMD 59 9 0 0 2
[Q COMMAND] CMD 59 9 0 0 2
[Q ACK] sent=1

# HOST CMD 6 10 57 0 0
[Q COMMAND] CMD 6 10 57 0 0
[Q ACK] sent=1

# HOST CMD 46 10 0 0 0
[Q COMMAND] CMD 46 10 0 0 0
[Q ACK] sent=1

# HOST CMD 55 10 4 0 0
[Q COMMAND] CMD 55 10 4 0 0
[Q ACK] sent=1

# HOST CMD 51 10 1 0 0
[Q COMMAND] CMD 51 10 1 0 0
[Q ACK] sent=1

# HOST CMD 47 10 0 0 0
[Q COMMAND] CMD 47 10 0 0 0
[Q ACK] sent=1

# HOST CMD 59 10 0 0 2
[Q COMMAND] CMD 59 10 0 0 2
[Q ACK] sent=1

# HOST CMD 6 11 58 0 0
[Q COMMAND] CMD 6 11 58 0 0
[Q ACK] sent=1

# HOST CMD 46 11 1 0 0
[Q COMMAND] CMD 46 11 1 0 0
[Q ACK] sent=1

# HOST CMD 55 11 4 0 0
[Q COMMAND] CMD 55 11 4 0 0
[Q ACK] sent=1

# HOST CMD 51 11 1 0 0
[Q COMMAND] CMD 51 11 1 0 0
[Q ACK] sent=1

# HOST CMD 47 11 0 0 0
[Q COMMAND] CMD 47 11 0 0 0
[Q ACK] sent=1

# HOST CMD 59 11 0 0 2
[Q COMMAND] CMD 59 11 0 0 2
[Q ACK] sent=1

# HOST CMD 6 12 59 0 0
[Q COMMAND] CMD 6 12 59 0 0
[Q ACK] sent=1

# HOST CMD 46 12 0 0 0
[Q COMMAND] CMD 46 12 0 0 0
[Q ACK] sent=1

# HOST CMD 55 12 4 0 0
[Q COMMAND] CMD 55 12 4 0 0
[Q ACK] sent=1

# HOST CMD 51 12 1 0 0
[Q COMMAND] CMD 51 12 1 0 0
[Q ACK] sent=1

# HOST CMD 47 12 0 0 0
[Q COMMAND] CMD 47 12 0 0 0
[Q ACK] sent=1

# HOST CMD 59 12 0 0 2
[Q COMMAND] CMD 59 12 0 0 2
[Q ACK] sent=1

# HOST CMD 6 13 60 0 0
[Q COMMAND] CMD 6 13 60 0 0
[Q ACK] sent=1

# HOST CMD 46 13 1 0 0
[Q COMMAND] CMD 46 13 1 0 0
[Q ACK] sent=1

# HOST CMD 55 13 4 0 0
[Q COMMAND] CMD 55 13 4 0 0
[Q ACK] sent=1

# HOST CMD 51 13 1 0 0
[Q COMMAND] CMD 51 13 1 0 0
[Q ACK] sent=1

# HOST CMD 47 13 0 0 0
[Q COMMAND] CMD 47 13 0 0 0
[Q ACK] sent=1

# HOST CMD 59 13 0 0 2
[Q COMMAND] CMD 59 13 0 0 2
[Q ACK] sent=1

# HOST CMD 6 14 61 0 0
[Q COMMAND] CMD 6 14 61 0 0
[Q ACK] sent=1

# HOST CMD 46 14 0 0 0
[Q COMMAND] CMD 46 14 0 0 0
[Q ACK] sent=1

# HOST CMD 55 14 4 0 0
[Q COMMAND] CMD 55 14 4 0 0
[Q ACK] sent=1

# HOST CMD 51 14 1 0 0
[Q COMMAND] CMD 51 14 1 0 0
[Q ACK] sent=1

# HOST CMD 47 14 0 0 0
[Q COMMAND] CMD 47 14 0 0 0
[Q ACK] sent=1

# HOST CMD 59 14 0 0 2
[Q COMMAND] CMD 59 14 0 0 2
[Q ACK] sent=1

# HOST CMD 6 15 62 0 0
[Q COMMAND] CMD 6 15 62 0 0
[Q ACK] sent=1

# HOST CMD 46 15 1 0 0
[Q COMMAND] CMD 46 15 1 0 0
[Q ACK] sent=1

# HOST CMD 55 15 4 0 0
[Q COMMAND] CMD 55 15 4 0 0
[Q ACK] sent=1

# HOST CMD 51 15 1 0 0
[Q COMMAND] CMD 51 15 1 0 0
[Q ACK] sent=1

# HOST CMD 47 15 0 0 0
[Q COMMAND] CMD 47 15 0 0 0
[Q ACK] sent=1

# HOST CMD 59 15 0 0 2
[Q COMMAND] CMD 59 15 0 0 2
[Q ACK] sent=1

# HOST CMD 47 0 1 0 0
[Q COMMAND] CMD 47 0 1 0 0
[Q ACK] sent=1

# HOST CMD 3 0 0 0 0
[Q COMMAND] CMD 3 0 0 0 0
[Q ACK] sent=1

# HOST CMD 50 0 0 0 0
[Q COMMAND] CMD 50 0 0 0 0
[Q ACK] sent=1

# HOST CMD 48 0 1 0 0
[Q COMMAND] CMD 48 0 1 0 0
[Q ACK] sent=1

# HOST CMD 3 0 0 0 0
[Q COMMAND] CMD 3 0 0 0 0
[Q ACK] sent=1

# HOST LOAD 0 3
[Q COMMAND] LOAD 0 3
[Q ACK] load=1
[M6 read] bytes=352800 read_us=779425 bytes_per_second=452641 original_channels=1 rate=44100 total_psram=33554432
[M6 load] track=0 file_bytes=352844 pcm_bytes=352800 load_publish_us=1223862 payload=4718700 transient=352800 peak_payload=8913004 ps_free=25932268 largest=21495796 internal=173192 display=2304000 fx_delay=352800 reserve=4194304
[M6.1 replacement] retired_clear=1 ps_delta=-3964928 status=READY
[M213 address] track=0 pcm=0x48b0ce3c base=0x48b0ce3c bytes=352800 frames=176400 mod64=60 mod128=60 mod256=60 mod4096=3644 mod131072=52796 external=1 requested_caps=1028 free=25932268 largest=21495796

# HOST CMD 78 0 264 0 0
[Q COMMAND] CMD 78 0 264 0 0
[Q ACK] sent=1
[Q COMMAND] 
[Q ACK] invalid=1

# HOST STATE
[Q COMMAND] STATE
[Q STATE] bpm=120 swing=50 playing=0 mode=0 chain_length=0 chain_loop=0 project_busy=0 restoring=0 sample_busy=0 project_status=PROJECT READY / 0 MISSING sample_status=SAMPLE READY
[Q TRACK] track=0 source=1 pitch=47 synth_pitch=36 sample_pitch=47 mute=0 solo=0 start=0 end=65535 reverse=0 mode=1 choke=1 cutoff=0 resonance=0 send=127 slices=4 enabled=1 selected=0 frames=176400 waveform=0720701a name=m19p_mixed.wav
[Q SLICE] track=0 index=0 start=0 end=16383
[Q SLICE] track=0 index=1 start=16383 end=32767
[Q SLICE] track=0 index=2 start=32767 end=49151
[Q SLICE] track=0 index=3 start=49151 end=65535
[Q TRACK] track=1 source=1 pitch=48 synth_pitch=39 sample_pitch=48 mute=0 solo=0 start=0 end=65535 reverse=1 mode=0 choke=0 cutoff=0 resonance=0 send=127 slices=4 enabled=1 selected=0 frames=176400 waveform=0720701a name=m19p_mixed.wav
[Q SLICE] track=1 index=0 start=0 end=16383
[Q SLICE] track=1 index=1 start=16383 end=32767
[Q SLICE] track=1 index=2 start=32767 end=49151
[Q SLICE] track=1 index=3 start=49151 end=65535
[Q TRACK] track=2 source=1 pitch=49 synth_pitch=42 sample_pitch=49 mute=0 solo=0 start=0 end=65535 reverse=0 mode=0 choke=0 cutoff=0 resonance=0 send=127 slices=4 enabled=1 selected=0 frames=176400 waveform=595ef306 name=m19p_stereo.wav
[Q SLICE] track=2 index=0 start=0 end=16383
[Q SLICE] track=2 index=1 start=16383 end=32767
[Q SLICE] track=2 index=2 start=32767 end=49151
[Q SLICE] track=2 index=3 start=49151 end=65535
[Q TRACK] track=3 source=1 pitch=50 synth_pitch=45 sample_pitch=50 mute=0 solo=0 start=0 end=65535 reverse=1 mode=0 choke=0 cutoff=0 resonance=0 send=127 slices=4 enabled=1 selected=0 frames=22050 waveform=0ee7dbac name=m19p_oneshot.wav
[Q SLICE] track=3 index=0 start=0 end=16383
[Q SLICE] track=3 index=1 start=16383 end=32767
[Q SLICE] track=3 index=2 start=32767 end=49151
[Q SLICE] track=3 index=3 start=49151 end=65535
[Q PATTERN] index=0 length=16 masks=0000,0000,0000
[Q LOCK] pattern=0 step=0 mask=0 slice=0
[Q LOCK] pattern=0 step=1 mask=0 slice=0
[Q LOCK] pattern=0 step=2 mask=0 slice=0
[Q LOCK] pattern=0 step=3 mask=0 slice=0
[Q PATTERN] index=1 length=16 masks=0000,0000,0000
[Q LOCK] pattern=1 step=0 mask=0 slice=0
[Q LOCK] pattern=1 step=1 mask=0 slice=0
[Q LOCK] pattern=1 step=2 mask=0 slice=0
[Q LOCK] pattern=1 step=3 mask=0 slice=0
[Q PATTERN] index=2 length=16 masks=0000,0000,0000
[Q LOCK] pattern=2 step=0 mask=0 slice=0
[Q LOCK] pattern=2 step=1 mask=0 slice=0
[Q LOCK] pattern=2 step=2 mask=0 slice=0
[Q LOCK] pattern=2 step=3 mask=0 slice=0
[Q PATTERN] index=3 length=16 masks=0000,0000,0000
[Q LOCK] pattern=3 step=0 mask=0 slice=0
[Q LOCK] pattern=3 step=1 mask=0 slice=0
[Q LOCK] pattern=3 step=2 mask=0 slice=0
[Q LOCK] pattern=3 step=3 mask=0 slice=0
[Q TRANSIENT] state=3 request=1 progress=100 count=8 stale_discarded=0 apply=0 cancel=0 duration_max_us=61941 chunk_max_us=2339
[Q PROPOSAL] index=0 start=0 end=8192
[Q PROPOSAL] index=1 start=8192 end=16384
[Q PROPOSAL] index=2 start=16384 end=20480
[Q PROPOSAL] index=3 start=20480 end=28672
[Q PROPOSAL] index=4 start=28672 end=32768
[Q PROPOSAL] index=5 start=32768 end=45056
[Q PROPOSAL] index=6 start=45056 end=57344
[Q PROPOSAL] index=7 start=57344 end=65535
[Q HEAP] tag=state internal=173192 free=25932268 largest=21495796
[Q PLAYBACK] triggers=18 reverse=8 gate=2 releases=1 chokes=1 retriggers=1 repeat_accepts=0 repeat_hits=0 chain_loops=0

# HOST CMD 80 0 0 0 0
[Q COMMAND] CMD 80 0 0 0 0
[Q ACK] sent=1

# HOST CMD 78 0 264 0 0
[Q COMMAND] CMD 78 0 264 0 0
[Q ACK] sent=1
[Q COMMAND] 
[Q ACK] invalid=1

# HOST STATE
[Q COMMAND] STATE
[Q STATE] bpm=120 swing=50 playing=0 mode=0 chain_length=0 chain_loop=0 project_busy=0 restoring=0 sample_busy=0 project_status=PROJECT READY / 0 MISSING sample_status=SAMPLE READY
[Q TRACK] track=0 source=1 pitch=47 synth_pitch=36 sample_pitch=47 mute=0 solo=0 start=0 end=65535 reverse=0 mode=1 choke=1 cutoff=0 resonance=0 send=127 slices=4 enabled=1 selected=0 frames=176400 waveform=0720701a name=m19p_mixed.wav
[Q SLICE] track=0 index=0 start=0 end=16383
[Q SLICE] track=0 index=1 start=16383 end=32767
[Q SLICE] track=0 index=2 start=32767 end=49151
[Q SLICE] track=0 index=3 start=49151 end=65535
[Q TRACK] track=1 source=1 pitch=48 synth_pitch=39 sample_pitch=48 mute=0 solo=0 start=0 end=65535 reverse=1 mode=0 choke=0 cutoff=0 resonance=0 send=127 slices=4 enabled=1 selected=0 frames=176400 waveform=0720701a name=m19p_mixed.wav
[Q SLICE] track=1 index=0 start=0 end=16383
[Q SLICE] track=1 index=1 start=16383 end=32767
[Q SLICE] track=1 index=2 start=32767 end=49151
[Q SLICE] track=1 index=3 start=49151 end=65535
[Q TRACK] track=2 source=1 pitch=49 synth_pitch=42 sample_pitch=49 mute=0 solo=0 start=0 end=65535 reverse=0 mode=0 choke=0 cutoff=0 resonance=0 send=127 slices=4 enabled=1 selected=0 frames=176400 waveform=595ef306 name=m19p_stereo.wav
[Q SLICE] track=2 index=0 start=0 end=16383
[Q SLICE] track=2 index=1 start=16383 end=32767
[Q SLICE] track=2 index=2 start=32767 end=49151
[Q SLICE] track=2 index=3 start=49151 end=65535
[Q TRACK] track=3 source=1 pitch=50 synth_pitch=45 sample_pitch=50 mute=0 solo=0 start=0 end=65535 reverse=1 mode=0 choke=0 cutoff=0 resonance=0 send=127 slices=4 enabled=1 selected=0 frames=22050 waveform=0ee7dbac name=m19p_oneshot.wav
[Q SLICE] track=3 index=0 start=0 end=16383
[Q SLICE] track=3 index=1 start=16383 end=32767
[Q SLICE] track=3 index=2 start=32767 end=49151
[Q SLICE] track=3 index=3 start=49151 end=65535
[Q PATTERN] index=0 length=16 masks=0000,0000,0000
[Q LOCK] pattern=0 step=0 mask=0 slice=0
[Q LOCK] pattern=0 step=1 mask=0 slice=0
[Q LOCK] pattern=0 step=2 mask=0 slice=0
[Q LOCK] pattern=0 step=3 mask=0 slice=0
[Q PATTERN] index=1 length=16 masks=0000,0000,0000
[Q LOCK] pattern=1 step=0 mask=0 slice=0
[Q LOCK] pattern=1 step=1 mask=0 slice=0
[Q LOCK] pattern=1 step=2 mask=0 slice=0
[Q LOCK] pattern=1 step=3 mask=0 slice=0
[Q PATTERN] index=2 length=16 masks=0000,0000,0000
[Q LOCK] pattern=2 step=0 mask=0 slice=0
[Q LOCK] pattern=2 step=1 mask=0 slice=0
[Q LOCK] pattern=2 step=2 mask=0 slice=0
[Q LOCK] pattern=2 step=3 mask=0 slice=0
[Q PATTERN] index=3 length=16 masks=0000,0000,0000
[Q LOCK] pattern=3 step=0 mask=0 slice=0
[Q LOCK] pattern=3 step=1 mask=0 slice=0
[Q LOCK] pattern=3 step=2 mask=0 slice=0
[Q LOCK] pattern=3 step=3 mask=0 slice=0
[Q TRANSIENT] state=3 request=3 progress=100 count=8 stale_discarded=0 apply=0 cancel=1 duration_max_us=63850 chunk_max_us=2390
[Q PROPOSAL] index=0 start=0 end=8192
[Q PROPOSAL] index=1 start=8192 end=16384
[Q PROPOSAL] index=2 start=16384 end=20480
[Q PROPOSAL] index=3 start=20480 end=28672
[Q PROPOSAL] index=4 start=28672 end=32768
[Q PROPOSAL] index=5 start=32768 end=45056
[Q PROPOSAL] index=6 start=45056 end=57344
[Q PROPOSAL] index=7 start=57344 end=65535
[Q HEAP] tag=state internal=173192 free=25932268 largest=21495796
[Q PLAYBACK] triggers=18 reverse=8 gate=2 releases=1 chokes=1 retriggers=1 repeat_accepts=0 repeat_hits=0 chain_loops=0
[Q COMMAND] 
[Q ACK] invalid=1

# HOST STATE
[Q COMMAND] STATE
[Q STATE] bpm=120 swing=50 playing=0 mode=0 chain_length=0 chain_loop=0 project_busy=0 restoring=0 sample_busy=0 project_status=PROJECT READY / 0 MISSING sample_status=SAMPLE READY
[Q TRACK] track=0 source=1 pitch=47 synth_pitch=36 sample_pitch=47 mute=0 solo=0 start=0 end=65535 reverse=0 mode=1 choke=1 cutoff=0 resonance=0 send=127 slices=4 enabled=1 selected=0 frames=176400 waveform=0720701a name=m19p_mixed.wav
[Q SLICE] track=0 index=0 start=0 end=16383
[Q SLICE] track=0 index=1 start=16383 end=32767
[Q SLICE] track=0 index=2 start=32767 end=49151
[Q SLICE] track=0 index=3 start=49151 end=65535
[Q TRACK] track=1 source=1 pitch=48 synth_pitch=39 sample_pitch=48 mute=0 solo=0 start=0 end=65535 reverse=1 mode=0 choke=0 cutoff=0 resonance=0 send=127 slices=4 enabled=1 selected=0 frames=176400 waveform=0720701a name=m19p_mixed.wav
[Q SLICE] track=1 index=0 start=0 end=16383
[Q SLICE] track=1 index=1 start=16383 end=32767
[Q SLICE] track=1 index=2 start=32767 end=49151
[Q SLICE] track=1 index=3 start=49151 end=65535
[Q TRACK] track=2 source=1 pitch=49 synth_pitch=42 sample_pitch=49 mute=0 solo=0 start=0 end=65535 reverse=0 mode=0 choke=0 cutoff=0 resonance=0 send=127 slices=4 enabled=1 selected=0 frames=176400 waveform=595ef306 name=m19p_stereo.wav
[Q SLICE] track=2 index=0 start=0 end=16383
[Q SLICE] track=2 index=1 start=16383 end=32767
[Q SLICE] track=2 index=2 start=32767 end=49151
[Q SLICE] track=2 index=3 start=49151 end=65535
[Q TRACK] track=3 source=1 pitch=50 synth_pitch=45 sample_pitch=50 mute=0 solo=0 start=0 end=65535 reverse=1 mode=0 choke=0 cutoff=0 resonance=0 send=127 slices=4 enabled=1 selected=0 frames=22050 waveform=0ee7dbac name=m19p_oneshot.wav
[Q SLICE] track=3 index=0 start=0 end=16383
[Q SLICE] track=3 index=1 start=16383 end=32767
[Q SLICE] track=3 index=2 start=32767 end=49151
[Q SLICE] track=3 index=3 start=49151 end=65535
[Q PATTERN] index=0 length=16 masks=0000,0000,0000
[Q LOCK] pattern=0 step=0 mask=0 slice=0
[Q LOCK] pattern=0 step=1 mask=0 slice=0
[Q LOCK] pattern=0 step=2 mask=0 slice=0
[Q LOCK] pattern=0 step=3 mask=0 slice=0
[Q PATTERN] index=1 length=16 masks=0000,0000,0000
[Q LOCK] pattern=1 step=0 mask=0 slice=0
[Q LOCK] pattern=1 step=1 mask=0 slice=0
[Q LOCK] pattern=1 step=2 mask=0 slice=0
[Q LOCK] pattern=1 step=3 mask=0 slice=0
[Q PATTERN] index=2 length=16 masks=0000,0000,0000
[Q LOCK] pattern=2 step=0 mask=0 slice=0
[Q LOCK] pattern=2 step=1 mask=0 slice=0
[Q LOCK] pattern=2 step=2 mask=0 slice=0
[Q LOCK] pattern=2 step=3 mask=0 slice=0
[Q PATTERN] index=3 length=16 masks=0000,0000,0000
[Q LOCK] pattern=3 step=0 mask=0 slice=0
[Q LOCK] pattern=3 step=1 mask=0 slice=0
[Q LOCK] pattern=3 step=2 mask=0 slice=0
[Q LOCK] pattern=3 step=3 mask=0 slice=0
[Q TRANSIENT] state=3 request=3 progress=100 count=8 stale_discarded=0 apply=0 cancel=1 duration_max_us=63850 chunk_max_us=2390
[Q PROPOSAL] index=0 start=0 end=8192
[Q PROPOSAL] index=1 start=8192 end=16384
[Q PROPOSAL] index=2 start=16384 end=20480
[Q PROPOSAL] index=3 start=20480 end=28672
[Q PROPOSAL] index=4 start=28672 end=32768
[Q PROPOSAL] index=5 start=32768 end=45056
[Q PROPOSAL] index=6 start=45056 end=57344
[Q PROPOSAL] index=7 start=57344 end=65535
[Q HEAP] tag=state internal=173192 free=25932268 largest=21495796
[Q PLAYBACK] triggers=18 reverse=8 gate=2 releases=1 chokes=1 retriggers=1 repeat_accepts=0 repeat_hits=0 chain_loops=0

# HOST CMD 79 0 3 0 0
[Q COMMAND] CMD 79 0 3 0 0
[Q ACK] sent=1

# HOST CMD 60 0 0 0 0
[Q COMMAND] CMD 60 0 0 0 0
[Q ACK] sent=1

# HOST CMD 13 0 0 0 0
[Q COMMAND] CMD 13 0 0 0 0
[Q ACK] sent=1

# HOST CMD 17 0 0 0 0
[Q COMMAND] CMD 17 0 0 0 0
[Q ACK] sent=1

# HOST CMD 1 0 240 0 0
[Q COMMAND] CMD 1 0 240 0 0
[Q ACK] sent=1

# HOST CMD 15 0 16 0 0
[Q COMMAND] CMD 15 0 16 0 0
[Q ACK] sent=1

# HOST CMD 10 0 0 0 0
[Q COMMAND] CMD 10 0 0 0 0
[Q ACK] sent=1

# HOST CMD 12 0 0 0 0
[Q COMMAND] CMD 12 0 0 0 0
[Q ACK] sent=1

# HOST CMD 47 0 0 0 0
[Q COMMAND] CMD 47 0 0 0 0
[Q ACK] sent=1

# HOST CMD 2 0 0 0 0
[Q COMMAND] CMD 2 0 0 0 0
[Q ACK] sent=1

# HOST CMD 38 0 0 0 0
[Q COMMAND] CMD 38 0 0 0 0
[Q ACK] sent=1

# HOST CMD 2 0 4 0 4
[Q COMMAND] CMD 2 0 4 0 4
[Q ACK] sent=1

# HOST CMD 38 0 0 0 4
[Q COMMAND] CMD 38 0 0 0 4
[Q ACK] sent=1

# HOST CMD 2 0 8 0 8
[Q COMMAND] CMD 2 0 8 0 8
[Q ACK] sent=1

# HOST CMD 38 0 0 0 8
[Q COMMAND] CMD 38 0 0 0 8
[Q ACK] sent=1

# HOST CMD 2 0 12 0 12
[Q COMMAND] CMD 2 0 12 0 12
[Q ACK] sent=1

# HOST CMD 38 0 0 0 12
[Q COMMAND] CMD 38 0 0 0 12
[Q ACK] sent=1

# HOST CMD 10 1 0 0 0
[Q COMMAND] CMD 10 1 0 0 0
[Q ACK] sent=1

# HOST CMD 12 1 0 0 0
[Q COMMAND] CMD 12 1 0 0 0
[Q ACK] sent=1

# HOST CMD 47 1 0 0 0
[Q COMMAND] CMD 47 1 0 0 0
[Q ACK] sent=1

# HOST CMD 2 1 0 0 0
[Q COMMAND] CMD 2 1 0 0 0
[Q ACK] sent=1

# HOST CMD 38 1 0 0 0
[Q COMMAND] CMD 38 1 0 0 0
[Q ACK] sent=1

# HOST CMD 2 1 4 0 4
[Q COMMAND] CMD 2 1 4 0 4
[Q ACK] sent=1

# HOST CMD 38 1 0 0 4
[Q COMMAND] CMD 38 1 0 0 4
[Q ACK] sent=1

# HOST CMD 2 1 8 0 8
[Q COMMAND] CMD 2 1 8 0 8
[Q ACK] sent=1

# HOST CMD 38 1 0 0 8
[Q COMMAND] CMD 38 1 0 0 8
[Q ACK] sent=1

# HOST CMD 2 1 12 0 12
[Q COMMAND] CMD 2 1 12 0 12
[Q ACK] sent=1

# HOST CMD 38 1 0 0 12
[Q COMMAND] CMD 38 1 0 0 12
[Q ACK] sent=1

# HOST CMD 10 2 0 0 0
[Q COMMAND] CMD 10 2 0 0 0
[Q ACK] sent=1

# HOST CMD 12 2 0 0 0
[Q COMMAND] CMD 12 2 0 0 0
[Q ACK] sent=1

# HOST CMD 47 2 0 0 0
[Q COMMAND] CMD 47 2 0 0 0
[Q ACK] sent=1

# HOST CMD 2 2 0 0 0
[Q COMMAND] CMD 2 2 0 0 0
[Q ACK] sent=1

# HOST CMD 38 2 0 0 0
[Q COMMAND] CMD 38 2 0 0 0
[Q ACK] sent=1

# HOST CMD 2 2 4 0 4
[Q COMMAND] CMD 2 2 4 0 4
[Q ACK] sent=1

# HOST CMD 38 2 0 0 4
[Q COMMAND] CMD 38 2 0 0 4
[Q ACK] sent=1

# HOST CMD 2 2 8 0 8
[Q COMMAND] CMD 2 2 8 0 8
[Q ACK] sent=1

# HOST CMD 38 2 0 0 8
[Q COMMAND] CMD 38 2 0 0 8
[Q ACK] sent=1

# HOST CMD 2 2 12 0 12
[Q COMMAND] CMD 2 2 12 0 12
[Q ACK] sent=1

# HOST CMD 38 2 0 0 12
[Q COMMAND] CMD 38 2 0 0 12
[Q ACK] sent=1

# HOST CMD 10 3 0 0 0
[Q COMMAND] CMD 10 3 0 0 0
[Q ACK] sent=1

# HOST CMD 12 3 0 0 0
[Q COMMAND] CMD 12 3 0 0 0
[Q ACK] sent=1

# HOST CMD 47 3 0 0 0
[Q COMMAND] CMD 47 3 0 0 0
[Q ACK] sent=1

# HOST CMD 2 3 0 0 0
[Q COMMAND] CMD 2 3 0 0 0
[Q ACK] sent=1

# HOST CMD 38 3 0 0 0
[Q COMMAND] CMD 38 3 0 0 0
[Q ACK] sent=1

# HOST CMD 2 3 4 0 4
[Q COMMAND] CMD 2 3 4 0 4
[Q ACK] sent=1

# HOST CMD 38 3 0 0 4
[Q COMMAND] CMD 38 3 0 0 4
[Q ACK] sent=1

# HOST CMD 2 3 8 0 8
[Q COMMAND] CMD 2 3 8 0 8
[Q ACK] sent=1

# HOST CMD 38 3 0 0 8
[Q COMMAND] CMD 38 3 0 0 8
[Q ACK] sent=1

# HOST CMD 2 3 12 0 12
[Q COMMAND] CMD 2 3 12 0 12
[Q ACK] sent=1

# HOST CMD 38 3 0 0 12
[Q COMMAND] CMD 38 3 0 0 12
[Q ACK] sent=1

# HOST CMD 10 4 0 0 0
[Q COMMAND] CMD 10 4 0 0 0
[Q ACK] sent=1

# HOST CMD 12 4 0 0 0
[Q COMMAND] CMD 12 4 0 0 0
[Q ACK] sent=1

# HOST CMD 47 4 0 0 0
[Q COMMAND] CMD 47 4 0 0 0
[Q ACK] sent=1

# HOST CMD 2 4 0 0 0
[Q COMMAND] CMD 2 4 0 0 0
[Q ACK] sent=1

# HOST CMD 38 4 0 0 0
[Q COMMAND] CMD 38 4 0 0 0
[Q ACK] sent=1

# HOST CMD 2 4 4 0 4
[Q COMMAND] CMD 2 4 4 0 4
[Q ACK] sent=1

# HOST CMD 38 4 0 0 4
[Q COMMAND] CMD 38 4 0 0 4
[Q ACK] sent=1

# HOST CMD 2 4 8 0 8
[Q COMMAND] CMD 2 4 8 0 8
[Q ACK] sent=1

# HOST CMD 38 4 0 0 8
[Q COMMAND] CMD 38 4 0 0 8
[Q ACK] sent=1

# HOST CMD 2 4 12 0 12
[Q COMMAND] CMD 2 4 12 0 12
[Q ACK] sent=1

# HOST CMD 38 4 0 0 12
[Q COMMAND] CMD 38 4 0 0 12
[Q ACK] sent=1

# HOST CMD 10 5 0 0 0
[Q COMMAND] CMD 10 5 0 0 0
[Q ACK] sent=1

# HOST CMD 12 5 0 0 0
[Q COMMAND] CMD 12 5 0 0 0
[Q ACK] sent=1

# HOST CMD 47 5 0 0 0
[Q COMMAND] CMD 47 5 0 0 0
[Q ACK] sent=1

# HOST CMD 2 5 0 0 0
[Q COMMAND] CMD 2 5 0 0 0
[Q ACK] sent=1

# HOST CMD 38 5 0 0 0
[Q COMMAND] CMD 38 5 0 0 0
[Q ACK] sent=1

# HOST CMD 2 5 4 0 4
[Q COMMAND] CMD 2 5 4 0 4
[Q ACK] sent=1

# HOST CMD 38 5 0 0 4
[Q COMMAND] CMD 38 5 0 0 4
[Q ACK] sent=1

# HOST CMD 2 5 8 0 8
[Q COMMAND] CMD 2 5 8 0 8
[Q ACK] sent=1

# HOST CMD 38 5 0 0 8
[Q COMMAND] CMD 38 5 0 0 8
[Q ACK] sent=1

# HOST CMD 2 5 12 0 12
[Q COMMAND] CMD 2 5 12 0 12
[Q ACK] sent=1

# HOST CMD 38 5 0 0 12
[Q COMMAND] CMD 38 5 0 0 12
[Q ACK] sent=1

# HOST CMD 10 6 0 0 0
[Q COMMAND] CMD 10 6 0 0 0
[Q ACK] sent=1

# HOST CMD 12 6 0 0 0
[Q COMMAND] CMD 12 6 0 0 0
[Q ACK] sent=1

# HOST CMD 47 6 0 0 0
[Q COMMAND] CMD 47 6 0 0 0
[Q ACK] sent=1

# HOST CMD 2 6 0 0 0
[Q COMMAND] CMD 2 6 0 0 0
[Q ACK] sent=1

# HOST CMD 38 6 0 0 0
[Q COMMAND] CMD 38 6 0 0 0
[Q ACK] sent=1

# HOST CMD 2 6 4 0 4
[Q COMMAND] CMD 2 6 4 0 4
[Q ACK] sent=1

# HOST CMD 38 6 0 0 4
[Q COMMAND] CMD 38 6 0 0 4
[Q ACK] sent=1

# HOST CMD 2 6 8 0 8
[Q COMMAND] CMD 2 6 8 0 8
[Q ACK] sent=1

# HOST CMD 38 6 0 0 8
[Q COMMAND] CMD 38 6 0 0 8
[Q ACK] sent=1

# HOST CMD 2 6 12 0 12
[Q COMMAND] CMD 2 6 12 0 12
[Q ACK] sent=1

# HOST CMD 38 6 0 0 12
[Q COMMAND] CMD 38 6 0 0 12
[Q ACK] sent=1

# HOST CMD 10 7 0 0 0
[Q COMMAND] CMD 10 7 0 0 0
[Q ACK] sent=1

# HOST CMD 12 7 0 0 0
[Q COMMAND] CMD 12 7 0 0 0
[Q ACK] sent=1

# HOST CMD 47 7 0 0 0
[Q COMMAND] CMD 47 7 0 0 0
[Q ACK] sent=1

# HOST CMD 2 7 0 0 0
[Q COMMAND] CMD 2 7 0 0 0
[Q ACK] sent=1

# HOST CMD 38 7 0 0 0
[Q COMMAND] CMD 38 7 0 0 0
[Q ACK] sent=1

# HOST CMD 2 7 4 0 4
[Q COMMAND] CMD 2 7 4 0 4
[Q ACK] sent=1

# HOST CMD 38 7 0 0 4
[Q COMMAND] CMD 38 7 0 0 4
[Q ACK] sent=1

# HOST CMD 2 7 8 0 8
[Q COMMAND] CMD 2 7 8 0 8
[Q ACK] sent=1

# HOST CMD 38 7 0 0 8
[Q COMMAND] CMD 38 7 0 0 8
[Q ACK] sent=1

# HOST CMD 2 7 12 0 12
[Q COMMAND] CMD 2 7 12 0 12
[Q ACK] sent=1

# HOST CMD 38 7 0 0 12
[Q COMMAND] CMD 38 7 0 0 12
[Q ACK] sent=1

# HOST CMD 10 8 0 0 0
[Q COMMAND] CMD 10 8 0 0 0
[Q ACK] sent=1

# HOST CMD 12 8 0 0 0
[Q COMMAND] CMD 12 8 0 0 0
[Q ACK] sent=1

# HOST CMD 47 8 0 0 0
[Q COMMAND] CMD 47 8 0 0 0
[Q ACK] sent=1

# HOST CMD 2 8 0 0 0
[Q COMMAND] CMD 2 8 0 0 0
[Q ACK] sent=1

# HOST CMD 38 8 0 0 0
[Q COMMAND] CMD 38 8 0 0 0
[Q ACK] sent=1

# HOST CMD 2 8 4 0 4
[Q COMMAND] CMD 2 8 4 0 4
[Q ACK] sent=1

# HOST CMD 38 8 0 0 4
[Q COMMAND] CMD 38 8 0 0 4
[Q ACK] sent=1

# HOST CMD 2 8 8 0 8
[Q COMMAND] CMD 2 8 8 0 8
[Q ACK] sent=1

# HOST CMD 38 8 0 0 8
[Q COMMAND] CMD 38 8 0 0 8
[Q ACK] sent=1

# HOST CMD 2 8 12 0 12
[Q COMMAND] CMD 2 8 12 0 12
[Q ACK] sent=1

# HOST CMD 38 8 0 0 12
[Q COMMAND] CMD 38 8 0 0 12
[Q ACK] sent=1

# HOST CMD 10 9 0 0 0
[Q COMMAND] CMD 10 9 0 0 0
[Q ACK] sent=1

# HOST CMD 12 9 0 0 0
[Q COMMAND] CMD 12 9 0 0 0
[Q ACK] sent=1

# HOST CMD 47 9 0 0 0
[Q COMMAND] CMD 47 9 0 0 0
[Q ACK] sent=1

# HOST CMD 2 9 0 0 0
[Q COMMAND] CMD 2 9 0 0 0
[Q ACK] sent=1

# HOST CMD 38 9 0 0 0
[Q COMMAND] CMD 38 9 0 0 0
[Q ACK] sent=1

# HOST CMD 2 9 4 0 4
[Q COMMAND] CMD 2 9 4 0 4
[Q ACK] sent=1

# HOST CMD 38 9 0 0 4
[Q COMMAND] CMD 38 9 0 0 4
[Q ACK] sent=1

# HOST CMD 2 9 8 0 8
[Q COMMAND] CMD 2 9 8 0 8
[Q ACK] sent=1

# HOST CMD 38 9 0 0 8
[Q COMMAND] CMD 38 9 0 0 8
[Q ACK] sent=1

# HOST CMD 2 9 12 0 12
[Q COMMAND] CMD 2 9 12 0 12
[Q ACK] sent=1

# HOST CMD 38 9 0 0 12
[Q COMMAND] CMD 38 9 0 0 12
[Q ACK] sent=1

# HOST CMD 10 10 0 0 0
[Q COMMAND] CMD 10 10 0 0 0
[Q ACK] sent=1

# HOST CMD 12 10 0 0 0
[Q COMMAND] CMD 12 10 0 0 0
[Q ACK] sent=1

# HOST CMD 47 10 0 0 0
[Q COMMAND] CMD 47 10 0 0 0
[Q ACK] sent=1

# HOST CMD 2 10 0 0 0
[Q COMMAND] CMD 2 10 0 0 0
[Q ACK] sent=1

# HOST CMD 38 10 0 0 0
[Q COMMAND] CMD 38 10 0 0 0
[Q ACK] sent=1

# HOST CMD 2 10 4 0 4
[Q COMMAND] CMD 2 10 4 0 4
[Q ACK] sent=1

# HOST CMD 38 10 0 0 4
[Q COMMAND] CMD 38 10 0 0 4
[Q ACK] sent=1

# HOST CMD 2 10 8 0 8
[Q COMMAND] CMD 2 10 8 0 8
[Q ACK] sent=1

# HOST CMD 38 10 0 0 8
[Q COMMAND] CMD 38 10 0 0 8
[Q ACK] sent=1

# HOST CMD 2 10 12 0 12
[Q COMMAND] CMD 2 10 12 0 12
[Q ACK] sent=1

# HOST CMD 38 10 0 0 12
[Q COMMAND] CMD 38 10 0 0 12
[Q ACK] sent=1

# HOST CMD 10 11 0 0 0
[Q COMMAND] CMD 10 11 0 0 0
[Q ACK] sent=1

# HOST CMD 12 11 0 0 0
[Q COMMAND] CMD 12 11 0 0 0
[Q ACK] sent=1

# HOST CMD 47 11 0 0 0
[Q COMMAND] CMD 47 11 0 0 0
[Q ACK] sent=1

# HOST CMD 2 11 0 0 0
[Q COMMAND] CMD 2 11 0 0 0
[Q ACK] sent=1

# HOST CMD 38 11 0 0 0
[Q COMMAND] CMD 38 11 0 0 0
[Q ACK] sent=1

# HOST CMD 2 11 4 0 4
[Q COMMAND] CMD 2 11 4 0 4
[Q ACK] sent=1

# HOST CMD 38 11 0 0 4
[Q COMMAND] CMD 38 11 0 0 4
[Q ACK] sent=1

# HOST CMD 2 11 8 0 8
[Q COMMAND] CMD 2 11 8 0 8
[Q ACK] sent=1

# HOST CMD 38 11 0 0 8
[Q COMMAND] CMD 38 11 0 0 8
[Q ACK] sent=1

# HOST CMD 2 11 12 0 12
[Q COMMAND] CMD 2 11 12 0 12
[Q ACK] sent=1

# HOST CMD 38 11 0 0 12
[Q COMMAND] CMD 38 11 0 0 12
[Q ACK] sent=1

# HOST CMD 10 12 0 0 0
[Q COMMAND] CMD 10 12 0 0 0
[Q ACK] sent=1

# HOST CMD 12 12 0 0 0
[Q COMMAND] CMD 12 12 0 0 0
[Q ACK] sent=1

# HOST CMD 47 12 0 0 0
[Q COMMAND] CMD 47 12 0 0 0
[Q ACK] sent=1

# HOST CMD 2 12 0 0 0
[Q COMMAND] CMD 2 12 0 0 0
[Q ACK] sent=1

# HOST CMD 38 12 0 0 0
[Q COMMAND] CMD 38 12 0 0 0
[Q ACK] sent=1

# HOST CMD 2 12 4 0 4
[Q COMMAND] CMD 2 12 4 0 4
[Q ACK] sent=1

# HOST CMD 38 12 0 0 4
[Q COMMAND] CMD 38 12 0 0 4
[Q ACK] sent=1

# HOST CMD 2 12 8 0 8
[Q COMMAND] CMD 2 12 8 0 8
[Q ACK] sent=1

# HOST CMD 38 12 0 0 8
[Q COMMAND] CMD 38 12 0 0 8
[Q ACK] sent=1

# HOST CMD 2 12 12 0 12
[Q COMMAND] CMD 2 12 12 0 12
[Q ACK] sent=1

# HOST CMD 38 12 0 0 12
[Q COMMAND] CMD 38 12 0 0 12
[Q ACK] sent=1

# HOST CMD 10 13 0 0 0
[Q COMMAND] CMD 10 13 0 0 0
[Q ACK] sent=1

# HOST CMD 12 13 0 0 0
[Q COMMAND] CMD 12 13 0 0 0
[Q ACK] sent=1

# HOST CMD 47 13 0 0 0
[Q COMMAND] CMD 47 13 0 0 0
[Q ACK] sent=1

# HOST CMD 2 13 0 0 0
[Q COMMAND] CMD 2 13 0 0 0
[Q ACK] sent=1

# HOST CMD 38 13 0 0 0
[Q COMMAND] CMD 38 13 0 0 0
[Q ACK] sent=1

# HOST CMD 2 13 4 0 4
[Q COMMAND] CMD 2 13 4 0 4
[Q ACK] sent=1

# HOST CMD 38 13 0 0 4
[Q COMMAND] CMD 38 13 0 0 4
[Q ACK] sent=1

# HOST CMD 2 13 8 0 8
[Q COMMAND] CMD 2 13 8 0 8
[Q ACK] sent=1

# HOST CMD 38 13 0 0 8
[Q COMMAND] CMD 38 13 0 0 8
[Q ACK] sent=1

# HOST CMD 2 13 12 0 12
[Q COMMAND] CMD 2 13 12 0 12
[Q ACK] sent=1

# HOST CMD 38 13 0 0 12
[Q COMMAND] CMD 38 13 0 0 12
[Q ACK] sent=1

# HOST CMD 10 14 0 0 0
[Q COMMAND] CMD 10 14 0 0 0
[Q ACK] sent=1

# HOST CMD 12 14 0 0 0
[Q COMMAND] CMD 12 14 0 0 0
[Q ACK] sent=1

# HOST CMD 47 14 0 0 0
[Q COMMAND] CMD 47 14 0 0 0
[Q ACK] sent=1

# HOST CMD 2 14 0 0 0
[Q COMMAND] CMD 2 14 0 0 0
[Q ACK] sent=1

# HOST CMD 38 14 0 0 0
[Q COMMAND] CMD 38 14 0 0 0
[Q ACK] sent=1

# HOST CMD 2 14 4 0 4
[Q COMMAND] CMD 2 14 4 0 4
[Q ACK] sent=1

# HOST CMD 38 14 0 0 4
[Q COMMAND] CMD 38 14 0 0 4
[Q ACK] sent=1

# HOST CMD 2 14 8 0 8
[Q COMMAND] CMD 2 14 8 0 8
[Q ACK] sent=1

# HOST CMD 38 14 0 0 8
[Q COMMAND] CMD 38 14 0 0 8
[Q ACK] sent=1

# HOST CMD 2 14 12 0 12
[Q COMMAND] CMD 2 14 12 0 12
[Q ACK] sent=1

# HOST CMD 38 14 0 0 12
[Q COMMAND] CMD 38 14 0 0 12
[Q ACK] sent=1

# HOST CMD 10 15 0 0 0
[Q COMMAND] CMD 10 15 0 0 0
[Q ACK] sent=1

# HOST CMD 12 15 0 0 0
[Q COMMAND] CMD 12 15 0 0 0
[Q ACK] sent=1

# HOST CMD 47 15 0 0 0
[Q COMMAND] CMD 47 15 0 0 0
[Q ACK] sent=1

# HOST CMD 2 15 0 0 0
[Q COMMAND] CMD 2 15 0 0 0
[Q ACK] sent=1

# HOST CMD 38 15 0 0 0
[Q COMMAND] CMD 38 15 0 0 0
[Q ACK] sent=1

# HOST CMD 2 15 4 0 4
[Q COMMAND] CMD 2 15 4 0 4
[Q ACK] sent=1

# HOST CMD 38 15 0 0 4
[Q COMMAND] CMD 38 15 0 0 4
[Q ACK] sent=1

# HOST CMD 2 15 8 0 8
[Q COMMAND] CMD 2 15 8 0 8
[Q ACK] sent=1

# HOST CMD 38 15 0 0 8
[Q COMMAND] CMD 38 15 0 0 8
[Q ACK] sent=1

# HOST CMD 2 15 12 0 12
[Q COMMAND] CMD 2 15 12 0 12
[Q ACK] sent=1

# HOST CMD 38 15 0 0 12
[Q COMMAND] CMD 38 15 0 0 12
[Q ACK] sent=1

# HOST CMD 0 0 1 0 0
[Q COMMAND] CMD 0 0 1 0 0
[Q ACK] sent=1

# HOST CMD 75 0 8 0 0
[Q COMMAND] CMD 75 0 8 0 0
[Q ACK] sent=1

# HOST LOAD 1 4
[Q COMMAND] LOAD 1 4
[Q ACK] load=1
[M6 read] bytes=705600 read_us=1195159 bytes_per_second=590381 original_channels=2 rate=44100 total_psram=33554432
[M6 load] track=1 file_bytes=705644 pcm_bytes=352800 load_publish_us=1659819 payload=4718700 transient=352800 peak_payload=5071500 ps_free=25932268 largest=21495796 internal=173192 display=2304000 fx_delay=352800 reserve=4194304
[M6.1 replacement] retired_clear=1 ps_delta=0 status=READY
[M213 address] track=1 pcm=0x482abdfc base=0x482abdfc bytes=352800 frames=176400 mod64=60 mod128=124 mod256=252 mod4096=3580 mod131072=48636 external=1 requested_caps=1028 free=25932268 largest=21495796

# HOST CMD 77 0 0 0 0
[Q COMMAND] CMD 77 0 0 0 0
[Q ACK] sent=1

# HOST CMD 0 0 0 0 0
[Q COMMAND] CMD 0 0 0 0 0
[Q ACK] sent=1

# HOST MEASURE 0
[Q COMMAND] MEASURE 0

# HOST METRICS
[Q COMMAND] METRICS
[Q METRICS] blocks=7910 stored=7910 p99=4258 max=4397 misses=0 failures=0 timeouts=0 nonzero=3967384 overlap=22 overlap_max=1835 active_max=16

# HOST SAVE M213_LAYOUT_QUAL
[Q COMMAND] SAVE M213_LAYOUT_QUAL
[Q ACK] save=1

# HOST PROJECT M213_LAYOUT_QUAL
[Q COMMAND] PROJECT M213_LAYOUT_QUAL
[Q ACK] project=1
[Q COMMAND] 
[Q ACK] invalid=1

# HOST STATE
[Q COMMAND] STATE
[Q STATE] bpm=240 swing=50 playing=0 mode=0 chain_length=0 chain_loop=0 project_busy=1 restoring=1 sample_busy=0 project_status=LOADING SAMPLES 1/16 sample_status=SAMPLE READY
[Q TRACK] track=0 source=1 pitch=47 synth_pitch=36 sample_pitch=47 mute=0 solo=0 start=0 end=65535 reverse=0 mode=0 choke=1 cutoff=0 resonance=0 send=127 slices=8 enabled=1 selected=0 frames=0 waveform=5f6c8245 name=
[Q SLICE] track=0 index=0 start=0 end=8192
[Q SLICE] track=0 index=1 start=8192 end=16384
[Q SLICE] track=0 index=2 start=16384 end=20480
[Q SLICE] track=0 index=3 start=20480 end=28672
[Q SLICE] track=0 index=4 start=28672 end=32768
[Q SLICE] track=0 index=5 start=32768 end=45056
[Q SLICE] track=0 index=6 start=45056 end=57344
[Q SLICE] track=0 index=7 start=57344 end=65535
[Q TRACK] track=1 source=1 pitch=48 synth_pitch=39 sample_pitch=48 mute=0 solo=0 start=0 end=65535 reverse=1 mode=0 choke=0 cutoff=0 resonance=0 send=127 slices=4 enabled=1 selected=0 frames=0 waveform=5f6c8245 name=
[Q SLICE] track=1 index=0 start=0 end=16383
[Q SLICE] track=1 index=1 start=16383 end=32767
[Q SLICE] track=1 index=2 start=32767 end=49151
[Q SLICE] track=1 index=3 start=49151 end=65535
[Q TRACK] track=2 source=1 pitch=49 synth_pitch=42 sample_pitch=49 mute=0 solo=0 start=0 end=65535 reverse=0 mode=0 choke=0 cutoff=0 resonance=0 send=127 slices=4 enabled=1 selected=0 frames=0 waveform=5f6c8245 name=
[Q SLICE] track=2 index=0 start=0 end=16383
[Q SLICE] track=2 index=1 start=16383 end=32767
[Q SLICE] track=2 index=2 start=32767 end=49151
[Q SLICE] track=2 index=3 start=49151 end=65535
[Q TRACK] track=3 source=1 pitch=50 synth_pitch=45 sample_pitch=50 mute=0 solo=0 start=0 end=65535 reverse=1 mode=0 choke=0 cutoff=0 resonance=0 send=127 slices=4 enabled=1 selected=0 frames=0 waveform=5f6c8245 name=
[Q SLICE] track=3 index=0 start=0 end=16383
[Q SLICE] track=3 index=1 start=16383 end=32767
[Q SLICE] track=3 index=2 start=32767 end=49151
[Q SLICE] track=3 index=3 start=49151 end=65535
[Q PATTERN] index=0 length=16 masks=1111,1111,1111
[Q LOCK] pattern=0 step=0 mask=128 slice=0
[Q LOCK] pattern=0 step=1 mask=0 slice=0
[Q LOCK] pattern=0 step=2 mask=0 slice=0
[Q LOCK] pattern=0 step=3 mask=0 slice=0
[Q PATTERN] index=1 length=16 masks=0000,0000,0000
[Q LOCK] pattern=1 step=0 mask=0 slice=0
[Q LOCK] pattern=1 step=1 mask=0 slice=0
[Q LOCK] pattern=1 step=2 mask=0 slice=0
[Q LOCK] pattern=1 step=3 mask=0 slice=0
[Q PATTERN] index=2 length=16 masks=0000,0000,0000
[Q LOCK] pattern=2 step=0 mask=0 slice=0
[Q LOCK] pattern=2 step=1 mask=0 slice=0
[Q LOCK] pattern=2 step=2 mask=0 slice=0
[Q LOCK] pattern=2 step=3 mask=0 slice=0
[Q PATTERN] index=3 length=16 masks=0000,0000,0000
[Q LOCK] pattern=3 step=0 mask=0 slice=0
[Q LOCK] pattern=3 step=1 mask=0 slice=0
[Q LOCK] pattern=3 step=2 mask=0 slice=0
[Q LOCK] pattern=3 step=3 mask=0 slice=0
[Q TRANSIENT] state=4 request=3 progress=100 count=8 stale_discarded=0 apply=1 cancel=1 duration_max_us=63850 chunk_max_us=2390
[Q PROPOSAL] index=0 start=0 end=8192
[Q PROPOSAL] index=1 start=8192 end=16384
[Q PROPOSAL] index=2 start=16384 end=20480
[Q PROPOSAL] index=3 start=20480 end=28672
[Q PROPOSAL] index=4 start=28672 end=32768
[Q PROPOSAL] index=5 start=32768 end=45056
[Q PROPOSAL] index=6 start=45056 end=57344
[Q PROPOSAL] index=7 start=57344 end=65535
[Q HEAP] tag=state internal=197252 free=30392872 largest=29884404
[Q PLAYBACK] triggers=178 reverse=88 gate=2 releases=1 chokes=11 retriggers=105 repeat_accepts=1 repeat_hits=0 chain_loops=0
[M6 read] bytes=352800 read_us=774340 bytes_per_second=455613 original_channels=1 rate=44100 total_psram=33554432
[M6 load] track=0 file_bytes=352844 pcm_bytes=352800 load_publish_us=1203950 payload=352800 transient=352800 peak_payload=352800 ps_free=30392872 largest=29884404 internal=197252 display=2304000 fx_delay=352800 reserve=4194304
[M6.1 replacement] retired_clear=1 ps_delta=360452 status=READY
[M213 address] track=0 pcm=0x482abdfc base=0x482abdfc bytes=352800 frames=176400 mod64=60 mod128=124 mod256=252 mod4096=3580 mod131072=48636 external=1 requested_caps=1028 free=30392872 largest=29884404
[Q COMMAND] 
[Q ACK] invalid=1

# HOST STATE
[Q COMMAND] STATE
[Q STATE] bpm=240 swing=50 playing=0 mode=0 chain_length=0 chain_loop=0 project_busy=1 restoring=1 sample_busy=0 project_status=LOADING SAMPLES 2/16 sample_status=SAMPLE READY
[Q TRACK] track=0 source=1 pitch=47 synth_pitch=36 sample_pitch=47 mute=0 solo=0 start=0 end=65535 reverse=0 mode=0 choke=1 cutoff=0 resonance=0 send=127 slices=8 enabled=1 selected=0 frames=176400 waveform=0720701a name=m19p_mixed.wav
[Q SLICE] track=0 index=0 start=0 end=8192
[Q SLICE] track=0 index=1 start=8192 end=16384
[Q SLICE] track=0 index=2 start=16384 end=20480
[Q SLICE] track=0 index=3 start=20480 end=28672
[Q SLICE] track=0 index=4 start=28672 end=32768
[Q SLICE] track=0 index=5 start=32768 end=45056
[Q SLICE] track=0 index=6 start=45056 end=57344
[Q SLICE] track=0 index=7 start=57344 end=65535
[Q TRACK] track=1 source=1 pitch=48 synth_pitch=39 sample_pitch=48 mute=0 solo=0 start=0 end=65535 reverse=1 mode=0 choke=0 cutoff=0 resonance=0 send=127 slices=4 enabled=1 selected=0 frames=0 waveform=5f6c8245 name=
[Q SLICE] track=1 index=0 start=0 end=16383
[Q SLICE] track=1 index=1 start=16383 end=32767
[Q SLICE] track=1 index=2 start=32767 end=49151
[Q SLICE] track=1 index=3 start=49151 end=65535
[Q TRACK] track=2 source=1 pitch=49 synth_pitch=42 sample_pitch=49 mute=0 solo=0 start=0 end=65535 reverse=0 mode=0 choke=0 cutoff=0 resonance=0 send=127 slices=4 enabled=1 selected=0 frames=0 waveform=5f6c8245 name=
[Q SLICE] track=2 index=0 start=0 end=16383
[Q SLICE] track=2 index=1 start=16383 end=32767
[Q SLICE] track=2 index=2 start=32767 end=49151
[Q SLICE] track=2 index=3 start=49151 end=65535
[Q TRACK] track=3 source=1 pitch=50 synth_pitch=45 sample_pitch=50 mute=0 solo=0 start=0 end=65535 reverse=1 mode=0 choke=0 cutoff=0 resonance=0 send=127 slices=4 enabled=1 selected=0 frames=0 waveform=5f6c8245 name=
[Q SLICE] track=3 index=0 start=0 end=16383
[Q SLICE] track=3 index=1 start=16383 end=32767
[Q SLICE] track=3 index=2 start=32767 end=49151
[Q SLICE] track=3 index=3 start=49151 end=65535
[Q PATTERN] index=0 length=16 masks=1111,1111,1111
[Q LOCK] pattern=0 step=0 mask=128 slice=0
[Q LOCK] pattern=0 step=1 mask=0 slice=0
[Q LOCK] pattern=0 step=2 mask=0 slice=0
[Q LOCK] pattern=0 step=3 mask=0 slice=0
[Q PATTERN] index=1 length=16 masks=0000,0000,0000
[Q LOCK] pattern=1 step=0 mask=0 slice=0
[Q LOCK] pattern=1 step=1 mask=0 slice=0
[Q LOCK] pattern=1 step=2 mask=0 slice=0
[Q LOCK] pattern=1 step=3 mask=0 slice=0
[Q PATTERN] index=2 length=16 masks=0000,0000,0000
[Q LOCK] pattern=2 step=0 mask=0 slice=0
[Q LOCK] pattern=2 step=1 mask=0 slice=0
[Q LOCK] pattern=2 step=2 mask=0 slice=0
[Q LOCK] pattern=2 step=3 mask=0 slice=0
[Q PATTERN] index=3 length=16 masks=0000,0000,0000
[Q LOCK] pattern=3 step=0 mask=0 slice=0
[Q LOCK] pattern=3 step=1 mask=0 slice=0
[Q LOCK] pattern=3 step=2 mask=0 slice=0
[Q LOCK] pattern=3 step=3 mask=0 slice=0
[Q TRANSIENT] state=4 request=3 progress=100 count=8 stale_discarded=0 apply=1 cancel=1 duration_max_us=63850 chunk_max_us=2390
[Q PROPOSAL] index=0 start=0 end=8192
[Q PROPOSAL] index=1 start=8192 end=16384
[Q PROPOSAL] index=2 start=16384 end=20480
[Q PROPOSAL] index=3 start=20480 end=28672
[Q PROPOSAL] index=4 start=28672 end=32768
[Q PROPOSAL] index=5 start=32768 end=45056
[Q PROPOSAL] index=6 start=45056[M6 read] bytes=705600 read_us=1183293 bytes_per_second=596302 original_channels=2 rate=44100 total_psram=33554432
[M6 load] track=1 file_bytes=705644 pcm_bytes=352800 load_publish_us=1615995 payload=705600 transient=352800 peak_payload=705600 ps_free=30032420 largest=29884404 internal=195648 display=2304000 fx_delay=352800 reserve=4194304
[M6.1 replacement] retired_clear=1 ps_delta=360452 status=READY
[M213 address] track=1 pcm=0x48303e00 base=0x48303e00 bytes=352800 frames=176400 mod64=0 mod128=0 mod256=0 mod4096=3584 mod131072=15872 external=1 requested_caps=1028 free=30032420 largest=29884404
 end=57344
[Q PROPOSAL] index=7 start=57344 end=65535
[Q HEAP] tag=state internal=188704 free=29671968 largest=29360116
[Q PLAYBACK] triggers=178 reverse=88 gate=2 releases=1 chokes=11 retriggers=105 repeat_accepts=1 repeat_hits=0 chain_loops=0
[Q COMMAND] 
[Q ACK] invalid=1

# HOST STATE
[Q COMMAND] STATE
[Q STATE] bpm=240 swing=50 playing=0 mode=0 chain_length=0 chain_loop=0 project_busy=1 restoring=1 sample_busy=0 project_status=LOADING SAMPLES 3/16 sample_status=SAMPLE READY
[Q TRACK] track=0 source=1 pitch=47 synth_pitch=36 sample_pitch=47 mute=0 solo=0 start=0 end=65535 reverse=0 mode=0 choke=1 cutoff=0 resonance=0 send=127 slices=8 enabled=1 selected=0 frames=176400 waveform=0720701a name=m19p_mixed.wav
[Q SLICE] track=0 index=0 start=0 end=8192
[Q SLICE] track=0 index=1 start=8192 end=16384
[Q SLICE] track=0 index=2 start=16384 end=20480
[Q SLICE] track=0 index=3 start=20480 end=28672
[Q SLICE] track=0 index=4 start=28672 end=32768
[Q SLICE] track=0 index=5 start=32768 end=45056
[Q SLICE] track=0 index=6 start=45056 end=57344
[Q SLICE] track=0 index=7 start=57344 end=65535
[Q TRACK] track=1 source=1 pitch=48 synth_pitch=39 sample_pitch=48 mute=0 solo=0 start=0 end=65535 reverse=1 mode=0 choke=0 cutoff=0 resonance=0 send=127 slices[M6 read] bytes=705600 read_us=1244967 bytes_per_second=566762 original_channels=2 rate=44100 total_psram=33554432
[M6 load] track=2 file_bytes=705644 pcm_bytes=352800 load_publish_us=1677154 payload=1058400 transient=352800 peak_payload=1058400 ps_free=29671968 largest=29360116 internal=194044 display=2304000 fx_delay=352800 reserve=4194304
[M6.1 replacement] retired_clear=1 ps_delta=360452 status=READY
[M213 address] track=2 pcm=0x4835be04 base=0x4835be04 bytes=352800 frames=176400 mod64=4 mod128=4 mod256=4 mod4096=3588 mod131072=114180 external=1 requested_caps=1028 free=29671968 largest=29360116
=4 enabled=1 selected=0 frames=176400 waveform=595ef306 name=m19p_stereo.wav
[Q SLICE] track=1 index=0 start=0 end=16383
[Q SLICE] track=1 index=1 start=16383 end=32767
[Q SLICE] track=1 index=2 start=32767 end=49151
[Q SLICE] track=1 index=3 start=49151 end=65535
[Q TRACK] track=2 source=1 pitch=49 synth_pitch=42 sample_pitch=49 mute=0 solo=0 start=0 end=65535 reverse=0 mode=0 choke=0 cutoff=0 resonance=0 send=127 slices=4 enabled=1 selected=0 frames=176400 waveform=595ef306 name=m19p_stereo.wav
[Q SLICE] track=2 index=0 start=0 end=16383
[Q SLICE] track=2 index=1 start=16383 end=32767
[Q SLICE] track=2 index=2 start=32767 end=49151
[Q SLICE] track=2 index=3 start=49151 end=65535
[Q TRACK] track=3 source=1 pitch=50 synth_pitch=45 sample_pitch=50 mute=0 solo=0 start=0 end=65535 reverse=1 mode=0 choke=0 cutoff=0 resonance=0 send=127 slices=4 enabled=1 selected=0 frames=0 waveform=5f6c8245 name=
[Q SLICE] track=3 index=0 start=0 end=16383
[Q SLICE] track=3 index=1 start=16383 end=32767
[Q SLICE] track=3 index=2 start=32767 end=49151
[Q SLICE] track=3 index=3 start=49151 end=65535
[Q PATTERN] index=0 length=16 masks=1111,1111,1111
[Q LOCK] pattern=0 step=0 mask=128 slice=0
[Q LOCK] pattern=0 step=1 mask=0 slice=0
[Q LOCK] pattern=0 step=2 mask=0 slice=0
[Q LOCK] pattern=0 step=3 mask=0 slice=0
[Q PATTERN] index=1 length=16 masks=0000,0000,0000
[Q LOCK] pattern=1 step=0 mask=0 slice=0
[Q LOCK] pattern=1 step=1 mask=0 slice=0
[Q LOCK] pattern=1 step=2 mask=0 slice=0
[Q LOCK] pattern=1 step=3 mask=0 slice=0
[Q PATTERN] index=2 length=16 masks=0000,0000,0000
[Q LOCK] pattern=2 step=0 mask=0 slice=0
[Q LOCK] pattern=2 step=1 mask=0 slice=0
[Q LOCK] pattern=2 step=2 mask=0 slice=0
[Q LOCK] pattern=2 step=3 mask=0 slice=0
[Q PATTERN] index=3 length=16 masks=0000,0000,0000
[Q LOCK] pattern=3 step=0 mask=0 slice=0
[Q LOCK] pattern=3 step=1 mask=0 slice=0
[Q LOCK] pattern=3 step=2 mask=0 slice=0
[Q LOCK] pattern=3 step=3 mask=0 slice=0
[Q TRANSIENT] state=4 request=3 progress=100 count=8 stale_discarded=0 apply=1 cancel=1 duration_max_us=63850 chunk_max_us=2390
[Q PROPOSAL] index=0 start=0 end=8192
[Q PROPOSAL] index=1 start=8192 end=16384
[Q PROPOSAL] index=2 start=16384 end=20480
[Q PROPOSAL] index=3 start=20480 end=28672
[Q PROPOSAL] index=4 start=28672 end=32768
[Q PROPOSAL] index=5 start=32768 end=45056
[Q PROPOSAL] index=6 start=45056 end=57344
[Q PROPOSAL] index=7 start=57344 end=65535
[Q HEAP] tag=state internal=192440 free=29626908 largest=29360116
[Q PLAYBACK] triggers=178 reverse=88 gate=2 releases=1 chokes=11 retriggers=105 repeat_accepts=1 repeat_hits=0 chain_loops=0
[M6 read] bytes=44100 read_us=85511 bytes_per_second=515723 original_channels=1 rate=44100 total_psram=33554432
[M6 load] track=3 file_bytes=44144 pcm_bytes=44100 load_publish_us=585038 payload=1102500 transient=44100 peak_payload=1102500 ps_free=29626908 largest=29360116 internal=192440 display=2304000 fx_delay=352800 reserve=4194304
[M6.1 replacement] retired_clear=1 ps_delta=45060 status=READY
[M213 address] track=3 pcm=0x483b3e08 base=0x483b3e08 bytes=44100 frames=22050 mod64=8 mod128=8 mod256=8 mod4096=3592 mod131072=81416 external=1 requested_caps=1028 free=29626908 largest=29360116
[M6 read] bytes=352800 read_us=681505 bytes_per_second=517677 original_channels=1 rate=44100 total_psram=33554432
[M6 load] track=4 file_bytes=352844 pcm_bytes=352800 load_publish_us=1111444 payload=1455300 transient=352800 peak_payload=1455300 ps_free=29266456 largest=28835828 internal=190836 display=2304000 fx_delay=352800 reserve=4194304
[M6.1 replacement] retired_clear=1 ps_delta=360452 status=READY
[M213 address] track=4 pcm=0x483bee0c base=0x483bee0c bytes=352800 frames=176400 mod64=12 mod128=12 mod256=12 mod4096=3596 mod131072=126476 external=1 requested_caps=1028 free=29266456 largest=28835828
[Q COMMAND] 
[Q ACK] invalid=1

# HOST STATE
[Q COMMAND] STATE
[Q STATE] bpm=240 swing=50 playing=0 mode=0 chain_length=0 chain_loop=0 project_busy=1 restoring=1 sample_busy=0 project_status=LOADING SAMPLES 6/16 sample_status=SAMPLE READY
[Q TRACK] track=0 source=1 pitch=47 synth_pitch=36 sample_pitch=47 mute=0 solo=0 start=0 end=65535 reverse=0 mode=0 choke=1 cutoff=0 resonance=0 send=127 slices=8 enabled=1 selected=0 frames=176400 waveform=0720701a name=m19p_mixed.wav
[Q SLICE] track=0 index=0 start=0 end=8192
[Q SLICE] track=0 index=1 start=8192 end=16384
[Q SLICE] track=0 index=2 start=16384 end=20480
[Q SLICE] track=0 index=3 start=20480 end=28672
[Q SLICE] track=0 index=4 start=28672 end=32768
[Q SLICE] track=0 index=5 start=32768 end=45056
[Q SLICE] track=0 index=6 start=45056 end=57344
[Q SLICE] track=0 index=7 start=57344 end=65535
[Q TRACK] track=1 source=1 pitch=48 synth_pitch=39 sample_pitch=48 mute=0 solo=0 start=0 end=65535 reverse=1 mode=0 choke=0 cutoff=0 resonance=0 send=127 slices=4 enabled=1 selected=0 frames=176400 waveform=595ef306 name=m19p_stereo.wav
[Q SLICE] track=1 index=0 start=0 end=16383
[Q SLICE] track=1 index=1 start=16383 end=32767
[Q SLICE] track=1 index=2 start=32767 end=49151
[Q SLICE] track=1 index=3 start=49151 end=65535
[Q TRACK] track=2 source=1 pitch=49 synth_pitch=42 sample_pitch=49 mute=0 solo=0 start=0 end=65535 reverse=0 mode=0 choke=0 cutoff=0 resonance=0 send=127 slices=4 enabled=1 selected=0 frames=176400 waveform=595ef306 name=m19p_stereo.wav
[Q SLICE] track=2 index=0 start=0 end=16383
[Q SLICE] track=2 index=1 start=16383 end=32767
[Q SLICE] track=2 index=2 start=32767 end=49151
[Q SLICE] track=2 index=3 start=49151 end=65535
[Q TRACK] track=3 source=1 pitch=50 synth_pitch=45 sample_pitch=50 mute=0 solo=0 start=0 end=65535 reverse=1 mode=0 choke=0 cutoff=0 resonance=0 send=127 slices=4 enabled=1 selected=0 frames=22050 waveform=0ee7dbac name=m19p_oneshot.wav
[Q SLICE] track=3 index=0 start=0 end=16383
[Q SLICE] track=3 index=1 start=16383 end=32767
[Q SLICE] track=3 index=2 start=32767 end=49151
[Q SLICE] track=3 index=3 start=49151 end=65535
[Q PATTERN] index=0 length=16 masks=1111,1111,1111
[Q LOCK] pattern=0 step=0 mask=128 slice=0
[Q LOCK] pattern=0 step=1 mask=0 slice=0
[Q LOCK] pattern=0 step=2 mask=0 slice=0
[Q LOCK] pattern=0 step=3 mask=0 slice=0
[Q PATTERN] index=1 length=16 masks=0000,0000,0000
[Q LOCK] pattern=1 step=0 mask=0 slice=0
[Q LOCK] pattern=1 step=1 mask=0 slice=0
[Q LOCK] pattern=1 step=2 mask=0 slice=0
[Q LOCK] pattern=1 step=3 mask=0 slice=0
[Q PATTERN] index=2 length=16 masks=0000,0000,0000
[Q LOCK] pattern=2 step=0 mask=0 slice=0
[Q LOCK] pattern=2 step=1 mask=0 slice=0
[Q LOCK] pattern=2 step=2 mask=0 slice=0
[Q LOCK] pattern=2 step=3 mask=0 slice=0
[Q PATTERN] index=3 length=16 masks=0000,0000,0000
[Q LOCK] pattern=3 step=0 mask=0 slice=0
[Q LOCK] pattern=3 step=1 mask=0 slice=0
[Q LOCK] pattern=3 step=2 mask=0 slice=0
[Q LOCK] pattern=3 step=3 mask=0 slice=0
[Q TRANSIENT] state=4 request=3 progress=100 count=8 stale_discarded=0 apply=1 cancel=1 duration_max_us=63850 chunk_max_us=2390
[Q PROPOSAL] index=0 start=0 end=8192
[Q PROPOSAL] index=1 start=8192 end=16384
[Q PROPOSAL] index=2 start=16384 end=20480
[Q PROPOSAL] index=3 start=20480 end=28672
[Q PROPOSAL] index=4 start=28672 end=32768
[Q PROPOSAL] index=5 start=32768 end=45056
[Q PROPOSAL] index=6 start=45056 end=57344
[Q PROPOSAL] index=7 start=57344 end=65535
[Q HEAP] tag=state internal=184420 free=28906004 largest=28835828
[Q PLAYBACK] triggers=178 reverse=88 gate=2 releases=1 chokes=11 retriggers=105 repeat_accepts=1 repeat_hits=0 chain_loops=0
[M6 read] bytes=352800 read_us=704986 bytes_per_second=500435 original_channels=1 rate=44100 total_psram=33554432
[M6 load] track=5 file_bytes=352844 pcm_bytes=352800 load_publish_us=1137864 payload=1808100 transient=352800 peak_payload=1808100 ps_free=28906004 largest=28835828 internal=189232 display=2304000 fx_delay=352800 reserve=4194304
[M6.1 replacement] retired_clear=1 ps_delta=360452 status=READY
[M213 address] track=5 pcm=0x48416e10 base=0x48416e10 bytes=352800 frames=176400 mod64=16 mod128=16 mod256=16 mod4096=3600 mod131072=93712 external=1 requested_caps=1028 free=28906004 largest=28835828
[Q COMMAND] 
[Q ACK] invalid=1

# HOST STATE
[Q COMMAND] STATE
[Q STATE] bpm=240 swing=50 playing=0 mode=0 chain_length=0 chain_loop=0 project_busy=1 restoring=1 sample_busy=0 project_status=LOADING SAMPLES 7/16 sample_status=SAMPLE READY
[Q TRACK] track=0 source=1 pitch=47 synth_pitch=36 sample_pitch=47 mute=0 solo=0 start=0 end=65535 reverse=0 mode=0 choke=1 cutoff=0 resonance=0 send=127 slices=8 enabled=1 selected=0 frames=176400 waveform=0720701a name=m19p_mixed.wav
[Q SLICE] track=0 index=0 start=0 end=8192
[Q SLICE] track=0 index=1 start=8192 end=16384
[Q SLICE] track=0 index=2 start=16384 end=20480
[Q SLICE] track=0 index=3 start=[M6 read] bytes=352800 read_us=709806 bytes_per_second=497037 original_channels=1 rate=44100 total_psram=33554432
[M6 load] track=6 file_bytes=352844 pcm_bytes=352800 load_publish_us=1143630 payload=2160900 transient=352800 peak_payload=2160900 ps_free=28545552 largest=28311540 internal=187628 display=2304000 fx_delay=352800 reserve=4194304
[M6.1 replacement] retired_clear=1 ps_delta=360452 status=READY
[M213 address] track=6 pcm=0x4846ee14 base=0x4846ee14 bytes=352800 frames=176400 mod64=20 mod128=20 mod256=20 mod4096=3604 mod131072=60948 external=1 requested_caps=1028 free=28545552 largest=28311540
20480 end=28672
[Q SLICE] track=0 index=4 start=28672 end=32768
[Q SLICE] track=0 index=5 start=32768 end=45056
[Q SLICE] track=0 index=6 start=45056 end=57344
[Q SLICE] track=0 index=7 start=57344 end=65535
[Q TRACK] track=1 source=1 pitch=48 synth_pitch=39 sample_pitch=48 mute=0 solo=0 start=0 end=65535 reverse=1 mode=0 choke=0 cutoff=0 resonance=0 send=127 slices=4 enabled=1 selected=0 frames=176400 waveform=595ef306 name=m19p_stereo.wav
[Q SLICE] track=1 index=0 start=0 end=16383
[Q SLICE] track=1 index=1 start=16383 end=32767
[Q SLICE] track=1 index=2 start=32767 end=49151
[Q SLICE] track=1 index=3 start=49151 end=65535
[Q TRACK] track=2 source=1 pitch=49 synth_pitch=42 sample_pitch=49 mute=0 solo=0 start=0 end=65535 reverse=0 mode=0 choke=0 cutoff=0 resonance=0 send=127 slices=4 enabled=1 selected=0 frames=176400 waveform=595ef306 name=m19p_stereo.wav
[Q SLICE] track=2 index=0 start=0 end=16383
[Q SLICE] track=2 index=1 start=16383 end=32767
[Q SLICE] track=2 index=2 start=32767 end=49151
[Q SLICE] track=2 index=3 start=49151 end=65535
[Q TRACK] track=3 source=1 pitch=50 synth_pitch=45 sample_pitch=50 mute=0 solo=0 start=0 end=65535 reverse=1 mode=0 choke=0 cutoff=0 resonance=0 send=127 slices=4 enabled=1 selected=0 frames=22050 waveform=0ee7dbac name=m19p_oneshot.wav
[Q SLICE] track=3 index=0 start=0 end=16383
[Q SLICE] track=3 index=1 start=16383 end=32767
[Q SLICE] track=3 index=2 start=32767 end=49151
[Q SLICE] track=3 index=3 start=49151 end=65535
[Q PATTERN] index=0 length=16 masks=1111,1111,1111
[Q LOCK] pattern=0 step=0 mask=128 slice=0
[Q LOCK] pattern=0 step=1 mask=0 slice=0
[Q LOCK] pattern=0 step=2 mask=0 slice=0
[Q LOCK] pattern=0 step=3 mask=0 slice=0
[Q PATTERN] index=1 length=16 masks=0000,0000,0000
[Q LOCK] pattern=1 step=0 mask=0 slice=0
[Q LOCK] pattern=1 step=1 mask=0 slice=0
[Q LOCK] pattern=1 step=2 mask=0 slice=0
[Q LOCK] pattern=1 step=3 mask=0 slice=0
[Q PATTERN] index=2 length=16 masks=0000,0000,0000
[Q LOCK] pattern=2 step=0 mask=0 slice=0
[Q LOCK] pattern=2 step=1 mask=0 slice=0
[Q LOCK] pattern=2 step=2 mask=0 slice=0
[Q LOCK] pattern=2 step=3 mask=0 slice=0
[Q PATTERN] index=3 length=16 masks=0000,0000,0000
[Q LOCK] pattern=3 step=0 mask=0 slice=0
[Q LOCK] pattern=3 step=1 mask=0 slice=0
[Q LOCK] pattern=3 step=2 mask=0 slice=0
[Q LOCK] pattern=3 step=3 mask=0 slice=0
[Q TRANSIENT] state=4 request=3 progress=100 count=8 stale_discarded=0 apply=1 cancel=1 duration_max_us=63850 chunk_max_us=2390
[Q PROPOSAL] index=0 start=0 end=8192
[Q PROPOSAL] index=1 start=8192 end=16384
[Q PROPOSAL] index=2 start=16384 end=20480
[Q PROPOSAL] index=3 start=20480 end=28672
[Q PROPOSAL] index=4 start=28672 end=32768
[Q PROPOSAL] index=5 start=32768 end=45056
[Q PROPOSAL] index=6 start=45056 end=57344
[Q PROPOSAL] index=7 start=57344 end=65535
[Q HEAP] tag=state internal=180684 free=28185100 largest=27787252
[Q PLAYBACK] triggers=178 reverse=88 gate=2 releases=1 chokes=11 retriggers=105 repeat_accepts=1 repeat_hits=0 chain_loops=0
[M6 read] bytes=705600 read_us=1255596 bytes_per_second=561964 original_channels=2 rate=44100 total_psram=33554432
[M6 load] track=7 file_bytes=705644 pcm_bytes=352800 load_publish_us=1688596 payload=2513700 transient=352800 peak_payload=2513700 ps_free=28185100 largest=27787252 internal=186024 display=2304000 fx_delay=352800 reserve=4194304
[M6.1 replacement] retired_clear=1 ps_delta=360452 status=READY
[M213 address] track=7 pcm=0x484c6e18 base=0x484c6e18 bytes=352800 frames=176400 mod64=24 mod128=24 mod256=24 mod4096=3608 mod131072=28184 external=1 requested_caps=1028 free=28185100 largest=27787252
[Q COMMAND] 
[Q ACK] invalid=1

# HOST STATE
[Q COMMAND] STATE
[Q STATE] bpm=240 swing=50 playing=0 mode=0 chain_length=0 chain_loop=0 project_busy=1 restoring=1 sample_busy=0 project_status=LOADING SAMPLES 9/16 sample_status=SAMPLE READY
[Q TRACK] track=0 source=1 pitch=47 synth_pitch=36 sample_pitch=47 mute=0 solo=0 start=0 end=65535 reverse=0 mode=0 choke=1 cutoff=0 resonance=0 send=127 slices=8 enabled=1 selected=0 frames=176400 waveform=0720701a name=m19p_mixed.wav
[Q SLICE] track=0 index=0 start=0 end=8192
[Q SLICE] track=0 index=1 start=8192 end=16384
[Q SLICE] track=0 index=2 start=16384 end=20480
[Q SLICE] track=0 index=3 start=20480 end=28672
[Q SLICE] track=0 index=4 start=28672 end=32768
[Q SLICE] track=0 index=5 start=32768 end=45056
[Q SLICE] track=0 index=6 start=45056 end=57344
[Q SLICE] track=0 index=7 start=57344 end=65535
[Q TRACK] track=1 source=1 pitch=48 synth_pitch=39 sample_pitch=48 mute=0 solo=0 start=0 end=65535 reverse=1 mode=0 choke=0 cutoff=0 resonance=0 send=127 slices=4 enabled=1 selected=0 frames=176400 waveform=595ef306 name=m19p_stereo.wav
[Q SLICE] track=1 index=0 start=0 end=16383
[Q SLICE] track=1 index=1 start=16383 end=32767
[Q SLICE] track=1 index=2 start=32767 end=49151
[Q SLICE] track=1 index=3 start=49151 end=65535
[Q TRACK] track=2 source=1 pitch=49 synth_pitch=42 sample_pitch=49 mute=0 solo=0 start=0 end=65535 reverse=0 mode=0 choke=0 cutoff=0 resonance=0 send=127 slices=4 enabled=1 selected=0 frames=176400 waveform=595ef306 name=m19p_stereo.wav
[Q SLICE] track=2 index=0 start=0 end=16383
[Q SLICE] track=2 index=1 start=16383 end=32767
[Q SLICE] track=2 index=2 start=32767 end=49151
[Q SLICE] track=2 index=3 start=49151 end=65535
[M6 read] bytes=44100 read_us=87776 bytes_per_second=502415 original_channels=1 rate=44100 total_psram=33554432
[M6 load] track=8 file_bytes=44144 pcm_bytes=44100 load_publish_us=515719 payload=2557800 transient=44100 peak_payload=2557800 ps_free=28140040 largest=27787252 internal=184420 display=2304000 fx_delay=352800 reserve=4194304
[M6.1 replacement] retired_clear=1 ps_delta=45060 status=READY
[M213 address] track=8 pcm=0x4851ee1c base=0x4851ee1c bytes=44100 frames=22050 mod64=28 mod128=28 mod256=28 mod4096=3612 mod131072=126492 external=1 requested_caps=1028 free=28140040 largest=27787252
[Q TRACK] track=3 source=1 pitch=50 synth_pitch=45 sample_pitch=50 mute=0 solo=0 start=0 end=65535 reverse=1 mode=0 choke=0 cutoff=0 resonance=0 send=127 slices=4 enabled=1 selected=0 frames=22050 waveform=0ee7dbac name=m19p_oneshot.wav
[Q SLICE] track=3 index=0 start=0 end=16383
[Q SLICE] track=3 index=1 start=16383 end=32767
[Q SLICE] track=3 index=2 start=32767 end=49151
[Q SLICE] track=3 index=3 start=49151 end=65535
[Q PATTERN] index=0 length=16 masks=1111,1111,1111
[Q LOCK] pattern=0 step=0 mask=128 slice=0
[Q LOCK] pattern=0 step=1 mask=0 slice=0
[Q LOCK] pattern=0 step=2 mask=0 slice=0
[Q LOCK] pattern=0 step=3 mask=0 slice=0
[Q PATTERN] index=1 length=16 masks=0000,0000,0000
[Q LOCK] pattern=1 step=0 mask=0 slice=0
[Q LOCK] pattern=1 step=1 mask=0 slice=0
[Q LOCK] pattern=1 step=2 mask=0 slice=0
[Q LOCK] pattern=1 step=3 mask=0 slice=0
[Q PATTERN] index=2 length=16 masks=0000,0000,0000
[Q LOCK] pattern=2 step=0 mask=0 slice=0
[Q LOCK] pattern=2 step=1 mask=0 slice=0
[Q LOCK] pattern=2 step=2 mask=0 slice=0
[Q LOCK] pattern=2 step=3 mask=0 slice=0
[Q PATTERN] index=3 length=16 masks=0000,0000,0000
[Q LOCK] pattern=3 step=0 mask=0 slice=0
[Q LOCK] pattern=3 step=1 mask=0 slice=0
[Q LOCK] pattern=3 step=2 mask=0 slice=0
[Q LOCK] pattern=3 step=3 mask=0 slice=0
[Q TRANSIENT] state=4 request=3 progress=100 count=8 stale_discarded=0 apply=1 cancel=1 duration_max_us=63850 chunk_max_us=2390
[Q PROPOSAL] index=0 start=0 end=8192
[Q PROPOSAL] index=1 start=8192 end=16384
[Q PROPOSAL] index=2 start=16384 end=20480
[Q PROPOSAL] index=3 start=20480 end=28672
[Q PROPOSAL] index=4 start=28672 end=32768
[Q PROPOSAL] index=5 start=32768 end=45056
[Q PROPOSAL] index=6 start=45056 end=57344
[Q PROPOSAL] index=7 start=57344 end=65535
[Q HEAP] tag=state internal=177476 free=27779588 largest=27262964
[Q PLAYBACK] triggers=178 reverse=88 gate=2 releases=1 chokes=11 retriggers=105 repeat_accepts=1 repeat_hits=0 chain_loops=0
[M6 read] bytes=352800 read_us=756436 bytes_per_second=466397 original_channels=1 rate=44100 total_psram=33554432
[M6 load] track=9 file_bytes=352844 pcm_bytes=352800 load_publish_us=1189346 payload=2910600 transient=352800 peak_payload=2910600 ps_free=27779588 largest=27262964 internal=182816 display=2304000 fx_delay=352800 reserve=4194304
[M6.1 replacement] retired_clear=1 ps_delta=360452 status=READY
[M213 address] track=9 pcm=0x48529e20 base=0x48529e20 bytes=352800 frames=176400 mod64=32 mod128=32 mod256=32 mod4096=3616 mod131072=40480 external=1 requested_caps=1028 free=27779588 largest=27262964
[Q COMMAND] 
[Q ACK] invalid=1

# HOST STATE
[Q COMMAND] STATE
[Q STATE] bpm=240 swing=50 playing=0 mode=0 chain_length=0 chain_loop=0 project_busy=1 restoring=1 sample_busy=0 project_status=LOADING SAMPLES 11/16 sample_status=SAMPLE READY
[Q TRACK] track=0 source=1 pitch=47 synth_pitch=36 sample_pitch=47 mute=0 solo=0 start=0 end=65535 reverse=0 mode=0 choke=1 cutoff=0 resonance=0 send=127 slices=8 enabled=1 selected=0 frames=176400 waveform=0720701a name=m19p_mixed.wav
[Q SLICE] track=0 index=0 start=0 end=8192
[Q SLICE] track=0 index=1 start=8192 end=16384
[Q SLICE] track=0 index=2 start=16384 end=20480
[Q SLICE] track=0 index=3 start=20480 end=28672
[Q SLICE] track=0 index=4 start=28672 end=32768
[Q SLICE] track=0 index=5 start=32768 end=45056
[Q SLICE] track=0 index=6 start=45056 end=57344
[Q SLICE] track=0 index=7 start=57344 end=65535
[Q TRACK] track=1 source=1 pitch=48 synth_pitch=39 sample_pitch=48 mute=0 solo=0 start=0 end=65535 reverse=1 mode=0 choke=0 cutoff=0 resonance=0 send=127 slices=4 enabled=1 selected=0 frames=176400 waveform=595ef306 name=m19p_stereo.wav
[Q SLICE] track=1 index=0 start=0 end=16383
[Q SLICE] track=1 index=1 start=16383 end=32767
[Q SLICE] track=1 index=2 start=32767 end=49151
[Q SLICE] track=1 index=3 start=49151 end=65535
[Q TRACK] track=2 source=1 pitch=49 synth_pitch=42 sample_pitch=49 mute=0 solo=0 start=0 end=65535 reverse=0 mode=0 choke=0 cutoff=0 resonance=0 send=127 slices=4 enabled=1 selected=0 frames=176400 waveform=595ef306 name=m19p_stereo.wav
[Q SLICE] track=2 index=0 start=0 end=16383
[Q SLICE] track=2 index=1 start=16383 end=32767
[Q SLICE] track=2 index=2 start=32767 end=49151
[Q SLICE] track=2 index=3 start=49151 end=65535
[Q TRACK] track=3 source=1 pitch=50 synth_pitch=45 sample_pitch=50 mute=0 solo=0 start=0 end=65535 reverse=1 mode=0 choke=0 cutoff=0 resonance=0 send=127 slices=4 enabled=1 selected=0 frames=22050 waveform=0ee7dbac name=m19p_oneshot.wav
[Q SLICE] track=3 index=0 start=0 end=16383
[Q SLICE] track=3 index=1 start=16383 end=32767
[Q SLICE] track=3 index=2 start=32767 end=49151
[Q SLICE] track=3 index=3 start=49151 end=65535
[Q PATTERN] index=0 length=16 masks=1111,1111,1111
[Q LOCK] pattern=0 step=0 mask=128 slice=0
[Q LOCK] pattern=0 step=1 mask=0 slice=0
[Q LOCK] pattern=0 step=2 mask=0 slice=0
[Q LOCK] pattern=0 step=3 mask=0 slice=0
[Q PATTERN] index=1 length=16 masks=0000,0000,0000
[Q LOCK] pattern=1 step=0 mask=0 slice=0
[Q LOCK] pattern=1 step=1 mask=0 slice=0
[Q LOCK] pattern=1 step=2 mask=0 slice=0
[Q LOCK] pattern=1 step=3 mask=0 slice=0
[Q PATTERN] index=2 length=16 masks=0000,0000,0000
[Q LOCK] pattern=2 step=0 mask=0 slice=0
[Q LOCK] pattern=2 step=1 mask=0 slice=0
[Q LOCK] pattern=2 step=2 mask=0 slice=0
[Q LOCK] pattern=2 step=3 mask=0 slice=0
[Q PATTERN] index=3 length=16 masks=0000,0000,0000
[Q LOCK] pattern=3 step=0 mask=0 slice=0
[Q LOCK] pattern=3 step=1 mask=0 slice=0
[Q LOCK] pattern=3 step=2 mask=0 slice=0
[Q LOCK] pattern=3 step=3 mask=0 slice=0
[Q TRANSIENT] state=4 request=3 progress=100 count=8 stale_discarded=0 apply=1 cancel=1 duration_max_us=63850 chunk_max_us=2390
[Q PROPOSAL] index=0 start=0 end=8192
[Q PROPOSAL] index=1 start=8192 end=16384
[Q PROPOSAL] index=2 start=16384 end=20480
[Q PROPOSAL] index=3 start=20480 end=28672
[Q PROPOSAL] index=4 start=28672 end=32768
[Q PROPOSAL] index=5 start=32768 end=45056
[Q PROPOSAL] index=6 start=45056 end=57344
[M6 read] bytes=352800 read_us=702685 bytes_per_second=502074 original_channels=1 rate=44100 total_psram=33554432
[M6 load] track=10 file_bytes=352844 pcm_bytes=352800 load_publish_us=1137729 payload=3263400 transient=352800 peak_payload=3263400 ps_free=27419136 largest=27262964 internal=181212 display=2304000 fx_delay=352800 reserve=4194304
[M6.1 replacement] retired_clear=1 ps_delta=360452 status=READY
[M213 address] track=10 pcm=0x48581e24 base=0x48581e24 bytes=352800 frames=176400 mod64=36 mod128=36 mod256=36 mod4096=3620 mod131072=7716 external=1 requested_caps=1028 free=27419136 largest=27262964
[Q PROPOSAL] index=7 start=57344 end=65535
[Q HEAP] tag=state internal=175872 free=27419136 largest=27262964
[Q PLAYBACK] triggers=178 reverse=88 gate=2 releases=1 chokes=11 retriggers=105 repeat_accepts=1 repeat_hits=0 chain_loops=0
[M6 read] bytes=352800 read_us=771347 bytes_per_second=457381 original_channels=1 rate=44100 total_psram=33554432
[M6 load] track=11 file_bytes=352844 pcm_bytes=352800 load_publish_us=1200968 payload=3616200 transient=352800 peak_payload=3616200 ps_free=27058684 largest=26738676 internal=179608 display=2304000 fx_delay=352800 reserve=4194304
[M6.1 replacement] retired_clear=1 ps_delta=360452 status=READY
[M213 address] track=11 pcm=0x485d9e28 base=0x485d9e28 bytes=352800 frames=176400 mod64=40 mod128=40 mod256=40 mod4096=3624 mod131072=106024 external=1 requested_caps=1028 free=27058684 largest=26738676
[Q COMMAND] 
[Q ACK] invalid=1

# HOST STATE
[Q COMMAND] STATE
[Q STATE] bpm=240 swing=50 playing=0 mode=0 chain_length=0 chain_loop=0 project_busy=1 restoring=1 sample_busy=0 project_status=LOADING SAMPLES 13/16 sample_status=SAMPLE READY
[Q TRACK] track=0 source=1 pitch=47 synth_pitch=36 sample_pitch=47 mute=0 solo=0 start=0 end=65535 reverse=0 mode=0 choke=1 cutoff=0 resonance=0 send=127 slices=8 enabled=1 selected=0 frames=176400 waveform=0720701a name=m19p_mixed.wav
[Q SLICE] track=0 index=0 start=0 end=8192
[Q SLICE] track=0 index=1 start=8192 end=16384
[Q SLICE] track=0 index=2 start=16384 end=20480
[Q SLICE] track=0 index=3 start=20480 end=28672
[Q SLICE] track=0 index=4 start=28672 end=32768
[Q SLICE] track=0 index=5 start=32768 end=45056
[Q SLICE] track=0 index=6 start=45056 end=57344
[Q SLICE] track=0 index=7 start=57344 end=65535
[Q TRACK] track=1 source=1 pitch=48 synth_pitch=39 sample_pitch=48 mute=0 solo=0 start=0 end=65535 reverse=1 mode=0 choke=0 cutoff=0 resonance=0 send=127 slices=4 enabled=1 selected=0 frames=176400 waveform=595ef306 name=m19p_stereo.wav
[Q SLICE] track=1 index=0 start=0 end=16383
[Q SLICE] track=1 index=1 start=16383 end=32767
[Q SLICE] track=1 index=2 start=32767 end=49151
[Q SLICE] track=1 index=3 start=49151 end=65535
[Q TRACK] track=2 source=1 pitch=49 synth_pitch=42 sample_pitch=49 mute=0 solo=0 start=0 end=65535 reverse=0 mode=0 choke=0 cutoff=0 resonance=0 send=127 slices=4 enabled=1 selected=0 frames=176400 waveform=595ef306 name=m19p_stereo.wav
[Q SLICE] track=2 index=0 start=0 end=16383
[Q SLICE] track=2 index=1 start=16383 end=32767
[Q SLICE] track=2 index=2 start=32767 end=49151
[Q SLICE] track=2 index=3 start=49151 end=65535
[Q TRACK] track=3 source=1 pitch=50 synth_pitch=45 sample_pitch=50 mute=0 solo=0 start=0 end=65535 reverse=1 mode=0 choke=0 cutoff=0 resonance=0 send=127 slices=4 enabled=1 selected=0 frames=22050 waveform=0ee7dbac name=m19p_oneshot.wav
[Q SLICE] track=3 index=0 start=0 end=16383
[Q SLICE] track=3 index=1 start=16383 end=32767
[Q SLICE] track=3 index=2 start=32767 end=49151
[Q SLICE] track=3 index=3 start=49151 end=65535
[Q PATTERN] index=0 length=16 masks=1111,1111,1111
[Q LOCK] pattern=0 step=0 mask=128 slice=0
[Q LOCK] pattern=0 step=1 mask=0 slice=0
[Q LOCK] pattern=0 step=2 mask=0 slice=0
[Q LOCK] pattern=0 step=3 mask=0 slice=0
[Q PATTERN] index=1 length=16 masks=0000,0000,0000
[Q LOCK] pattern=1 step=0 mask=0 slice=0
[Q LOCK] pattern=1 step=1 mask=0 slice=0
[Q LOCK] pattern=1 step=2 mask=0 slice=0
[Q LOCK] pattern=1 step=3 mask=0 slice=0
[Q PATTERN] index=2 length=16 masks=0000,0000,0000
[Q LOCK] pattern=2 step=0 mask=0 slice=0
[Q LOCK] pattern=2 step=1 mask=0 slice=0
[Q LOCK] pattern=2 step=2 mask=0 slice=0
[Q LOCK] pattern=2 step=3 mask=0 slice=0
[Q PATTERN] index=3 length=16 masks=0000,0000,0000
[Q LOCK] pattern=3 step=0 mask=0 slice=0
[Q LOCK] pattern=3 step=1 mask=0 slice=0
[Q LOCK] pattern=3 step=2 mask=0 slice=0
[Q LOCK] pattern=3 step=3 mask=0 slice=0
[Q TRANSIENT] state=4 request=3 progress=100 count=8 stale_discarded=0 apply=1 cancel=1 duration_max_us=63850 chunk_max_us=2390
[Q PROPOSAL] index=0 start=0 end=8192
[Q PROPOSAL] index=1 start=8192 end=16384
[Q PROPOSAL] index=2 start=16384 end=20480
[Q PROPOSAL] index=3 start=20480 end=28672
[Q PROPOSAL] index=4 start=28672 end=32768
[Q PROPOSAL] index=5 start=32768 end=45056
[Q PROPOSAL] index=6 start=45056 end=57344
[Q PROPOSAL] index=7 start=57344 end=65535
[Q HEAP] tag=state internal=172664 free=26698232 largest=26214388
[Q PLAYBACK] triggers=178 reverse=88 gate=2 releases=1 chokes=11 retriggers=105 repeat_accepts=1 repeat_hits=0 chain_loops=0
[M6 read] bytes=705600 read_us=1247875 bytes_per_second=565441 original_channels=2 rate=44100 total_psram=33554432
[M6 load] track=12 file_bytes=705644 pcm_bytes=352800 load_publish_us=1682713 payload=3969000 transient=352800 peak_payload=3969000 ps_free=26698232 largest=26214388 internal=178004 display=2304000 fx_delay=352800 reserve=4194304
[M6.1 replacement] retired_clear=1 ps_delta=360452 status=READY
[M213 address] track=12 pcm=0x48631e2c base=0x48631e2c bytes=352800 frames=176400 mod64=44 mod128=44 mod256=44 mod4096=3628 mod131072=73260 external=1 requested_caps=1028 free=26698232 largest=26214388
[M6 read] bytes=44100 read_us=87627 bytes_per_second=503269 original_channels=1 rate=44100 total_psram=33554432
[M6 load] track=13 file_bytes=44144 pcm_bytes=44100 load_publish_us=516572 payload=4013100 transient=44100 peak_payload=4013100 ps_free=26653172 largest=26214388 internal=176400 display=2304000 fx_delay=352800 reserve=4194304
[M6.1 replacement] retired_clear=1 ps_delta=45060 status=READY
[M213 address] track=13 pcm=0x48689e30 base=0x48689e30 bytes=44100 frames=22050 mod64=48 mod128=48 mod256=48 mod4096=3632 mod131072=40496 external=1 requested_caps=1028 free=26653172 largest=26214388
[Q COMMAND] 
[Q ACK] invalid=1

# HOST STATE
[Q COMMAND] STATE
[Q STATE] bpm=240 swing=50 playing=0 mode=0 chain_length=0 chain_loop=0 project_busy=1 restoring=1 sample_busy=0 project_status=LOADING SAMPLES 15/16 sample_status=SAMPLE READY
[Q TRACK] track=0 source=1 pitch=47 synth_pitch=36 sample_pitch=47 mute=0 solo=0 start=0 end=65535 reverse=0 mode=0 choke=1 cutoff=0 resonance=0 send=127 slices=8 enabled=1 selected=0 frames=176400 waveform=0720701a name=m19p_mixed.wav
[Q SLICE] track=0 index=0 start=0 end=8192
[Q SLICE] track=0 index=1 start=8192 end=16384
[Q SLICE] track=0 index=2 start=16384 end=20480
[Q SLICE] track=0 index=3 start=20480 end=28672
[Q SLICE] track=0 index=4 start=28672 end=32768
[Q SLICE] track=0 index=5 start=32768 end=45056
[Q SLICE] track=0 index=6 start=45056 end=57344
[Q SLICE] track=0 index=7 start=57344 end=65535
[Q TRACK] track=1 source=1 pitch=48 synth_pitch=39 sample_pitch=48 mute=0 solo=0 start=0 end=65535 reverse=1 mode=0 choke=0 cutoff=0 resonance=0 send=127 slices=4 enabled=1 selected=0 frames=176400 waveform=595ef306 name=m19p_stereo.wav
[Q SLICE] track=1 index=0 start=0 end=16383
[Q SLICE] track=1 index=1 start=16383 end=32767
[Q SLICE] track=1 index=2 start=32767 end=49151
[Q SLICE] track=1 index=3 start=49151 end=65535
[Q TRACK] track=2 source=1 pitch=49 synth_pitch=42 sample_pitch=49 mute=0 solo=0 start=0 end=65535 reverse=0 mode=0 choke=0 cutoff=0 resonance=0 send=127 slices=4 enabled=1 selected=0 frames=176400 waveform=595ef306 name=m19p_stereo.wav
[Q SLICE] track=2 index=0 start=0 end=16383
[Q SLICE] track=2 index=1 start=16383 end=32767
[Q SLICE] track=2 index=2 start=32767 end=49151
[Q SLICE] track=2 index=3 start=49151 end=65535
[Q TRACK] track=3 source=1 pitch=50 synth_pitch=45 sample_pitch=50 mute=0 solo=0 start=0 end=65535 reverse=1 mode=0 choke=0 cutoff=0 resonance=0 send=127 slices=4 enabled=1 selected=0 frames=22050 waveform=0ee7dbac name=m19p_oneshot.wav
[Q SLICE] track=3 index=0 start=0 end=16383
[Q SLICE] track=3 index=1 start=16383 end=32767
[Q SLICE] track=3 index=2 start=32767 end=49151
[Q SLICE] track=3 index=3 start=49151 end=65535
[Q PATTERN] index=0 length=16 masks=1111,1111,1111
[Q LOCK] pattern=0 step=0 mask=128 slice=0
[Q LOCK] pattern=0 step=1 mask=0 slice=0
[Q LOCK] pattern=0 step=2 mask=0 slice=0
[Q LOCK] pattern=0 step=3 mask=0 slice=0
[Q PATTERN] index=1 length=16 masks=0000,0000,0000
[Q LOCK] pattern=1 step=0 mask=0 slice=0
[Q LOCK] pattern=1 step=1 mask=0 slice=0
[Q LOCK] pattern=1 step=2 mask=0 slice=0
[Q LOCK] pattern=1 step=3 mask=0 slice=0
[Q PATTERN] index=2 length=16 masks=0000,0000,0000
[Q LOCK] pattern=2 step=0 mask=0 slice=0
[Q LOCK] pattern=2 step=1 mask=0 slice=0
[Q LOCK] pattern=2 step=2 mask=0 slice=0
[Q LOCK] pattern=2 step=3 mask=0 slice=0
[Q PATTERN] index=3 length=16 masks=0000,0000,0000
[Q LOCK] pattern=3 step=0 mask=0 slice=0
[Q LOCK] pattern=3 step=1 mask=0 slice=0
[Q LOCK] pattern=3 step=2 mask=0 slice=0
[Q LOCK] pattern=3 step=3 mask=0 slice=0
[Q TRANSIENT] state=4 request=3 progress=100 count=8 stale_discarded=0 apply=1 cancel=1 duration_max_us=63850 chunk_max_us=2390
[Q PROPOSAL] index=0 start=0 end=8192
[Q PROPOSAL] index=1 start=8192 end=16384
[Q PROPOSAL] index=2 start=16384 end=20480
[Q PROPOSAL] index=3 start=20480 end=28672
[Q PROPOSAL] index=4 start=28672 end=32768
[Q PROPOSAL] index=5 start=32768 end=45056
[Q PROPOSAL] index=6 start=45056 end=57344
[Q PROPOSAL] index=7 start=57344 end=65535
[Q HEAP] tag=state internal=174796 free=26292720 largest=26214388
[Q PLAYBACK] triggers=178 reverse=88 gate=2 releases=1 chokes=11 retriggers=105 repeat_accepts=1 repeat_hits=0 chain_loops=0
[M6 read] bytes=352800 read_us=687702 bytes_per_second=513012 original_channels=1 rate=44100 total_psram=33554432
[M6 load] track=14 file_bytes=352844 pcm_bytes=352800 load_publish_us=1120446 payload=4365900 transient=352800 peak_payload=4365900 ps_free=26292720 largest=26214388 internal=174796 display=2304000 fx_delay=352800 reserve=4194304
[M6.1 replacement] retired_clear=1 ps_delta=360452 status=READY
[M213 address] track=14 pcm=0x48694e34 base=0x48694e34 bytes=352800 frames=176400 mod64=52 mod128=52 mod256=52 mod4096=3636 mod131072=85556 external=1 requested_caps=1028 free=26292720 largest=26214388
[Q COMMAND] 
[Q ACK] invalid=1

# HOST STATE
[Q COMMAND] STATE
[Q STATE] bpm=240 swing=50 playing=0 mode=0 chain_length=0 chain_loop=0 project_busy=1 restoring=1 sample_busy=0 project_status=LOADING SAMPLES 16/16 sample_status=SAMPLE READY
[Q TRACK] track=0 source=1 pitch=47 synth_pitch=36 sample_pitch=47 mute=0 solo=0 start=0 end=65535 reverse=0 mode=0 choke=1 cutoff=0 resonance=0 send=127 slices=8 enabled=1 selected=0 frames=176400 waveform=0720701a name=m19p_mixed.wav
[Q SLICE] track=0 index=0 start=0 end=8192
[Q SLICE] track=0 index=1 start=8192 end=16384
[Q SLICE] track=0 index=2 start=[M6 read] bytes=352800 read_us=696416 bytes_per_second=506593 original_channels=1 rate=44100 total_psram=33554432
[M6 load] track=15 file_bytes=352844 pcm_bytes=352800 load_publish_us=1131528 payload=4718700 transient=352800 peak_payload=4718700 ps_free=25932268 largest=25690100 internal=173192 display=2304000 fx_delay=352800 reserve=4194304
[M6.1 replacement] retired_clear=1 ps_delta=360452 status=READY
[M213 address] track=15 pcm=0x486ece38 base=0x486ece38 bytes=352800 frames=176400 mod64=56 mod128=56 mod256=56 mod4096=3640 mod131072=52792 external=1 requested_caps=1028 free=25932268 largest=25690100
16384 end=20480
[Q SLICE] track=0 index=3 start=20480 end=28672
[Q SLICE] track=0 index=4 start=28672 end=32768
[Q SLICE] track=0 index=5 start=32768 end=45056
[Q SLICE] track=0 index=6 start=45056 end=57344
[Q SLICE] track=0 index=7 start=57344 end=65535
[Q TRACK] track=1 source=1 pitch=48 synth_pitch=39 sample_pitch=48 mute=0 solo=0 start=0 end=65535 reverse=1 mode=0 choke=0 cutoff=0 resonance=0 send=127 slices=4 enabled=1 selected=0 frames=176400 waveform=595ef306 name=m19p_stereo.wav
[Q SLICE] track=1 index=0 start=0 end=16383
[Q SLICE] track=1 index=1 start=16383 end=32767
[Q SLICE] track=1 index=2 start=32767 end=49151
[Q SLICE] track=1 index=3 start=49151 end=65535
[Q TRACK] track=2 source=1 pitch=49 synth_pitch=42 sample_pitch=49 mute=0 solo=0 start=0 end=65535 reverse=0 mode=0 choke=0 cutoff=0 resonance=0 send=127 slices=4 enabled=1 selected=0 frames=176400 waveform=595ef306 name=m19p_stereo.wav
[Q SLICE] track=2 index=0 start=0 end=16383
[Q SLICE] track=2 index=1 start=16383 end=32767
[Q SLICE] track=2 index=2 start=32767 end=49151
[Q SLICE] track=2 index=3 start=49151 end=65535
[Q TRACK] track=3 source=1 pitch=50 synth_pitch=45 sample_pitch=50 mute=0 solo=0 start=0 end=65535 reverse=1 mode=0 choke=0 cutoff=0 resonance=0 send=127 slices=4 enabled=1 selected=0 frames=22050 waveform=0ee7dbac name=m19p_oneshot.wav
[Q SLICE] track=3 index=0 start=0 end=16383
[Q SLICE] track=3 index=1 start=16383 end=32767
[Q SLICE] track=3 index=2 start=32767 end=49151
[Q SLICE] track=3 index=3 start=49151 end=65535
[Q PATTERN] index=0 length=16 masks=1111,1111,1111
[Q LOCK] pattern=0 step=0 mask=128 slice=0
[Q LOCK] pattern=0 step=1 mask=0 slice=0
[Q LOCK] pattern=0 step=2 mask=0 slice=0
[Q LOCK] pattern=0 step=3 mask=0 slice=0
[Q PATTERN] index=1 length=16 masks=0000,0000,0000
[Q LOCK] pattern=1 step=0 mask=0 slice=0
[Q LOCK] pattern=1 step=1 mask=0 slice=0
[Q LOCK] pattern=1 step=2 mask=0 slice=0
[Q LOCK] pattern=1 step=3 mask=0 slice=0
[Q PATTERN] index=2 length=16 masks=0000,0000,0000
[Q LOCK] pattern=2 step=0 mask=0 slice=0
[Q LOCK] pattern=2 step=1 mask=0 slice=0
[Q LOCK] pattern=2 step=2 mask=0 slice=0
[Q LOCK] pattern=2 step=3 mask=0 slice=0
[Q PATTERN] index=3 length=16 masks=0000,0000,0000
[Q LOCK] pattern=3 step=0 mask=0 slice=0
[Q LOCK] pattern=3 step=1 mask=0 slice=0
[Q LOCK] pattern=3 step=2 mask=0 slice=0
[Q LOCK] pattern=3 step=3 mask=0 slice=0
[Q TRANSIENT] state=4 request=3 progress=100 count=8 stale_discarded=0 apply=1 cancel=1 duration_max_us=63850 chunk_max_us=2390
[Q PROPOSAL] index=0 start=0 end=8192
[Q PROPOSAL] index=1 start=8192 end=16384
[Q PROPOSAL] index=2 start=16384 end=20480
[Q PROPOSAL] index=3 start=20480 end=28672
[Q PROPOSAL] index=4 start=28672 end=32768
[Q PROPOSAL] index=5 start=32768 end=45056
[Q PROPOSAL] index=6 start=45056 end=57344
[Q PROPOSAL] index=7 start=57344 end=65535
[Q HEAP] tag=state internal=173192 free=25932268 largest=25690100
[Q PLAYBACK] triggers=178 reverse=88 gate=2 releases=1 chokes=11 retriggers=105 repeat_accepts=1 repeat_hits=0 chain_loops=0
[Q COMMAND] 
[Q ACK] invalid=1

# HOST STATE
[Q COMMAND] STATE
[Q STATE] bpm=240 swing=50 playing=0 mode=0 chain_length=0 chain_loop=0 project_busy=0 restoring=0 sample_busy=0 project_status=PROJECT READY / 0 MISSING sample_status=SAMPLE READY
[Q TRACK] track=0 source=1 pitch=47 synth_pitch=36 sample_pitch=47 mute=0 solo=0 start=0 end=65535 reverse=0 mode=0 choke=1 cutoff=0 resonance=0 send=127 slices=8 enabled=1 selected=0 frames=176400 waveform=0720701a name=m19p_mixed.wav
[Q SLICE] track=0 index=0 start=0 end=8192
[Q SLICE] track=0 index=1 start=8192 end=16384
[Q SLICE] track=0 index=2 start=16384 end=20480
[Q SLICE] track=0 index=3 start=20480 end=28672
[Q SLICE] track=0 index=4 start=28672 end=32768
[Q SLICE] track=0 index=5 start=32768 end=45056
[Q SLICE] track=0 index=6 start=45056 end=57344
[Q SLICE] track=0 index=7 start=57344 end=65535
[Q TRACK] track=1 source=1 pitch=48 synth_pitch=39 sample_pitch=48 mute=0 solo=0 start=0 end=65535 reverse=1 mode=0 choke=0 cutoff=0 resonance=0 send=127 slices=4 enabled=1 selected=0 frames=176400 waveform=595ef306 name=m19p_stereo.wav
[Q SLICE] track=1 index=0 start=0 end=16383
[Q SLICE] track=1 index=1 start=16383 end=32767
[Q SLICE] track=1 index=2 start=32767 end=49151
[Q SLICE] track=1 index=3 start=49151 end=65535
[Q TRACK] track=2 source=1 pitch=49 synth_pitch=42 sample_pitch=49 mute=0 solo=0 start=0 end=65535 reverse=0 mode=0 choke=0 cutoff=0 resonance=0 send=127 slices=4 enabled=1 selected=0 frames=176400 waveform=595ef306 name=m19p_stereo.wav
[Q SLICE] track=2 index=0 start=0 end=16383
[Q SLICE] track=2 index=1 start=16383 end=32767
[Q SLICE] track=2 index=2 start=32767 end=49151
[Q SLICE] track=2 index=3 start=49151 end=65535
[Q TRACK] track=3 source=1 pitch=50 synth_pitch=45 sample_pitch=50 mute=0 solo=0 start=0 end=65535 reverse=1 mode=0 choke=0 cutoff=0 resonance=0 send=127 slices=4 enabled=1 selected=0 frames=22050 waveform=0ee7dbac name=m19p_oneshot.wav
[Q SLICE] track=3 index=0 start=0 end=16383
[Q SLICE] track=3 index=1 start=16383 end=32767
[Q SLICE] track=3 index=2 start=32767 end=49151
[Q SLICE] track=3 index=3 start=49151 end=65535
[Q PATTERN] index=0 length=16 masks=1111,1111,1111
[Q LOCK] pattern=0 step=0 mask=128 slice=0
[Q LOCK] pattern=0 step=1 mask=0 slice=0
[Q LOCK] pattern=0 step=2 mask=0 slice=0
[Q LOCK] pattern=0 step=3 mask=0 slice=0
[Q PATTERN] index=1 length=16 masks=0000,0000,0000
[Q LOCK] pattern=1 step=0 mask=0 slice=0
[Q LOCK] pattern=1 step=1 mask=0 slice=0
[Q LOCK] pattern=1 step=2 mask=0 slice=0
[Q LOCK] pattern=1 step=3 mask=0 slice=0
[Q PATTERN] index=2 length=16 masks=0000,0000,0000
[Q LOCK] pattern=2 step=0 mask=0 slice=0
[Q LOCK] pattern=2 step=1 mask=0 slice=0
[Q LOCK] pattern=2 step=2 mask=0 slice=0
[Q LOCK] pattern=2 step=3 mask=0 slice=0
[Q PATTERN] index=3 length=16 masks=0000,0000,0000
[Q LOCK] pattern=3 step=0 mask=0 slice=0
[Q LOCK] pattern=3 step=1 mask=0 slice=0
[Q LOCK] pattern=3 step=2 mask=0 slice=0
[Q LOCK] pattern=3 step=3 mask=0 slice=0
[Q TRANSIENT] state=4 request=3 progress=100 count=8 stale_discarded=0 apply=1 cancel=1 duration_max_us=63850 chunk_max_us=2390
[Q PROPOSAL] index=0 start=0 end=8192
[Q PROPOSAL] index=1 start=8192 end=16384
[Q PROPOSAL] index=2 start=16384 end=20480
[Q PROPOSAL] index=3 start=20480 end=28672
[Q PROPOSAL] index=4 start=28672 end=32768
[Q PROPOSAL] index=5 start=32768 end=45056
[Q PROPOSAL] index=6 start=45056 end=57344
[Q PROPOSAL] index=7 start=57344 end=65535
[Q HEAP] tag=state internal=173192 free=25932268 largest=25690100
[Q PLAYBACK] triggers=178 reverse=88 gate=2 releases=1 chokes=11 retriggers=105 repeat_accepts=1 repeat_hits=0 chain_loops=0

# HOST STORE 8
[Q COMMAND] STORE 8
[M213 address] track=0 pcm=0x482abdfc base=0x482abdfc bytes=352800 frames=176400 mod64=60 mod128=124 mod256=252 mod4096=3580 mod131072=48636 external=1 requested_caps=1028 free=25932268 largest=25690100
[M213 address] track=1 pcm=0x48303e00 base=0x48303e00 bytes=352800 frames=176400 mod64=0 mod128=0 mod256=0 mod4096=3584 mod131072=15872 external=1 requested_caps=1028 free=25932268 largest=25690100
[M213 address] track=2 pcm=0x4835be04 base=0x4835be04 bytes=352800 frames=176400 mod64=4 mod128=4 mod256=4 mod4096=3588 mod131072=114180 external=1 requested_caps=1028 free=25932268 largest=25690100
[M213 address] track=3 pcm=0x483b3e08 base=0x483b3e08 bytes=44100 frames=22050 mod64=8 mod128=8 mod256=8 mod4096=3592 mod131072=81416 external=1 requested_caps=1028 free=25932268 largest=25690100
[M213 address] track=4 pcm=0x483bee0c base=0x483bee0c bytes=352800 frames=176400 mod64=12 mod128=12 mod256=12 mod4096=3596 mod131072=126476 external=1 requested_caps=1028 free=25932268 largest=25690100
[M213 address] track=5 pcm=0x48416e10 base=0x48416e10 bytes=352800 frames=176400 mod64=16 mod128=16 mod256=16 mod4096=3600 mod131072=93712 external=1 requested_caps=1028 free=25932268 largest=25690100
[M213 address] track=6 pcm=0x4846ee14 base=0x4846ee14 bytes=352800 frames=176400 mod64=20 mod128=20 mod256=20 mod4096=3604 mod131072=60948 external=1 requested_caps=1028 free=25932268 largest=25690100
[M213 address] track=7 pcm=0x484c6e18 base=0x484c6e18 bytes=352800 frames=176400 mod64=24 mod128=24 mod256=24 mod4096=3608 mod131072=28184 external=1 requested_caps=1028 free=25932268 largest=25690100
[M213 address] track=8 pcm=0x4851ee1c base=0x4851ee1c bytes=44100 frames=22050 mod64=28 mod128=28 mod256=28 mod4096=3612 mod131072=126492 external=1 requested_caps=1028 free=25932268 largest=25690100
[M213 address] track=9 pcm=0x48529e20 base=0x48529e20 bytes=352800 frames=176400 mod64=32 mod128=32 mod256=32 mod4096=3616 mod131072=40480 external=1 requested_caps=1028 free=25932268 largest=25690100
[M213 address] track=10 pcm=0x48581e24 base=0x48581e24 bytes=352800 frames=176400 mod64=36 mod128=36 mod256=36 mod4096=3620 mod131072=7716 external=1 requested_caps=1028 free=25932268 largest=25690100
[M213 address] track=11 pcm=0x485d9e28 base=0x485d9e28 bytes=352800 frames=176400 mod64=40 mod128=40 mod256=40 mod4096=3624 mod131072=106024 external=1 requested_caps=1028 free=25932268 largest=25690100
[M213 address] track=12 pcm=0x48631e2c base=0x48631e2c bytes=352800 frames=176400 mod64=44 mod128=44 mod256=44 mod4096=3628 mod131072=73260 external=1 requested_caps=1028 free=25932268 largest=25690100
[M213 address] track=13 pcm=0x48689e30 base=0x48689e30 bytes=44100 frames=22050 mod64=48 mod128=48 mod256=48 mod4096=3632 mod131072=40496 external=1 requested_caps=1028 free=25932268 largest=25690100
[M213 address] track=14 pcm=0x48694e34 base=0x48694e34 bytes=352800 frames=176400 mod64=52 mod128=52 mod256=52 mod4096=3636 mod131072=85556 external=1 requested_caps=1028 free=25932268 largest=25690100
[M213 address] track=15 pcm=0x486ece38 base=0x486ece38 bytes=352800 frames=176400 mod64=56 mod128=56 mod256=56 mod4096=3640 mod131072=52792 external=1 requested_caps=1028 free=25932268 largest=25690100
[M213 locality] tag=8 order=0 eviction=0 repeats=32 reads=131072 us=9211 max=2096 checksum=3441540352 sweep=0 concurrent_audio=1 cold_proven=0
[M213 locality] tag=8 order=1 eviction=0 repeats=32 reads=131072 us=2339 max=86 checksum=3441540352 sweep=0 concurrent_audio=1 cold_proven=0
[M213 locality] tag=8 order=2 eviction=0 repeats=32 reads=131072 us=7003 max=2033 checksum=3441540352 sweep=0 concurrent_audio=1 cold_proven=0
[M213 locality] tag=8 order=0 eviction=1 repeats=32 reads=131072 us=18121 max=2369 checksum=3441540352 sweep=524288 concurrent_audio=1 cold_proven=0
[M213 locality] tag=8 order=1 eviction=1 repeats=32 reads=131072 us=13313 max=2354 checksum=3441540352 sweep=1048576 concurrent_audio=1 cold_proven=0
[M213 locality] tag=8 order=2 eviction=1 repeats=32 reads=131072 us=7815 max=299 checksum=3441540352 sweep=1572864 concurrent_audio=1 cold_proven=0
[M213 locality complete] tag=8
[M213 physical] tag=8 complete=1
[Q HEAP] tag=store_done internal=173192 free=25932268 largest=25690100 payload=4718700
[Q STORE DONE] op=8
[Q COMMAND] 
[Q ACK] invalid=1

# HOST STATE
[Q COMMAND] STATE
[Q STATE] bpm=240 swing=50 playing=0 mode=0 chain_length=0 chain_loop=0 project_busy=0 restoring=0 sample_busy=0 project_status=PROJECT READY / 0 MISSING sample_status=SAMPLE READY
[Q TRACK] track=0 source=1 pitch=47 synth_pitch=36 sample_pitch=47 mute=0 solo=0 start=0 end=65535 reverse=0 mode=0 choke=1 cutoff=0 resonance=0 send=127 slices=8 enabled=1 selected=0 frames=176400 waveform=0720701a name=m19p_mixed.wav
[Q SLICE] track=0 index=0 start=0 end=8192
[Q SLICE] track=0 index=1 start=8192 end=16384
[Q SLICE] track=0 index=2 start=16384 end=20480
[Q SLICE] track=0 index=3 start=20480 end=28672
[Q SLICE] track=0 index=4 start=28672 end=32768
[Q SLICE] track=0 index=5 start=32768 end=45056
[Q SLICE] track=0 index=6 start=45056 end=57344
[Q SLICE] track=0 index=7 start=57344 end=65535
[Q TRACK] track=1 source=1 pitch=48 synth_pitch=39 sample_pitch=48 mute=0 solo=0 start=0 end=65535 reverse=1 mode=0 choke=0 cutoff=0 resonance=0 send=127 slices=4 enabled=1 selected=0 frames=176400 waveform=595ef306 name=m19p_stereo.wav
[Q SLICE] track=1 index=0 start=0 end=16383
[Q SLICE] track=1 index=1 start=16383 end=32767
[Q SLICE] track=1 index=2 start=32767 end=49151
[Q SLICE] track=1 index=3 start=49151 end=65535
[Q TRACK] track=2 source=1 pitch=49 synth_pitch=42 sample_pitch=49 mute=0 solo=0 start=0 end=65535 reverse=0 mode=0 choke=0 cutoff=0 resonance=0 send=127 slices=4 enabled=1 selected=0 frames=176400 waveform=595ef306 name=m19p_stereo.wav
[Q SLICE] track=2 index=0 start=0 end=16383
[Q SLICE] track=2 index=1 start=16383 end=32767
[Q SLICE] track=2 index=2 start=32767 end=49151
[Q SLICE] track=2 index=3 start=49151 end=65535
[Q TRACK] track=3 source=1 pitch=50 synth_pitch=45 sample_pitch=50 mute=0 solo=0 start=0 end=65535 reverse=1 mode=0 choke=0 cutoff=0 resonance=0 send=127 slices=4 enabled=1 selected=0 frames=22050 waveform=0ee7dbac name=m19p_oneshot.wav
[Q SLICE] track=3 index=0 start=0 end=16383
[Q SLICE] track=3 index=1 start=16383 end=32767
[Q SLICE] track=3 index=2 start=32767 end=49151
[Q SLICE] track=3 index=3 start=49151 end=65535
[Q PATTERN] index=0 length=16 masks=1111,1111,1111
[Q LOCK] pattern=0 step=0 mask=128 slice=0
[Q LOCK] pattern=0 step=1 mask=0 slice=0
[Q LOCK] pattern=0 step=2 mask=0 slice=0
[Q LOCK] pattern=0 step=3 mask=0 slice=0
[Q PATTERN] index=1 length=16 masks=0000,0000,0000
[Q LOCK] pattern=1 step=0 mask=0 slice=0
[Q LOCK] pattern=1 step=1 mask=0 slice=0
[Q LOCK] pattern=1 step=2 mask=0 slice=0
[Q LOCK] pattern=1 step=3 mask=0 slice=0
[Q PATTERN] index=2 length=16 masks=0000,0000,0000
[Q LOCK] pattern=2 step=0 mask=0 slice=0
[Q LOCK] pattern=2 step=1 mask=0 slice=0
[Q LOCK] pattern=2 step=2 mask=0 slice=0
[Q LOCK] pattern=2 step=3 mask=0 slice=0
[Q PATTERN] index=3 length=16 masks=0000,0000,0000
[Q LOCK] pattern=3 step=0 mask=0 slice=0
[Q LOCK] pattern=3 step=1 mask=0 slice=0
[Q LOCK] pattern=3 step=2 mask=0 slice=0
[Q LOCK] pattern=3 step=3 mask=0 slice=0
[Q TRANSIENT] state=4 request=3 progress=100 count=8 stale_discarded=0 apply=1 cancel=1 duration_max_us=63850 chunk_max_us=2390
[Q PROPOSAL] index=0 start=0 end=8192
[Q PROPOSAL] index=1 start=8192 end=16384
[Q PROPOSAL] index=2 start=16384 end=20480
[Q PROPOSAL] index=3 start=20480 end=28672
[Q PROPOSAL] index=4 start=28672 end=32768
[Q PROPOSAL] index=5 start=32768 end=45056
[Q PROPOSAL] index=6 start=45056 end=57344
[Q PROPOSAL] index=7 start=57344 end=65535
[Q HEAP] tag=state internal=173192 free=25932268 largest=25690100
[Q PLAYBACK] triggers=178 reverse=88 gate=2 releases=1 chokes=11 retriggers=105 repeat_accepts=1 repeat_hits=0 chain_loops=0

# HOST M213 SD policy=0 COMPLETE; no listening observed
