
# HOST SESSION UTC 2026-10-07T22:07:25.118961+00:00 mode=fixed_dense

# HOST PROJECT M19P_SD_QUAL
[Q COMMAND] PROJECT M19P_SD_QUAL
[Q ACK] project=1
[M6 read] bytes=352800 read_us=720403 bytes_per_second=489725 original_channels=1 rate=44100 total_psram=33554432
[M6 load] track=0 file_bytes=352844 pcm_bytes=352800 load_publish_us=1147318 payload=352800 transient=352800 peak_payload=352800 ps_free=30392872 largest=29884404 internal=219852 display=2304000 fx_delay=352800 reserve=4194304
[M6.1 replacement] retired_clear=1 ps_delta=360452 status=READY
[M6 read] bytes=352800 read_us=715993 bytes_per_second=492742 original_channels=1 rate=44100 total_psram=33554432
[M6 load] track=1 file_bytes=352844 pcm_bytes=352800 load_publish_us=1143531 payload=705600 transient=352800 peak_payload=705600 ps_free=30032420 largest=29884404 internal=218248 display=2304000 fx_delay=352800 reserve=4194304
[M6.1 replacement] retired_clear=1 ps_delta=360452 status=READY

# HOST STATE
[Q COMMAND] STATE
[Q STATE] bpm=143 swing=63 playing=0 mode=1 chain_length=4 chain_loop=1 project_busy=0 restoring=0 sample_busy=0 project_status=PROJECT READY / 0 MISSING sample_status=SAMPLE READY
[Q CHAIN] index=0 pattern=0 repeats=2
[Q CHAIN] index=1 pattern=1 repeats=1
[Q CHAIN] index=2 pattern=2 repeats=3
[Q CHAIN] index=3 pattern=3 repeats=1
[Q TRACK] track=0 source=1 pitch=64 synth_pitch=36 sample_pitch=64 mute=0 solo=0 start=1024 end=62000 reverse=0 mode=1 choke=1 cutoff=48 resonance=37 send=91 slices=8 enabled=1 selected=0 frames=176400 waveform=0720701a name=m19p_mixed.wav
[Q SLICE] track=0 index=0 start=1024 end=4096
[Q SLICE] track=0 index=1 start=4096 end=8192
[Q SLICE] track=0 index=2 start=8192 end=16384
[Q SLICE] track=0 index=3 start=16384 end=20480
[Q SLICE] track=0 index=4 start=20480 end=32768
[Q SLICE] track=0 index=5 start=32768 end=45056
[Q SLICE] track=0 index=6 start=45056 end=57344
[Q SLICE] track=0 index=7 start=57344 end=62000
[Q TRACK] track=1 source=1 pitch=58 synth_pitch=39 sample_pitch=58 mute=0 solo=0 start=0 end=65535 reverse=0 mode=0 choke=1 cutoff=72 resonance=0 send=44 slices=1 enabled=0 selected=0 frames=176400 waveform=5e370bb2 name=m19p_snare.wav
[Q SLICE] track=1 index=0 start=0 end=65535
[Q TRACK] track=2 source=0 pitch=51 synth_pitch=51 sample_pitch=60 mute=0 solo=0 start=0 end=65535 reverse=0 mode=0 choke=0 cutoff=0 resonance=0 send=127 slices=1 enabled=0 selected=0 frames=0 waveform=5f6c8245 name=
[Q SLICE] track=2 index=0 start=0 end=65535
[Q TRACK] track=3 source=0 pitch=45 synth_pitch=45 sample_pitch=60 mute=1 solo=0 start=0 end=65535 reverse=0 mode=0 choke=0 cutoff=0 resonance=0 send=127 slices=1 enabled=0 selected=0 frames=0 waveform=5f6c8245 name=
[Q SLICE] track=3 index=0 start=0 end=65535
[Q PATTERN] index=0 length=16 masks=1111,1111,1111
[Q LOCK] pattern=0 step=0 mask=128 slice=0
[Q LOCK] pattern=0 step=1 mask=128 slice=1
[Q LOCK] pattern=0 step=2 mask=128 slice=2
[Q LOCK] pattern=0 step=3 mask=128 slice=3
[Q PATTERN] index=1 length=16 masks=1111,1111,1111
[Q LOCK] pattern=1 step=0 mask=128 slice=0
[Q LOCK] pattern=1 step=1 mask=128 slice=1
[Q LOCK] pattern=1 step=2 mask=128 slice=2
[Q LOCK] pattern=1 step=3 mask=128 slice=3
[Q PATTERN] index=2 length=16 masks=1111,1111,1111
[Q LOCK] pattern=2 step=0 mask=128 slice=0
[Q LOCK] pattern=2 step=1 mask=128 slice=1
[Q LOCK] pattern=2 step=2 mask=128 slice=2
[Q LOCK] pattern=2 step=3 mask=128 slice=3
[Q PATTERN] index=3 length=16 masks=1111,1111,1111
[Q LOCK] pattern=3 step=0 mask=128 slice=0
[Q LOCK] pattern=3 step=1 mask=128 slice=1
[Q LOCK] pattern=3 step=2 mask=128 slice=2
[Q LOCK] pattern=3 step=3 mask=128 slice=3
[Q TRANSIENT] state=4 request=16 progress=100 count=8 stale_discarded=0 apply=16 cancel=0 duration_max_us=58635 chunk_max_us=2373
[Q PROPOSAL] index=0 start=1024 end=4096
[Q PROPOSAL] index=1 start=4096 end=8192
[Q PROPOSAL] index=2 start=8192 end=16384
[Q PROPOSAL] index=3 start=16384 end=20480
[Q PROPOSAL] index=4 start=20480 end=32768
[Q PROPOSAL] index=5 start=32768 end=45056
[Q PROPOSAL] index=6 start=45056 end=57344
[Q PROPOSAL] index=7 start=57344 end=62000
[Q HEAP] tag=state internal=218248 free=30032420 largest=29884404
[Q PLAYBACK] triggers=0 reverse=0 gate=0 releases=0 chokes=0 retriggers=0 repeat_accepts=0 repeat_hits=0 chain_loops=0

# HOST CMD 60 0 0 0 0
[Q COMMAND] CMD 60 0 0 0 0
[Q ACK] sent=1

# HOST CMD 1 0 240 0 0
[Q COMMAND] CMD 1 0 240 0 0
[Q ACK] sent=1

# HOST CMD 13 0 0 0 0
[Q COMMAND] CMD 13 0 0 0 0
[Q ACK] sent=1

# HOST CMD 17 0 0 0 0
[Q COMMAND] CMD 17 0 0 0 0
[Q ACK] sent=1

# HOST CMD 15 0 16 0 0
[Q COMMAND] CMD 15 0 16 0 0
[Q ACK] sent=1

# HOST LOAD 0 3
[Q COMMAND] LOAD 0 3
[Q ACK] load=1
[M6 read] bytes=352800 read_us=699172 bytes_per_second=504596 original_channels=1 rate=44100 total_psram=33554432
[M6 load] track=0 file_bytes=352844 pcm_bytes=352800 load_publish_us=1126389 payload=705600 transient=352800 peak_payload=1058400 ps_free=30032420 largest=29360116 internal=218248 display=2304000 fx_delay=352800 reserve=4194304
[M6.1 replacement] retired_clear=1 ps_delta=0 status=READY

# HOST CMD 10 0 0 0 0
[Q COMMAND] CMD 10 0 0 0 0
[Q ACK] sent=1

# HOST CMD 12 0 0 0 0
[Q COMMAND] CMD 12 0 0 0 0
[Q ACK] sent=1

# HOST CMD 47 0 0 0 0
[Q COMMAND] CMD 47 0 0 0 0
[Q ACK] sent=1

# HOST CMD 46 0 0 0 0
[Q COMMAND] CMD 46 0 0 0 0
[Q ACK] sent=1

# HOST CMD 48 0 0 0 0
[Q COMMAND] CMD 48 0 0 0 0
[Q ACK] sent=1

# HOST CMD 55 0 16 0 0
[Q COMMAND] CMD 55 0 16 0 0
[Q ACK] sent=1

# HOST CMD 41 0 30 0 0
[Q COMMAND] CMD 41 0 30 0 0
[Q ACK] sent=1

# HOST CMD 42 0 96 0 0
[Q COMMAND] CMD 42 0 96 0 0
[Q ACK] sent=1

# HOST CMD 43 0 127 0 0
[Q COMMAND] CMD 43 0 127 0 0
[Q ACK] sent=1

# HOST CMD 2 0 0 0 0
[Q COMMAND] CMD 2 0 0 0 0
[Q ACK] sent=1

# HOST CMD 18 0 127 0 0
[Q COMMAND] CMD 18 0 127 0 0
[Q ACK] sent=1

# HOST CMD 19 0 100 0 0
[Q COMMAND] CMD 19 0 100 0 0
[Q ACK] sent=1

# HOST CMD 20 0 4 0 0
[Q COMMAND] CMD 20 0 4 0 0
[Q ACK] sent=1

# HOST CMD 31 0 36 0 0
[Q COMMAND] CMD 31 0 36 0 0
[Q ACK] sent=1

# HOST CMD 32 0 127 0 0
[Q COMMAND] CMD 32 0 127 0 0
[Q ACK] sent=1

# HOST CMD 33 0 -127 0 0
[Q COMMAND] CMD 33 0 -127 0 0
[Q ACK] sent=1

# HOST CMD 34 0 0 0 0
[Q COMMAND] CMD 34 0 0 0 0
[Q ACK] sent=1

# HOST CMD 35 0 20 0 0
[Q COMMAND] CMD 35 0 20 0 0
[Q ACK] sent=1

# HOST CMD 36 0 10 0 0
[Q COMMAND] CMD 36 0 10 0 0
[Q ACK] sent=1

# HOST CMD 37 0 96 0 0
[Q COMMAND] CMD 37 0 96 0 0
[Q ACK] sent=1

# HOST CMD 38 0 0 0 0
[Q COMMAND] CMD 38 0 0 0 0
[Q ACK] sent=1

# HOST CMD 2 0 1 0 1
[Q COMMAND] CMD 2 0 1 0 1
[Q ACK] sent=1

# HOST CMD 18 0 127 0 1
[Q COMMAND] CMD 18 0 127 0 1
[Q ACK] sent=1

# HOST CMD 19 0 100 0 1
[Q COMMAND] CMD 19 0 100 0 1
[Q ACK] sent=1

# HOST CMD 20 0 4 0 1
[Q COMMAND] CMD 20 0 4 0 1
[Q ACK] sent=1

# HOST CMD 31 0 37 0 1
[Q COMMAND] CMD 31 0 37 0 1
[Q ACK] sent=1

# HOST CMD 32 0 127 0 1
[Q COMMAND] CMD 32 0 127 0 1
[Q ACK] sent=1

# HOST CMD 33 0 -114 0 1
[Q COMMAND] CMD 33 0 -114 0 1
[Q ACK] sent=1

# HOST CMD 34 0 1 0 1
[Q COMMAND] CMD 34 0 1 0 1
[Q ACK] sent=1

# HOST CMD 35 0 100 0 1
[Q COMMAND] CMD 35 0 100 0 1
[Q ACK] sent=1

# HOST CMD 36 0 100 0 1
[Q COMMAND] CMD 36 0 100 0 1
[Q ACK] sent=1

# HOST CMD 37 0 96 0 1
[Q COMMAND] CMD 37 0 96 0 1
[Q ACK] sent=1

# HOST CMD 38 0 1 0 1
[Q COMMAND] CMD 38 0 1 0 1
[Q ACK] sent=1

# HOST CMD 2 0 2 0 2
[Q COMMAND] CMD 2 0 2 0 2
[Q ACK] sent=1

# HOST CMD 18 0 127 0 2
[Q COMMAND] CMD 18 0 127 0 2
[Q ACK] sent=1

# HOST CMD 19 0 100 0 2
[Q COMMAND] CMD 19 0 100 0 2
[Q ACK] sent=1

# HOST CMD 20 0 4 0 2
[Q COMMAND] CMD 20 0 4 0 2
[Q ACK] sent=1

# HOST CMD 31 0 38 0 2
[Q COMMAND] CMD 31 0 38 0 2
[Q ACK] sent=1

# HOST CMD 32 0 127 0 2
[Q COMMAND] CMD 32 0 127 0 2
[Q ACK] sent=1

# HOST CMD 33 0 -101 0 2
[Q COMMAND] CMD 33 0 -101 0 2
[Q ACK] sent=1

# HOST CMD 34 0 2 0 2
[Q COMMAND] CMD 34 0 2 0 2
[Q ACK] sent=1

# HOST CMD 35 0 40 0 2
[Q COMMAND] CMD 35 0 40 0 2
[Q ACK] sent=1

# HOST CMD 36 0 40 0 2
[Q COMMAND] CMD 36 0 40 0 2
[Q ACK] sent=1

# HOST CMD 37 0 96 0 2
[Q COMMAND] CMD 37 0 96 0 2
[Q ACK] sent=1

# HOST CMD 38 0 2 0 2
[Q COMMAND] CMD 38 0 2 0 2
[Q ACK] sent=1

# HOST CMD 2 0 3 0 3
[Q COMMAND] CMD 2 0 3 0 3
[Q ACK] sent=1

# HOST CMD 18 0 127 0 3
[Q COMMAND] CMD 18 0 127 0 3
[Q ACK] sent=1

# HOST CMD 19 0 100 0 3
[Q COMMAND] CMD 19 0 100 0 3
[Q ACK] sent=1

# HOST CMD 20 0 4 0 3
[Q COMMAND] CMD 20 0 4 0 3
[Q ACK] sent=1

# HOST CMD 31 0 39 0 3
[Q COMMAND] CMD 31 0 39 0 3
[Q ACK] sent=1

# HOST CMD 32 0 127 0 3
[Q COMMAND] CMD 32 0 127 0 3
[Q ACK] sent=1

# HOST CMD 33 0 -88 0 3
[Q COMMAND] CMD 33 0 -88 0 3
[Q ACK] sent=1

# HOST CMD 34 0 3 0 3
[Q COMMAND] CMD 34 0 3 0 3
[Q ACK] sent=1

# HOST CMD 35 0 120 0 3
[Q COMMAND] CMD 35 0 120 0 3
[Q ACK] sent=1

# HOST CMD 36 0 127 0 3
[Q COMMAND] CMD 36 0 127 0 3
[Q ACK] sent=1

# HOST CMD 37 0 96 0 3
[Q COMMAND] CMD 37 0 96 0 3
[Q ACK] sent=1

# HOST CMD 38 0 3 0 3
[Q COMMAND] CMD 38 0 3 0 3
[Q ACK] sent=1

# HOST CMD 2 0 4 0 4
[Q COMMAND] CMD 2 0 4 0 4
[Q ACK] sent=1

# HOST CMD 18 0 127 0 4
[Q COMMAND] CMD 18 0 127 0 4
[Q ACK] sent=1

# HOST CMD 19 0 100 0 4
[Q COMMAND] CMD 19 0 100 0 4
[Q ACK] sent=1

# HOST CMD 20 0 4 0 4
[Q COMMAND] CMD 20 0 4 0 4
[Q ACK] sent=1

# HOST CMD 31 0 40 0 4
[Q COMMAND] CMD 31 0 40 0 4
[Q ACK] sent=1

# HOST CMD 32 0 127 0 4
[Q COMMAND] CMD 32 0 127 0 4
[Q ACK] sent=1

# HOST CMD 33 0 -75 0 4
[Q COMMAND] CMD 33 0 -75 0 4
[Q ACK] sent=1

# HOST CMD 34 0 4 0 4
[Q COMMAND] CMD 34 0 4 0 4
[Q ACK] sent=1

# HOST CMD 35 0 20 0 4
[Q COMMAND] CMD 35 0 20 0 4
[Q ACK] sent=1

# HOST CMD 36 0 10 0 4
[Q COMMAND] CMD 36 0 10 0 4
[Q ACK] sent=1

# HOST CMD 37 0 96 0 4
[Q COMMAND] CMD 37 0 96 0 4
[Q ACK] sent=1

# HOST CMD 38 0 4 0 4
[Q COMMAND] CMD 38 0 4 0 4
[Q ACK] sent=1

# HOST CMD 2 0 5 0 5
[Q COMMAND] CMD 2 0 5 0 5
[Q ACK] sent=1

# HOST CMD 18 0 127 0 5
[Q COMMAND] CMD 18 0 127 0 5
[Q ACK] sent=1

# HOST CMD 19 0 100 0 5
[Q COMMAND] CMD 19 0 100 0 5
[Q ACK] sent=1

# HOST CMD 20 0 4 0 5
[Q COMMAND] CMD 20 0 4 0 5
[Q ACK] sent=1

# HOST CMD 31 0 41 0 5
[Q COMMAND] CMD 31 0 41 0 5
[Q ACK] sent=1

# HOST CMD 32 0 127 0 5
[Q COMMAND] CMD 32 0 127 0 5
[Q ACK] sent=1

# HOST CMD 33 0 -62 0 5
[Q COMMAND] CMD 33 0 -62 0 5
[Q ACK] sent=1

# HOST CMD 34 0 5 0 5
[Q COMMAND] CMD 34 0 5 0 5
[Q ACK] sent=1

# HOST CMD 35 0 100 0 5
[Q COMMAND] CMD 35 0 100 0 5
[Q ACK] sent=1

# HOST CMD 36 0 100 0 5
[Q COMMAND] CMD 36 0 100 0 5
[Q ACK] sent=1

# HOST CMD 37 0 96 0 5
[Q COMMAND] CMD 37 0 96 0 5
[Q ACK] sent=1

# HOST CMD 38 0 5 0 5
[Q COMMAND] CMD 38 0 5 0 5
[Q ACK] sent=1

# HOST CMD 2 0 6 0 6
[Q COMMAND] CMD 2 0 6 0 6
[Q ACK] sent=1

# HOST CMD 18 0 127 0 6
[Q COMMAND] CMD 18 0 127 0 6
[Q ACK] sent=1

# HOST CMD 19 0 100 0 6
[Q COMMAND] CMD 19 0 100 0 6
[Q ACK] sent=1

# HOST CMD 20 0 4 0 6
[Q COMMAND] CMD 20 0 4 0 6
[Q ACK] sent=1

# HOST CMD 31 0 42 0 6
[Q COMMAND] CMD 31 0 42 0 6
[Q ACK] sent=1

# HOST CMD 32 0 127 0 6
[Q COMMAND] CMD 32 0 127 0 6
[Q ACK] sent=1

# HOST CMD 33 0 -49 0 6
[Q COMMAND] CMD 33 0 -49 0 6
[Q ACK] sent=1

# HOST CMD 34 0 6 0 6
[Q COMMAND] CMD 34 0 6 0 6
[Q ACK] sent=1

# HOST CMD 35 0 40 0 6
[Q COMMAND] CMD 35 0 40 0 6
[Q ACK] sent=1

# HOST CMD 36 0 40 0 6
[Q COMMAND] CMD 36 0 40 0 6
[Q ACK] sent=1

# HOST CMD 37 0 96 0 6
[Q COMMAND] CMD 37 0 96 0 6
[Q ACK] sent=1

# HOST CMD 38 0 6 0 6
[Q COMMAND] CMD 38 0 6 0 6
[Q ACK] sent=1

# HOST CMD 2 0 7 0 7
[Q COMMAND] CMD 2 0 7 0 7
[Q ACK] sent=1

# HOST CMD 18 0 127 0 7
[Q COMMAND] CMD 18 0 127 0 7
[Q ACK] sent=1

# HOST CMD 19 0 100 0 7
[Q COMMAND] CMD 19 0 100 0 7
[Q ACK] sent=1

# HOST CMD 20 0 4 0 7
[Q COMMAND] CMD 20 0 4 0 7
[Q ACK] sent=1

# HOST CMD 31 0 43 0 7
[Q COMMAND] CMD 31 0 43 0 7
[Q ACK] sent=1

# HOST CMD 32 0 127 0 7
[Q COMMAND] CMD 32 0 127 0 7
[Q ACK] sent=1

# HOST CMD 33 0 -36 0 7
[Q COMMAND] CMD 33 0 -36 0 7
[Q ACK] sent=1

# HOST CMD 34 0 7 0 7
[Q COMMAND] CMD 34 0 7 0 7
[Q ACK] sent=1

# HOST CMD 35 0 120 0 7
[Q COMMAND] CMD 35 0 120 0 7
[Q ACK] sent=1

# HOST CMD 36 0 127 0 7
[Q COMMAND] CMD 36 0 127 0 7
[Q ACK] sent=1

# HOST CMD 37 0 96 0 7
[Q COMMAND] CMD 37 0 96 0 7
[Q ACK] sent=1

# HOST CMD 38 0 7 0 7
[Q COMMAND] CMD 38 0 7 0 7
[Q ACK] sent=1

# HOST CMD 2 0 8 0 8
[Q COMMAND] CMD 2 0 8 0 8
[Q ACK] sent=1

# HOST CMD 18 0 127 0 8
[Q COMMAND] CMD 18 0 127 0 8
[Q ACK] sent=1

# HOST CMD 19 0 100 0 8
[Q COMMAND] CMD 19 0 100 0 8
[Q ACK] sent=1

# HOST CMD 20 0 4 0 8
[Q COMMAND] CMD 20 0 4 0 8
[Q ACK] sent=1

# HOST CMD 31 0 44 0 8
[Q COMMAND] CMD 31 0 44 0 8
[Q ACK] sent=1

# HOST CMD 32 0 127 0 8
[Q COMMAND] CMD 32 0 127 0 8
[Q ACK] sent=1

# HOST CMD 33 0 -23 0 8
[Q COMMAND] CMD 33 0 -23 0 8
[Q ACK] sent=1

# HOST CMD 34 0 8 0 8
[Q COMMAND] CMD 34 0 8 0 8
[Q ACK] sent=1

# HOST CMD 35 0 20 0 8
[Q COMMAND] CMD 35 0 20 0 8
[Q ACK] sent=1

# HOST CMD 36 0 10 0 8
[Q COMMAND] CMD 36 0 10 0 8
[Q ACK] sent=1

# HOST CMD 37 0 96 0 8
[Q COMMAND] CMD 37 0 96 0 8
[Q ACK] sent=1

# HOST CMD 38 0 8 0 8
[Q COMMAND] CMD 38 0 8 0 8
[Q ACK] sent=1

# HOST CMD 2 0 9 0 9
[Q COMMAND] CMD 2 0 9 0 9
[Q ACK] sent=1

# HOST CMD 18 0 127 0 9
[Q COMMAND] CMD 18 0 127 0 9
[Q ACK] sent=1

# HOST CMD 19 0 100 0 9
[Q COMMAND] CMD 19 0 100 0 9
[Q ACK] sent=1

# HOST CMD 20 0 4 0 9
[Q COMMAND] CMD 20 0 4 0 9
[Q ACK] sent=1

# HOST CMD 31 0 45 0 9
[Q COMMAND] CMD 31 0 45 0 9
[Q ACK] sent=1

# HOST CMD 32 0 127 0 9
[Q COMMAND] CMD 32 0 127 0 9
[Q ACK] sent=1

# HOST CMD 33 0 -10 0 9
[Q COMMAND] CMD 33 0 -10 0 9
[Q ACK] sent=1

# HOST CMD 34 0 9 0 9
[Q COMMAND] CMD 34 0 9 0 9
[Q ACK] sent=1

# HOST CMD 35 0 100 0 9
[Q COMMAND] CMD 35 0 100 0 9
[Q ACK] sent=1

# HOST CMD 36 0 100 0 9
[Q COMMAND] CMD 36 0 100 0 9
[Q ACK] sent=1

# HOST CMD 37 0 96 0 9
[Q COMMAND] CMD 37 0 96 0 9
[Q ACK] sent=1

# HOST CMD 38 0 9 0 9
[Q COMMAND] CMD 38 0 9 0 9
[Q ACK] sent=1

# HOST CMD 2 0 10 0 10
[Q COMMAND] CMD 2 0 10 0 10
[Q ACK] sent=1

# HOST CMD 18 0 127 0 10
[Q COMMAND] CMD 18 0 127 0 10
[Q ACK] sent=1

# HOST CMD 19 0 100 0 10
[Q COMMAND] CMD 19 0 100 0 10
[Q ACK] sent=1

# HOST CMD 20 0 4 0 10
[Q COMMAND] CMD 20 0 4 0 10
[Q ACK] sent=1

# HOST CMD 31 0 46 0 10
[Q COMMAND] CMD 31 0 46 0 10
[Q ACK] sent=1

# HOST CMD 32 0 127 0 10
[Q COMMAND] CMD 32 0 127 0 10
[Q ACK] sent=1

# HOST CMD 33 0 3 0 10
[Q COMMAND] CMD 33 0 3 0 10
[Q ACK] sent=1

# HOST CMD 34 0 10 0 10
[Q COMMAND] CMD 34 0 10 0 10
[Q ACK] sent=1

# HOST CMD 35 0 40 0 10
[Q COMMAND] CMD 35 0 40 0 10
[Q ACK] sent=1

# HOST CMD 36 0 40 0 10
[Q COMMAND] CMD 36 0 40 0 10
[Q ACK] sent=1

# HOST CMD 37 0 96 0 10
[Q COMMAND] CMD 37 0 96 0 10
[Q ACK] sent=1

# HOST CMD 38 0 10 0 10
[Q COMMAND] CMD 38 0 10 0 10
[Q ACK] sent=1

# HOST CMD 2 0 11 0 11
[Q COMMAND] CMD 2 0 11 0 11
[Q ACK] sent=1

# HOST CMD 18 0 127 0 11
[Q COMMAND] CMD 18 0 127 0 11
[Q ACK] sent=1

# HOST CMD 19 0 100 0 11
[Q COMMAND] CMD 19 0 100 0 11
[Q ACK] sent=1

# HOST CMD 20 0 4 0 11
[Q COMMAND] CMD 20 0 4 0 11
[Q ACK] sent=1

# HOST CMD 31 0 47 0 11
[Q COMMAND] CMD 31 0 47 0 11
[Q ACK] sent=1

# HOST CMD 32 0 127 0 11
[Q COMMAND] CMD 32 0 127 0 11
[Q ACK] sent=1

# HOST CMD 33 0 16 0 11
[Q COMMAND] CMD 33 0 16 0 11
[Q ACK] sent=1

# HOST CMD 34 0 11 0 11
[Q COMMAND] CMD 34 0 11 0 11
[Q ACK] sent=1

# HOST CMD 35 0 120 0 11
[Q COMMAND] CMD 35 0 120 0 11
[Q ACK] sent=1

# HOST CMD 36 0 127 0 11
[Q COMMAND] CMD 36 0 127 0 11
[Q ACK] sent=1

# HOST CMD 37 0 96 0 11
[Q COMMAND] CMD 37 0 96 0 11
[Q ACK] sent=1

# HOST CMD 38 0 11 0 11
[Q COMMAND] CMD 38 0 11 0 11
[Q ACK] sent=1

# HOST CMD 2 0 12 0 12
[Q COMMAND] CMD 2 0 12 0 12
[Q ACK] sent=1

# HOST CMD 18 0 127 0 12
[Q COMMAND] CMD 18 0 127 0 12
[Q ACK] sent=1

# HOST CMD 19 0 100 0 12
[Q COMMAND] CMD 19 0 100 0 12
[Q ACK] sent=1

# HOST CMD 20 0 4 0 12
[Q COMMAND] CMD 20 0 4 0 12
[Q ACK] sent=1

# HOST CMD 31 0 48 0 12
[Q COMMAND] CMD 31 0 48 0 12
[Q ACK] sent=1

# HOST CMD 32 0 127 0 12
[Q COMMAND] CMD 32 0 127 0 12
[Q ACK] sent=1

# HOST CMD 33 0 29 0 12
[Q COMMAND] CMD 33 0 29 0 12
[Q ACK] sent=1

# HOST CMD 34 0 12 0 12
[Q COMMAND] CMD 34 0 12 0 12
[Q ACK] sent=1

# HOST CMD 35 0 20 0 12
[Q COMMAND] CMD 35 0 20 0 12
[Q ACK] sent=1

# HOST CMD 36 0 10 0 12
[Q COMMAND] CMD 36 0 10 0 12
[Q ACK] sent=1

# HOST CMD 37 0 96 0 12
[Q COMMAND] CMD 37 0 96 0 12
[Q ACK] sent=1

# HOST CMD 38 0 12 0 12
[Q COMMAND] CMD 38 0 12 0 12
[Q ACK] sent=1

# HOST CMD 2 0 13 0 13
[Q COMMAND] CMD 2 0 13 0 13
[Q ACK] sent=1

# HOST CMD 18 0 127 0 13
[Q COMMAND] CMD 18 0 127 0 13
[Q ACK] sent=1

# HOST CMD 19 0 100 0 13
[Q COMMAND] CMD 19 0 100 0 13
[Q ACK] sent=1

# HOST CMD 20 0 4 0 13
[Q COMMAND] CMD 20 0 4 0 13
[Q ACK] sent=1

# HOST CMD 31 0 49 0 13
[Q COMMAND] CMD 31 0 49 0 13
[Q ACK] sent=1

# HOST CMD 32 0 127 0 13
[Q COMMAND] CMD 32 0 127 0 13
[Q ACK] sent=1

# HOST CMD 33 0 42 0 13
[Q COMMAND] CMD 33 0 42 0 13
[Q ACK] sent=1

# HOST CMD 34 0 13 0 13
[Q COMMAND] CMD 34 0 13 0 13
[Q ACK] sent=1

# HOST CMD 35 0 100 0 13
[Q COMMAND] CMD 35 0 100 0 13
[Q ACK] sent=1

# HOST CMD 36 0 100 0 13
[Q COMMAND] CMD 36 0 100 0 13
[Q ACK] sent=1

# HOST CMD 37 0 96 0 13
[Q COMMAND] CMD 37 0 96 0 13
[Q ACK] sent=1

# HOST CMD 38 0 13 0 13
[Q COMMAND] CMD 38 0 13 0 13
[Q ACK] sent=1

# HOST CMD 2 0 14 0 14
[Q COMMAND] CMD 2 0 14 0 14
[Q ACK] sent=1

# HOST CMD 18 0 127 0 14
[Q COMMAND] CMD 18 0 127 0 14
[Q ACK] sent=1

# HOST CMD 19 0 100 0 14
[Q COMMAND] CMD 19 0 100 0 14
[Q ACK] sent=1

# HOST CMD 20 0 4 0 14
[Q COMMAND] CMD 20 0 4 0 14
[Q ACK] sent=1

# HOST CMD 31 0 50 0 14
[Q COMMAND] CMD 31 0 50 0 14
[Q ACK] sent=1

# HOST CMD 32 0 127 0 14
[Q COMMAND] CMD 32 0 127 0 14
[Q ACK] sent=1

# HOST CMD 33 0 55 0 14
[Q COMMAND] CMD 33 0 55 0 14
[Q ACK] sent=1

# HOST CMD 34 0 14 0 14
[Q COMMAND] CMD 34 0 14 0 14
[Q ACK] sent=1

# HOST CMD 35 0 40 0 14
[Q COMMAND] CMD 35 0 40 0 14
[Q ACK] sent=1

# HOST CMD 36 0 40 0 14
[Q COMMAND] CMD 36 0 40 0 14
[Q ACK] sent=1

# HOST CMD 37 0 96 0 14
[Q COMMAND] CMD 37 0 96 0 14
[Q ACK] sent=1

# HOST CMD 38 0 14 0 14
[Q COMMAND] CMD 38 0 14 0 14
[Q ACK] sent=1

# HOST CMD 2 0 15 0 15
[Q COMMAND] CMD 2 0 15 0 15
[Q ACK] sent=1

# HOST CMD 18 0 127 0 15
[Q COMMAND] CMD 18 0 127 0 15
[Q ACK] sent=1

# HOST CMD 19 0 100 0 15
[Q COMMAND] CMD 19 0 100 0 15
[Q ACK] sent=1

# HOST CMD 20 0 4 0 15
[Q COMMAND] CMD 20 0 4 0 15
[Q ACK] sent=1

# HOST CMD 31 0 51 0 15
[Q COMMAND] CMD 31 0 51 0 15
[Q ACK] sent=1

# HOST CMD 32 0 127 0 15
[Q COMMAND] CMD 32 0 127 0 15
[Q ACK] sent=1

# HOST CMD 33 0 68 0 15
[Q COMMAND] CMD 33 0 68 0 15
[Q ACK] sent=1

# HOST CMD 34 0 15 0 15
[Q COMMAND] CMD 34 0 15 0 15
[Q ACK] sent=1

# HOST CMD 35 0 120 0 15
[Q COMMAND] CMD 35 0 120 0 15
[Q ACK] sent=1

# HOST CMD 36 0 127 0 15
[Q COMMAND] CMD 36 0 127 0 15
[Q ACK] sent=1

# HOST CMD 37 0 96 0 15
[Q COMMAND] CMD 37 0 96 0 15
[Q ACK] sent=1

# HOST CMD 38 0 15 0 15
[Q COMMAND] CMD 38 0 15 0 15
[Q ACK] sent=1

# HOST LOAD 1 3
[Q COMMAND] LOAD 1 3
[Q ACK] load=1
[M6 read] bytes=352800 read_us=697954 bytes_per_second=505477 original_channels=1 rate=44100 total_psram=33554432
[M6 load] track=1 file_bytes=352844 pcm_bytes=352800 load_publish_us=1125301 payload=705600 transient=352800 peak_payload=1058400 ps_free=30032420 largest=29360116 internal=218248 display=2304000 fx_delay=352800 reserve=4194304
[M6.1 replacement] retired_clear=1 ps_delta=0 status=READY

# HOST CMD 10 1 0 0 0
[Q COMMAND] CMD 10 1 0 0 0
[Q ACK] sent=1

# HOST CMD 12 1 0 0 0
[Q COMMAND] CMD 12 1 0 0 0
[Q ACK] sent=1

# HOST CMD 47 1 0 0 0
[Q COMMAND] CMD 47 1 0 0 0
[Q ACK] sent=1

# HOST CMD 46 1 0 0 0
[Q COMMAND] CMD 46 1 0 0 0
[Q ACK] sent=1

# HOST CMD 48 1 0 0 0
[Q COMMAND] CMD 48 1 0 0 0
[Q ACK] sent=1

# HOST CMD 55 1 16 0 0
[Q COMMAND] CMD 55 1 16 0 0
[Q ACK] sent=1

# HOST CMD 41 1 34 0 0
[Q COMMAND] CMD 41 1 34 0 0
[Q ACK] sent=1

# HOST CMD 42 1 96 0 0
[Q COMMAND] CMD 42 1 96 0 0
[Q ACK] sent=1

# HOST CMD 43 1 127 0 0
[Q COMMAND] CMD 43 1 127 0 0
[Q ACK] sent=1

# HOST CMD 2 1 0 0 0
[Q COMMAND] CMD 2 1 0 0 0
[Q ACK] sent=1

# HOST CMD 18 1 127 0 0
[Q COMMAND] CMD 18 1 127 0 0
[Q ACK] sent=1

# HOST CMD 19 1 100 0 0
[Q COMMAND] CMD 19 1 100 0 0
[Q ACK] sent=1

# HOST CMD 20 1 4 0 0
[Q COMMAND] CMD 20 1 4 0 0
[Q ACK] sent=1

# HOST CMD 31 1 37 0 0
[Q COMMAND] CMD 31 1 37 0 0
[Q ACK] sent=1

# HOST CMD 32 1 127 0 0
[Q COMMAND] CMD 32 1 127 0 0
[Q ACK] sent=1

# HOST CMD 33 1 -110 0 0
[Q COMMAND] CMD 33 1 -110 0 0
[Q ACK] sent=1

# HOST CMD 34 1 1 0 0
[Q COMMAND] CMD 34 1 1 0 0
[Q ACK] sent=1

# HOST CMD 35 1 20 0 0
[Q COMMAND] CMD 35 1 20 0 0
[Q ACK] sent=1

# HOST CMD 36 1 10 0 0
[Q COMMAND] CMD 36 1 10 0 0
[Q ACK] sent=1

# HOST CMD 37 1 96 0 0
[Q COMMAND] CMD 37 1 96 0 0
[Q ACK] sent=1

# HOST CMD 38 1 0 0 0
[Q COMMAND] CMD 38 1 0 0 0
[Q ACK] sent=1

# HOST CMD 2 1 1 0 1
[Q COMMAND] CMD 2 1 1 0 1
[Q ACK] sent=1

# HOST CMD 18 1 127 0 1
[Q COMMAND] CMD 18 1 127 0 1
[Q ACK] sent=1

# HOST CMD 19 1 100 0 1
[Q COMMAND] CMD 19 1 100 0 1
[Q ACK] sent=1

# HOST CMD 20 1 4 0 1
[Q COMMAND] CMD 20 1 4 0 1
[Q ACK] sent=1

# HOST CMD 31 1 38 0 1
[Q COMMAND] CMD 31 1 38 0 1
[Q ACK] sent=1

# HOST CMD 32 1 127 0 1
[Q COMMAND] CMD 32 1 127 0 1
[Q ACK] sent=1

# HOST CMD 33 1 -97 0 1
[Q COMMAND] CMD 33 1 -97 0 1
[Q ACK] sent=1

# HOST CMD 34 1 2 0 1
[Q COMMAND] CMD 34 1 2 0 1
[Q ACK] sent=1

# HOST CMD 35 1 100 0 1
[Q COMMAND] CMD 35 1 100 0 1
[Q ACK] sent=1

# HOST CMD 36 1 100 0 1
[Q COMMAND] CMD 36 1 100 0 1
[Q ACK] sent=1

# HOST CMD 37 1 96 0 1
[Q COMMAND] CMD 37 1 96 0 1
[Q ACK] sent=1

# HOST CMD 38 1 1 0 1
[Q COMMAND] CMD 38 1 1 0 1
[Q ACK] sent=1

# HOST CMD 2 1 2 0 2
[Q COMMAND] CMD 2 1 2 0 2
[Q ACK] sent=1

# HOST CMD 18 1 127 0 2
[Q COMMAND] CMD 18 1 127 0 2
[Q ACK] sent=1

# HOST CMD 19 1 100 0 2
[Q COMMAND] CMD 19 1 100 0 2
[Q ACK] sent=1

# HOST CMD 20 1 4 0 2
[Q COMMAND] CMD 20 1 4 0 2
[Q ACK] sent=1

# HOST CMD 31 1 39 0 2
[Q COMMAND] CMD 31 1 39 0 2
[Q ACK] sent=1

# HOST CMD 32 1 127 0 2
[Q COMMAND] CMD 32 1 127 0 2
[Q ACK] sent=1

# HOST CMD 33 1 -84 0 2
[Q COMMAND] CMD 33 1 -84 0 2
[Q ACK] sent=1

# HOST CMD 34 1 3 0 2
[Q COMMAND] CMD 34 1 3 0 2
[Q ACK] sent=1

# HOST CMD 35 1 40 0 2
[Q COMMAND] CMD 35 1 40 0 2
[Q ACK] sent=1

# HOST CMD 36 1 40 0 2
[Q COMMAND] CMD 36 1 40 0 2
[Q ACK] sent=1

# HOST CMD 37 1 96 0 2
[Q COMMAND] CMD 37 1 96 0 2
[Q ACK] sent=1

# HOST CMD 38 1 2 0 2
[Q COMMAND] CMD 38 1 2 0 2
[Q ACK] sent=1

# HOST CMD 2 1 3 0 3
[Q COMMAND] CMD 2 1 3 0 3
[Q ACK] sent=1

# HOST CMD 18 1 127 0 3
[Q COMMAND] CMD 18 1 127 0 3
[Q ACK] sent=1

# HOST CMD 19 1 100 0 3
[Q COMMAND] CMD 19 1 100 0 3
[Q ACK] sent=1

# HOST CMD 20 1 4 0 3
[Q COMMAND] CMD 20 1 4 0 3
[Q ACK] sent=1

# HOST CMD 31 1 40 0 3
[Q COMMAND] CMD 31 1 40 0 3
[Q ACK] sent=1

# HOST CMD 32 1 127 0 3
[Q COMMAND] CMD 32 1 127 0 3
[Q ACK] sent=1

# HOST CMD 33 1 -71 0 3
[Q COMMAND] CMD 33 1 -71 0 3
[Q ACK] sent=1

# HOST CMD 34 1 4 0 3
[Q COMMAND] CMD 34 1 4 0 3
[Q ACK] sent=1

# HOST CMD 35 1 120 0 3
[Q COMMAND] CMD 35 1 120 0 3
[Q ACK] sent=1

# HOST CMD 36 1 127 0 3
[Q COMMAND] CMD 36 1 127 0 3
[Q ACK] sent=1

# HOST CMD 37 1 96 0 3
[Q COMMAND] CMD 37 1 96 0 3
[Q ACK] sent=1

# HOST CMD 38 1 3 0 3
[Q COMMAND] CMD 38 1 3 0 3
[Q ACK] sent=1

# HOST CMD 2 1 4 0 4
[Q COMMAND] CMD 2 1 4 0 4
[Q ACK] sent=1

# HOST CMD 18 1 127 0 4
[Q COMMAND] CMD 18 1 127 0 4
[Q ACK] sent=1

# HOST CMD 19 1 100 0 4
[Q COMMAND] CMD 19 1 100 0 4
[Q ACK] sent=1

# HOST CMD 20 1 4 0 4
[Q COMMAND] CMD 20 1 4 0 4
[Q ACK] sent=1

# HOST CMD 31 1 41 0 4
[Q COMMAND] CMD 31 1 41 0 4
[Q ACK] sent=1

# HOST CMD 32 1 127 0 4
[Q COMMAND] CMD 32 1 127 0 4
[Q ACK] sent=1

# HOST CMD 33 1 -58 0 4
[Q COMMAND] CMD 33 1 -58 0 4
[Q ACK] sent=1

# HOST CMD 34 1 5 0 4
[Q COMMAND] CMD 34 1 5 0 4
[Q ACK] sent=1

# HOST CMD 35 1 20 0 4
[Q COMMAND] CMD 35 1 20 0 4
[Q ACK] sent=1

# HOST CMD 36 1 10 0 4
[Q COMMAND] CMD 36 1 10 0 4
[Q ACK] sent=1

# HOST CMD 37 1 96 0 4
[Q COMMAND] CMD 37 1 96 0 4
[Q ACK] sent=1

# HOST CMD 38 1 4 0 4
[Q COMMAND] CMD 38 1 4 0 4
[Q ACK] sent=1

# HOST CMD 2 1 5 0 5
[Q COMMAND] CMD 2 1 5 0 5
[Q ACK] sent=1

# HOST CMD 18 1 127 0 5
[Q COMMAND] CMD 18 1 127 0 5
[Q ACK] sent=1

# HOST CMD 19 1 100 0 5
[Q COMMAND] CMD 19 1 100 0 5
[Q ACK] sent=1

# HOST CMD 20 1 4 0 5
[Q COMMAND] CMD 20 1 4 0 5
[Q ACK] sent=1

# HOST CMD 31 1 42 0 5
[Q COMMAND] CMD 31 1 42 0 5
[Q ACK] sent=1

# HOST CMD 32 1 127 0 5
[Q COMMAND] CMD 32 1 127 0 5
[Q ACK] sent=1

# HOST CMD 33 1 -45 0 5
[Q COMMAND] CMD 33 1 -45 0 5
[Q ACK] sent=1

# HOST CMD 34 1 6 0 5
[Q COMMAND] CMD 34 1 6 0 5
[Q ACK] sent=1

# HOST CMD 35 1 100 0 5
[Q COMMAND] CMD 35 1 100 0 5
[Q ACK] sent=1

# HOST CMD 36 1 100 0 5
[Q COMMAND] CMD 36 1 100 0 5
[Q ACK] sent=1

# HOST CMD 37 1 96 0 5
[Q COMMAND] CMD 37 1 96 0 5
[Q ACK] sent=1

# HOST CMD 38 1 5 0 5
[Q COMMAND] CMD 38 1 5 0 5
[Q ACK] sent=1

# HOST CMD 2 1 6 0 6
[Q COMMAND] CMD 2 1 6 0 6
[Q ACK] sent=1

# HOST CMD 18 1 127 0 6
[Q COMMAND] CMD 18 1 127 0 6
[Q ACK] sent=1

# HOST CMD 19 1 100 0 6
[Q COMMAND] CMD 19 1 100 0 6
[Q ACK] sent=1

# HOST CMD 20 1 4 0 6
[Q COMMAND] CMD 20 1 4 0 6
[Q ACK] sent=1

# HOST CMD 31 1 43 0 6
[Q COMMAND] CMD 31 1 43 0 6
[Q ACK] sent=1

# HOST CMD 32 1 127 0 6
[Q COMMAND] CMD 32 1 127 0 6
[Q ACK] sent=1

# HOST CMD 33 1 -32 0 6
[Q COMMAND] CMD 33 1 -32 0 6
[Q ACK] sent=1

# HOST CMD 34 1 7 0 6
[Q COMMAND] CMD 34 1 7 0 6
[Q ACK] sent=1

# HOST CMD 35 1 40 0 6
[Q COMMAND] CMD 35 1 40 0 6
[Q ACK] sent=1

# HOST CMD 36 1 40 0 6
[Q COMMAND] CMD 36 1 40 0 6
[Q ACK] sent=1

# HOST CMD 37 1 96 0 6
[Q COMMAND] CMD 37 1 96 0 6
[Q ACK] sent=1

# HOST CMD 38 1 6 0 6
[Q COMMAND] CMD 38 1 6 0 6
[Q ACK] sent=1

# HOST CMD 2 1 7 0 7
[Q COMMAND] CMD 2 1 7 0 7
[Q ACK] sent=1

# HOST CMD 18 1 127 0 7
[Q COMMAND] CMD 18 1 127 0 7
[Q ACK] sent=1

# HOST CMD 19 1 100 0 7
[Q COMMAND] CMD 19 1 100 0 7
[Q ACK] sent=1

# HOST CMD 20 1 4 0 7
[Q COMMAND] CMD 20 1 4 0 7
[Q ACK] sent=1

# HOST CMD 31 1 44 0 7
[Q COMMAND] CMD 31 1 44 0 7
[Q ACK] sent=1

# HOST CMD 32 1 127 0 7
[Q COMMAND] CMD 32 1 127 0 7
[Q ACK] sent=1

# HOST CMD 33 1 -19 0 7
[Q COMMAND] CMD 33 1 -19 0 7
[Q ACK] sent=1

# HOST CMD 34 1 8 0 7
[Q COMMAND] CMD 34 1 8 0 7
[Q ACK] sent=1

# HOST CMD 35 1 120 0 7
[Q COMMAND] CMD 35 1 120 0 7
[Q ACK] sent=1

# HOST CMD 36 1 127 0 7
[Q COMMAND] CMD 36 1 127 0 7
[Q ACK] sent=1

# HOST CMD 37 1 96 0 7
[Q COMMAND] CMD 37 1 96 0 7
[Q ACK] sent=1

# HOST CMD 38 1 7 0 7
[Q COMMAND] CMD 38 1 7 0 7
[Q ACK] sent=1

# HOST CMD 2 1 8 0 8
[Q COMMAND] CMD 2 1 8 0 8
[Q ACK] sent=1

# HOST CMD 18 1 127 0 8
[Q COMMAND] CMD 18 1 127 0 8
[Q ACK] sent=1

# HOST CMD 19 1 100 0 8
[Q COMMAND] CMD 19 1 100 0 8
[Q ACK] sent=1

# HOST CMD 20 1 4 0 8
[Q COMMAND] CMD 20 1 4 0 8
[Q ACK] sent=1

# HOST CMD 31 1 45 0 8
[Q COMMAND] CMD 31 1 45 0 8
[Q ACK] sent=1

# HOST CMD 32 1 127 0 8
[Q COMMAND] CMD 32 1 127 0 8
[Q ACK] sent=1

# HOST CMD 33 1 -6 0 8
[Q COMMAND] CMD 33 1 -6 0 8
[Q ACK] sent=1

# HOST CMD 34 1 9 0 8
[Q COMMAND] CMD 34 1 9 0 8
[Q ACK] sent=1

# HOST CMD 35 1 20 0 8
[Q COMMAND] CMD 35 1 20 0 8
[Q ACK] sent=1

# HOST CMD 36 1 10 0 8
[Q COMMAND] CMD 36 1 10 0 8
[Q ACK] sent=1

# HOST CMD 37 1 96 0 8
[Q COMMAND] CMD 37 1 96 0 8
[Q ACK] sent=1

# HOST CMD 38 1 8 0 8
[Q COMMAND] CMD 38 1 8 0 8
[Q ACK] sent=1

# HOST CMD 2 1 9 0 9
[Q COMMAND] CMD 2 1 9 0 9
[Q ACK] sent=1

# HOST CMD 18 1 127 0 9
[Q COMMAND] CMD 18 1 127 0 9
[Q ACK] sent=1

# HOST CMD 19 1 100 0 9
[Q COMMAND] CMD 19 1 100 0 9
[Q ACK] sent=1

# HOST CMD 20 1 4 0 9
[Q COMMAND] CMD 20 1 4 0 9
[Q ACK] sent=1

# HOST CMD 31 1 46 0 9
[Q COMMAND] CMD 31 1 46 0 9
[Q ACK] sent=1

# HOST CMD 32 1 127 0 9
[Q COMMAND] CMD 32 1 127 0 9
[Q ACK] sent=1

# HOST CMD 33 1 7 0 9
[Q COMMAND] CMD 33 1 7 0 9
[Q ACK] sent=1

# HOST CMD 34 1 10 0 9
[Q COMMAND] CMD 34 1 10 0 9
[Q ACK] sent=1

# HOST CMD 35 1 100 0 9
[Q COMMAND] CMD 35 1 100 0 9
[Q ACK] sent=1

# HOST CMD 36 1 100 0 9
[Q COMMAND] CMD 36 1 100 0 9
[Q ACK] sent=1

# HOST CMD 37 1 96 0 9
[Q COMMAND] CMD 37 1 96 0 9
[Q ACK] sent=1

# HOST CMD 38 1 9 0 9
[Q COMMAND] CMD 38 1 9 0 9
[Q ACK] sent=1

# HOST CMD 2 1 10 0 10
[Q COMMAND] CMD 2 1 10 0 10
[Q ACK] sent=1

# HOST CMD 18 1 127 0 10
[Q COMMAND] CMD 18 1 127 0 10
[Q ACK] sent=1

# HOST CMD 19 1 100 0 10
[Q COMMAND] CMD 19 1 100 0 10
[Q ACK] sent=1

# HOST CMD 20 1 4 0 10
[Q COMMAND] CMD 20 1 4 0 10
[Q ACK] sent=1

# HOST CMD 31 1 47 0 10
[Q COMMAND] CMD 31 1 47 0 10
[Q ACK] sent=1

# HOST CMD 32 1 127 0 10
[Q COMMAND] CMD 32 1 127 0 10
[Q ACK] sent=1

# HOST CMD 33 1 20 0 10
[Q COMMAND] CMD 33 1 20 0 10
[Q ACK] sent=1

# HOST CMD 34 1 11 0 10
[Q COMMAND] CMD 34 1 11 0 10
[Q ACK] sent=1

# HOST CMD 35 1 40 0 10
[Q COMMAND] CMD 35 1 40 0 10
[Q ACK] sent=1

# HOST CMD 36 1 40 0 10
[Q COMMAND] CMD 36 1 40 0 10
[Q ACK] sent=1

# HOST CMD 37 1 96 0 10
[Q COMMAND] CMD 37 1 96 0 10
[Q ACK] sent=1

# HOST CMD 38 1 10 0 10
[Q COMMAND] CMD 38 1 10 0 10
[Q ACK] sent=1

# HOST CMD 2 1 11 0 11
[Q COMMAND] CMD 2 1 11 0 11
[Q ACK] sent=1

# HOST CMD 18 1 127 0 11
[Q COMMAND] CMD 18 1 127 0 11
[Q ACK] sent=1

# HOST CMD 19 1 100 0 11
[Q COMMAND] CMD 19 1 100 0 11
[Q ACK] sent=1

# HOST CMD 20 1 4 0 11
[Q COMMAND] CMD 20 1 4 0 11
[Q ACK] sent=1

# HOST CMD 31 1 48 0 11
[Q COMMAND] CMD 31 1 48 0 11
[Q ACK] sent=1

# HOST CMD 32 1 127 0 11
[Q COMMAND] CMD 32 1 127 0 11
[Q ACK] sent=1

# HOST CMD 33 1 33 0 11
[Q COMMAND] CMD 33 1 33 0 11
[Q ACK] sent=1

# HOST CMD 34 1 12 0 11
[Q COMMAND] CMD 34 1 12 0 11
[Q ACK] sent=1

# HOST CMD 35 1 120 0 11
[Q COMMAND] CMD 35 1 120 0 11
[Q ACK] sent=1

# HOST CMD 36 1 127 0 11
[Q COMMAND] CMD 36 1 127 0 11
[Q ACK] sent=1

# HOST CMD 37 1 96 0 11
[Q COMMAND] CMD 37 1 96 0 11
[Q ACK] sent=1

# HOST CMD 38 1 11 0 11
[Q COMMAND] CMD 38 1 11 0 11
[Q ACK] sent=1

# HOST CMD 2 1 12 0 12
[Q COMMAND] CMD 2 1 12 0 12
[Q ACK] sent=1

# HOST CMD 18 1 127 0 12
[Q COMMAND] CMD 18 1 127 0 12
[Q ACK] sent=1

# HOST CMD 19 1 100 0 12
[Q COMMAND] CMD 19 1 100 0 12
[Q ACK] sent=1

# HOST CMD 20 1 4 0 12
[Q COMMAND] CMD 20 1 4 0 12
[Q ACK] sent=1

# HOST CMD 31 1 49 0 12
[Q COMMAND] CMD 31 1 49 0 12
[Q ACK] sent=1

# HOST CMD 32 1 127 0 12
[Q COMMAND] CMD 32 1 127 0 12
[Q ACK] sent=1

# HOST CMD 33 1 46 0 12
[Q COMMAND] CMD 33 1 46 0 12
[Q ACK] sent=1

# HOST CMD 34 1 13 0 12
[Q COMMAND] CMD 34 1 13 0 12
[Q ACK] sent=1

# HOST CMD 35 1 20 0 12
[Q COMMAND] CMD 35 1 20 0 12
[Q ACK] sent=1

# HOST CMD 36 1 10 0 12
[Q COMMAND] CMD 36 1 10 0 12
[Q ACK] sent=1

# HOST CMD 37 1 96 0 12
[Q COMMAND] CMD 37 1 96 0 12
[Q ACK] sent=1

# HOST CMD 38 1 12 0 12
[Q COMMAND] CMD 38 1 12 0 12
[Q ACK] sent=1

# HOST CMD 2 1 13 0 13
[Q COMMAND] CMD 2 1 13 0 13
[Q ACK] sent=1

# HOST CMD 18 1 127 0 13
[Q COMMAND] CMD 18 1 127 0 13
[Q ACK] sent=1

# HOST CMD 19 1 100 0 13
[Q COMMAND] CMD 19 1 100 0 13
[Q ACK] sent=1

# HOST CMD 20 1 4 0 13
[Q COMMAND] CMD 20 1 4 0 13
[Q ACK] sent=1

# HOST CMD 31 1 50 0 13
[Q COMMAND] CMD 31 1 50 0 13
[Q ACK] sent=1

# HOST CMD 32 1 127 0 13
[Q COMMAND] CMD 32 1 127 0 13
[Q ACK] sent=1

# HOST CMD 33 1 59 0 13
[Q COMMAND] CMD 33 1 59 0 13
[Q ACK] sent=1

# HOST CMD 34 1 14 0 13
[Q COMMAND] CMD 34 1 14 0 13
[Q ACK] sent=1

# HOST CMD 35 1 100 0 13
[Q COMMAND] CMD 35 1 100 0 13
[Q ACK] sent=1

# HOST CMD 36 1 100 0 13
[Q COMMAND] CMD 36 1 100 0 13
[Q ACK] sent=1

# HOST CMD 37 1 96 0 13
[Q COMMAND] CMD 37 1 96 0 13
[Q ACK] sent=1

# HOST CMD 38 1 13 0 13
[Q COMMAND] CMD 38 1 13 0 13
[Q ACK] sent=1

# HOST CMD 2 1 14 0 14
[Q COMMAND] CMD 2 1 14 0 14
[Q ACK] sent=1

# HOST CMD 18 1 127 0 14
[Q COMMAND] CMD 18 1 127 0 14
[Q ACK] sent=1

# HOST CMD 19 1 100 0 14
[Q COMMAND] CMD 19 1 100 0 14
[Q ACK] sent=1

# HOST CMD 20 1 4 0 14
[Q COMMAND] CMD 20 1 4 0 14
[Q ACK] sent=1

# HOST CMD 31 1 51 0 14
[Q COMMAND] CMD 31 1 51 0 14
[Q ACK] sent=1

# HOST CMD 32 1 127 0 14
[Q COMMAND] CMD 32 1 127 0 14
[Q ACK] sent=1

# HOST CMD 33 1 72 0 14
[Q COMMAND] CMD 33 1 72 0 14
[Q ACK] sent=1

# HOST CMD 34 1 15 0 14
[Q COMMAND] CMD 34 1 15 0 14
[Q ACK] sent=1

# HOST CMD 35 1 40 0 14
[Q COMMAND] CMD 35 1 40 0 14
[Q ACK] sent=1

# HOST CMD 36 1 40 0 14
[Q COMMAND] CMD 36 1 40 0 14
[Q ACK] sent=1

# HOST CMD 37 1 96 0 14
[Q COMMAND] CMD 37 1 96 0 14
[Q ACK] sent=1

# HOST CMD 38 1 14 0 14
[Q COMMAND] CMD 38 1 14 0 14
[Q ACK] sent=1

# HOST CMD 2 1 15 0 15
[Q COMMAND] CMD 2 1 15 0 15
[Q ACK] sent=1

# HOST CMD 18 1 127 0 15
[Q COMMAND] CMD 18 1 127 0 15
[Q ACK] sent=1

# HOST CMD 19 1 100 0 15
[Q COMMAND] CMD 19 1 100 0 15
[Q ACK] sent=1

# HOST CMD 20 1 4 0 15
[Q COMMAND] CMD 20 1 4 0 15
[Q ACK] sent=1

# HOST CMD 31 1 52 0 15
[Q COMMAND] CMD 31 1 52 0 15
[Q ACK] sent=1

# HOST CMD 32 1 127 0 15
[Q COMMAND] CMD 32 1 127 0 15
[Q ACK] sent=1

# HOST CMD 33 1 85 0 15
[Q COMMAND] CMD 33 1 85 0 15
[Q ACK] sent=1

# HOST CMD 34 1 0 0 15
[Q COMMAND] CMD 34 1 0 0 15
[Q ACK] sent=1

# HOST CMD 35 1 120 0 15
[Q COMMAND] CMD 35 1 120 0 15
[Q ACK] sent=1

# HOST CMD 36 1 127 0 15
[Q COMMAND] CMD 36 1 127 0 15
[Q ACK] sent=1

# HOST CMD 37 1 96 0 15
[Q COMMAND] CMD 37 1 96 0 15
[Q ACK] sent=1

# HOST CMD 38 1 15 0 15
[Q COMMAND] CMD 38 1 15 0 15
[Q ACK] sent=1

# HOST LOAD 2 3
[Q COMMAND] LOAD 2 3
[Q ACK] load=1
[M6 read] bytes=352800 read_us=680397 bytes_per_second=518520 original_channels=1 rate=44100 total_psram=33554432
[M6 load] track=2 file_bytes=352844 pcm_bytes=352800 load_publish_us=1107843 payload=1058400 transient=352800 peak_payload=1058400 ps_free=29671968 largest=29360116 internal=216644 display=2304000 fx_delay=352800 reserve=4194304
[M6.1 replacement] retired_clear=1 ps_delta=360452 status=READY

# HOST CMD 10 2 0 0 0
[Q COMMAND] CMD 10 2 0 0 0
[Q ACK] sent=1

# HOST CMD 12 2 0 0 0
[Q COMMAND] CMD 12 2 0 0 0
[Q ACK] sent=1

# HOST CMD 47 2 0 0 0
[Q COMMAND] CMD 47 2 0 0 0
[Q ACK] sent=1

# HOST CMD 46 2 0 0 0
[Q COMMAND] CMD 46 2 0 0 0
[Q ACK] sent=1

# HOST CMD 48 2 0 0 0
[Q COMMAND] CMD 48 2 0 0 0
[Q ACK] sent=1

# HOST CMD 55 2 16 0 0
[Q COMMAND] CMD 55 2 16 0 0
[Q ACK] sent=1

# HOST CMD 41 2 38 0 0
[Q COMMAND] CMD 41 2 38 0 0
[Q ACK] sent=1

# HOST CMD 42 2 96 0 0
[Q COMMAND] CMD 42 2 96 0 0
[Q ACK] sent=1

# HOST CMD 43 2 127 0 0
[Q COMMAND] CMD 43 2 127 0 0
[Q ACK] sent=1

# HOST CMD 2 2 0 0 0
[Q COMMAND] CMD 2 2 0 0 0
[Q ACK] sent=1

# HOST CMD 18 2 127 0 0
[Q COMMAND] CMD 18 2 127 0 0
[Q ACK] sent=1

# HOST CMD 19 2 100 0 0
[Q COMMAND] CMD 19 2 100 0 0
[Q ACK] sent=1

# HOST CMD 20 2 4 0 0
[Q COMMAND] CMD 20 2 4 0 0
[Q ACK] sent=1

# HOST CMD 31 2 38 0 0
[Q COMMAND] CMD 31 2 38 0 0
[Q ACK] sent=1

# HOST CMD 32 2 127 0 0
[Q COMMAND] CMD 32 2 127 0 0
[Q ACK] sent=1

# HOST CMD 33 2 -93 0 0
[Q COMMAND] CMD 33 2 -93 0 0
[Q ACK] sent=1

# HOST CMD 34 2 2 0 0
[Q COMMAND] CMD 34 2 2 0 0
[Q ACK] sent=1

# HOST CMD 35 2 20 0 0
[Q COMMAND] CMD 35 2 20 0 0
[Q ACK] sent=1

# HOST CMD 36 2 10 0 0
[Q COMMAND] CMD 36 2 10 0 0
[Q ACK] sent=1

# HOST CMD 37 2 96 0 0
[Q COMMAND] CMD 37 2 96 0 0
[Q ACK] sent=1

# HOST CMD 38 2 0 0 0
[Q COMMAND] CMD 38 2 0 0 0
[Q ACK] sent=1

# HOST CMD 2 2 1 0 1
[Q COMMAND] CMD 2 2 1 0 1
[Q ACK] sent=1

# HOST CMD 18 2 127 0 1
[Q COMMAND] CMD 18 2 127 0 1
[Q ACK] sent=1

# HOST CMD 19 2 100 0 1
[Q COMMAND] CMD 19 2 100 0 1
[Q ACK] sent=1

# HOST CMD 20 2 4 0 1
[Q COMMAND] CMD 20 2 4 0 1
[Q ACK] sent=1

# HOST CMD 31 2 39 0 1
[Q COMMAND] CMD 31 2 39 0 1
[Q ACK] sent=1

# HOST CMD 32 2 127 0 1
[Q COMMAND] CMD 32 2 127 0 1
[Q ACK] sent=1

# HOST CMD 33 2 -80 0 1
[Q COMMAND] CMD 33 2 -80 0 1
[Q ACK] sent=1

# HOST CMD 34 2 3 0 1
[Q COMMAND] CMD 34 2 3 0 1
[Q ACK] sent=1

# HOST CMD 35 2 100 0 1
[Q COMMAND] CMD 35 2 100 0 1
[Q ACK] sent=1

# HOST CMD 36 2 100 0 1
[Q COMMAND] CMD 36 2 100 0 1
[Q ACK] sent=1

# HOST CMD 37 2 96 0 1
[Q COMMAND] CMD 37 2 96 0 1
[Q ACK] sent=1

# HOST CMD 38 2 1 0 1
[Q COMMAND] CMD 38 2 1 0 1
[Q ACK] sent=1

# HOST CMD 2 2 2 0 2
[Q COMMAND] CMD 2 2 2 0 2
[Q ACK] sent=1

# HOST CMD 18 2 127 0 2
[Q COMMAND] CMD 18 2 127 0 2
[Q ACK] sent=1

# HOST CMD 19 2 100 0 2
[Q COMMAND] CMD 19 2 100 0 2
[Q ACK] sent=1

# HOST CMD 20 2 4 0 2
[Q COMMAND] CMD 20 2 4 0 2
[Q ACK] sent=1

# HOST CMD 31 2 40 0 2
[Q COMMAND] CMD 31 2 40 0 2
[Q ACK] sent=1

# HOST CMD 32 2 127 0 2
[Q COMMAND] CMD 32 2 127 0 2
[Q ACK] sent=1

# HOST CMD 33 2 -67 0 2
[Q COMMAND] CMD 33 2 -67 0 2
[Q ACK] sent=1

# HOST CMD 34 2 4 0 2
[Q COMMAND] CMD 34 2 4 0 2
[Q ACK] sent=1

# HOST CMD 35 2 40 0 2
[Q COMMAND] CMD 35 2 40 0 2
[Q ACK] sent=1

# HOST CMD 36 2 40 0 2
[Q COMMAND] CMD 36 2 40 0 2
[Q ACK] sent=1

# HOST CMD 37 2 96 0 2
[Q COMMAND] CMD 37 2 96 0 2
[Q ACK] sent=1

# HOST CMD 38 2 2 0 2
[Q COMMAND] CMD 38 2 2 0 2
[Q ACK] sent=1

# HOST CMD 2 2 3 0 3
[Q COMMAND] CMD 2 2 3 0 3
[Q ACK] sent=1

# HOST CMD 18 2 127 0 3
[Q COMMAND] CMD 18 2 127 0 3
[Q ACK] sent=1

# HOST CMD 19 2 100 0 3
[Q COMMAND] CMD 19 2 100 0 3
[Q ACK] sent=1

# HOST CMD 20 2 4 0 3
[Q COMMAND] CMD 20 2 4 0 3
[Q ACK] sent=1

# HOST CMD 31 2 41 0 3
[Q COMMAND] CMD 31 2 41 0 3
[Q ACK] sent=1

# HOST CMD 32 2 127 0 3
[Q COMMAND] CMD 32 2 127 0 3
[Q ACK] sent=1

# HOST CMD 33 2 -54 0 3
[Q COMMAND] CMD 33 2 -54 0 3
[Q ACK] sent=1

# HOST CMD 34 2 5 0 3
[Q COMMAND] CMD 34 2 5 0 3
[Q ACK] sent=1

# HOST CMD 35 2 120 0 3
[Q COMMAND] CMD 35 2 120 0 3
[Q ACK] sent=1

# HOST CMD 36 2 127 0 3
[Q COMMAND] CMD 36 2 127 0 3
[Q ACK] sent=1

# HOST CMD 37 2 96 0 3
[Q COMMAND] CMD 37 2 96 0 3
[Q ACK] sent=1

# HOST CMD 38 2 3 0 3
[Q COMMAND] CMD 38 2 3 0 3
[Q ACK] sent=1

# HOST CMD 2 2 4 0 4
[Q COMMAND] CMD 2 2 4 0 4
[Q ACK] sent=1

# HOST CMD 18 2 127 0 4
[Q COMMAND] CMD 18 2 127 0 4
[Q ACK] sent=1

# HOST CMD 19 2 100 0 4
[Q COMMAND] CMD 19 2 100 0 4
[Q ACK] sent=1

# HOST CMD 20 2 4 0 4
[Q COMMAND] CMD 20 2 4 0 4
[Q ACK] sent=1

# HOST CMD 31 2 42 0 4
[Q COMMAND] CMD 31 2 42 0 4
[Q ACK] sent=1

# HOST CMD 32 2 127 0 4
[Q COMMAND] CMD 32 2 127 0 4
[Q ACK] sent=1

# HOST CMD 33 2 -41 0 4
[Q COMMAND] CMD 33 2 -41 0 4
[Q ACK] sent=1

# HOST CMD 34 2 6 0 4
[Q COMMAND] CMD 34 2 6 0 4
[Q ACK] sent=1

# HOST CMD 35 2 20 0 4
[Q COMMAND] CMD 35 2 20 0 4
[Q ACK] sent=1

# HOST CMD 36 2 10 0 4
[Q COMMAND] CMD 36 2 10 0 4
[Q ACK] sent=1

# HOST CMD 37 2 96 0 4
[Q COMMAND] CMD 37 2 96 0 4
[Q ACK] sent=1

# HOST CMD 38 2 4 0 4
[Q COMMAND] CMD 38 2 4 0 4
[Q ACK] sent=1

# HOST CMD 2 2 5 0 5
[Q COMMAND] CMD 2 2 5 0 5
[Q ACK] sent=1

# HOST CMD 18 2 127 0 5
[Q COMMAND] CMD 18 2 127 0 5
[Q ACK] sent=1

# HOST CMD 19 2 100 0 5
[Q COMMAND] CMD 19 2 100 0 5
[Q ACK] sent=1

# HOST CMD 20 2 4 0 5
[Q COMMAND] CMD 20 2 4 0 5
[Q ACK] sent=1

# HOST CMD 31 2 43 0 5
[Q COMMAND] CMD 31 2 43 0 5
[Q ACK] sent=1

# HOST CMD 32 2 127 0 5
[Q COMMAND] CMD 32 2 127 0 5
[Q ACK] sent=1

# HOST CMD 33 2 -28 0 5
[Q COMMAND] CMD 33 2 -28 0 5
[Q ACK] sent=1

# HOST CMD 34 2 7 0 5
[Q COMMAND] CMD 34 2 7 0 5
[Q ACK] sent=1

# HOST CMD 35 2 100 0 5
[Q COMMAND] CMD 35 2 100 0 5
[Q ACK] sent=1

# HOST CMD 36 2 100 0 5
[Q COMMAND] CMD 36 2 100 0 5
[Q ACK] sent=1

# HOST CMD 37 2 96 0 5
[Q COMMAND] CMD 37 2 96 0 5
[Q ACK] sent=1

# HOST CMD 38 2 5 0 5
[Q COMMAND] CMD 38 2 5 0 5
[Q ACK] sent=1

# HOST CMD 2 2 6 0 6
[Q COMMAND] CMD 2 2 6 0 6
[Q ACK] sent=1

# HOST CMD 18 2 127 0 6
[Q COMMAND] CMD 18 2 127 0 6
[Q ACK] sent=1

# HOST CMD 19 2 100 0 6
[Q COMMAND] CMD 19 2 100 0 6
[Q ACK] sent=1

# HOST CMD 20 2 4 0 6
[Q COMMAND] CMD 20 2 4 0 6
[Q ACK] sent=1

# HOST CMD 31 2 44 0 6
[Q COMMAND] CMD 31 2 44 0 6
[Q ACK] sent=1

# HOST CMD 32 2 127 0 6
[Q COMMAND] CMD 32 2 127 0 6
[Q ACK] sent=1

# HOST CMD 33 2 -15 0 6
[Q COMMAND] CMD 33 2 -15 0 6
[Q ACK] sent=1

# HOST CMD 34 2 8 0 6
[Q COMMAND] CMD 34 2 8 0 6
[Q ACK] sent=1

# HOST CMD 35 2 40 0 6
[Q COMMAND] CMD 35 2 40 0 6
[Q ACK] sent=1

# HOST CMD 36 2 40 0 6
[Q COMMAND] CMD 36 2 40 0 6
[Q ACK] sent=1

# HOST CMD 37 2 96 0 6
[Q COMMAND] CMD 37 2 96 0 6
[Q ACK] sent=1

# HOST CMD 38 2 6 0 6
[Q COMMAND] CMD 38 2 6 0 6
[Q ACK] sent=1

# HOST CMD 2 2 7 0 7
[Q COMMAND] CMD 2 2 7 0 7
[Q ACK] sent=1

# HOST CMD 18 2 127 0 7
[Q COMMAND] CMD 18 2 127 0 7
[Q ACK] sent=1

# HOST CMD 19 2 100 0 7
[Q COMMAND] CMD 19 2 100 0 7
[Q ACK] sent=1

# HOST CMD 20 2 4 0 7
[Q COMMAND] CMD 20 2 4 0 7
[Q ACK] sent=1

# HOST CMD 31 2 45 0 7
[Q COMMAND] CMD 31 2 45 0 7
[Q ACK] sent=1

# HOST CMD 32 2 127 0 7
[Q COMMAND] CMD 32 2 127 0 7
[Q ACK] sent=1

# HOST CMD 33 2 -2 0 7
[Q COMMAND] CMD 33 2 -2 0 7
[Q ACK] sent=1

# HOST CMD 34 2 9 0 7
[Q COMMAND] CMD 34 2 9 0 7
[Q ACK] sent=1

# HOST CMD 35 2 120 0 7
[Q COMMAND] CMD 35 2 120 0 7
[Q ACK] sent=1

# HOST CMD 36 2 127 0 7
[Q COMMAND] CMD 36 2 127 0 7
[Q ACK] sent=1

# HOST CMD 37 2 96 0 7
[Q COMMAND] CMD 37 2 96 0 7
[Q ACK] sent=1

# HOST CMD 38 2 7 0 7
[Q COMMAND] CMD 38 2 7 0 7
[Q ACK] sent=1

# HOST CMD 2 2 8 0 8
[Q COMMAND] CMD 2 2 8 0 8
[Q ACK] sent=1

# HOST CMD 18 2 127 0 8
[Q COMMAND] CMD 18 2 127 0 8
[Q ACK] sent=1

# HOST CMD 19 2 100 0 8
[Q COMMAND] CMD 19 2 100 0 8
[Q ACK] sent=1

# HOST CMD 20 2 4 0 8
[Q COMMAND] CMD 20 2 4 0 8
[Q ACK] sent=1

# HOST CMD 31 2 46 0 8
[Q COMMAND] CMD 31 2 46 0 8
[Q ACK] sent=1

# HOST CMD 32 2 127 0 8
[Q COMMAND] CMD 32 2 127 0 8
[Q ACK] sent=1

# HOST CMD 33 2 11 0 8
[Q COMMAND] CMD 33 2 11 0 8
[Q ACK] sent=1

# HOST CMD 34 2 10 0 8
[Q COMMAND] CMD 34 2 10 0 8
[Q ACK] sent=1

# HOST CMD 35 2 20 0 8
[Q COMMAND] CMD 35 2 20 0 8
[Q ACK] sent=1

# HOST CMD 36 2 10 0 8
[Q COMMAND] CMD 36 2 10 0 8
[Q ACK] sent=1

# HOST CMD 37 2 96 0 8
[Q COMMAND] CMD 37 2 96 0 8
[Q ACK] sent=1

# HOST CMD 38 2 8 0 8
[Q COMMAND] CMD 38 2 8 0 8
[Q ACK] sent=1

# HOST CMD 2 2 9 0 9
[Q COMMAND] CMD 2 2 9 0 9
[Q ACK] sent=1

# HOST CMD 18 2 127 0 9
[Q COMMAND] CMD 18 2 127 0 9
[Q ACK] sent=1

# HOST CMD 19 2 100 0 9
[Q COMMAND] CMD 19 2 100 0 9
[Q ACK] sent=1

# HOST CMD 20 2 4 0 9
[Q COMMAND] CMD 20 2 4 0 9
[Q ACK] sent=1

# HOST CMD 31 2 47 0 9
[Q COMMAND] CMD 31 2 47 0 9
[Q ACK] sent=1

# HOST CMD 32 2 127 0 9
[Q COMMAND] CMD 32 2 127 0 9
[Q ACK] sent=1

# HOST CMD 33 2 24 0 9
[Q COMMAND] CMD 33 2 24 0 9
[Q ACK] sent=1

# HOST CMD 34 2 11 0 9
[Q COMMAND] CMD 34 2 11 0 9
[Q ACK] sent=1

# HOST CMD 35 2 100 0 9
[Q COMMAND] CMD 35 2 100 0 9
[Q ACK] sent=1

# HOST CMD 36 2 100 0 9
[Q COMMAND] CMD 36 2 100 0 9
[Q ACK] sent=1

# HOST CMD 37 2 96 0 9
[Q COMMAND] CMD 37 2 96 0 9
[Q ACK] sent=1

# HOST CMD 38 2 9 0 9
[Q COMMAND] CMD 38 2 9 0 9
[Q ACK] sent=1

# HOST CMD 2 2 10 0 10
[Q COMMAND] CMD 2 2 10 0 10
[Q ACK] sent=1

# HOST CMD 18 2 127 0 10
[Q COMMAND] CMD 18 2 127 0 10
[Q ACK] sent=1

# HOST CMD 19 2 100 0 10
[Q COMMAND] CMD 19 2 100 0 10
[Q ACK] sent=1

# HOST CMD 20 2 4 0 10
[Q COMMAND] CMD 20 2 4 0 10
[Q ACK] sent=1

# HOST CMD 31 2 48 0 10
[Q COMMAND] CMD 31 2 48 0 10
[Q ACK] sent=1

# HOST CMD 32 2 127 0 10
[Q COMMAND] CMD 32 2 127 0 10
[Q ACK] sent=1

# HOST CMD 33 2 37 0 10
[Q COMMAND] CMD 33 2 37 0 10
[Q ACK] sent=1

# HOST CMD 34 2 12 0 10
[Q COMMAND] CMD 34 2 12 0 10
[Q ACK] sent=1

# HOST CMD 35 2 40 0 10
[Q COMMAND] CMD 35 2 40 0 10
[Q ACK] sent=1

# HOST CMD 36 2 40 0 10
[Q COMMAND] CMD 36 2 40 0 10
[Q ACK] sent=1

# HOST CMD 37 2 96 0 10
[Q COMMAND] CMD 37 2 96 0 10
[Q ACK] sent=1

# HOST CMD 38 2 10 0 10
[Q COMMAND] CMD 38 2 10 0 10
[Q ACK] sent=1

# HOST CMD 2 2 11 0 11
[Q COMMAND] CMD 2 2 11 0 11
[Q ACK] sent=1

# HOST CMD 18 2 127 0 11
[Q COMMAND] CMD 18 2 127 0 11
[Q ACK] sent=1

# HOST CMD 19 2 100 0 11
[Q COMMAND] CMD 19 2 100 0 11
[Q ACK] sent=1

# HOST CMD 20 2 4 0 11
[Q COMMAND] CMD 20 2 4 0 11
[Q ACK] sent=1

# HOST CMD 31 2 49 0 11
[Q COMMAND] CMD 31 2 49 0 11
[Q ACK] sent=1

# HOST CMD 32 2 127 0 11
[Q COMMAND] CMD 32 2 127 0 11
[Q ACK] sent=1

# HOST CMD 33 2 50 0 11
[Q COMMAND] CMD 33 2 50 0 11
[Q ACK] sent=1

# HOST CMD 34 2 13 0 11
[Q COMMAND] CMD 34 2 13 0 11
[Q ACK] sent=1

# HOST CMD 35 2 120 0 11
[Q COMMAND] CMD 35 2 120 0 11
[Q ACK] sent=1

# HOST CMD 36 2 127 0 11
[Q COMMAND] CMD 36 2 127 0 11
[Q ACK] sent=1

# HOST CMD 37 2 96 0 11
[Q COMMAND] CMD 37 2 96 0 11
[Q ACK] sent=1

# HOST CMD 38 2 11 0 11
[Q COMMAND] CMD 38 2 11 0 11
[Q ACK] sent=1

# HOST CMD 2 2 12 0 12
[Q COMMAND] CMD 2 2 12 0 12
[Q ACK] sent=1

# HOST CMD 18 2 127 0 12
[Q COMMAND] CMD 18 2 127 0 12
[Q ACK] sent=1

# HOST CMD 19 2 100 0 12
[Q COMMAND] CMD 19 2 100 0 12
[Q ACK] sent=1

# HOST CMD 20 2 4 0 12
[Q COMMAND] CMD 20 2 4 0 12
[Q ACK] sent=1

# HOST CMD 31 2 50 0 12
[Q COMMAND] CMD 31 2 50 0 12
[Q ACK] sent=1

# HOST CMD 32 2 127 0 12
[Q COMMAND] CMD 32 2 127 0 12
[Q ACK] sent=1

# HOST CMD 33 2 63 0 12
[Q COMMAND] CMD 33 2 63 0 12
[Q ACK] sent=1

# HOST CMD 34 2 14 0 12
[Q COMMAND] CMD 34 2 14 0 12
[Q ACK] sent=1

# HOST CMD 35 2 20 0 12
[Q COMMAND] CMD 35 2 20 0 12
[Q ACK] sent=1

# HOST CMD 36 2 10 0 12
[Q COMMAND] CMD 36 2 10 0 12
[Q ACK] sent=1

# HOST CMD 37 2 96 0 12
[Q COMMAND] CMD 37 2 96 0 12
[Q ACK] sent=1

# HOST CMD 38 2 12 0 12
[Q COMMAND] CMD 38 2 12 0 12
[Q ACK] sent=1

# HOST CMD 2 2 13 0 13
[Q COMMAND] CMD 2 2 13 0 13
[Q ACK] sent=1

# HOST CMD 18 2 127 0 13
[Q COMMAND] CMD 18 2 127 0 13
[Q ACK] sent=1

# HOST CMD 19 2 100 0 13
[Q COMMAND] CMD 19 2 100 0 13
[Q ACK] sent=1

# HOST CMD 20 2 4 0 13
[Q COMMAND] CMD 20 2 4 0 13
[Q ACK] sent=1

# HOST CMD 31 2 51 0 13
[Q COMMAND] CMD 31 2 51 0 13
[Q ACK] sent=1

# HOST CMD 32 2 127 0 13
[Q COMMAND] CMD 32 2 127 0 13
[Q ACK] sent=1

# HOST CMD 33 2 76 0 13
[Q COMMAND] CMD 33 2 76 0 13
[Q ACK] sent=1

# HOST CMD 34 2 15 0 13
[Q COMMAND] CMD 34 2 15 0 13
[Q ACK] sent=1

# HOST CMD 35 2 100 0 13
[Q COMMAND] CMD 35 2 100 0 13
[Q ACK] sent=1

# HOST CMD 36 2 100 0 13
[Q COMMAND] CMD 36 2 100 0 13
[Q ACK] sent=1

# HOST CMD 37 2 96 0 13
[Q COMMAND] CMD 37 2 96 0 13
[Q ACK] sent=1

# HOST CMD 38 2 13 0 13
[Q COMMAND] CMD 38 2 13 0 13
[Q ACK] sent=1

# HOST CMD 2 2 14 0 14
[Q COMMAND] CMD 2 2 14 0 14
[Q ACK] sent=1

# HOST CMD 18 2 127 0 14
[Q COMMAND] CMD 18 2 127 0 14
[Q ACK] sent=1

# HOST CMD 19 2 100 0 14
[Q COMMAND] CMD 19 2 100 0 14
[Q ACK] sent=1

# HOST CMD 20 2 4 0 14
[Q COMMAND] CMD 20 2 4 0 14
[Q ACK] sent=1

# HOST CMD 31 2 52 0 14
[Q COMMAND] CMD 31 2 52 0 14
[Q ACK] sent=1

# HOST CMD 32 2 127 0 14
[Q COMMAND] CMD 32 2 127 0 14
[Q ACK] sent=1

# HOST CMD 33 2 89 0 14
[Q COMMAND] CMD 33 2 89 0 14
[Q ACK] sent=1

# HOST CMD 34 2 0 0 14
[Q COMMAND] CMD 34 2 0 0 14
[Q ACK] sent=1

# HOST CMD 35 2 40 0 14
[Q COMMAND] CMD 35 2 40 0 14
[Q ACK] sent=1

# HOST CMD 36 2 40 0 14
[Q COMMAND] CMD 36 2 40 0 14
[Q ACK] sent=1

# HOST CMD 37 2 96 0 14
[Q COMMAND] CMD 37 2 96 0 14
[Q ACK] sent=1

# HOST CMD 38 2 14 0 14
[Q COMMAND] CMD 38 2 14 0 14
[Q ACK] sent=1

# HOST CMD 2 2 15 0 15
[Q COMMAND] CMD 2 2 15 0 15
[Q ACK] sent=1

# HOST CMD 18 2 127 0 15
[Q COMMAND] CMD 18 2 127 0 15
[Q ACK] sent=1

# HOST CMD 19 2 100 0 15
[Q COMMAND] CMD 19 2 100 0 15
[Q ACK] sent=1

# HOST CMD 20 2 4 0 15
[Q COMMAND] CMD 20 2 4 0 15
[Q ACK] sent=1

# HOST CMD 31 2 53 0 15
[Q COMMAND] CMD 31 2 53 0 15
[Q ACK] sent=1

# HOST CMD 32 2 127 0 15
[Q COMMAND] CMD 32 2 127 0 15
[Q ACK] sent=1

# HOST CMD 33 2 102 0 15
[Q COMMAND] CMD 33 2 102 0 15
[Q ACK] sent=1

# HOST CMD 34 2 1 0 15
[Q COMMAND] CMD 34 2 1 0 15
[Q ACK] sent=1

# HOST CMD 35 2 120 0 15
[Q COMMAND] CMD 35 2 120 0 15
[Q ACK] sent=1

# HOST CMD 36 2 127 0 15
[Q COMMAND] CMD 36 2 127 0 15
[Q ACK] sent=1

# HOST CMD 37 2 96 0 15
[Q COMMAND] CMD 37 2 96 0 15
[Q ACK] sent=1

# HOST CMD 38 2 15 0 15
[Q COMMAND] CMD 38 2 15 0 15
[Q ACK] sent=1

# HOST LOAD 3 3
[Q COMMAND] LOAD 3 3
[Q ACK] load=1
[M6 read] bytes=352800 read_us=692153 bytes_per_second=509713 original_channels=1 rate=44100 total_psram=33554432
[M6 load] track=3 file_bytes=352844 pcm_bytes=352800 load_publish_us=1124813 payload=1411200 transient=352800 peak_payload=1411200 ps_free=29311516 largest=28835828 internal=215040 display=2304000 fx_delay=352800 reserve=4194304
[M6.1 replacement] retired_clear=1 ps_delta=360452 status=READY

# HOST CMD 10 3 0 0 0
[Q COMMAND] CMD 10 3 0 0 0
[Q ACK] sent=1

# HOST CMD 12 3 0 0 0
[Q COMMAND] CMD 12 3 0 0 0
[Q ACK] sent=1

# HOST CMD 47 3 0 0 0
[Q COMMAND] CMD 47 3 0 0 0
[Q ACK] sent=1

# HOST CMD 46 3 0 0 0
[Q COMMAND] CMD 46 3 0 0 0
[Q ACK] sent=1

# HOST CMD 48 3 0 0 0
[Q COMMAND] CMD 48 3 0 0 0
[Q ACK] sent=1

# HOST CMD 55 3 16 0 0
[Q COMMAND] CMD 55 3 16 0 0
[Q ACK] sent=1

# HOST CMD 41 3 42 0 0
[Q COMMAND] CMD 41 3 42 0 0
[Q ACK] sent=1

# HOST CMD 42 3 96 0 0
[Q COMMAND] CMD 42 3 96 0 0
[Q ACK] sent=1

# HOST CMD 43 3 127 0 0
[Q COMMAND] CMD 43 3 127 0 0
[Q ACK] sent=1

# HOST CMD 2 3 0 0 0
[Q COMMAND] CMD 2 3 0 0 0
[Q ACK] sent=1

# HOST CMD 18 3 127 0 0
[Q COMMAND] CMD 18 3 127 0 0
[Q ACK] sent=1

# HOST CMD 19 3 100 0 0
[Q COMMAND] CMD 19 3 100 0 0
[Q ACK] sent=1

# HOST CMD 20 3 4 0 0
[Q COMMAND] CMD 20 3 4 0 0
[Q ACK] sent=1

# HOST CMD 31 3 39 0 0
[Q COMMAND] CMD 31 3 39 0 0
[Q ACK] sent=1

# HOST CMD 32 3 127 0 0
[Q COMMAND] CMD 32 3 127 0 0
[Q ACK] sent=1

# HOST CMD 33 3 -76 0 0
[Q COMMAND] CMD 33 3 -76 0 0
[Q ACK] sent=1

# HOST CMD 34 3 3 0 0
[Q COMMAND] CMD 34 3 3 0 0
[Q ACK] sent=1

# HOST CMD 35 3 20 0 0
[Q COMMAND] CMD 35 3 20 0 0
[Q ACK] sent=1

# HOST CMD 36 3 10 0 0
[Q COMMAND] CMD 36 3 10 0 0
[Q ACK] sent=1

# HOST CMD 37 3 96 0 0
[Q COMMAND] CMD 37 3 96 0 0
[Q ACK] sent=1

# HOST CMD 38 3 0 0 0
[Q COMMAND] CMD 38 3 0 0 0
[Q ACK] sent=1

# HOST CMD 2 3 1 0 1
[Q COMMAND] CMD 2 3 1 0 1
[Q ACK] sent=1

# HOST CMD 18 3 127 0 1
[Q COMMAND] CMD 18 3 127 0 1
[Q ACK] sent=1

# HOST CMD 19 3 100 0 1
[Q COMMAND] CMD 19 3 100 0 1
[Q ACK] sent=1

# HOST CMD 20 3 4 0 1
[Q COMMAND] CMD 20 3 4 0 1
[Q ACK] sent=1

# HOST CMD 31 3 40 0 1
[Q COMMAND] CMD 31 3 40 0 1
[Q ACK] sent=1

# HOST CMD 32 3 127 0 1
[Q COMMAND] CMD 32 3 127 0 1
[Q ACK] sent=1

# HOST CMD 33 3 -63 0 1
[Q COMMAND] CMD 33 3 -63 0 1
[Q ACK] sent=1

# HOST CMD 34 3 4 0 1
[Q COMMAND] CMD 34 3 4 0 1
[Q ACK] sent=1

# HOST CMD 35 3 100 0 1
[Q COMMAND] CMD 35 3 100 0 1
[Q ACK] sent=1

# HOST CMD 36 3 100 0 1
[Q COMMAND] CMD 36 3 100 0 1
[Q ACK] sent=1

# HOST CMD 37 3 96 0 1
[Q COMMAND] CMD 37 3 96 0 1
[Q ACK] sent=1

# HOST CMD 38 3 1 0 1
[Q COMMAND] CMD 38 3 1 0 1
[Q ACK] sent=1

# HOST CMD 2 3 2 0 2
[Q COMMAND] CMD 2 3 2 0 2
[Q ACK] sent=1

# HOST CMD 18 3 127 0 2
[Q COMMAND] CMD 18 3 127 0 2
[Q ACK] sent=1

# HOST CMD 19 3 100 0 2
[Q COMMAND] CMD 19 3 100 0 2
[Q ACK] sent=1

# HOST CMD 20 3 4 0 2
[Q COMMAND] CMD 20 3 4 0 2
[Q ACK] sent=1

# HOST CMD 31 3 41 0 2
[Q COMMAND] CMD 31 3 41 0 2
[Q ACK] sent=1

# HOST CMD 32 3 127 0 2
[Q COMMAND] CMD 32 3 127 0 2
[Q ACK] sent=1

# HOST CMD 33 3 -50 0 2
[Q COMMAND] CMD 33 3 -50 0 2
[Q ACK] sent=1

# HOST CMD 34 3 5 0 2
[Q COMMAND] CMD 34 3 5 0 2
[Q ACK] sent=1

# HOST CMD 35 3 40 0 2
[Q COMMAND] CMD 35 3 40 0 2
[Q ACK] sent=1

# HOST CMD 36 3 40 0 2
[Q COMMAND] CMD 36 3 40 0 2
[Q ACK] sent=1

# HOST CMD 37 3 96 0 2
[Q COMMAND] CMD 37 3 96 0 2
[Q ACK] sent=1

# HOST CMD 38 3 2 0 2
[Q COMMAND] CMD 38 3 2 0 2
[Q ACK] sent=1

# HOST CMD 2 3 3 0 3
[Q COMMAND] CMD 2 3 3 0 3
[Q ACK] sent=1

# HOST CMD 18 3 127 0 3
[Q COMMAND] CMD 18 3 127 0 3
[Q ACK] sent=1

# HOST CMD 19 3 100 0 3
[Q COMMAND] CMD 19 3 100 0 3
[Q ACK] sent=1

# HOST CMD 20 3 4 0 3
[Q COMMAND] CMD 20 3 4 0 3
[Q ACK] sent=1

# HOST CMD 31 3 42 0 3
[Q COMMAND] CMD 31 3 42 0 3
[Q ACK] sent=1

# HOST CMD 32 3 127 0 3
[Q COMMAND] CMD 32 3 127 0 3
[Q ACK] sent=1

# HOST CMD 33 3 -37 0 3
[Q COMMAND] CMD 33 3 -37 0 3
[Q ACK] sent=1

# HOST CMD 34 3 6 0 3
[Q COMMAND] CMD 34 3 6 0 3
[Q ACK] sent=1

# HOST CMD 35 3 120 0 3
[Q COMMAND] CMD 35 3 120 0 3
[Q ACK] sent=1

# HOST CMD 36 3 127 0 3
[Q COMMAND] CMD 36 3 127 0 3
[Q ACK] sent=1

# HOST CMD 37 3 96 0 3
[Q COMMAND] CMD 37 3 96 0 3
[Q ACK] sent=1

# HOST CMD 38 3 3 0 3
[Q COMMAND] CMD 38 3 3 0 3
[Q ACK] sent=1

# HOST CMD 2 3 4 0 4
[Q COMMAND] CMD 2 3 4 0 4
[Q ACK] sent=1

# HOST CMD 18 3 127 0 4
[Q COMMAND] CMD 18 3 127 0 4
[Q ACK] sent=1

# HOST CMD 19 3 100 0 4
[Q COMMAND] CMD 19 3 100 0 4
[Q ACK] sent=1

# HOST CMD 20 3 4 0 4
[Q COMMAND] CMD 20 3 4 0 4
[Q ACK] sent=1

# HOST CMD 31 3 43 0 4
[Q COMMAND] CMD 31 3 43 0 4
[Q ACK] sent=1

# HOST CMD 32 3 127 0 4
[Q COMMAND] CMD 32 3 127 0 4
[Q ACK] sent=1

# HOST CMD 33 3 -24 0 4
[Q COMMAND] CMD 33 3 -24 0 4
[Q ACK] sent=1

# HOST CMD 34 3 7 0 4
[Q COMMAND] CMD 34 3 7 0 4
[Q ACK] sent=1

# HOST CMD 35 3 20 0 4
[Q COMMAND] CMD 35 3 20 0 4
[Q ACK] sent=1

# HOST CMD 36 3 10 0 4
[Q COMMAND] CMD 36 3 10 0 4
[Q ACK] sent=1

# HOST CMD 37 3 96 0 4
[Q COMMAND] CMD 37 3 96 0 4
[Q ACK] sent=1

# HOST CMD 38 3 4 0 4
[Q COMMAND] CMD 38 3 4 0 4
[Q ACK] sent=1

# HOST CMD 2 3 5 0 5
[Q COMMAND] CMD 2 3 5 0 5
[Q ACK] sent=1

# HOST CMD 18 3 127 0 5
[Q COMMAND] CMD 18 3 127 0 5
[Q ACK] sent=1

# HOST CMD 19 3 100 0 5
[Q COMMAND] CMD 19 3 100 0 5
[Q ACK] sent=1

# HOST CMD 20 3 4 0 5
[Q COMMAND] CMD 20 3 4 0 5
[Q ACK] sent=1

# HOST CMD 31 3 44 0 5
[Q COMMAND] CMD 31 3 44 0 5
[Q ACK] sent=1

# HOST CMD 32 3 127 0 5
[Q COMMAND] CMD 32 3 127 0 5
[Q ACK] sent=1

# HOST CMD 33 3 -11 0 5
[Q COMMAND] CMD 33 3 -11 0 5
[Q ACK] sent=1

# HOST CMD 34 3 8 0 5
[Q COMMAND] CMD 34 3 8 0 5
[Q ACK] sent=1

# HOST CMD 35 3 100 0 5
[Q COMMAND] CMD 35 3 100 0 5
[Q ACK] sent=1

# HOST CMD 36 3 100 0 5
[Q COMMAND] CMD 36 3 100 0 5
[Q ACK] sent=1

# HOST CMD 37 3 96 0 5
[Q COMMAND] CMD 37 3 96 0 5
[Q ACK] sent=1

# HOST CMD 38 3 5 0 5
[Q COMMAND] CMD 38 3 5 0 5
[Q ACK] sent=1

# HOST CMD 2 3 6 0 6
[Q COMMAND] CMD 2 3 6 0 6
[Q ACK] sent=1

# HOST CMD 18 3 127 0 6
[Q COMMAND] CMD 18 3 127 0 6
[Q ACK] sent=1

# HOST CMD 19 3 100 0 6
[Q COMMAND] CMD 19 3 100 0 6
[Q ACK] sent=1

# HOST CMD 20 3 4 0 6
[Q COMMAND] CMD 20 3 4 0 6
[Q ACK] sent=1

# HOST CMD 31 3 45 0 6
[Q COMMAND] CMD 31 3 45 0 6
[Q ACK] sent=1

# HOST CMD 32 3 127 0 6
[Q COMMAND] CMD 32 3 127 0 6
[Q ACK] sent=1

# HOST CMD 33 3 2 0 6
[Q COMMAND] CMD 33 3 2 0 6
[Q ACK] sent=1

# HOST CMD 34 3 9 0 6
[Q COMMAND] CMD 34 3 9 0 6
[Q ACK] sent=1

# HOST CMD 35 3 40 0 6
[Q COMMAND] CMD 35 3 40 0 6
[Q ACK] sent=1

# HOST CMD 36 3 40 0 6
[Q COMMAND] CMD 36 3 40 0 6
[Q ACK] sent=1

# HOST CMD 37 3 96 0 6
[Q COMMAND] CMD 37 3 96 0 6
[Q ACK] sent=1

# HOST CMD 38 3 6 0 6
[Q COMMAND] CMD 38 3 6 0 6
[Q ACK] sent=1

# HOST CMD 2 3 7 0 7
[Q COMMAND] CMD 2 3 7 0 7
[Q ACK] sent=1

# HOST CMD 18 3 127 0 7
[Q COMMAND] CMD 18 3 127 0 7
[Q ACK] sent=1

# HOST CMD 19 3 100 0 7
[Q COMMAND] CMD 19 3 100 0 7
[Q ACK] sent=1

# HOST CMD 20 3 4 0 7
[Q COMMAND] CMD 20 3 4 0 7
[Q ACK] sent=1

# HOST CMD 31 3 46 0 7
[Q COMMAND] CMD 31 3 46 0 7
[Q ACK] sent=1

# HOST CMD 32 3 127 0 7
[Q COMMAND] CMD 32 3 127 0 7
[Q ACK] sent=1

# HOST CMD 33 3 15 0 7
[Q COMMAND] CMD 33 3 15 0 7
[Q ACK] sent=1

# HOST CMD 34 3 10 0 7
[Q COMMAND] CMD 34 3 10 0 7
[Q ACK] sent=1

# HOST CMD 35 3 120 0 7
[Q COMMAND] CMD 35 3 120 0 7
[Q ACK] sent=1

# HOST CMD 36 3 127 0 7
[Q COMMAND] CMD 36 3 127 0 7
[Q ACK] sent=1

# HOST CMD 37 3 96 0 7
[Q COMMAND] CMD 37 3 96 0 7
[Q ACK] sent=1

# HOST CMD 38 3 7 0 7
[Q COMMAND] CMD 38 3 7 0 7
[Q ACK] sent=1

# HOST CMD 2 3 8 0 8
[Q COMMAND] CMD 2 3 8 0 8
[Q ACK] sent=1

# HOST CMD 18 3 127 0 8
[Q COMMAND] CMD 18 3 127 0 8
[Q ACK] sent=1

# HOST CMD 19 3 100 0 8
[Q COMMAND] CMD 19 3 100 0 8
[Q ACK] sent=1

# HOST CMD 20 3 4 0 8
[Q COMMAND] CMD 20 3 4 0 8
[Q ACK] sent=1

# HOST CMD 31 3 47 0 8
[Q COMMAND] CMD 31 3 47 0 8
[Q ACK] sent=1

# HOST CMD 32 3 127 0 8
[Q COMMAND] CMD 32 3 127 0 8
[Q ACK] sent=1

# HOST CMD 33 3 28 0 8
[Q COMMAND] CMD 33 3 28 0 8
[Q ACK] sent=1

# HOST CMD 34 3 11 0 8
[Q COMMAND] CMD 34 3 11 0 8
[Q ACK] sent=1

# HOST CMD 35 3 20 0 8
[Q COMMAND] CMD 35 3 20 0 8
[Q ACK] sent=1

# HOST CMD 36 3 10 0 8
[Q COMMAND] CMD 36 3 10 0 8
[Q ACK] sent=1

# HOST CMD 37 3 96 0 8
[Q COMMAND] CMD 37 3 96 0 8
[Q ACK] sent=1

# HOST CMD 38 3 8 0 8
[Q COMMAND] CMD 38 3 8 0 8
[Q ACK] sent=1

# HOST CMD 2 3 9 0 9
[Q COMMAND] CMD 2 3 9 0 9
[Q ACK] sent=1

# HOST CMD 18 3 127 0 9
[Q COMMAND] CMD 18 3 127 0 9
[Q ACK] sent=1

# HOST CMD 19 3 100 0 9
[Q COMMAND] CMD 19 3 100 0 9
[Q ACK] sent=1

# HOST CMD 20 3 4 0 9
[Q COMMAND] CMD 20 3 4 0 9
[Q ACK] sent=1

# HOST CMD 31 3 48 0 9
[Q COMMAND] CMD 31 3 48 0 9
[Q ACK] sent=1

# HOST CMD 32 3 127 0 9
[Q COMMAND] CMD 32 3 127 0 9
[Q ACK] sent=1

# HOST CMD 33 3 41 0 9
[Q COMMAND] CMD 33 3 41 0 9
[Q ACK] sent=1

# HOST CMD 34 3 12 0 9
[Q COMMAND] CMD 34 3 12 0 9
[Q ACK] sent=1

# HOST CMD 35 3 100 0 9
[Q COMMAND] CMD 35 3 100 0 9
[Q ACK] sent=1

# HOST CMD 36 3 100 0 9
[Q COMMAND] CMD 36 3 100 0 9
[Q ACK] sent=1

# HOST CMD 37 3 96 0 9
[Q COMMAND] CMD 37 3 96 0 9
[Q ACK] sent=1

# HOST CMD 38 3 9 0 9
[Q COMMAND] CMD 38 3 9 0 9
[Q ACK] sent=1

# HOST CMD 2 3 10 0 10
[Q COMMAND] CMD 2 3 10 0 10
[Q ACK] sent=1

# HOST CMD 18 3 127 0 10
[Q COMMAND] CMD 18 3 127 0 10
[Q ACK] sent=1

# HOST CMD 19 3 100 0 10
[Q COMMAND] CMD 19 3 100 0 10
[Q ACK] sent=1

# HOST CMD 20 3 4 0 10
[Q COMMAND] CMD 20 3 4 0 10
[Q ACK] sent=1

# HOST CMD 31 3 49 0 10
[Q COMMAND] CMD 31 3 49 0 10
[Q ACK] sent=1

# HOST CMD 32 3 127 0 10
[Q COMMAND] CMD 32 3 127 0 10
[Q ACK] sent=1

# HOST CMD 33 3 54 0 10
[Q COMMAND] CMD 33 3 54 0 10
[Q ACK] sent=1

# HOST CMD 34 3 13 0 10
[Q COMMAND] CMD 34 3 13 0 10
[Q ACK] sent=1

# HOST CMD 35 3 40 0 10
[Q COMMAND] CMD 35 3 40 0 10
[Q ACK] sent=1

# HOST CMD 36 3 40 0 10
[Q COMMAND] CMD 36 3 40 0 10
[Q ACK] sent=1

# HOST CMD 37 3 96 0 10
[Q COMMAND] CMD 37 3 96 0 10
[Q ACK] sent=1

# HOST CMD 38 3 10 0 10
[Q COMMAND] CMD 38 3 10 0 10
[Q ACK] sent=1

# HOST CMD 2 3 11 0 11
[Q COMMAND] CMD 2 3 11 0 11
[Q ACK] sent=1

# HOST CMD 18 3 127 0 11
[Q COMMAND] CMD 18 3 127 0 11
[Q ACK] sent=1

# HOST CMD 19 3 100 0 11
[Q COMMAND] CMD 19 3 100 0 11
[Q ACK] sent=1

# HOST CMD 20 3 4 0 11
[Q COMMAND] CMD 20 3 4 0 11
[Q ACK] sent=1

# HOST CMD 31 3 50 0 11
[Q COMMAND] CMD 31 3 50 0 11
[Q ACK] sent=1

# HOST CMD 32 3 127 0 11
[Q COMMAND] CMD 32 3 127 0 11
[Q ACK] sent=1

# HOST CMD 33 3 67 0 11
[Q COMMAND] CMD 33 3 67 0 11
[Q ACK] sent=1

# HOST CMD 34 3 14 0 11
[Q COMMAND] CMD 34 3 14 0 11
[Q ACK] sent=1

# HOST CMD 35 3 120 0 11
[Q COMMAND] CMD 35 3 120 0 11
[Q ACK] sent=1

# HOST CMD 36 3 127 0 11
[Q COMMAND] CMD 36 3 127 0 11
[Q ACK] sent=1

# HOST CMD 37 3 96 0 11
[Q COMMAND] CMD 37 3 96 0 11
[Q ACK] sent=1

# HOST CMD 38 3 11 0 11
[Q COMMAND] CMD 38 3 11 0 11
[Q ACK] sent=1

# HOST CMD 2 3 12 0 12
[Q COMMAND] CMD 2 3 12 0 12
[Q ACK] sent=1

# HOST CMD 18 3 127 0 12
[Q COMMAND] CMD 18 3 127 0 12
[Q ACK] sent=1

# HOST CMD 19 3 100 0 12
[Q COMMAND] CMD 19 3 100 0 12
[Q ACK] sent=1

# HOST CMD 20 3 4 0 12
[Q COMMAND] CMD 20 3 4 0 12
[Q ACK] sent=1

# HOST CMD 31 3 51 0 12
[Q COMMAND] CMD 31 3 51 0 12
[Q ACK] sent=1

# HOST CMD 32 3 127 0 12
[Q COMMAND] CMD 32 3 127 0 12
[Q ACK] sent=1

# HOST CMD 33 3 80 0 12
[Q COMMAND] CMD 33 3 80 0 12
[Q ACK] sent=1

# HOST CMD 34 3 15 0 12
[Q COMMAND] CMD 34 3 15 0 12
[Q ACK] sent=1

# HOST CMD 35 3 20 0 12
[Q COMMAND] CMD 35 3 20 0 12
[Q ACK] sent=1

# HOST CMD 36 3 10 0 12
[Q COMMAND] CMD 36 3 10 0 12
[Q ACK] sent=1

# HOST CMD 37 3 96 0 12
[Q COMMAND] CMD 37 3 96 0 12
[Q ACK] sent=1

# HOST CMD 38 3 12 0 12
[Q COMMAND] CMD 38 3 12 0 12
[Q ACK] sent=1

# HOST CMD 2 3 13 0 13
[Q COMMAND] CMD 2 3 13 0 13
[Q ACK] sent=1

# HOST CMD 18 3 127 0 13
[Q COMMAND] CMD 18 3 127 0 13
[Q ACK] sent=1

# HOST CMD 19 3 100 0 13
[Q COMMAND] CMD 19 3 100 0 13
[Q ACK] sent=1

# HOST CMD 20 3 4 0 13
[Q COMMAND] CMD 20 3 4 0 13
[Q ACK] sent=1

# HOST CMD 31 3 52 0 13
[Q COMMAND] CMD 31 3 52 0 13
[Q ACK] sent=1

# HOST CMD 32 3 127 0 13
[Q COMMAND] CMD 32 3 127 0 13
[Q ACK] sent=1

# HOST CMD 33 3 93 0 13
[Q COMMAND] CMD 33 3 93 0 13
[Q ACK] sent=1

# HOST CMD 34 3 0 0 13
[Q COMMAND] CMD 34 3 0 0 13
[Q ACK] sent=1

# HOST CMD 35 3 100 0 13
[Q COMMAND] CMD 35 3 100 0 13
[Q ACK] sent=1

# HOST CMD 36 3 100 0 13
[Q COMMAND] CMD 36 3 100 0 13
[Q ACK] sent=1

# HOST CMD 37 3 96 0 13
[Q COMMAND] CMD 37 3 96 0 13
[Q ACK] sent=1

# HOST CMD 38 3 13 0 13
[Q COMMAND] CMD 38 3 13 0 13
[Q ACK] sent=1

# HOST CMD 2 3 14 0 14
[Q COMMAND] CMD 2 3 14 0 14
[Q ACK] sent=1

# HOST CMD 18 3 127 0 14
[Q COMMAND] CMD 18 3 127 0 14
[Q ACK] sent=1

# HOST CMD 19 3 100 0 14
[Q COMMAND] CMD 19 3 100 0 14
[Q ACK] sent=1

# HOST CMD 20 3 4 0 14
[Q COMMAND] CMD 20 3 4 0 14
[Q ACK] sent=1

# HOST CMD 31 3 53 0 14
[Q COMMAND] CMD 31 3 53 0 14
[Q ACK] sent=1

# HOST CMD 32 3 127 0 14
[Q COMMAND] CMD 32 3 127 0 14
[Q ACK] sent=1

# HOST CMD 33 3 106 0 14
[Q COMMAND] CMD 33 3 106 0 14
[Q ACK] sent=1

# HOST CMD 34 3 1 0 14
[Q COMMAND] CMD 34 3 1 0 14
[Q ACK] sent=1

# HOST CMD 35 3 40 0 14
[Q COMMAND] CMD 35 3 40 0 14
[Q ACK] sent=1

# HOST CMD 36 3 40 0 14
[Q COMMAND] CMD 36 3 40 0 14
[Q ACK] sent=1

# HOST CMD 37 3 96 0 14
[Q COMMAND] CMD 37 3 96 0 14
[Q ACK] sent=1

# HOST CMD 38 3 14 0 14
[Q COMMAND] CMD 38 3 14 0 14
[Q ACK] sent=1

# HOST CMD 2 3 15 0 15
[Q COMMAND] CMD 2 3 15 0 15
[Q ACK] sent=1

# HOST CMD 18 3 127 0 15
[Q COMMAND] CMD 18 3 127 0 15
[Q ACK] sent=1

# HOST CMD 19 3 100 0 15
[Q COMMAND] CMD 19 3 100 0 15
[Q ACK] sent=1

# HOST CMD 20 3 4 0 15
[Q COMMAND] CMD 20 3 4 0 15
[Q ACK] sent=1

# HOST CMD 31 3 54 0 15
[Q COMMAND] CMD 31 3 54 0 15
[Q ACK] sent=1

# HOST CMD 32 3 127 0 15
[Q COMMAND] CMD 32 3 127 0 15
[Q ACK] sent=1

# HOST CMD 33 3 119 0 15
[Q COMMAND] CMD 33 3 119 0 15
[Q ACK] sent=1

# HOST CMD 34 3 2 0 15
[Q COMMAND] CMD 34 3 2 0 15
[Q ACK] sent=1

# HOST CMD 35 3 120 0 15
[Q COMMAND] CMD 35 3 120 0 15
[Q ACK] sent=1

# HOST CMD 36 3 127 0 15
[Q COMMAND] CMD 36 3 127 0 15
[Q ACK] sent=1

# HOST CMD 37 3 96 0 15
[Q COMMAND] CMD 37 3 96 0 15
[Q ACK] sent=1

# HOST CMD 38 3 15 0 15
[Q COMMAND] CMD 38 3 15 0 15
[Q ACK] sent=1

# HOST LOAD 4 3
[Q COMMAND] LOAD 4 3
[Q ACK] load=1
[M6 read] bytes=352800 read_us=692046 bytes_per_second=509792 original_channels=1 rate=44100 total_psram=33554432
[M6 load] track=4 file_bytes=352844 pcm_bytes=352800 load_publish_us=1124740 payload=1764000 transient=352800 peak_payload=1764000 ps_free=28951064 largest=28835828 internal=213436 display=2304000 fx_delay=352800 reserve=4194304
[M6.1 replacement] retired_clear=1 ps_delta=360452 status=READY

# HOST CMD 10 4 0 0 0
[Q COMMAND] CMD 10 4 0 0 0
[Q ACK] sent=1

# HOST CMD 12 4 0 0 0
[Q COMMAND] CMD 12 4 0 0 0
[Q ACK] sent=1

# HOST CMD 47 4 0 0 0
[Q COMMAND] CMD 47 4 0 0 0
[Q ACK] sent=1

# HOST CMD 46 4 0 0 0
[Q COMMAND] CMD 46 4 0 0 0
[Q ACK] sent=1

# HOST CMD 48 4 0 0 0
[Q COMMAND] CMD 48 4 0 0 0
[Q ACK] sent=1

# HOST CMD 55 4 16 0 0
[Q COMMAND] CMD 55 4 16 0 0
[Q ACK] sent=1

# HOST CMD 41 4 46 0 0
[Q COMMAND] CMD 41 4 46 0 0
[Q ACK] sent=1

# HOST CMD 42 4 96 0 0
[Q COMMAND] CMD 42 4 96 0 0
[Q ACK] sent=1

# HOST CMD 43 4 127 0 0
[Q COMMAND] CMD 43 4 127 0 0
[Q ACK] sent=1

# HOST CMD 2 4 0 0 0
[Q COMMAND] CMD 2 4 0 0 0
[Q ACK] sent=1

# HOST CMD 18 4 127 0 0
[Q COMMAND] CMD 18 4 127 0 0
[Q ACK] sent=1

# HOST CMD 19 4 100 0 0
[Q COMMAND] CMD 19 4 100 0 0
[Q ACK] sent=1

# HOST CMD 20 4 4 0 0
[Q COMMAND] CMD 20 4 4 0 0
[Q ACK] sent=1

# HOST CMD 31 4 40 0 0
[Q COMMAND] CMD 31 4 40 0 0
[Q ACK] sent=1

# HOST CMD 32 4 127 0 0
[Q COMMAND] CMD 32 4 127 0 0
[Q ACK] sent=1

# HOST CMD 33 4 -59 0 0
[Q COMMAND] CMD 33 4 -59 0 0
[Q ACK] sent=1

# HOST CMD 34 4 4 0 0
[Q COMMAND] CMD 34 4 4 0 0
[Q ACK] sent=1

# HOST CMD 35 4 20 0 0
[Q COMMAND] CMD 35 4 20 0 0
[Q ACK] sent=1

# HOST CMD 36 4 10 0 0
[Q COMMAND] CMD 36 4 10 0 0
[Q ACK] sent=1

# HOST CMD 37 4 96 0 0
[Q COMMAND] CMD 37 4 96 0 0
[Q ACK] sent=1

# HOST CMD 38 4 0 0 0
[Q COMMAND] CMD 38 4 0 0 0
[Q ACK] sent=1

# HOST CMD 2 4 1 0 1
[Q COMMAND] CMD 2 4 1 0 1
[Q ACK] sent=1

# HOST CMD 18 4 127 0 1
[Q COMMAND] CMD 18 4 127 0 1
[Q ACK] sent=1

# HOST CMD 19 4 100 0 1
[Q COMMAND] CMD 19 4 100 0 1
[Q ACK] sent=1

# HOST CMD 20 4 4 0 1
[Q COMMAND] CMD 20 4 4 0 1
[Q ACK] sent=1

# HOST CMD 31 4 41 0 1
[Q COMMAND] CMD 31 4 41 0 1
[Q ACK] sent=1

# HOST CMD 32 4 127 0 1
[Q COMMAND] CMD 32 4 127 0 1
[Q ACK] sent=1

# HOST CMD 33 4 -46 0 1
[Q COMMAND] CMD 33 4 -46 0 1
[Q ACK] sent=1

# HOST CMD 34 4 5 0 1
[Q COMMAND] CMD 34 4 5 0 1
[Q ACK] sent=1

# HOST CMD 35 4 100 0 1
[Q COMMAND] CMD 35 4 100 0 1
[Q ACK] sent=1

# HOST CMD 36 4 100 0 1
[Q COMMAND] CMD 36 4 100 0 1
[Q ACK] sent=1

# HOST CMD 37 4 96 0 1
[Q COMMAND] CMD 37 4 96 0 1
[Q ACK] sent=1

# HOST CMD 38 4 1 0 1
[Q COMMAND] CMD 38 4 1 0 1
[Q ACK] sent=1

# HOST CMD 2 4 2 0 2
[Q COMMAND] CMD 2 4 2 0 2
[Q ACK] sent=1

# HOST CMD 18 4 127 0 2
[Q COMMAND] CMD 18 4 127 0 2
[Q ACK] sent=1

# HOST CMD 19 4 100 0 2
[Q COMMAND] CMD 19 4 100 0 2
[Q ACK] sent=1

# HOST CMD 20 4 4 0 2
[Q COMMAND] CMD 20 4 4 0 2
[Q ACK] sent=1

# HOST CMD 31 4 42 0 2
[Q COMMAND] CMD 31 4 42 0 2
[Q ACK] sent=1

# HOST CMD 32 4 127 0 2
[Q COMMAND] CMD 32 4 127 0 2
[Q ACK] sent=1

# HOST CMD 33 4 -33 0 2
[Q COMMAND] CMD 33 4 -33 0 2
[Q ACK] sent=1

# HOST CMD 34 4 6 0 2
[Q COMMAND] CMD 34 4 6 0 2
[Q ACK] sent=1

# HOST CMD 35 4 40 0 2
[Q COMMAND] CMD 35 4 40 0 2
[Q ACK] sent=1

# HOST CMD 36 4 40 0 2
[Q COMMAND] CMD 36 4 40 0 2
[Q ACK] sent=1

# HOST CMD 37 4 96 0 2
[Q COMMAND] CMD 37 4 96 0 2
[Q ACK] sent=1

# HOST CMD 38 4 2 0 2
[Q COMMAND] CMD 38 4 2 0 2
[Q ACK] sent=1

# HOST CMD 2 4 3 0 3
[Q COMMAND] CMD 2 4 3 0 3
[Q ACK] sent=1

# HOST CMD 18 4 127 0 3
[Q COMMAND] CMD 18 4 127 0 3
[Q ACK] sent=1

# HOST CMD 19 4 100 0 3
[Q COMMAND] CMD 19 4 100 0 3
[Q ACK] sent=1

# HOST CMD 20 4 4 0 3
[Q COMMAND] CMD 20 4 4 0 3
[Q ACK] sent=1

# HOST CMD 31 4 43 0 3
[Q COMMAND] CMD 31 4 43 0 3
[Q ACK] sent=1

# HOST CMD 32 4 127 0 3
[Q COMMAND] CMD 32 4 127 0 3
[Q ACK] sent=1

# HOST CMD 33 4 -20 0 3
[Q COMMAND] CMD 33 4 -20 0 3
[Q ACK] sent=1

# HOST CMD 34 4 7 0 3
[Q COMMAND] CMD 34 4 7 0 3
[Q ACK] sent=1

# HOST CMD 35 4 120 0 3
[Q COMMAND] CMD 35 4 120 0 3
[Q ACK] sent=1

# HOST CMD 36 4 127 0 3
[Q COMMAND] CMD 36 4 127 0 3
[Q ACK] sent=1

# HOST CMD 37 4 96 0 3
[Q COMMAND] CMD 37 4 96 0 3
[Q ACK] sent=1

# HOST CMD 38 4 3 0 3
[Q COMMAND] CMD 38 4 3 0 3
[Q ACK] sent=1

# HOST CMD 2 4 4 0 4
[Q COMMAND] CMD 2 4 4 0 4
[Q ACK] sent=1

# HOST CMD 18 4 127 0 4
[Q COMMAND] CMD 18 4 127 0 4
[Q ACK] sent=1

# HOST CMD 19 4 100 0 4
[Q COMMAND] CMD 19 4 100 0 4
[Q ACK] sent=1

# HOST CMD 20 4 4 0 4
[Q COMMAND] CMD 20 4 4 0 4
[Q ACK] sent=1

# HOST CMD 31 4 44 0 4
[Q COMMAND] CMD 31 4 44 0 4
[Q ACK] sent=1

# HOST CMD 32 4 127 0 4
[Q COMMAND] CMD 32 4 127 0 4
[Q ACK] sent=1

# HOST CMD 33 4 -7 0 4
[Q COMMAND] CMD 33 4 -7 0 4
[Q ACK] sent=1

# HOST CMD 34 4 8 0 4
[Q COMMAND] CMD 34 4 8 0 4
[Q ACK] sent=1

# HOST CMD 35 4 20 0 4
[Q COMMAND] CMD 35 4 20 0 4
[Q ACK] sent=1

# HOST CMD 36 4 10 0 4
[Q COMMAND] CMD 36 4 10 0 4
[Q ACK] sent=1

# HOST CMD 37 4 96 0 4
[Q COMMAND] CMD 37 4 96 0 4
[Q ACK] sent=1

# HOST CMD 38 4 4 0 4
[Q COMMAND] CMD 38 4 4 0 4
[Q ACK] sent=1

# HOST CMD 2 4 5 0 5
[Q COMMAND] CMD 2 4 5 0 5
[Q ACK] sent=1

# HOST CMD 18 4 127 0 5
[Q COMMAND] CMD 18 4 127 0 5
[Q ACK] sent=1

# HOST CMD 19 4 100 0 5
[Q COMMAND] CMD 19 4 100 0 5
[Q ACK] sent=1

# HOST CMD 20 4 4 0 5
[Q COMMAND] CMD 20 4 4 0 5
[Q ACK] sent=1

# HOST CMD 31 4 45 0 5
[Q COMMAND] CMD 31 4 45 0 5
[Q ACK] sent=1

# HOST CMD 32 4 127 0 5
[Q COMMAND] CMD 32 4 127 0 5
[Q ACK] sent=1

# HOST CMD 33 4 6 0 5
[Q COMMAND] CMD 33 4 6 0 5
[Q ACK] sent=1

# HOST CMD 34 4 9 0 5
[Q COMMAND] CMD 34 4 9 0 5
[Q ACK] sent=1

# HOST CMD 35 4 100 0 5
[Q COMMAND] CMD 35 4 100 0 5
[Q ACK] sent=1

# HOST CMD 36 4 100 0 5
[Q COMMAND] CMD 36 4 100 0 5
[Q ACK] sent=1

# HOST CMD 37 4 96 0 5
[Q COMMAND] CMD 37 4 96 0 5
[Q ACK] sent=1

# HOST CMD 38 4 5 0 5
[Q COMMAND] CMD 38 4 5 0 5
[Q ACK] sent=1

# HOST CMD 2 4 6 0 6
[Q COMMAND] CMD 2 4 6 0 6
[Q ACK] sent=1

# HOST CMD 18 4 127 0 6
[Q COMMAND] CMD 18 4 127 0 6
[Q ACK] sent=1

# HOST CMD 19 4 100 0 6
[Q COMMAND] CMD 19 4 100 0 6
[Q ACK] sent=1

# HOST CMD 20 4 4 0 6
[Q COMMAND] CMD 20 4 4 0 6
[Q ACK] sent=1

# HOST CMD 31 4 46 0 6
[Q COMMAND] CMD 31 4 46 0 6
[Q ACK] sent=1

# HOST CMD 32 4 127 0 6
[Q COMMAND] CMD 32 4 127 0 6
[Q ACK] sent=1

# HOST CMD 33 4 19 0 6
[Q COMMAND] CMD 33 4 19 0 6
[Q ACK] sent=1

# HOST CMD 34 4 10 0 6
[Q COMMAND] CMD 34 4 10 0 6
[Q ACK] sent=1

# HOST CMD 35 4 40 0 6
[Q COMMAND] CMD 35 4 40 0 6
[Q ACK] sent=1

# HOST CMD 36 4 40 0 6
[Q COMMAND] CMD 36 4 40 0 6
[Q ACK] sent=1

# HOST CMD 37 4 96 0 6
[Q COMMAND] CMD 37 4 96 0 6
[Q ACK] sent=1

# HOST CMD 38 4 6 0 6
[Q COMMAND] CMD 38 4 6 0 6
[Q ACK] sent=1

# HOST CMD 2 4 7 0 7
[Q COMMAND] CMD 2 4 7 0 7
[Q ACK] sent=1

# HOST CMD 18 4 127 0 7
[Q COMMAND] CMD 18 4 127 0 7
[Q ACK] sent=1

# HOST CMD 19 4 100 0 7
[Q COMMAND] CMD 19 4 100 0 7
[Q ACK] sent=1

# HOST CMD 20 4 4 0 7
[Q COMMAND] CMD 20 4 4 0 7
[Q ACK] sent=1

# HOST CMD 31 4 47 0 7
[Q COMMAND] CMD 31 4 47 0 7
[Q ACK] sent=1

# HOST CMD 32 4 127 0 7
[Q COMMAND] CMD 32 4 127 0 7
[Q ACK] sent=1

# HOST CMD 33 4 32 0 7
[Q COMMAND] CMD 33 4 32 0 7
[Q ACK] sent=1

# HOST CMD 34 4 11 0 7
[Q COMMAND] CMD 34 4 11 0 7
[Q ACK] sent=1

# HOST CMD 35 4 120 0 7
[Q COMMAND] CMD 35 4 120 0 7
[Q ACK] sent=1

# HOST CMD 36 4 127 0 7
[Q COMMAND] CMD 36 4 127 0 7
[Q ACK] sent=1

# HOST CMD 37 4 96 0 7
[Q COMMAND] CMD 37 4 96 0 7
[Q ACK] sent=1

# HOST CMD 38 4 7 0 7
[Q COMMAND] CMD 38 4 7 0 7
[Q ACK] sent=1

# HOST CMD 2 4 8 0 8
[Q COMMAND] CMD 2 4 8 0 8
[Q ACK] sent=1

# HOST CMD 18 4 127 0 8
[Q COMMAND] CMD 18 4 127 0 8
[Q ACK] sent=1

# HOST CMD 19 4 100 0 8
[Q COMMAND] CMD 19 4 100 0 8
[Q ACK] sent=1

# HOST CMD 20 4 4 0 8
[Q COMMAND] CMD 20 4 4 0 8
[Q ACK] sent=1

# HOST CMD 31 4 48 0 8
[Q COMMAND] CMD 31 4 48 0 8
[Q ACK] sent=1

# HOST CMD 32 4 127 0 8
[Q COMMAND] CMD 32 4 127 0 8
[Q ACK] sent=1

# HOST CMD 33 4 45 0 8
[Q COMMAND] CMD 33 4 45 0 8
[Q ACK] sent=1

# HOST CMD 34 4 12 0 8
[Q COMMAND] CMD 34 4 12 0 8
[Q ACK] sent=1

# HOST CMD 35 4 20 0 8
[Q COMMAND] CMD 35 4 20 0 8
[Q ACK] sent=1

# HOST CMD 36 4 10 0 8
[Q COMMAND] CMD 36 4 10 0 8
[Q ACK] sent=1

# HOST CMD 37 4 96 0 8
[Q COMMAND] CMD 37 4 96 0 8
[Q ACK] sent=1

# HOST CMD 38 4 8 0 8
[Q COMMAND] CMD 38 4 8 0 8
[Q ACK] sent=1

# HOST CMD 2 4 9 0 9
[Q COMMAND] CMD 2 4 9 0 9
[Q ACK] sent=1

# HOST CMD 18 4 127 0 9
[Q COMMAND] CMD 18 4 127 0 9
[Q ACK] sent=1

# HOST CMD 19 4 100 0 9
[Q COMMAND] CMD 19 4 100 0 9
[Q ACK] sent=1

# HOST CMD 20 4 4 0 9
[Q COMMAND] CMD 20 4 4 0 9
[Q ACK] sent=1

# HOST CMD 31 4 49 0 9
[Q COMMAND] CMD 31 4 49 0 9
[Q ACK] sent=1

# HOST CMD 32 4 127 0 9
[Q COMMAND] CMD 32 4 127 0 9
[Q ACK] sent=1

# HOST CMD 33 4 58 0 9
[Q COMMAND] CMD 33 4 58 0 9
[Q ACK] sent=1

# HOST CMD 34 4 13 0 9
[Q COMMAND] CMD 34 4 13 0 9
[Q ACK] sent=1

# HOST CMD 35 4 100 0 9
[Q COMMAND] CMD 35 4 100 0 9
[Q ACK] sent=1

# HOST CMD 36 4 100 0 9
[Q COMMAND] CMD 36 4 100 0 9
[Q ACK] sent=1

# HOST CMD 37 4 96 0 9
[Q COMMAND] CMD 37 4 96 0 9
[Q ACK] sent=1

# HOST CMD 38 4 9 0 9
[Q COMMAND] CMD 38 4 9 0 9
[Q ACK] sent=1

# HOST CMD 2 4 10 0 10
[Q COMMAND] CMD 2 4 10 0 10
[Q ACK] sent=1

# HOST CMD 18 4 127 0 10
[Q COMMAND] CMD 18 4 127 0 10
[Q ACK] sent=1

# HOST CMD 19 4 100 0 10
[Q COMMAND] CMD 19 4 100 0 10
[Q ACK] sent=1

# HOST CMD 20 4 4 0 10
[Q COMMAND] CMD 20 4 4 0 10
[Q ACK] sent=1

# HOST CMD 31 4 50 0 10
[Q COMMAND] CMD 31 4 50 0 10
[Q ACK] sent=1

# HOST CMD 32 4 127 0 10
[Q COMMAND] CMD 32 4 127 0 10
[Q ACK] sent=1

# HOST CMD 33 4 71 0 10
[Q COMMAND] CMD 33 4 71 0 10
[Q ACK] sent=1

# HOST CMD 34 4 14 0 10
[Q COMMAND] CMD 34 4 14 0 10
[Q ACK] sent=1

# HOST CMD 35 4 40 0 10
[Q COMMAND] CMD 35 4 40 0 10
[Q ACK] sent=1

# HOST CMD 36 4 40 0 10
[Q COMMAND] CMD 36 4 40 0 10
[Q ACK] sent=1

# HOST CMD 37 4 96 0 10
[Q COMMAND] CMD 37 4 96 0 10
[Q ACK] sent=1

# HOST CMD 38 4 10 0 10
[Q COMMAND] CMD 38 4 10 0 10
[Q ACK] sent=1

# HOST CMD 2 4 11 0 11
[Q COMMAND] CMD 2 4 11 0 11
[Q ACK] sent=1

# HOST CMD 18 4 127 0 11
[Q COMMAND] CMD 18 4 127 0 11
[Q ACK] sent=1

# HOST CMD 19 4 100 0 11
[Q COMMAND] CMD 19 4 100 0 11
[Q ACK] sent=1

# HOST CMD 20 4 4 0 11
[Q COMMAND] CMD 20 4 4 0 11
[Q ACK] sent=1

# HOST CMD 31 4 51 0 11
[Q COMMAND] CMD 31 4 51 0 11
[Q ACK] sent=1

# HOST CMD 32 4 127 0 11
[Q COMMAND] CMD 32 4 127 0 11
[Q ACK] sent=1

# HOST CMD 33 4 84 0 11
[Q COMMAND] CMD 33 4 84 0 11
[Q ACK] sent=1

# HOST CMD 34 4 15 0 11
[Q COMMAND] CMD 34 4 15 0 11
[Q ACK] sent=1

# HOST CMD 35 4 120 0 11
[Q COMMAND] CMD 35 4 120 0 11
[Q ACK] sent=1

# HOST CMD 36 4 127 0 11
[Q COMMAND] CMD 36 4 127 0 11
[Q ACK] sent=1

# HOST CMD 37 4 96 0 11
[Q COMMAND] CMD 37 4 96 0 11
[Q ACK] sent=1

# HOST CMD 38 4 11 0 11
[Q COMMAND] CMD 38 4 11 0 11
[Q ACK] sent=1

# HOST CMD 2 4 12 0 12
[Q COMMAND] CMD 2 4 12 0 12
[Q ACK] sent=1

# HOST CMD 18 4 127 0 12
[Q COMMAND] CMD 18 4 127 0 12
[Q ACK] sent=1

# HOST CMD 19 4 100 0 12
[Q COMMAND] CMD 19 4 100 0 12
[Q ACK] sent=1

# HOST CMD 20 4 4 0 12
[Q COMMAND] CMD 20 4 4 0 12
[Q ACK] sent=1

# HOST CMD 31 4 52 0 12
[Q COMMAND] CMD 31 4 52 0 12
[Q ACK] sent=1

# HOST CMD 32 4 127 0 12
[Q COMMAND] CMD 32 4 127 0 12
[Q ACK] sent=1

# HOST CMD 33 4 97 0 12
[Q COMMAND] CMD 33 4 97 0 12
[Q ACK] sent=1

# HOST CMD 34 4 0 0 12
[Q COMMAND] CMD 34 4 0 0 12
[Q ACK] sent=1

# HOST CMD 35 4 20 0 12
[Q COMMAND] CMD 35 4 20 0 12
[Q ACK] sent=1

# HOST CMD 36 4 10 0 12
[Q COMMAND] CMD 36 4 10 0 12
[Q ACK] sent=1

# HOST CMD 37 4 96 0 12
[Q COMMAND] CMD 37 4 96 0 12
[Q ACK] sent=1

# HOST CMD 38 4 12 0 12
[Q COMMAND] CMD 38 4 12 0 12
[Q ACK] sent=1

# HOST CMD 2 4 13 0 13
[Q COMMAND] CMD 2 4 13 0 13
[Q ACK] sent=1

# HOST CMD 18 4 127 0 13
[Q COMMAND] CMD 18 4 127 0 13
[Q ACK] sent=1

# HOST CMD 19 4 100 0 13
[Q COMMAND] CMD 19 4 100 0 13
[Q ACK] sent=1

# HOST CMD 20 4 4 0 13
[Q COMMAND] CMD 20 4 4 0 13
[Q ACK] sent=1

# HOST CMD 31 4 53 0 13
[Q COMMAND] CMD 31 4 53 0 13
[Q ACK] sent=1

# HOST CMD 32 4 127 0 13
[Q COMMAND] CMD 32 4 127 0 13
[Q ACK] sent=1

# HOST CMD 33 4 110 0 13
[Q COMMAND] CMD 33 4 110 0 13
[Q ACK] sent=1

# HOST CMD 34 4 1 0 13
[Q COMMAND] CMD 34 4 1 0 13
[Q ACK] sent=1

# HOST CMD 35 4 100 0 13
[Q COMMAND] CMD 35 4 100 0 13
[Q ACK] sent=1

# HOST CMD 36 4 100 0 13
[Q COMMAND] CMD 36 4 100 0 13
[Q ACK] sent=1

# HOST CMD 37 4 96 0 13
[Q COMMAND] CMD 37 4 96 0 13
[Q ACK] sent=1

# HOST CMD 38 4 13 0 13
[Q COMMAND] CMD 38 4 13 0 13
[Q ACK] sent=1

# HOST CMD 2 4 14 0 14
[Q COMMAND] CMD 2 4 14 0 14
[Q ACK] sent=1

# HOST CMD 18 4 127 0 14
[Q COMMAND] CMD 18 4 127 0 14
[Q ACK] sent=1

# HOST CMD 19 4 100 0 14
[Q COMMAND] CMD 19 4 100 0 14
[Q ACK] sent=1

# HOST CMD 20 4 4 0 14
[Q COMMAND] CMD 20 4 4 0 14
[Q ACK] sent=1

# HOST CMD 31 4 54 0 14
[Q COMMAND] CMD 31 4 54 0 14
[Q ACK] sent=1

# HOST CMD 32 4 127 0 14
[Q COMMAND] CMD 32 4 127 0 14
[Q ACK] sent=1

# HOST CMD 33 4 123 0 14
[Q COMMAND] CMD 33 4 123 0 14
[Q ACK] sent=1

# HOST CMD 34 4 2 0 14
[Q COMMAND] CMD 34 4 2 0 14
[Q ACK] sent=1

# HOST CMD 35 4 40 0 14
[Q COMMAND] CMD 35 4 40 0 14
[Q ACK] sent=1

# HOST CMD 36 4 40 0 14
[Q COMMAND] CMD 36 4 40 0 14
[Q ACK] sent=1

# HOST CMD 37 4 96 0 14
[Q COMMAND] CMD 37 4 96 0 14
[Q ACK] sent=1

# HOST CMD 38 4 14 0 14
[Q COMMAND] CMD 38 4 14 0 14
[Q ACK] sent=1

# HOST CMD 2 4 15 0 15
[Q COMMAND] CMD 2 4 15 0 15
[Q ACK] sent=1

# HOST CMD 18 4 127 0 15
[Q COMMAND] CMD 18 4 127 0 15
[Q ACK] sent=1

# HOST CMD 19 4 100 0 15
[Q COMMAND] CMD 19 4 100 0 15
[Q ACK] sent=1

# HOST CMD 20 4 4 0 15
[Q COMMAND] CMD 20 4 4 0 15
[Q ACK] sent=1

# HOST CMD 31 4 55 0 15
[Q COMMAND] CMD 31 4 55 0 15
[Q ACK] sent=1

# HOST CMD 32 4 127 0 15
[Q COMMAND] CMD 32 4 127 0 15
[Q ACK] sent=1

# HOST CMD 33 4 -119 0 15
[Q COMMAND] CMD 33 4 -119 0 15
[Q ACK] sent=1

# HOST CMD 34 4 3 0 15
[Q COMMAND] CMD 34 4 3 0 15
[Q ACK] sent=1

# HOST CMD 35 4 120 0 15
[Q COMMAND] CMD 35 4 120 0 15
[Q ACK] sent=1

# HOST CMD 36 4 127 0 15
[Q COMMAND] CMD 36 4 127 0 15
[Q ACK] sent=1

# HOST CMD 37 4 96 0 15
[Q COMMAND] CMD 37 4 96 0 15
[Q ACK] sent=1

# HOST CMD 38 4 15 0 15
[Q COMMAND] CMD 38 4 15 0 15
[Q ACK] sent=1

# HOST LOAD 5 3
[Q COMMAND] LOAD 5 3
[Q ACK] load=1
[M6 read] bytes=352800 read_us=695657 bytes_per_second=507146 original_channels=1 rate=44100 total_psram=33554432
[M6 load] track=5 file_bytes=352844 pcm_bytes=352800 load_publish_us=1128646 payload=2116800 transient=352800 peak_payload=2116800 ps_free=28590612 largest=28311540 internal=211832 display=2304000 fx_delay=352800 reserve=4194304
[M6.1 replacement] retired_clear=1 ps_delta=360452 status=READY

# HOST CMD 10 5 0 0 0
[Q COMMAND] CMD 10 5 0 0 0
[Q ACK] sent=1

# HOST CMD 12 5 0 0 0
[Q COMMAND] CMD 12 5 0 0 0
[Q ACK] sent=1

# HOST CMD 47 5 0 0 0
[Q COMMAND] CMD 47 5 0 0 0
[Q ACK] sent=1

# HOST CMD 46 5 0 0 0
[Q COMMAND] CMD 46 5 0 0 0
[Q ACK] sent=1

# HOST CMD 48 5 0 0 0
[Q COMMAND] CMD 48 5 0 0 0
[Q ACK] sent=1

# HOST CMD 55 5 16 0 0
[Q COMMAND] CMD 55 5 16 0 0
[Q ACK] sent=1

# HOST CMD 41 5 50 0 0
[Q COMMAND] CMD 41 5 50 0 0
[Q ACK] sent=1

# HOST CMD 42 5 96 0 0
[Q COMMAND] CMD 42 5 96 0 0
[Q ACK] sent=1

# HOST CMD 43 5 127 0 0
[Q COMMAND] CMD 43 5 127 0 0
[Q ACK] sent=1

# HOST CMD 2 5 0 0 0
[Q COMMAND] CMD 2 5 0 0 0
[Q ACK] sent=1

# HOST CMD 18 5 127 0 0
[Q COMMAND] CMD 18 5 127 0 0
[Q ACK] sent=1

# HOST CMD 19 5 100 0 0
[Q COMMAND] CMD 19 5 100 0 0
[Q ACK] sent=1

# HOST CMD 20 5 4 0 0
[Q COMMAND] CMD 20 5 4 0 0
[Q ACK] sent=1

# HOST CMD 31 5 41 0 0
[Q COMMAND] CMD 31 5 41 0 0
[Q ACK] sent=1

# HOST CMD 32 5 127 0 0
[Q COMMAND] CMD 32 5 127 0 0
[Q ACK] sent=1

# HOST CMD 33 5 -42 0 0
[Q COMMAND] CMD 33 5 -42 0 0
[Q ACK] sent=1

# HOST CMD 34 5 5 0 0
[Q COMMAND] CMD 34 5 5 0 0
[Q ACK] sent=1

# HOST CMD 35 5 20 0 0
[Q COMMAND] CMD 35 5 20 0 0
[Q ACK] sent=1

# HOST CMD 36 5 10 0 0
[Q COMMAND] CMD 36 5 10 0 0
[Q ACK] sent=1

# HOST CMD 37 5 96 0 0
[Q COMMAND] CMD 37 5 96 0 0
[Q ACK] sent=1

# HOST CMD 38 5 0 0 0
[Q COMMAND] CMD 38 5 0 0 0
[Q ACK] sent=1

# HOST CMD 2 5 1 0 1
[Q COMMAND] CMD 2 5 1 0 1
[Q ACK] sent=1

# HOST CMD 18 5 127 0 1
[Q COMMAND] CMD 18 5 127 0 1
[Q ACK] sent=1

# HOST CMD 19 5 100 0 1
[Q COMMAND] CMD 19 5 100 0 1
[Q ACK] sent=1

# HOST CMD 20 5 4 0 1
[Q COMMAND] CMD 20 5 4 0 1
[Q ACK] sent=1

# HOST CMD 31 5 42 0 1
[Q COMMAND] CMD 31 5 42 0 1
[Q ACK] sent=1

# HOST CMD 32 5 127 0 1
[Q COMMAND] CMD 32 5 127 0 1
[Q ACK] sent=1

# HOST CMD 33 5 -29 0 1
[Q COMMAND] CMD 33 5 -29 0 1
[Q ACK] sent=1

# HOST CMD 34 5 6 0 1
[Q COMMAND] CMD 34 5 6 0 1
[Q ACK] sent=1

# HOST CMD 35 5 100 0 1
[Q COMMAND] CMD 35 5 100 0 1
[Q ACK] sent=1

# HOST CMD 36 5 100 0 1
[Q COMMAND] CMD 36 5 100 0 1
[Q ACK] sent=1

# HOST CMD 37 5 96 0 1
[Q COMMAND] CMD 37 5 96 0 1
[Q ACK] sent=1

# HOST CMD 38 5 1 0 1
[Q COMMAND] CMD 38 5 1 0 1
[Q ACK] sent=1

# HOST CMD 2 5 2 0 2
[Q COMMAND] CMD 2 5 2 0 2
[Q ACK] sent=1

# HOST CMD 18 5 127 0 2
[Q COMMAND] CMD 18 5 127 0 2
[Q ACK] sent=1

# HOST CMD 19 5 100 0 2
[Q COMMAND] CMD 19 5 100 0 2
[Q ACK] sent=1

# HOST CMD 20 5 4 0 2
[Q COMMAND] CMD 20 5 4 0 2
[Q ACK] sent=1

# HOST CMD 31 5 43 0 2
[Q COMMAND] CMD 31 5 43 0 2
[Q ACK] sent=1

# HOST CMD 32 5 127 0 2
[Q COMMAND] CMD 32 5 127 0 2
[Q ACK] sent=1

# HOST CMD 33 5 -16 0 2
[Q COMMAND] CMD 33 5 -16 0 2
[Q ACK] sent=1

# HOST CMD 34 5 7 0 2
[Q COMMAND] CMD 34 5 7 0 2
[Q ACK] sent=1

# HOST CMD 35 5 40 0 2
[Q COMMAND] CMD 35 5 40 0 2
[Q ACK] sent=1

# HOST CMD 36 5 40 0 2
[Q COMMAND] CMD 36 5 40 0 2
[Q ACK] sent=1

# HOST CMD 37 5 96 0 2
[Q COMMAND] CMD 37 5 96 0 2
[Q ACK] sent=1

# HOST CMD 38 5 2 0 2
[Q COMMAND] CMD 38 5 2 0 2
[Q ACK] sent=1

# HOST CMD 2 5 3 0 3
[Q COMMAND] CMD 2 5 3 0 3
[Q ACK] sent=1

# HOST CMD 18 5 127 0 3
[Q COMMAND] CMD 18 5 127 0 3
[Q ACK] sent=1

# HOST CMD 19 5 100 0 3
[Q COMMAND] CMD 19 5 100 0 3
[Q ACK] sent=1

# HOST CMD 20 5 4 0 3
[Q COMMAND] CMD 20 5 4 0 3
[Q ACK] sent=1

# HOST CMD 31 5 44 0 3
[Q COMMAND] CMD 31 5 44 0 3
[Q ACK] sent=1

# HOST CMD 32 5 127 0 3
[Q COMMAND] CMD 32 5 127 0 3
[Q ACK] sent=1

# HOST CMD 33 5 -3 0 3
[Q COMMAND] CMD 33 5 -3 0 3
[Q ACK] sent=1

# HOST CMD 34 5 8 0 3
[Q COMMAND] CMD 34 5 8 0 3
[Q ACK] sent=1

# HOST CMD 35 5 120 0 3
[Q COMMAND] CMD 35 5 120 0 3
[Q ACK] sent=1

# HOST CMD 36 5 127 0 3
[Q COMMAND] CMD 36 5 127 0 3
[Q ACK] sent=1

# HOST CMD 37 5 96 0 3
[Q COMMAND] CMD 37 5 96 0 3
[Q ACK] sent=1

# HOST CMD 38 5 3 0 3
[Q COMMAND] CMD 38 5 3 0 3
[Q ACK] sent=1

# HOST CMD 2 5 4 0 4
[Q COMMAND] CMD 2 5 4 0 4
[Q ACK] sent=1

# HOST CMD 18 5 127 0 4
[Q COMMAND] CMD 18 5 127 0 4
[Q ACK] sent=1

# HOST CMD 19 5 100 0 4
[Q COMMAND] CMD 19 5 100 0 4
[Q ACK] sent=1

# HOST CMD 20 5 4 0 4
[Q COMMAND] CMD 20 5 4 0 4
[Q ACK] sent=1

# HOST CMD 31 5 45 0 4
[Q COMMAND] CMD 31 5 45 0 4
[Q ACK] sent=1

# HOST CMD 32 5 127 0 4
[Q COMMAND] CMD 32 5 127 0 4
[Q ACK] sent=1

# HOST CMD 33 5 10 0 4
[Q COMMAND] CMD 33 5 10 0 4
[Q ACK] sent=1

# HOST CMD 34 5 9 0 4
[Q COMMAND] CMD 34 5 9 0 4
[Q ACK] sent=1

# HOST CMD 35 5 20 0 4
[Q COMMAND] CMD 35 5 20 0 4
[Q ACK] sent=1

# HOST CMD 36 5 10 0 4
[Q COMMAND] CMD 36 5 10 0 4
[Q ACK] sent=1

# HOST CMD 37 5 96 0 4
[Q COMMAND] CMD 37 5 96 0 4
[Q ACK] sent=1

# HOST CMD 38 5 4 0 4
[Q COMMAND] CMD 38 5 4 0 4
[Q ACK] sent=1

# HOST CMD 2 5 5 0 5
[Q COMMAND] CMD 2 5 5 0 5
[Q ACK] sent=1

# HOST CMD 18 5 127 0 5
[Q COMMAND] CMD 18 5 127 0 5
[Q ACK] sent=1

# HOST CMD 19 5 100 0 5
[Q COMMAND] CMD 19 5 100 0 5
[Q ACK] sent=1

# HOST CMD 20 5 4 0 5
[Q COMMAND] CMD 20 5 4 0 5
[Q ACK] sent=1

# HOST CMD 31 5 46 0 5
[Q COMMAND] CMD 31 5 46 0 5
[Q ACK] sent=1

# HOST CMD 32 5 127 0 5
[Q COMMAND] CMD 32 5 127 0 5
[Q ACK] sent=1

# HOST CMD 33 5 23 0 5
[Q COMMAND] CMD 33 5 23 0 5
[Q ACK] sent=1

# HOST CMD 34 5 10 0 5
[Q COMMAND] CMD 34 5 10 0 5
[Q ACK] sent=1

# HOST CMD 35 5 100 0 5
[Q COMMAND] CMD 35 5 100 0 5
[Q ACK] sent=1

# HOST CMD 36 5 100 0 5
[Q COMMAND] CMD 36 5 100 0 5
[Q ACK] sent=1

# HOST CMD 37 5 96 0 5
[Q COMMAND] CMD 37 5 96 0 5
[Q ACK] sent=1

# HOST CMD 38 5 5 0 5
[Q COMMAND] CMD 38 5 5 0 5
[Q ACK] sent=1

# HOST CMD 2 5 6 0 6
[Q COMMAND] CMD 2 5 6 0 6
[Q ACK] sent=1

# HOST CMD 18 5 127 0 6
[Q COMMAND] CMD 18 5 127 0 6
[Q ACK] sent=1

# HOST CMD 19 5 100 0 6
[Q COMMAND] CMD 19 5 100 0 6
[Q ACK] sent=1

# HOST CMD 20 5 4 0 6
[Q COMMAND] CMD 20 5 4 0 6
[Q ACK] sent=1

# HOST CMD 31 5 47 0 6
[Q COMMAND] CMD 31 5 47 0 6
[Q ACK] sent=1

# HOST CMD 32 5 127 0 6
[Q COMMAND] CMD 32 5 127 0 6
[Q ACK] sent=1

# HOST CMD 33 5 36 0 6
[Q COMMAND] CMD 33 5 36 0 6
[Q ACK] sent=1

# HOST CMD 34 5 11 0 6
[Q COMMAND] CMD 34 5 11 0 6
[Q ACK] sent=1

# HOST CMD 35 5 40 0 6
[Q COMMAND] CMD 35 5 40 0 6
[Q ACK] sent=1

# HOST CMD 36 5 40 0 6
[Q COMMAND] CMD 36 5 40 0 6
[Q ACK] sent=1

# HOST CMD 37 5 96 0 6
[Q COMMAND] CMD 37 5 96 0 6
[Q ACK] sent=1

# HOST CMD 38 5 6 0 6
[Q COMMAND] CMD 38 5 6 0 6
[Q ACK] sent=1

# HOST CMD 2 5 7 0 7
[Q COMMAND] CMD 2 5 7 0 7
[Q ACK] sent=1

# HOST CMD 18 5 127 0 7
[Q COMMAND] CMD 18 5 127 0 7
[Q ACK] sent=1

# HOST CMD 19 5 100 0 7
[Q COMMAND] CMD 19 5 100 0 7
[Q ACK] sent=1

# HOST CMD 20 5 4 0 7
[Q COMMAND] CMD 20 5 4 0 7
[Q ACK] sent=1

# HOST CMD 31 5 48 0 7
[Q COMMAND] CMD 31 5 48 0 7
[Q ACK] sent=1

# HOST CMD 32 5 127 0 7
[Q COMMAND] CMD 32 5 127 0 7
[Q ACK] sent=1

# HOST CMD 33 5 49 0 7
[Q COMMAND] CMD 33 5 49 0 7
[Q ACK] sent=1

# HOST CMD 34 5 12 0 7
[Q COMMAND] CMD 34 5 12 0 7
[Q ACK] sent=1

# HOST CMD 35 5 120 0 7
[Q COMMAND] CMD 35 5 120 0 7
[Q ACK] sent=1

# HOST CMD 36 5 127 0 7
[Q COMMAND] CMD 36 5 127 0 7
[Q ACK] sent=1

# HOST CMD 37 5 96 0 7
[Q COMMAND] CMD 37 5 96 0 7
[Q ACK] sent=1

# HOST CMD 38 5 7 0 7
[Q COMMAND] CMD 38 5 7 0 7
[Q ACK] sent=1

# HOST CMD 2 5 8 0 8
[Q COMMAND] CMD 2 5 8 0 8
[Q ACK] sent=1

# HOST CMD 18 5 127 0 8
[Q COMMAND] CMD 18 5 127 0 8
[Q ACK] sent=1

# HOST CMD 19 5 100 0 8
[Q COMMAND] CMD 19 5 100 0 8
[Q ACK] sent=1

# HOST CMD 20 5 4 0 8
[Q COMMAND] CMD 20 5 4 0 8
[Q ACK] sent=1

# HOST CMD 31 5 49 0 8
[Q COMMAND] CMD 31 5 49 0 8
[Q ACK] sent=1

# HOST CMD 32 5 127 0 8
[Q COMMAND] CMD 32 5 127 0 8
[Q ACK] sent=1

# HOST CMD 33 5 62 0 8
[Q COMMAND] CMD 33 5 62 0 8
[Q ACK] sent=1

# HOST CMD 34 5 13 0 8
[Q COMMAND] CMD 34 5 13 0 8
[Q ACK] sent=1

# HOST CMD 35 5 20 0 8
[Q COMMAND] CMD 35 5 20 0 8
[Q ACK] sent=1

# HOST CMD 36 5 10 0 8
[Q COMMAND] CMD 36 5 10 0 8
[Q ACK] sent=1

# HOST CMD 37 5 96 0 8
[Q COMMAND] CMD 37 5 96 0 8
[Q ACK] sent=1

# HOST CMD 38 5 8 0 8
[Q COMMAND] CMD 38 5 8 0 8
[Q ACK] sent=1

# HOST CMD 2 5 9 0 9
[Q COMMAND] CMD 2 5 9 0 9
[Q ACK] sent=1

# HOST CMD 18 5 127 0 9
[Q COMMAND] CMD 18 5 127 0 9
[Q ACK] sent=1

# HOST CMD 19 5 100 0 9
[Q COMMAND] CMD 19 5 100 0 9
[Q ACK] sent=1

# HOST CMD 20 5 4 0 9
[Q COMMAND] CMD 20 5 4 0 9
[Q ACK] sent=1

# HOST CMD 31 5 50 0 9
[Q COMMAND] CMD 31 5 50 0 9
[Q ACK] sent=1

# HOST CMD 32 5 127 0 9
[Q COMMAND] CMD 32 5 127 0 9
[Q ACK] sent=1

# HOST CMD 33 5 75 0 9
[Q COMMAND] CMD 33 5 75 0 9
[Q ACK] sent=1

# HOST CMD 34 5 14 0 9
[Q COMMAND] CMD 34 5 14 0 9
[Q ACK] sent=1

# HOST CMD 35 5 100 0 9
[Q COMMAND] CMD 35 5 100 0 9
[Q ACK] sent=1

# HOST CMD 36 5 100 0 9
[Q COMMAND] CMD 36 5 100 0 9
[Q ACK] sent=1

# HOST CMD 37 5 96 0 9
[Q COMMAND] CMD 37 5 96 0 9
[Q ACK] sent=1

# HOST CMD 38 5 9 0 9
[Q COMMAND] CMD 38 5 9 0 9
[Q ACK] sent=1

# HOST CMD 2 5 10 0 10
[Q COMMAND] CMD 2 5 10 0 10
[Q ACK] sent=1

# HOST CMD 18 5 127 0 10
[Q COMMAND] CMD 18 5 127 0 10
[Q ACK] sent=1

# HOST CMD 19 5 100 0 10
[Q COMMAND] CMD 19 5 100 0 10
[Q ACK] sent=1

# HOST CMD 20 5 4 0 10
[Q COMMAND] CMD 20 5 4 0 10
[Q ACK] sent=1

# HOST CMD 31 5 51 0 10
[Q COMMAND] CMD 31 5 51 0 10
[Q ACK] sent=1

# HOST CMD 32 5 127 0 10
[Q COMMAND] CMD 32 5 127 0 10
[Q ACK] sent=1

# HOST CMD 33 5 88 0 10
[Q COMMAND] CMD 33 5 88 0 10
[Q ACK] sent=1

# HOST CMD 34 5 15 0 10
[Q COMMAND] CMD 34 5 15 0 10
[Q ACK] sent=1

# HOST CMD 35 5 40 0 10
[Q COMMAND] CMD 35 5 40 0 10
[Q ACK] sent=1

# HOST CMD 36 5 40 0 10
[Q COMMAND] CMD 36 5 40 0 10
[Q ACK] sent=1

# HOST CMD 37 5 96 0 10
[Q COMMAND] CMD 37 5 96 0 10
[Q ACK] sent=1

# HOST CMD 38 5 10 0 10
[Q COMMAND] CMD 38 5 10 0 10
[Q ACK] sent=1

# HOST CMD 2 5 11 0 11
[Q COMMAND] CMD 2 5 11 0 11
[Q ACK] sent=1

# HOST CMD 18 5 127 0 11
[Q COMMAND] CMD 18 5 127 0 11
[Q ACK] sent=1

# HOST CMD 19 5 100 0 11
[Q COMMAND] CMD 19 5 100 0 11
[Q ACK] sent=1

# HOST CMD 20 5 4 0 11
[Q COMMAND] CMD 20 5 4 0 11
[Q ACK] sent=1

# HOST CMD 31 5 52 0 11
[Q COMMAND] CMD 31 5 52 0 11
[Q ACK] sent=1

# HOST CMD 32 5 127 0 11
[Q COMMAND] CMD 32 5 127 0 11
[Q ACK] sent=1

# HOST CMD 33 5 101 0 11
[Q COMMAND] CMD 33 5 101 0 11
[Q ACK] sent=1

# HOST CMD 34 5 0 0 11
[Q COMMAND] CMD 34 5 0 0 11
[Q ACK] sent=1

# HOST CMD 35 5 120 0 11
[Q COMMAND] CMD 35 5 120 0 11
[Q ACK] sent=1

# HOST CMD 36 5 127 0 11
[Q COMMAND] CMD 36 5 127 0 11
[Q ACK] sent=1

# HOST CMD 37 5 96 0 11
[Q COMMAND] CMD 37 5 96 0 11
[Q ACK] sent=1

# HOST CMD 38 5 11 0 11
[Q COMMAND] CMD 38 5 11 0 11
[Q ACK] sent=1

# HOST CMD 2 5 12 0 12
[Q COMMAND] CMD 2 5 12 0 12
[Q ACK] sent=1

# HOST CMD 18 5 127 0 12
[Q COMMAND] CMD 18 5 127 0 12
[Q ACK] sent=1

# HOST CMD 19 5 100 0 12
[Q COMMAND] CMD 19 5 100 0 12
[Q ACK] sent=1

# HOST CMD 20 5 4 0 12
[Q COMMAND] CMD 20 5 4 0 12
[Q ACK] sent=1

# HOST CMD 31 5 53 0 12
[Q COMMAND] CMD 31 5 53 0 12
[Q ACK] sent=1

# HOST CMD 32 5 127 0 12
[Q COMMAND] CMD 32 5 127 0 12
[Q ACK] sent=1

# HOST CMD 33 5 114 0 12
[Q COMMAND] CMD 33 5 114 0 12
[Q ACK] sent=1

# HOST CMD 34 5 1 0 12
[Q COMMAND] CMD 34 5 1 0 12
[Q ACK] sent=1

# HOST CMD 35 5 20 0 12
[Q COMMAND] CMD 35 5 20 0 12
[Q ACK] sent=1

# HOST CMD 36 5 10 0 12
[Q COMMAND] CMD 36 5 10 0 12
[Q ACK] sent=1

# HOST CMD 37 5 96 0 12
[Q COMMAND] CMD 37 5 96 0 12
[Q ACK] sent=1

# HOST CMD 38 5 12 0 12
[Q COMMAND] CMD 38 5 12 0 12
[Q ACK] sent=1

# HOST CMD 2 5 13 0 13
[Q COMMAND] CMD 2 5 13 0 13
[Q ACK] sent=1

# HOST CMD 18 5 127 0 13
[Q COMMAND] CMD 18 5 127 0 13
[Q ACK] sent=1

# HOST CMD 19 5 100 0 13
[Q COMMAND] CMD 19 5 100 0 13
[Q ACK] sent=1

# HOST CMD 20 5 4 0 13
[Q COMMAND] CMD 20 5 4 0 13
[Q ACK] sent=1

# HOST CMD 31 5 54 0 13
[Q COMMAND] CMD 31 5 54 0 13
[Q ACK] sent=1

# HOST CMD 32 5 127 0 13
[Q COMMAND] CMD 32 5 127 0 13
[Q ACK] sent=1

# HOST CMD 33 5 127 0 13
[Q COMMAND] CMD 33 5 127 0 13
[Q ACK] sent=1

# HOST CMD 34 5 2 0 13
[Q COMMAND] CMD 34 5 2 0 13
[Q ACK] sent=1

# HOST CMD 35 5 100 0 13
[Q COMMAND] CMD 35 5 100 0 13
[Q ACK] sent=1

# HOST CMD 36 5 100 0 13
[Q COMMAND] CMD 36 5 100 0 13
[Q ACK] sent=1

# HOST CMD 37 5 96 0 13
[Q COMMAND] CMD 37 5 96 0 13
[Q ACK] sent=1

# HOST CMD 38 5 13 0 13
[Q COMMAND] CMD 38 5 13 0 13
[Q ACK] sent=1

# HOST CMD 2 5 14 0 14
[Q COMMAND] CMD 2 5 14 0 14
[Q ACK] sent=1

# HOST CMD 18 5 127 0 14
[Q COMMAND] CMD 18 5 127 0 14
[Q ACK] sent=1

# HOST CMD 19 5 100 0 14
[Q COMMAND] CMD 19 5 100 0 14
[Q ACK] sent=1

# HOST CMD 20 5 4 0 14
[Q COMMAND] CMD 20 5 4 0 14
[Q ACK] sent=1

# HOST CMD 31 5 55 0 14
[Q COMMAND] CMD 31 5 55 0 14
[Q ACK] sent=1

# HOST CMD 32 5 127 0 14
[Q COMMAND] CMD 32 5 127 0 14
[Q ACK] sent=1

# HOST CMD 33 5 -115 0 14
[Q COMMAND] CMD 33 5 -115 0 14
[Q ACK] sent=1

# HOST CMD 34 5 3 0 14
[Q COMMAND] CMD 34 5 3 0 14
[Q ACK] sent=1

# HOST CMD 35 5 40 0 14
[Q COMMAND] CMD 35 5 40 0 14
[Q ACK] sent=1

# HOST CMD 36 5 40 0 14
[Q COMMAND] CMD 36 5 40 0 14
[Q ACK] sent=1

# HOST CMD 37 5 96 0 14
[Q COMMAND] CMD 37 5 96 0 14
[Q ACK] sent=1

# HOST CMD 38 5 14 0 14
[Q COMMAND] CMD 38 5 14 0 14
[Q ACK] sent=1

# HOST CMD 2 5 15 0 15
[Q COMMAND] CMD 2 5 15 0 15
[Q ACK] sent=1

# HOST CMD 18 5 127 0 15
[Q COMMAND] CMD 18 5 127 0 15
[Q ACK] sent=1

# HOST CMD 19 5 100 0 15
[Q COMMAND] CMD 19 5 100 0 15
[Q ACK] sent=1

# HOST CMD 20 5 4 0 15
[Q COMMAND] CMD 20 5 4 0 15
[Q ACK] sent=1

# HOST CMD 31 5 56 0 15
[Q COMMAND] CMD 31 5 56 0 15
[Q ACK] sent=1

# HOST CMD 32 5 127 0 15
[Q COMMAND] CMD 32 5 127 0 15
[Q ACK] sent=1

# HOST CMD 33 5 -102 0 15
[Q COMMAND] CMD 33 5 -102 0 15
[Q ACK] sent=1

# HOST CMD 34 5 4 0 15
[Q COMMAND] CMD 34 5 4 0 15
[Q ACK] sent=1

# HOST CMD 35 5 120 0 15
[Q COMMAND] CMD 35 5 120 0 15
[Q ACK] sent=1

# HOST CMD 36 5 127 0 15
[Q COMMAND] CMD 36 5 127 0 15
[Q ACK] sent=1

# HOST CMD 37 5 96 0 15
[Q COMMAND] CMD 37 5 96 0 15
[Q ACK] sent=1

# HOST CMD 38 5 15 0 15
[Q COMMAND] CMD 38 5 15 0 15
[Q ACK] sent=1

# HOST LOAD 6 3
[Q COMMAND] LOAD 6 3
[Q ACK] load=1
[M6 read] bytes=352800 read_us=701783 bytes_per_second=502719 original_channels=1 rate=44100 total_psram=33554432
[M6 load] track=6 file_bytes=352844 pcm_bytes=352800 load_publish_us=1129155 payload=2469600 transient=352800 peak_payload=2469600 ps_free=28230160 largest=27787252 internal=210228 display=2304000 fx_delay=352800 reserve=4194304
[M6.1 replacement] retired_clear=1 ps_delta=360452 status=READY

# HOST CMD 10 6 0 0 0
[Q COMMAND] CMD 10 6 0 0 0
[Q ACK] sent=1

# HOST CMD 12 6 0 0 0
[Q COMMAND] CMD 12 6 0 0 0
[Q ACK] sent=1

# HOST CMD 47 6 0 0 0
[Q COMMAND] CMD 47 6 0 0 0
[Q ACK] sent=1

# HOST CMD 46 6 0 0 0
[Q COMMAND] CMD 46 6 0 0 0
[Q ACK] sent=1

# HOST CMD 48 6 0 0 0
[Q COMMAND] CMD 48 6 0 0 0
[Q ACK] sent=1

# HOST CMD 55 6 16 0 0
[Q COMMAND] CMD 55 6 16 0 0
[Q ACK] sent=1

# HOST CMD 41 6 54 0 0
[Q COMMAND] CMD 41 6 54 0 0
[Q ACK] sent=1

# HOST CMD 42 6 96 0 0
[Q COMMAND] CMD 42 6 96 0 0
[Q ACK] sent=1

# HOST CMD 43 6 127 0 0
[Q COMMAND] CMD 43 6 127 0 0
[Q ACK] sent=1

# HOST CMD 2 6 0 0 0
[Q COMMAND] CMD 2 6 0 0 0
[Q ACK] sent=1

# HOST CMD 18 6 127 0 0
[Q COMMAND] CMD 18 6 127 0 0
[Q ACK] sent=1

# HOST CMD 19 6 100 0 0
[Q COMMAND] CMD 19 6 100 0 0
[Q ACK] sent=1

# HOST CMD 20 6 4 0 0
[Q COMMAND] CMD 20 6 4 0 0
[Q ACK] sent=1

# HOST CMD 31 6 42 0 0
[Q COMMAND] CMD 31 6 42 0 0
[Q ACK] sent=1

# HOST CMD 32 6 127 0 0
[Q COMMAND] CMD 32 6 127 0 0
[Q ACK] sent=1

# HOST CMD 33 6 -25 0 0
[Q COMMAND] CMD 33 6 -25 0 0
[Q ACK] sent=1

# HOST CMD 34 6 6 0 0
[Q COMMAND] CMD 34 6 6 0 0
[Q ACK] sent=1

# HOST CMD 35 6 20 0 0
[Q COMMAND] CMD 35 6 20 0 0
[Q ACK] sent=1

# HOST CMD 36 6 10 0 0
[Q COMMAND] CMD 36 6 10 0 0
[Q ACK] sent=1

# HOST CMD 37 6 96 0 0
[Q COMMAND] CMD 37 6 96 0 0
[Q ACK] sent=1

# HOST CMD 38 6 0 0 0
[Q COMMAND] CMD 38 6 0 0 0
[Q ACK] sent=1

# HOST CMD 2 6 1 0 1
[Q COMMAND] CMD 2 6 1 0 1
[Q ACK] sent=1

# HOST CMD 18 6 127 0 1
[Q COMMAND] CMD 18 6 127 0 1
[Q ACK] sent=1

# HOST CMD 19 6 100 0 1
[Q COMMAND] CMD 19 6 100 0 1
[Q ACK] sent=1

# HOST CMD 20 6 4 0 1
[Q COMMAND] CMD 20 6 4 0 1
[Q ACK] sent=1

# HOST CMD 31 6 43 0 1
[Q COMMAND] CMD 31 6 43 0 1
[Q ACK] sent=1

# HOST CMD 32 6 127 0 1
[Q COMMAND] CMD 32 6 127 0 1
[Q ACK] sent=1

# HOST CMD 33 6 -12 0 1
[Q COMMAND] CMD 33 6 -12 0 1
[Q ACK] sent=1

# HOST CMD 34 6 7 0 1
[Q COMMAND] CMD 34 6 7 0 1
[Q ACK] sent=1

# HOST CMD 35 6 100 0 1
[Q COMMAND] CMD 35 6 100 0 1
[Q ACK] sent=1

# HOST CMD 36 6 100 0 1
[Q COMMAND] CMD 36 6 100 0 1
[Q ACK] sent=1

# HOST CMD 37 6 96 0 1
[Q COMMAND] CMD 37 6 96 0 1
[Q ACK] sent=1

# HOST CMD 38 6 1 0 1
[Q COMMAND] CMD 38 6 1 0 1
[Q ACK] sent=1

# HOST CMD 2 6 2 0 2
[Q COMMAND] CMD 2 6 2 0 2
[Q ACK] sent=1

# HOST CMD 18 6 127 0 2
[Q COMMAND] CMD 18 6 127 0 2
[Q ACK] sent=1

# HOST CMD 19 6 100 0 2
[Q COMMAND] CMD 19 6 100 0 2
[Q ACK] sent=1

# HOST CMD 20 6 4 0 2
[Q COMMAND] CMD 20 6 4 0 2
[Q ACK] sent=1

# HOST CMD 31 6 44 0 2
[Q COMMAND] CMD 31 6 44 0 2
[Q ACK] sent=1

# HOST CMD 32 6 127 0 2
[Q COMMAND] CMD 32 6 127 0 2
[Q ACK] sent=1

# HOST CMD 33 6 1 0 2
[Q COMMAND] CMD 33 6 1 0 2
[Q ACK] sent=1

# HOST CMD 34 6 8 0 2
[Q COMMAND] CMD 34 6 8 0 2
[Q ACK] sent=1

# HOST CMD 35 6 40 0 2
[Q COMMAND] CMD 35 6 40 0 2
[Q ACK] sent=1

# HOST CMD 36 6 40 0 2
[Q COMMAND] CMD 36 6 40 0 2
[Q ACK] sent=1

# HOST CMD 37 6 96 0 2
[Q COMMAND] CMD 37 6 96 0 2
[Q ACK] sent=1

# HOST CMD 38 6 2 0 2
[Q COMMAND] CMD 38 6 2 0 2
[Q ACK] sent=1

# HOST CMD 2 6 3 0 3
[Q COMMAND] CMD 2 6 3 0 3
[Q ACK] sent=1

# HOST CMD 18 6 127 0 3
[Q COMMAND] CMD 18 6 127 0 3
[Q ACK] sent=1

# HOST CMD 19 6 100 0 3
[Q COMMAND] CMD 19 6 100 0 3
[Q ACK] sent=1

# HOST CMD 20 6 4 0 3
[Q COMMAND] CMD 20 6 4 0 3
[Q ACK] sent=1

# HOST CMD 31 6 45 0 3
[Q COMMAND] CMD 31 6 45 0 3
[Q ACK] sent=1

# HOST CMD 32 6 127 0 3
[Q COMMAND] CMD 32 6 127 0 3
[Q ACK] sent=1

# HOST CMD 33 6 14 0 3
[Q COMMAND] CMD 33 6 14 0 3
[Q ACK] sent=1

# HOST CMD 34 6 9 0 3
[Q COMMAND] CMD 34 6 9 0 3
[Q ACK] sent=1

# HOST CMD 35 6 120 0 3
[Q COMMAND] CMD 35 6 120 0 3
[Q ACK] sent=1

# HOST CMD 36 6 127 0 3
[Q COMMAND] CMD 36 6 127 0 3
[Q ACK] sent=1

# HOST CMD 37 6 96 0 3
[Q COMMAND] CMD 37 6 96 0 3
[Q ACK] sent=1

# HOST CMD 38 6 3 0 3
[Q COMMAND] CMD 38 6 3 0 3
[Q ACK] sent=1

# HOST CMD 2 6 4 0 4
[Q COMMAND] CMD 2 6 4 0 4
[Q ACK] sent=1

# HOST CMD 18 6 127 0 4
[Q COMMAND] CMD 18 6 127 0 4
[Q ACK] sent=1

# HOST CMD 19 6 100 0 4
[Q COMMAND] CMD 19 6 100 0 4
[Q ACK] sent=1

# HOST CMD 20 6 4 0 4
[Q COMMAND] CMD 20 6 4 0 4
[Q ACK] sent=1

# HOST CMD 31 6 46 0 4
[Q COMMAND] CMD 31 6 46 0 4
[Q ACK] sent=1

# HOST CMD 32 6 127 0 4
[Q COMMAND] CMD 32 6 127 0 4
[Q ACK] sent=1

# HOST CMD 33 6 27 0 4
[Q COMMAND] CMD 33 6 27 0 4
[Q ACK] sent=1

# HOST CMD 34 6 10 0 4
[Q COMMAND] CMD 34 6 10 0 4
[Q ACK] sent=1

# HOST CMD 35 6 20 0 4
[Q COMMAND] CMD 35 6 20 0 4
[Q ACK] sent=1

# HOST CMD 36 6 10 0 4
[Q COMMAND] CMD 36 6 10 0 4
[Q ACK] sent=1

# HOST CMD 37 6 96 0 4
[Q COMMAND] CMD 37 6 96 0 4
[Q ACK] sent=1

# HOST CMD 38 6 4 0 4
[Q COMMAND] CMD 38 6 4 0 4
[Q ACK] sent=1

# HOST CMD 2 6 5 0 5
[Q COMMAND] CMD 2 6 5 0 5
[Q ACK] sent=1

# HOST CMD 18 6 127 0 5
[Q COMMAND] CMD 18 6 127 0 5
[Q ACK] sent=1

# HOST CMD 19 6 100 0 5
[Q COMMAND] CMD 19 6 100 0 5
[Q ACK] sent=1

# HOST CMD 20 6 4 0 5
[Q COMMAND] CMD 20 6 4 0 5
[Q ACK] sent=1

# HOST CMD 31 6 47 0 5
[Q COMMAND] CMD 31 6 47 0 5
[Q ACK] sent=1

# HOST CMD 32 6 127 0 5
[Q COMMAND] CMD 32 6 127 0 5
[Q ACK] sent=1

# HOST CMD 33 6 40 0 5
[Q COMMAND] CMD 33 6 40 0 5
[Q ACK] sent=1

# HOST CMD 34 6 11 0 5
[Q COMMAND] CMD 34 6 11 0 5
[Q ACK] sent=1

# HOST CMD 35 6 100 0 5
[Q COMMAND] CMD 35 6 100 0 5
[Q ACK] sent=1

# HOST CMD 36 6 100 0 5
[Q COMMAND] CMD 36 6 100 0 5
[Q ACK] sent=1

# HOST CMD 37 6 96 0 5
[Q COMMAND] CMD 37 6 96 0 5
[Q ACK] sent=1

# HOST CMD 38 6 5 0 5
[Q COMMAND] CMD 38 6 5 0 5
[Q ACK] sent=1

# HOST CMD 2 6 6 0 6
[Q COMMAND] CMD 2 6 6 0 6
[Q ACK] sent=1

# HOST CMD 18 6 127 0 6
[Q COMMAND] CMD 18 6 127 0 6
[Q ACK] sent=1

# HOST CMD 19 6 100 0 6
[Q COMMAND] CMD 19 6 100 0 6
[Q ACK] sent=1

# HOST CMD 20 6 4 0 6
[Q COMMAND] CMD 20 6 4 0 6
[Q ACK] sent=1

# HOST CMD 31 6 48 0 6
[Q COMMAND] CMD 31 6 48 0 6
[Q ACK] sent=1

# HOST CMD 32 6 127 0 6
[Q COMMAND] CMD 32 6 127 0 6
[Q ACK] sent=1

# HOST CMD 33 6 53 0 6
[Q COMMAND] CMD 33 6 53 0 6
[Q ACK] sent=1

# HOST CMD 34 6 12 0 6
[Q COMMAND] CMD 34 6 12 0 6
[Q ACK] sent=1

# HOST CMD 35 6 40 0 6
[Q COMMAND] CMD 35 6 40 0 6
[Q ACK] sent=1

# HOST CMD 36 6 40 0 6
[Q COMMAND] CMD 36 6 40 0 6
[Q ACK] sent=1

# HOST CMD 37 6 96 0 6
[Q COMMAND] CMD 37 6 96 0 6
[Q ACK] sent=1

# HOST CMD 38 6 6 0 6
[Q COMMAND] CMD 38 6 6 0 6
[Q ACK] sent=1

# HOST CMD 2 6 7 0 7
[Q COMMAND] CMD 2 6 7 0 7
[Q ACK] sent=1

# HOST CMD 18 6 127 0 7
[Q COMMAND] CMD 18 6 127 0 7
[Q ACK] sent=1

# HOST CMD 19 6 100 0 7
[Q COMMAND] CMD 19 6 100 0 7
[Q ACK] sent=1

# HOST CMD 20 6 4 0 7
[Q COMMAND] CMD 20 6 4 0 7
[Q ACK] sent=1

# HOST CMD 31 6 49 0 7
[Q COMMAND] CMD 31 6 49 0 7
[Q ACK] sent=1

# HOST CMD 32 6 127 0 7
[Q COMMAND] CMD 32 6 127 0 7
[Q ACK] sent=1

# HOST CMD 33 6 66 0 7
[Q COMMAND] CMD 33 6 66 0 7
[Q ACK] sent=1

# HOST CMD 34 6 13 0 7
[Q COMMAND] CMD 34 6 13 0 7
[Q ACK] sent=1

# HOST CMD 35 6 120 0 7
[Q COMMAND] CMD 35 6 120 0 7
[Q ACK] sent=1

# HOST CMD 36 6 127 0 7
[Q COMMAND] CMD 36 6 127 0 7
[Q ACK] sent=1

# HOST CMD 37 6 96 0 7
[Q COMMAND] CMD 37 6 96 0 7
[Q ACK] sent=1

# HOST CMD 38 6 7 0 7
[Q COMMAND] CMD 38 6 7 0 7
[Q ACK] sent=1

# HOST CMD 2 6 8 0 8
[Q COMMAND] CMD 2 6 8 0 8
[Q ACK] sent=1

# HOST CMD 18 6 127 0 8
[Q COMMAND] CMD 18 6 127 0 8
[Q ACK] sent=1

# HOST CMD 19 6 100 0 8
[Q COMMAND] CMD 19 6 100 0 8
[Q ACK] sent=1

# HOST CMD 20 6 4 0 8
[Q COMMAND] CMD 20 6 4 0 8
[Q ACK] sent=1

# HOST CMD 31 6 50 0 8
[Q COMMAND] CMD 31 6 50 0 8
[Q ACK] sent=1

# HOST CMD 32 6 127 0 8
[Q COMMAND] CMD 32 6 127 0 8
[Q ACK] sent=1

# HOST CMD 33 6 79 0 8
[Q COMMAND] CMD 33 6 79 0 8
[Q ACK] sent=1

# HOST CMD 34 6 14 0 8
[Q COMMAND] CMD 34 6 14 0 8
[Q ACK] sent=1

# HOST CMD 35 6 20 0 8
[Q COMMAND] CMD 35 6 20 0 8
[Q ACK] sent=1

# HOST CMD 36 6 10 0 8
[Q COMMAND] CMD 36 6 10 0 8
[Q ACK] sent=1

# HOST CMD 37 6 96 0 8
[Q COMMAND] CMD 37 6 96 0 8
[Q ACK] sent=1

# HOST CMD 38 6 8 0 8
[Q COMMAND] CMD 38 6 8 0 8
[Q ACK] sent=1

# HOST CMD 2 6 9 0 9
[Q COMMAND] CMD 2 6 9 0 9
[Q ACK] sent=1

# HOST CMD 18 6 127 0 9
[Q COMMAND] CMD 18 6 127 0 9
[Q ACK] sent=1

# HOST CMD 19 6 100 0 9
[Q COMMAND] CMD 19 6 100 0 9
[Q ACK] sent=1

# HOST CMD 20 6 4 0 9
[Q COMMAND] CMD 20 6 4 0 9
[Q ACK] sent=1

# HOST CMD 31 6 51 0 9
[Q COMMAND] CMD 31 6 51 0 9
[Q ACK] sent=1

# HOST CMD 32 6 127 0 9
[Q COMMAND] CMD 32 6 127 0 9
[Q ACK] sent=1

# HOST CMD 33 6 92 0 9
[Q COMMAND] CMD 33 6 92 0 9
[Q ACK] sent=1

# HOST CMD 34 6 15 0 9
[Q COMMAND] CMD 34 6 15 0 9
[Q ACK] sent=1

# HOST CMD 35 6 100 0 9
[Q COMMAND] CMD 35 6 100 0 9
[Q ACK] sent=1

# HOST CMD 36 6 100 0 9
[Q COMMAND] CMD 36 6 100 0 9
[Q ACK] sent=1

# HOST CMD 37 6 96 0 9
[Q COMMAND] CMD 37 6 96 0 9
[Q ACK] sent=1

# HOST CMD 38 6 9 0 9
[Q COMMAND] CMD 38 6 9 0 9
[Q ACK] sent=1

# HOST CMD 2 6 10 0 10
[Q COMMAND] CMD 2 6 10 0 10
[Q ACK] sent=1

# HOST CMD 18 6 127 0 10
[Q COMMAND] CMD 18 6 127 0 10
[Q ACK] sent=1

# HOST CMD 19 6 100 0 10
[Q COMMAND] CMD 19 6 100 0 10
[Q ACK] sent=1

# HOST CMD 20 6 4 0 10
[Q COMMAND] CMD 20 6 4 0 10
[Q ACK] sent=1

# HOST CMD 31 6 52 0 10
[Q COMMAND] CMD 31 6 52 0 10
[Q ACK] sent=1

# HOST CMD 32 6 127 0 10
[Q COMMAND] CMD 32 6 127 0 10
[Q ACK] sent=1

# HOST CMD 33 6 105 0 10
[Q COMMAND] CMD 33 6 105 0 10
[Q ACK] sent=1

# HOST CMD 34 6 0 0 10
[Q COMMAND] CMD 34 6 0 0 10
[Q ACK] sent=1

# HOST CMD 35 6 40 0 10
[Q COMMAND] CMD 35 6 40 0 10
[Q ACK] sent=1

# HOST CMD 36 6 40 0 10
[Q COMMAND] CMD 36 6 40 0 10
[Q ACK] sent=1

# HOST CMD 37 6 96 0 10
[Q COMMAND] CMD 37 6 96 0 10
[Q ACK] sent=1

# HOST CMD 38 6 10 0 10
[Q COMMAND] CMD 38 6 10 0 10
[Q ACK] sent=1

# HOST CMD 2 6 11 0 11
[Q COMMAND] CMD 2 6 11 0 11
[Q ACK] sent=1

# HOST CMD 18 6 127 0 11
[Q COMMAND] CMD 18 6 127 0 11
[Q ACK] sent=1

# HOST CMD 19 6 100 0 11
[Q COMMAND] CMD 19 6 100 0 11
[Q ACK] sent=1

# HOST CMD 20 6 4 0 11
[Q COMMAND] CMD 20 6 4 0 11
[Q ACK] sent=1

# HOST CMD 31 6 53 0 11
[Q COMMAND] CMD 31 6 53 0 11
[Q ACK] sent=1

# HOST CMD 32 6 127 0 11
[Q COMMAND] CMD 32 6 127 0 11
[Q ACK] sent=1

# HOST CMD 33 6 118 0 11
[Q COMMAND] CMD 33 6 118 0 11
[Q ACK] sent=1

# HOST CMD 34 6 1 0 11
[Q COMMAND] CMD 34 6 1 0 11
[Q ACK] sent=1

# HOST CMD 35 6 120 0 11
[Q COMMAND] CMD 35 6 120 0 11
[Q ACK] sent=1

# HOST CMD 36 6 127 0 11
[Q COMMAND] CMD 36 6 127 0 11
[Q ACK] sent=1

# HOST CMD 37 6 96 0 11
[Q COMMAND] CMD 37 6 96 0 11
[Q ACK] sent=1

# HOST CMD 38 6 11 0 11
[Q COMMAND] CMD 38 6 11 0 11
[Q ACK] sent=1

# HOST CMD 2 6 12 0 12
[Q COMMAND] CMD 2 6 12 0 12
[Q ACK] sent=1

# HOST CMD 18 6 127 0 12
[Q COMMAND] CMD 18 6 127 0 12
[Q ACK] sent=1

# HOST CMD 19 6 100 0 12
[Q COMMAND] CMD 19 6 100 0 12
[Q ACK] sent=1

# HOST CMD 20 6 4 0 12
[Q COMMAND] CMD 20 6 4 0 12
[Q ACK] sent=1

# HOST CMD 31 6 54 0 12
[Q COMMAND] CMD 31 6 54 0 12
[Q ACK] sent=1

# HOST CMD 32 6 127 0 12
[Q COMMAND] CMD 32 6 127 0 12
[Q ACK] sent=1

# HOST CMD 33 6 -124 0 12
[Q COMMAND] CMD 33 6 -124 0 12
[Q ACK] sent=1

# HOST CMD 34 6 2 0 12
[Q COMMAND] CMD 34 6 2 0 12
[Q ACK] sent=1

# HOST CMD 35 6 20 0 12
[Q COMMAND] CMD 35 6 20 0 12
[Q ACK] sent=1

# HOST CMD 36 6 10 0 12
[Q COMMAND] CMD 36 6 10 0 12
[Q ACK] sent=1

# HOST CMD 37 6 96 0 12
[Q COMMAND] CMD 37 6 96 0 12
[Q ACK] sent=1

# HOST CMD 38 6 12 0 12
[Q COMMAND] CMD 38 6 12 0 12
[Q ACK] sent=1

# HOST CMD 2 6 13 0 13
[Q COMMAND] CMD 2 6 13 0 13
[Q ACK] sent=1

# HOST CMD 18 6 127 0 13
[Q COMMAND] CMD 18 6 127 0 13
[Q ACK] sent=1

# HOST CMD 19 6 100 0 13
[Q COMMAND] CMD 19 6 100 0 13
[Q ACK] sent=1

# HOST CMD 20 6 4 0 13
[Q COMMAND] CMD 20 6 4 0 13
[Q ACK] sent=1

# HOST CMD 31 6 55 0 13
[Q COMMAND] CMD 31 6 55 0 13
[Q ACK] sent=1

# HOST CMD 32 6 127 0 13
[Q COMMAND] CMD 32 6 127 0 13
[Q ACK] sent=1

# HOST CMD 33 6 -111 0 13
[Q COMMAND] CMD 33 6 -111 0 13
[Q ACK] sent=1

# HOST CMD 34 6 3 0 13
[Q COMMAND] CMD 34 6 3 0 13
[Q ACK] sent=1

# HOST CMD 35 6 100 0 13
[Q COMMAND] CMD 35 6 100 0 13
[Q ACK] sent=1

# HOST CMD 36 6 100 0 13
[Q COMMAND] CMD 36 6 100 0 13
[Q ACK] sent=1

# HOST CMD 37 6 96 0 13
[Q COMMAND] CMD 37 6 96 0 13
[Q ACK] sent=1

# HOST CMD 38 6 13 0 13
[Q COMMAND] CMD 38 6 13 0 13
[Q ACK] sent=1

# HOST CMD 2 6 14 0 14
[Q COMMAND] CMD 2 6 14 0 14
[Q ACK] sent=1

# HOST CMD 18 6 127 0 14
[Q COMMAND] CMD 18 6 127 0 14
[Q ACK] sent=1

# HOST CMD 19 6 100 0 14
[Q COMMAND] CMD 19 6 100 0 14
[Q ACK] sent=1

# HOST CMD 20 6 4 0 14
[Q COMMAND] CMD 20 6 4 0 14
[Q ACK] sent=1

# HOST CMD 31 6 56 0 14
[Q COMMAND] CMD 31 6 56 0 14
[Q ACK] sent=1

# HOST CMD 32 6 127 0 14
[Q COMMAND] CMD 32 6 127 0 14
[Q ACK] sent=1

# HOST CMD 33 6 -98 0 14
[Q COMMAND] CMD 33 6 -98 0 14
[Q ACK] sent=1

# HOST CMD 34 6 4 0 14
[Q COMMAND] CMD 34 6 4 0 14
[Q ACK] sent=1

# HOST CMD 35 6 40 0 14
[Q COMMAND] CMD 35 6 40 0 14
[Q ACK] sent=1

# HOST CMD 36 6 40 0 14
[Q COMMAND] CMD 36 6 40 0 14
[Q ACK] sent=1

# HOST CMD 37 6 96 0 14
[Q COMMAND] CMD 37 6 96 0 14
[Q ACK] sent=1

# HOST CMD 38 6 14 0 14
[Q COMMAND] CMD 38 6 14 0 14
[Q ACK] sent=1

# HOST CMD 2 6 15 0 15
[Q COMMAND] CMD 2 6 15 0 15
[Q ACK] sent=1

# HOST CMD 18 6 127 0 15
[Q COMMAND] CMD 18 6 127 0 15
[Q ACK] sent=1

# HOST CMD 19 6 100 0 15
[Q COMMAND] CMD 19 6 100 0 15
[Q ACK] sent=1

# HOST CMD 20 6 4 0 15
[Q COMMAND] CMD 20 6 4 0 15
[Q ACK] sent=1

# HOST CMD 31 6 57 0 15
[Q COMMAND] CMD 31 6 57 0 15
[Q ACK] sent=1

# HOST CMD 32 6 127 0 15
[Q COMMAND] CMD 32 6 127 0 15
[Q ACK] sent=1

# HOST CMD 33 6 -85 0 15
[Q COMMAND] CMD 33 6 -85 0 15
[Q ACK] sent=1

# HOST CMD 34 6 5 0 15
[Q COMMAND] CMD 34 6 5 0 15
[Q ACK] sent=1

# HOST CMD 35 6 120 0 15
[Q COMMAND] CMD 35 6 120 0 15
[Q ACK] sent=1

# HOST CMD 36 6 127 0 15
[Q COMMAND] CMD 36 6 127 0 15
[Q ACK] sent=1

# HOST CMD 37 6 96 0 15
[Q COMMAND] CMD 37 6 96 0 15
[Q ACK] sent=1

# HOST CMD 38 6 15 0 15
[Q COMMAND] CMD 38 6 15 0 15
[Q ACK] sent=1

# HOST LOAD 7 3
[Q COMMAND] LOAD 7 3
[Q ACK] load=1
[M6 read] bytes=352800 read_us=700911 bytes_per_second=503344 original_channels=1 rate=44100 total_psram=33554432
[M6 load] track=7 file_bytes=352844 pcm_bytes=352800 load_publish_us=1130838 payload=2822400 transient=352800 peak_payload=2822400 ps_free=27869708 largest=27787252 internal=208624 display=2304000 fx_delay=352800 reserve=4194304
[M6.1 replacement] retired_clear=1 ps_delta=360452 status=READY

# HOST CMD 10 7 0 0 0
[Q COMMAND] CMD 10 7 0 0 0
[Q ACK] sent=1

# HOST CMD 12 7 0 0 0
[Q COMMAND] CMD 12 7 0 0 0
[Q ACK] sent=1

# HOST CMD 47 7 0 0 0
[Q COMMAND] CMD 47 7 0 0 0
[Q ACK] sent=1

# HOST CMD 46 7 0 0 0
[Q COMMAND] CMD 46 7 0 0 0
[Q ACK] sent=1

# HOST CMD 48 7 0 0 0
[Q COMMAND] CMD 48 7 0 0 0
[Q ACK] sent=1

# HOST CMD 55 7 16 0 0
[Q COMMAND] CMD 55 7 16 0 0
[Q ACK] sent=1

# HOST CMD 41 7 58 0 0
[Q COMMAND] CMD 41 7 58 0 0
[Q ACK] sent=1

# HOST CMD 42 7 96 0 0
[Q COMMAND] CMD 42 7 96 0 0
[Q ACK] sent=1

# HOST CMD 43 7 127 0 0
[Q COMMAND] CMD 43 7 127 0 0
[Q ACK] sent=1

# HOST CMD 2 7 0 0 0
[Q COMMAND] CMD 2 7 0 0 0
[Q ACK] sent=1

# HOST CMD 18 7 127 0 0
[Q COMMAND] CMD 18 7 127 0 0
[Q ACK] sent=1

# HOST CMD 19 7 100 0 0
[Q COMMAND] CMD 19 7 100 0 0
[Q ACK] sent=1

# HOST CMD 20 7 4 0 0
[Q COMMAND] CMD 20 7 4 0 0
[Q ACK] sent=1

# HOST CMD 31 7 43 0 0
[Q COMMAND] CMD 31 7 43 0 0
[Q ACK] sent=1

# HOST CMD 32 7 127 0 0
[Q COMMAND] CMD 32 7 127 0 0
[Q ACK] sent=1

# HOST CMD 33 7 -8 0 0
[Q COMMAND] CMD 33 7 -8 0 0
[Q ACK] sent=1

# HOST CMD 34 7 7 0 0
[Q COMMAND] CMD 34 7 7 0 0
[Q ACK] sent=1

# HOST CMD 35 7 20 0 0
[Q COMMAND] CMD 35 7 20 0 0
[Q ACK] sent=1

# HOST CMD 36 7 10 0 0
[Q COMMAND] CMD 36 7 10 0 0
[Q ACK] sent=1

# HOST CMD 37 7 96 0 0
[Q COMMAND] CMD 37 7 96 0 0
[Q ACK] sent=1

# HOST CMD 38 7 0 0 0
[Q COMMAND] CMD 38 7 0 0 0
[Q ACK] sent=1

# HOST CMD 2 7 1 0 1
[Q COMMAND] CMD 2 7 1 0 1
[Q ACK] sent=1

# HOST CMD 18 7 127 0 1
[Q COMMAND] CMD 18 7 127 0 1
[Q ACK] sent=1

# HOST CMD 19 7 100 0 1
[Q COMMAND] CMD 19 7 100 0 1
[Q ACK] sent=1

# HOST CMD 20 7 4 0 1
[Q COMMAND] CMD 20 7 4 0 1
[Q ACK] sent=1

# HOST CMD 31 7 44 0 1
[Q COMMAND] CMD 31 7 44 0 1
[Q ACK] sent=1

# HOST CMD 32 7 127 0 1
[Q COMMAND] CMD 32 7 127 0 1
[Q ACK] sent=1

# HOST CMD 33 7 5 0 1
[Q COMMAND] CMD 33 7 5 0 1
[Q ACK] sent=1

# HOST CMD 34 7 8 0 1
[Q COMMAND] CMD 34 7 8 0 1
[Q ACK] sent=1

# HOST CMD 35 7 100 0 1
[Q COMMAND] CMD 35 7 100 0 1
[Q ACK] sent=1

# HOST CMD 36 7 100 0 1
[Q COMMAND] CMD 36 7 100 0 1
[Q ACK] sent=1

# HOST CMD 37 7 96 0 1
[Q COMMAND] CMD 37 7 96 0 1
[Q ACK] sent=1

# HOST CMD 38 7 1 0 1
[Q COMMAND] CMD 38 7 1 0 1
[Q ACK] sent=1

# HOST CMD 2 7 2 0 2
[Q COMMAND] CMD 2 7 2 0 2
[Q ACK] sent=1

# HOST CMD 18 7 127 0 2
[Q COMMAND] CMD 18 7 127 0 2
[Q ACK] sent=1

# HOST CMD 19 7 100 0 2
[Q COMMAND] CMD 19 7 100 0 2
[Q ACK] sent=1

# HOST CMD 20 7 4 0 2
[Q COMMAND] CMD 20 7 4 0 2
[Q ACK] sent=1

# HOST CMD 31 7 45 0 2
[Q COMMAND] CMD 31 7 45 0 2
[Q ACK] sent=1

# HOST CMD 32 7 127 0 2
[Q COMMAND] CMD 32 7 127 0 2
[Q ACK] sent=1

# HOST CMD 33 7 18 0 2
[Q COMMAND] CMD 33 7 18 0 2
[Q ACK] sent=1

# HOST CMD 34 7 9 0 2
[Q COMMAND] CMD 34 7 9 0 2
[Q ACK] sent=1

# HOST CMD 35 7 40 0 2
[Q COMMAND] CMD 35 7 40 0 2
[Q ACK] sent=1

# HOST CMD 36 7 40 0 2
[Q COMMAND] CMD 36 7 40 0 2
[Q ACK] sent=1

# HOST CMD 37 7 96 0 2
[Q COMMAND] CMD 37 7 96 0 2
[Q ACK] sent=1

# HOST CMD 38 7 2 0 2
[Q COMMAND] CMD 38 7 2 0 2
[Q ACK] sent=1

# HOST CMD 2 7 3 0 3
[Q COMMAND] CMD 2 7 3 0 3
[Q ACK] sent=1

# HOST CMD 18 7 127 0 3
[Q COMMAND] CMD 18 7 127 0 3
[Q ACK] sent=1

# HOST CMD 19 7 100 0 3
[Q COMMAND] CMD 19 7 100 0 3
[Q ACK] sent=1

# HOST CMD 20 7 4 0 3
[Q COMMAND] CMD 20 7 4 0 3
[Q ACK] sent=1

# HOST CMD 31 7 46 0 3
[Q COMMAND] CMD 31 7 46 0 3
[Q ACK] sent=1

# HOST CMD 32 7 127 0 3
[Q COMMAND] CMD 32 7 127 0 3
[Q ACK] sent=1

# HOST CMD 33 7 31 0 3
[Q COMMAND] CMD 33 7 31 0 3
[Q ACK] sent=1

# HOST CMD 34 7 10 0 3
[Q COMMAND] CMD 34 7 10 0 3
[Q ACK] sent=1

# HOST CMD 35 7 120 0 3
[Q COMMAND] CMD 35 7 120 0 3
[Q ACK] sent=1

# HOST CMD 36 7 127 0 3
[Q COMMAND] CMD 36 7 127 0 3
[Q ACK] sent=1

# HOST CMD 37 7 96 0 3
[Q COMMAND] CMD 37 7 96 0 3
[Q ACK] sent=1

# HOST CMD 38 7 3 0 3
[Q COMMAND] CMD 38 7 3 0 3
[Q ACK] sent=1

# HOST CMD 2 7 4 0 4
[Q COMMAND] CMD 2 7 4 0 4
[Q ACK] sent=1

# HOST CMD 18 7 127 0 4
[Q COMMAND] CMD 18 7 127 0 4
[Q ACK] sent=1

# HOST CMD 19 7 100 0 4
[Q COMMAND] CMD 19 7 100 0 4
[Q ACK] sent=1

# HOST CMD 20 7 4 0 4
[Q COMMAND] CMD 20 7 4 0 4
[Q ACK] sent=1

# HOST CMD 31 7 47 0 4
[Q COMMAND] CMD 31 7 47 0 4
[Q ACK] sent=1

# HOST CMD 32 7 127 0 4
[Q COMMAND] CMD 32 7 127 0 4
[Q ACK] sent=1

# HOST CMD 33 7 44 0 4
[Q COMMAND] CMD 33 7 44 0 4
[Q ACK] sent=1

# HOST CMD 34 7 11 0 4
[Q COMMAND] CMD 34 7 11 0 4
[Q ACK] sent=1

# HOST CMD 35 7 20 0 4
[Q COMMAND] CMD 35 7 20 0 4
[Q ACK] sent=1

# HOST CMD 36 7 10 0 4
[Q COMMAND] CMD 36 7 10 0 4
[Q ACK] sent=1

# HOST CMD 37 7 96 0 4
[Q COMMAND] CMD 37 7 96 0 4
[Q ACK] sent=1

# HOST CMD 38 7 4 0 4
[Q COMMAND] CMD 38 7 4 0 4
[Q ACK] sent=1

# HOST CMD 2 7 5 0 5
[Q COMMAND] CMD 2 7 5 0 5
[Q ACK] sent=1

# HOST CMD 18 7 127 0 5
[Q COMMAND] CMD 18 7 127 0 5
[Q ACK] sent=1

# HOST CMD 19 7 100 0 5
[Q COMMAND] CMD 19 7 100 0 5
[Q ACK] sent=1

# HOST CMD 20 7 4 0 5
[Q COMMAND] CMD 20 7 4 0 5
[Q ACK] sent=1

# HOST CMD 31 7 48 0 5
[Q COMMAND] CMD 31 7 48 0 5
[Q ACK] sent=1

# HOST CMD 32 7 127 0 5
[Q COMMAND] CMD 32 7 127 0 5
[Q ACK] sent=1

# HOST CMD 33 7 57 0 5
[Q COMMAND] CMD 33 7 57 0 5
[Q ACK] sent=1

# HOST CMD 34 7 12 0 5
[Q COMMAND] CMD 34 7 12 0 5
[Q ACK] sent=1

# HOST CMD 35 7 100 0 5
[Q COMMAND] CMD 35 7 100 0 5
[Q ACK] sent=1

# HOST CMD 36 7 100 0 5
[Q COMMAND] CMD 36 7 100 0 5
[Q ACK] sent=1

# HOST CMD 37 7 96 0 5
[Q COMMAND] CMD 37 7 96 0 5
[Q ACK] sent=1

# HOST CMD 38 7 5 0 5
[Q COMMAND] CMD 38 7 5 0 5
[Q ACK] sent=1

# HOST CMD 2 7 6 0 6
[Q COMMAND] CMD 2 7 6 0 6
[Q ACK] sent=1

# HOST CMD 18 7 127 0 6
[Q COMMAND] CMD 18 7 127 0 6
[Q ACK] sent=1

# HOST CMD 19 7 100 0 6
[Q COMMAND] CMD 19 7 100 0 6
[Q ACK] sent=1

# HOST CMD 20 7 4 0 6
[Q COMMAND] CMD 20 7 4 0 6
[Q ACK] sent=1

# HOST CMD 31 7 49 0 6
[Q COMMAND] CMD 31 7 49 0 6
[Q ACK] sent=1

# HOST CMD 32 7 127 0 6
[Q COMMAND] CMD 32 7 127 0 6
[Q ACK] sent=1

# HOST CMD 33 7 70 0 6
[Q COMMAND] CMD 33 7 70 0 6
[Q ACK] sent=1

# HOST CMD 34 7 13 0 6
[Q COMMAND] CMD 34 7 13 0 6
[Q ACK] sent=1

# HOST CMD 35 7 40 0 6
[Q COMMAND] CMD 35 7 40 0 6
[Q ACK] sent=1

# HOST CMD 36 7 40 0 6
[Q COMMAND] CMD 36 7 40 0 6
[Q ACK] sent=1

# HOST CMD 37 7 96 0 6
[Q COMMAND] CMD 37 7 96 0 6
[Q ACK] sent=1

# HOST CMD 38 7 6 0 6
[Q COMMAND] CMD 38 7 6 0 6
[Q ACK] sent=1

# HOST CMD 2 7 7 0 7
[Q COMMAND] CMD 2 7 7 0 7
[Q ACK] sent=1

# HOST CMD 18 7 127 0 7
[Q COMMAND] CMD 18 7 127 0 7
[Q ACK] sent=1

# HOST CMD 19 7 100 0 7
[Q COMMAND] CMD 19 7 100 0 7
[Q ACK] sent=1

# HOST CMD 20 7 4 0 7
[Q COMMAND] CMD 20 7 4 0 7
[Q ACK] sent=1

# HOST CMD 31 7 50 0 7
[Q COMMAND] CMD 31 7 50 0 7
[Q ACK] sent=1

# HOST CMD 32 7 127 0 7
[Q COMMAND] CMD 32 7 127 0 7
[Q ACK] sent=1

# HOST CMD 33 7 83 0 7
[Q COMMAND] CMD 33 7 83 0 7
[Q ACK] sent=1

# HOST CMD 34 7 14 0 7
[Q COMMAND] CMD 34 7 14 0 7
[Q ACK] sent=1

# HOST CMD 35 7 120 0 7
[Q COMMAND] CMD 35 7 120 0 7
[Q ACK] sent=1

# HOST CMD 36 7 127 0 7
[Q COMMAND] CMD 36 7 127 0 7
[Q ACK] sent=1

# HOST CMD 37 7 96 0 7
[Q COMMAND] CMD 37 7 96 0 7
[Q ACK] sent=1

# HOST CMD 38 7 7 0 7
[Q COMMAND] CMD 38 7 7 0 7
[Q ACK] sent=1

# HOST CMD 2 7 8 0 8
[Q COMMAND] CMD 2 7 8 0 8
[Q ACK] sent=1

# HOST CMD 18 7 127 0 8
[Q COMMAND] CMD 18 7 127 0 8
[Q ACK] sent=1

# HOST CMD 19 7 100 0 8
[Q COMMAND] CMD 19 7 100 0 8
[Q ACK] sent=1

# HOST CMD 20 7 4 0 8
[Q COMMAND] CMD 20 7 4 0 8
[Q ACK] sent=1

# HOST CMD 31 7 51 0 8
[Q COMMAND] CMD 31 7 51 0 8
[Q ACK] sent=1

# HOST CMD 32 7 127 0 8
[Q COMMAND] CMD 32 7 127 0 8
[Q ACK] sent=1

# HOST CMD 33 7 96 0 8
[Q COMMAND] CMD 33 7 96 0 8
[Q ACK] sent=1

# HOST CMD 34 7 15 0 8
[Q COMMAND] CMD 34 7 15 0 8
[Q ACK] sent=1

# HOST CMD 35 7 20 0 8
[Q COMMAND] CMD 35 7 20 0 8
[Q ACK] sent=1

# HOST CMD 36 7 10 0 8
[Q COMMAND] CMD 36 7 10 0 8
[Q ACK] sent=1

# HOST CMD 37 7 96 0 8
[Q COMMAND] CMD 37 7 96 0 8
[Q ACK] sent=1

# HOST CMD 38 7 8 0 8
[Q COMMAND] CMD 38 7 8 0 8
[Q ACK] sent=1

# HOST CMD 2 7 9 0 9
[Q COMMAND] CMD 2 7 9 0 9
[Q ACK] sent=1

# HOST CMD 18 7 127 0 9
[Q COMMAND] CMD 18 7 127 0 9
[Q ACK] sent=1

# HOST CMD 19 7 100 0 9
[Q COMMAND] CMD 19 7 100 0 9
[Q ACK] sent=1

# HOST CMD 20 7 4 0 9
[Q COMMAND] CMD 20 7 4 0 9
[Q ACK] sent=1

# HOST CMD 31 7 52 0 9
[Q COMMAND] CMD 31 7 52 0 9
[Q ACK] sent=1

# HOST CMD 32 7 127 0 9
[Q COMMAND] CMD 32 7 127 0 9
[Q ACK] sent=1

# HOST CMD 33 7 109 0 9
[Q COMMAND] CMD 33 7 109 0 9
[Q ACK] sent=1

# HOST CMD 34 7 0 0 9
[Q COMMAND] CMD 34 7 0 0 9
[Q ACK] sent=1

# HOST CMD 35 7 100 0 9
[Q COMMAND] CMD 35 7 100 0 9
[Q ACK] sent=1

# HOST CMD 36 7 100 0 9
[Q COMMAND] CMD 36 7 100 0 9
[Q ACK] sent=1

# HOST CMD 37 7 96 0 9
[Q COMMAND] CMD 37 7 96 0 9
[Q ACK] sent=1

# HOST CMD 38 7 9 0 9
[Q COMMAND] CMD 38 7 9 0 9
[Q ACK] sent=1

# HOST CMD 2 7 10 0 10
[Q COMMAND] CMD 2 7 10 0 10
[Q ACK] sent=1

# HOST CMD 18 7 127 0 10
[Q COMMAND] CMD 18 7 127 0 10
[Q ACK] sent=1

# HOST CMD 19 7 100 0 10
[Q COMMAND] CMD 19 7 100 0 10
[Q ACK] sent=1

# HOST CMD 20 7 4 0 10
[Q COMMAND] CMD 20 7 4 0 10
[Q ACK] sent=1

# HOST CMD 31 7 53 0 10
[Q COMMAND] CMD 31 7 53 0 10
[Q ACK] sent=1

# HOST CMD 32 7 127 0 10
[Q COMMAND] CMD 32 7 127 0 10
[Q ACK] sent=1

# HOST CMD 33 7 122 0 10
[Q COMMAND] CMD 33 7 122 0 10
[Q ACK] sent=1

# HOST CMD 34 7 1 0 10
[Q COMMAND] CMD 34 7 1 0 10
[Q ACK] sent=1

# HOST CMD 35 7 40 0 10
[Q COMMAND] CMD 35 7 40 0 10
[Q ACK] sent=1

# HOST CMD 36 7 40 0 10
[Q COMMAND] CMD 36 7 40 0 10
[Q ACK] sent=1

# HOST CMD 37 7 96 0 10
[Q COMMAND] CMD 37 7 96 0 10
[Q ACK] sent=1

# HOST CMD 38 7 10 0 10
[Q COMMAND] CMD 38 7 10 0 10
[Q ACK] sent=1

# HOST CMD 2 7 11 0 11
[Q COMMAND] CMD 2 7 11 0 11
[Q ACK] sent=1

# HOST CMD 18 7 127 0 11
[Q COMMAND] CMD 18 7 127 0 11
[Q ACK] sent=1

# HOST CMD 19 7 100 0 11
[Q COMMAND] CMD 19 7 100 0 11
[Q ACK] sent=1

# HOST CMD 20 7 4 0 11
[Q COMMAND] CMD 20 7 4 0 11
[Q ACK] sent=1

# HOST CMD 31 7 54 0 11
[Q COMMAND] CMD 31 7 54 0 11
[Q ACK] sent=1

# HOST CMD 32 7 127 0 11
[Q COMMAND] CMD 32 7 127 0 11
[Q ACK] sent=1

# HOST CMD 33 7 -120 0 11
[Q COMMAND] CMD 33 7 -120 0 11
[Q ACK] sent=1

# HOST CMD 34 7 2 0 11
[Q COMMAND] CMD 34 7 2 0 11
[Q ACK] sent=1

# HOST CMD 35 7 120 0 11
[Q COMMAND] CMD 35 7 120 0 11
[Q ACK] sent=1

# HOST CMD 36 7 127 0 11
[Q COMMAND] CMD 36 7 127 0 11
[Q ACK] sent=1

# HOST CMD 37 7 96 0 11
[Q COMMAND] CMD 37 7 96 0 11
[Q ACK] sent=1

# HOST CMD 38 7 11 0 11
[Q COMMAND] CMD 38 7 11 0 11
[Q ACK] sent=1

# HOST CMD 2 7 12 0 12
[Q COMMAND] CMD 2 7 12 0 12
[Q ACK] sent=1

# HOST CMD 18 7 127 0 12
[Q COMMAND] CMD 18 7 127 0 12
[Q ACK] sent=1

# HOST CMD 19 7 100 0 12
[Q COMMAND] CMD 19 7 100 0 12
[Q ACK] sent=1

# HOST CMD 20 7 4 0 12
[Q COMMAND] CMD 20 7 4 0 12
[Q ACK] sent=1

# HOST CMD 31 7 55 0 12
[Q COMMAND] CMD 31 7 55 0 12
[Q ACK] sent=1

# HOST CMD 32 7 127 0 12
[Q COMMAND] CMD 32 7 127 0 12
[Q ACK] sent=1

# HOST CMD 33 7 -107 0 12
[Q COMMAND] CMD 33 7 -107 0 12
[Q ACK] sent=1

# HOST CMD 34 7 3 0 12
[Q COMMAND] CMD 34 7 3 0 12
[Q ACK] sent=1

# HOST CMD 35 7 20 0 12
[Q COMMAND] CMD 35 7 20 0 12
[Q ACK] sent=1

# HOST CMD 36 7 10 0 12
[Q COMMAND] CMD 36 7 10 0 12
[Q ACK] sent=1

# HOST CMD 37 7 96 0 12
[Q COMMAND] CMD 37 7 96 0 12
[Q ACK] sent=1

# HOST CMD 38 7 12 0 12
[Q COMMAND] CMD 38 7 12 0 12
[Q ACK] sent=1

# HOST CMD 2 7 13 0 13
[Q COMMAND] CMD 2 7 13 0 13
[Q ACK] sent=1

# HOST CMD 18 7 127 0 13
[Q COMMAND] CMD 18 7 127 0 13
[Q ACK] sent=1

# HOST CMD 19 7 100 0 13
[Q COMMAND] CMD 19 7 100 0 13
[Q ACK] sent=1

# HOST CMD 20 7 4 0 13
[Q COMMAND] CMD 20 7 4 0 13
[Q ACK] sent=1

# HOST CMD 31 7 56 0 13
[Q COMMAND] CMD 31 7 56 0 13
[Q ACK] sent=1

# HOST CMD 32 7 127 0 13
[Q COMMAND] CMD 32 7 127 0 13
[Q ACK] sent=1

# HOST CMD 33 7 -94 0 13
[Q COMMAND] CMD 33 7 -94 0 13
[Q ACK] sent=1

# HOST CMD 34 7 4 0 13
[Q COMMAND] CMD 34 7 4 0 13
[Q ACK] sent=1

# HOST CMD 35 7 100 0 13
[Q COMMAND] CMD 35 7 100 0 13
[Q ACK] sent=1

# HOST CMD 36 7 100 0 13
[Q COMMAND] CMD 36 7 100 0 13
[Q ACK] sent=1

# HOST CMD 37 7 96 0 13
[Q COMMAND] CMD 37 7 96 0 13
[Q ACK] sent=1

# HOST CMD 38 7 13 0 13
[Q COMMAND] CMD 38 7 13 0 13
[Q ACK] sent=1

# HOST CMD 2 7 14 0 14
[Q COMMAND] CMD 2 7 14 0 14
[Q ACK] sent=1

# HOST CMD 18 7 127 0 14
[Q COMMAND] CMD 18 7 127 0 14
[Q ACK] sent=1

# HOST CMD 19 7 100 0 14
[Q COMMAND] CMD 19 7 100 0 14
[Q ACK] sent=1

# HOST CMD 20 7 4 0 14
[Q COMMAND] CMD 20 7 4 0 14
[Q ACK] sent=1

# HOST CMD 31 7 57 0 14
[Q COMMAND] CMD 31 7 57 0 14
[Q ACK] sent=1

# HOST CMD 32 7 127 0 14
[Q COMMAND] CMD 32 7 127 0 14
[Q ACK] sent=1

# HOST CMD 33 7 -81 0 14
[Q COMMAND] CMD 33 7 -81 0 14
[Q ACK] sent=1

# HOST CMD 34 7 5 0 14
[Q COMMAND] CMD 34 7 5 0 14
[Q ACK] sent=1

# HOST CMD 35 7 40 0 14
[Q COMMAND] CMD 35 7 40 0 14
[Q ACK] sent=1

# HOST CMD 36 7 40 0 14
[Q COMMAND] CMD 36 7 40 0 14
[Q ACK] sent=1

# HOST CMD 37 7 96 0 14
[Q COMMAND] CMD 37 7 96 0 14
[Q ACK] sent=1

# HOST CMD 38 7 14 0 14
[Q COMMAND] CMD 38 7 14 0 14
[Q ACK] sent=1

# HOST CMD 2 7 15 0 15
[Q COMMAND] CMD 2 7 15 0 15
[Q ACK] sent=1

# HOST CMD 18 7 127 0 15
[Q COMMAND] CMD 18 7 127 0 15
[Q ACK] sent=1

# HOST CMD 19 7 100 0 15
[Q COMMAND] CMD 19 7 100 0 15
[Q ACK] sent=1

# HOST CMD 20 7 4 0 15
[Q COMMAND] CMD 20 7 4 0 15
[Q ACK] sent=1

# HOST CMD 31 7 58 0 15
[Q COMMAND] CMD 31 7 58 0 15
[Q ACK] sent=1

# HOST CMD 32 7 127 0 15
[Q COMMAND] CMD 32 7 127 0 15
[Q ACK] sent=1

# HOST CMD 33 7 -68 0 15
[Q COMMAND] CMD 33 7 -68 0 15
[Q ACK] sent=1

# HOST CMD 34 7 6 0 15
[Q COMMAND] CMD 34 7 6 0 15
[Q ACK] sent=1

# HOST CMD 35 7 120 0 15
[Q COMMAND] CMD 35 7 120 0 15
[Q ACK] sent=1

# HOST CMD 36 7 127 0 15
[Q COMMAND] CMD 36 7 127 0 15
[Q ACK] sent=1

# HOST CMD 37 7 96 0 15
[Q COMMAND] CMD 37 7 96 0 15
[Q ACK] sent=1

# HOST CMD 38 7 15 0 15
[Q COMMAND] CMD 38 7 15 0 15
[Q ACK] sent=1

# HOST LOAD 8 3
[Q COMMAND] LOAD 8 3
[Q ACK] load=1
[M6 read] bytes=352800 read_us=705547 bytes_per_second=500037 original_channels=1 rate=44100 total_psram=33554432
[M6 load] track=8 file_bytes=352844 pcm_bytes=352800 load_publish_us=1132303 payload=3175200 transient=352800 peak_payload=3175200 ps_free=27509256 largest=27262964 internal=207020 display=2304000 fx_delay=352800 reserve=4194304
[M6.1 replacement] retired_clear=1 ps_delta=360452 status=READY

# HOST CMD 10 8 0 0 0
[Q COMMAND] CMD 10 8 0 0 0
[Q ACK] sent=1

# HOST CMD 12 8 0 0 0
[Q COMMAND] CMD 12 8 0 0 0
[Q ACK] sent=1

# HOST CMD 47 8 0 0 0
[Q COMMAND] CMD 47 8 0 0 0
[Q ACK] sent=1

# HOST CMD 46 8 0 0 0
[Q COMMAND] CMD 46 8 0 0 0
[Q ACK] sent=1

# HOST CMD 48 8 0 0 0
[Q COMMAND] CMD 48 8 0 0 0
[Q ACK] sent=1

# HOST CMD 55 8 16 0 0
[Q COMMAND] CMD 55 8 16 0 0
[Q ACK] sent=1

# HOST CMD 41 8 62 0 0
[Q COMMAND] CMD 41 8 62 0 0
[Q ACK] sent=1

# HOST CMD 42 8 96 0 0
[Q COMMAND] CMD 42 8 96 0 0
[Q ACK] sent=1

# HOST CMD 43 8 127 0 0
[Q COMMAND] CMD 43 8 127 0 0
[Q ACK] sent=1

# HOST CMD 2 8 0 0 0
[Q COMMAND] CMD 2 8 0 0 0
[Q ACK] sent=1

# HOST CMD 18 8 127 0 0
[Q COMMAND] CMD 18 8 127 0 0
[Q ACK] sent=1

# HOST CMD 19 8 100 0 0
[Q COMMAND] CMD 19 8 100 0 0
[Q ACK] sent=1

# HOST CMD 20 8 4 0 0
[Q COMMAND] CMD 20 8 4 0 0
[Q ACK] sent=1

# HOST CMD 31 8 44 0 0
[Q COMMAND] CMD 31 8 44 0 0
[Q ACK] sent=1

# HOST CMD 32 8 127 0 0
[Q COMMAND] CMD 32 8 127 0 0
[Q ACK] sent=1

# HOST CMD 33 8 9 0 0
[Q COMMAND] CMD 33 8 9 0 0
[Q ACK] sent=1

# HOST CMD 34 8 8 0 0
[Q COMMAND] CMD 34 8 8 0 0
[Q ACK] sent=1

# HOST CMD 35 8 20 0 0
[Q COMMAND] CMD 35 8 20 0 0
[Q ACK] sent=1

# HOST CMD 36 8 10 0 0
[Q COMMAND] CMD 36 8 10 0 0
[Q ACK] sent=1

# HOST CMD 37 8 96 0 0
[Q COMMAND] CMD 37 8 96 0 0
[Q ACK] sent=1

# HOST CMD 38 8 0 0 0
[Q COMMAND] CMD 38 8 0 0 0
[Q ACK] sent=1

# HOST CMD 2 8 1 0 1
[Q COMMAND] CMD 2 8 1 0 1
[Q ACK] sent=1

# HOST CMD 18 8 127 0 1
[Q COMMAND] CMD 18 8 127 0 1
[Q ACK] sent=1

# HOST CMD 19 8 100 0 1
[Q COMMAND] CMD 19 8 100 0 1
[Q ACK] sent=1

# HOST CMD 20 8 4 0 1
[Q COMMAND] CMD 20 8 4 0 1
[Q ACK] sent=1

# HOST CMD 31 8 45 0 1
[Q COMMAND] CMD 31 8 45 0 1
[Q ACK] sent=1

# HOST CMD 32 8 127 0 1
[Q COMMAND] CMD 32 8 127 0 1
[Q ACK] sent=1

# HOST CMD 33 8 22 0 1
[Q COMMAND] CMD 33 8 22 0 1
[Q ACK] sent=1

# HOST CMD 34 8 9 0 1
[Q COMMAND] CMD 34 8 9 0 1
[Q ACK] sent=1

# HOST CMD 35 8 100 0 1
[Q COMMAND] CMD 35 8 100 0 1
[Q ACK] sent=1

# HOST CMD 36 8 100 0 1
[Q COMMAND] CMD 36 8 100 0 1
[Q ACK] sent=1

# HOST CMD 37 8 96 0 1
[Q COMMAND] CMD 37 8 96 0 1
[Q ACK] sent=1

# HOST CMD 38 8 1 0 1
[Q COMMAND] CMD 38 8 1 0 1
[Q ACK] sent=1

# HOST CMD 2 8 2 0 2
[Q COMMAND] CMD 2 8 2 0 2
[Q ACK] sent=1

# HOST CMD 18 8 127 0 2
[Q COMMAND] CMD 18 8 127 0 2
[Q ACK] sent=1

# HOST CMD 19 8 100 0 2
[Q COMMAND] CMD 19 8 100 0 2
[Q ACK] sent=1

# HOST CMD 20 8 4 0 2
[Q COMMAND] CMD 20 8 4 0 2
[Q ACK] sent=1

# HOST CMD 31 8 46 0 2
[Q COMMAND] CMD 31 8 46 0 2
[Q ACK] sent=1

# HOST CMD 32 8 127 0 2
[Q COMMAND] CMD 32 8 127 0 2
[Q ACK] sent=1

# HOST CMD 33 8 35 0 2
[Q COMMAND] CMD 33 8 35 0 2
[Q ACK] sent=1

# HOST CMD 34 8 10 0 2
[Q COMMAND] CMD 34 8 10 0 2
[Q ACK] sent=1

# HOST CMD 35 8 40 0 2
[Q COMMAND] CMD 35 8 40 0 2
[Q ACK] sent=1

# HOST CMD 36 8 40 0 2
[Q COMMAND] CMD 36 8 40 0 2
[Q ACK] sent=1

# HOST CMD 37 8 96 0 2
[Q COMMAND] CMD 37 8 96 0 2
[Q ACK] sent=1

# HOST CMD 38 8 2 0 2
[Q COMMAND] CMD 38 8 2 0 2
[Q ACK] sent=1

# HOST CMD 2 8 3 0 3
[Q COMMAND] CMD 2 8 3 0 3
[Q ACK] sent=1

# HOST CMD 18 8 127 0 3
[Q COMMAND] CMD 18 8 127 0 3
[Q ACK] sent=1

# HOST CMD 19 8 100 0 3
[Q COMMAND] CMD 19 8 100 0 3
[Q ACK] sent=1

# HOST CMD 20 8 4 0 3
[Q COMMAND] CMD 20 8 4 0 3
[Q ACK] sent=1

# HOST CMD 31 8 47 0 3
[Q COMMAND] CMD 31 8 47 0 3
[Q ACK] sent=1

# HOST CMD 32 8 127 0 3
[Q COMMAND] CMD 32 8 127 0 3
[Q ACK] sent=1

# HOST CMD 33 8 48 0 3
[Q COMMAND] CMD 33 8 48 0 3
[Q ACK] sent=1

# HOST CMD 34 8 11 0 3
[Q COMMAND] CMD 34 8 11 0 3
[Q ACK] sent=1

# HOST CMD 35 8 120 0 3
[Q COMMAND] CMD 35 8 120 0 3
[Q ACK] sent=1

# HOST CMD 36 8 127 0 3
[Q COMMAND] CMD 36 8 127 0 3
[Q ACK] sent=1

# HOST CMD 37 8 96 0 3
[Q COMMAND] CMD 37 8 96 0 3
[Q ACK] sent=1

# HOST CMD 38 8 3 0 3
[Q COMMAND] CMD 38 8 3 0 3
[Q ACK] sent=1

# HOST CMD 2 8 4 0 4
[Q COMMAND] CMD 2 8 4 0 4
[Q ACK] sent=1

# HOST CMD 18 8 127 0 4
[Q COMMAND] CMD 18 8 127 0 4
[Q ACK] sent=1

# HOST CMD 19 8 100 0 4
[Q COMMAND] CMD 19 8 100 0 4
[Q ACK] sent=1

# HOST CMD 20 8 4 0 4
[Q COMMAND] CMD 20 8 4 0 4
[Q ACK] sent=1

# HOST CMD 31 8 48 0 4
[Q COMMAND] CMD 31 8 48 0 4
[Q ACK] sent=1

# HOST CMD 32 8 127 0 4
[Q COMMAND] CMD 32 8 127 0 4
[Q ACK] sent=1

# HOST CMD 33 8 61 0 4
[Q COMMAND] CMD 33 8 61 0 4
[Q ACK] sent=1

# HOST CMD 34 8 12 0 4
[Q COMMAND] CMD 34 8 12 0 4
[Q ACK] sent=1

# HOST CMD 35 8 20 0 4
[Q COMMAND] CMD 35 8 20 0 4
[Q ACK] sent=1

# HOST CMD 36 8 10 0 4
[Q COMMAND] CMD 36 8 10 0 4
[Q ACK] sent=1

# HOST CMD 37 8 96 0 4
[Q COMMAND] CMD 37 8 96 0 4
[Q ACK] sent=1

# HOST CMD 38 8 4 0 4
[Q COMMAND] CMD 38 8 4 0 4
[Q ACK] sent=1

# HOST CMD 2 8 5 0 5
[Q COMMAND] CMD 2 8 5 0 5
[Q ACK] sent=1

# HOST CMD 18 8 127 0 5
[Q COMMAND] CMD 18 8 127 0 5
[Q ACK] sent=1

# HOST CMD 19 8 100 0 5
[Q COMMAND] CMD 19 8 100 0 5
[Q ACK] sent=1

# HOST CMD 20 8 4 0 5
[Q COMMAND] CMD 20 8 4 0 5
[Q ACK] sent=1

# HOST CMD 31 8 49 0 5
[Q COMMAND] CMD 31 8 49 0 5
[Q ACK] sent=1

# HOST CMD 32 8 127 0 5
[Q COMMAND] CMD 32 8 127 0 5
[Q ACK] sent=1

# HOST CMD 33 8 74 0 5
[Q COMMAND] CMD 33 8 74 0 5
[Q ACK] sent=1

# HOST CMD 34 8 13 0 5
[Q COMMAND] CMD 34 8 13 0 5
[Q ACK] sent=1

# HOST CMD 35 8 100 0 5
[Q COMMAND] CMD 35 8 100 0 5
[Q ACK] sent=1

# HOST CMD 36 8 100 0 5
[Q COMMAND] CMD 36 8 100 0 5
[Q ACK] sent=1

# HOST CMD 37 8 96 0 5
[Q COMMAND] CMD 37 8 96 0 5
[Q ACK] sent=1

# HOST CMD 38 8 5 0 5
[Q COMMAND] CMD 38 8 5 0 5
[Q ACK] sent=1

# HOST CMD 2 8 6 0 6
[Q COMMAND] CMD 2 8 6 0 6
[Q ACK] sent=1

# HOST CMD 18 8 127 0 6
[Q COMMAND] CMD 18 8 127 0 6
[Q ACK] sent=1

# HOST CMD 19 8 100 0 6
[Q COMMAND] CMD 19 8 100 0 6
[Q ACK] sent=1

# HOST CMD 20 8 4 0 6
[Q COMMAND] CMD 20 8 4 0 6
[Q ACK] sent=1

# HOST CMD 31 8 50 0 6
[Q COMMAND] CMD 31 8 50 0 6
[Q ACK] sent=1

# HOST CMD 32 8 127 0 6
[Q COMMAND] CMD 32 8 127 0 6
[Q ACK] sent=1

# HOST CMD 33 8 87 0 6
[Q COMMAND] CMD 33 8 87 0 6
[Q ACK] sent=1

# HOST CMD 34 8 14 0 6
[Q COMMAND] CMD 34 8 14 0 6
[Q ACK] sent=1

# HOST CMD 35 8 40 0 6
[Q COMMAND] CMD 35 8 40 0 6
[Q ACK] sent=1

# HOST CMD 36 8 40 0 6
[Q COMMAND] CMD 36 8 40 0 6
[Q ACK] sent=1

# HOST CMD 37 8 96 0 6
[Q COMMAND] CMD 37 8 96 0 6
[Q ACK] sent=1

# HOST CMD 38 8 6 0 6
[Q COMMAND] CMD 38 8 6 0 6
[Q ACK] sent=1

# HOST CMD 2 8 7 0 7
[Q COMMAND] CMD 2 8 7 0 7
[Q ACK] sent=1

# HOST CMD 18 8 127 0 7
[Q COMMAND] CMD 18 8 127 0 7
[Q ACK] sent=1

# HOST CMD 19 8 100 0 7
[Q COMMAND] CMD 19 8 100 0 7
[Q ACK] sent=1

# HOST CMD 20 8 4 0 7
[Q COMMAND] CMD 20 8 4 0 7
[Q ACK] sent=1

# HOST CMD 31 8 51 0 7
[Q COMMAND] CMD 31 8 51 0 7
[Q ACK] sent=1

# HOST CMD 32 8 127 0 7
[Q COMMAND] CMD 32 8 127 0 7
[Q ACK] sent=1

# HOST CMD 33 8 100 0 7
[Q COMMAND] CMD 33 8 100 0 7
[Q ACK] sent=1

# HOST CMD 34 8 15 0 7
[Q COMMAND] CMD 34 8 15 0 7
[Q ACK] sent=1

# HOST CMD 35 8 120 0 7
[Q COMMAND] CMD 35 8 120 0 7
[Q ACK] sent=1

# HOST CMD 36 8 127 0 7
[Q COMMAND] CMD 36 8 127 0 7
[Q ACK] sent=1

# HOST CMD 37 8 96 0 7
[Q COMMAND] CMD 37 8 96 0 7
[Q ACK] sent=1

# HOST CMD 38 8 7 0 7
[Q COMMAND] CMD 38 8 7 0 7
[Q ACK] sent=1

# HOST CMD 2 8 8 0 8
[Q COMMAND] CMD 2 8 8 0 8
[Q ACK] sent=1

# HOST CMD 18 8 127 0 8
[Q COMMAND] CMD 18 8 127 0 8
[Q ACK] sent=1

# HOST CMD 19 8 100 0 8
[Q COMMAND] CMD 19 8 100 0 8
[Q ACK] sent=1

# HOST CMD 20 8 4 0 8
[Q COMMAND] CMD 20 8 4 0 8
[Q ACK] sent=1

# HOST CMD 31 8 52 0 8
[Q COMMAND] CMD 31 8 52 0 8
[Q ACK] sent=1

# HOST CMD 32 8 127 0 8
[Q COMMAND] CMD 32 8 127 0 8
[Q ACK] sent=1

# HOST CMD 33 8 113 0 8
[Q COMMAND] CMD 33 8 113 0 8
[Q ACK] sent=1

# HOST CMD 34 8 0 0 8
[Q COMMAND] CMD 34 8 0 0 8
[Q ACK] sent=1

# HOST CMD 35 8 20 0 8
[Q COMMAND] CMD 35 8 20 0 8
[Q ACK] sent=1

# HOST CMD 36 8 10 0 8
[Q COMMAND] CMD 36 8 10 0 8
[Q ACK] sent=1

# HOST CMD 37 8 96 0 8
[Q COMMAND] CMD 37 8 96 0 8
[Q ACK] sent=1

# HOST CMD 38 8 8 0 8
[Q COMMAND] CMD 38 8 8 0 8
[Q ACK] sent=1

# HOST CMD 2 8 9 0 9
[Q COMMAND] CMD 2 8 9 0 9
[Q ACK] sent=1

# HOST CMD 18 8 127 0 9
[Q COMMAND] CMD 18 8 127 0 9
[Q ACK] sent=1

# HOST CMD 19 8 100 0 9
[Q COMMAND] CMD 19 8 100 0 9
[Q ACK] sent=1

# HOST CMD 20 8 4 0 9
[Q COMMAND] CMD 20 8 4 0 9
[Q ACK] sent=1

# HOST CMD 31 8 53 0 9
[Q COMMAND] CMD 31 8 53 0 9
[Q ACK] sent=1

# HOST CMD 32 8 127 0 9
[Q COMMAND] CMD 32 8 127 0 9
[Q ACK] sent=1

# HOST CMD 33 8 126 0 9
[Q COMMAND] CMD 33 8 126 0 9
[Q ACK] sent=1

# HOST CMD 34 8 1 0 9
[Q COMMAND] CMD 34 8 1 0 9
[Q ACK] sent=1

# HOST CMD 35 8 100 0 9
[Q COMMAND] CMD 35 8 100 0 9
[Q ACK] sent=1

# HOST CMD 36 8 100 0 9
[Q COMMAND] CMD 36 8 100 0 9
[Q ACK] sent=1

# HOST CMD 37 8 96 0 9
[Q COMMAND] CMD 37 8 96 0 9
[Q ACK] sent=1

# HOST CMD 38 8 9 0 9
[Q COMMAND] CMD 38 8 9 0 9
[Q ACK] sent=1

# HOST CMD 2 8 10 0 10
[Q COMMAND] CMD 2 8 10 0 10
[Q ACK] sent=1

# HOST CMD 18 8 127 0 10
[Q COMMAND] CMD 18 8 127 0 10
[Q ACK] sent=1

# HOST CMD 19 8 100 0 10
[Q COMMAND] CMD 19 8 100 0 10
[Q ACK] sent=1

# HOST CMD 20 8 4 0 10
[Q COMMAND] CMD 20 8 4 0 10
[Q ACK] sent=1

# HOST CMD 31 8 54 0 10
[Q COMMAND] CMD 31 8 54 0 10
[Q ACK] sent=1

# HOST CMD 32 8 127 0 10
[Q COMMAND] CMD 32 8 127 0 10
[Q ACK] sent=1

# HOST CMD 33 8 -116 0 10
[Q COMMAND] CMD 33 8 -116 0 10
[Q ACK] sent=1

# HOST CMD 34 8 2 0 10
[Q COMMAND] CMD 34 8 2 0 10
[Q ACK] sent=1

# HOST CMD 35 8 40 0 10
[Q COMMAND] CMD 35 8 40 0 10
[Q ACK] sent=1

# HOST CMD 36 8 40 0 10
[Q COMMAND] CMD 36 8 40 0 10
[Q ACK] sent=1

# HOST CMD 37 8 96 0 10
[Q COMMAND] CMD 37 8 96 0 10
[Q ACK] sent=1

# HOST CMD 38 8 10 0 10
[Q COMMAND] CMD 38 8 10 0 10
[Q ACK] sent=1

# HOST CMD 2 8 11 0 11
[Q COMMAND] CMD 2 8 11 0 11
[Q ACK] sent=1

# HOST CMD 18 8 127 0 11
[Q COMMAND] CMD 18 8 127 0 11
[Q ACK] sent=1

# HOST CMD 19 8 100 0 11
[Q COMMAND] CMD 19 8 100 0 11
[Q ACK] sent=1

# HOST CMD 20 8 4 0 11
[Q COMMAND] CMD 20 8 4 0 11
[Q ACK] sent=1

# HOST CMD 31 8 55 0 11
[Q COMMAND] CMD 31 8 55 0 11
[Q ACK] sent=1

# HOST CMD 32 8 127 0 11
[Q COMMAND] CMD 32 8 127 0 11
[Q ACK] sent=1

# HOST CMD 33 8 -103 0 11
[Q COMMAND] CMD 33 8 -103 0 11
[Q ACK] sent=1

# HOST CMD 34 8 3 0 11
[Q COMMAND] CMD 34 8 3 0 11
[Q ACK] sent=1

# HOST CMD 35 8 120 0 11
[Q COMMAND] CMD 35 8 120 0 11
[Q ACK] sent=1

# HOST CMD 36 8 127 0 11
[Q COMMAND] CMD 36 8 127 0 11
[Q ACK] sent=1

# HOST CMD 37 8 96 0 11
[Q COMMAND] CMD 37 8 96 0 11
[Q ACK] sent=1

# HOST CMD 38 8 11 0 11
[Q COMMAND] CMD 38 8 11 0 11
[Q ACK] sent=1

# HOST CMD 2 8 12 0 12
[Q COMMAND] CMD 2 8 12 0 12
[Q ACK] sent=1

# HOST CMD 18 8 127 0 12
[Q COMMAND] CMD 18 8 127 0 12
[Q ACK] sent=1

# HOST CMD 19 8 100 0 12
[Q COMMAND] CMD 19 8 100 0 12
[Q ACK] sent=1

# HOST CMD 20 8 4 0 12
[Q COMMAND] CMD 20 8 4 0 12
[Q ACK] sent=1

# HOST CMD 31 8 56 0 12
[Q COMMAND] CMD 31 8 56 0 12
[Q ACK] sent=1

# HOST CMD 32 8 127 0 12
[Q COMMAND] CMD 32 8 127 0 12
[Q ACK] sent=1

# HOST CMD 33 8 -90 0 12
[Q COMMAND] CMD 33 8 -90 0 12
[Q ACK] sent=1

# HOST CMD 34 8 4 0 12
[Q COMMAND] CMD 34 8 4 0 12
[Q ACK] sent=1

# HOST CMD 35 8 20 0 12
[Q COMMAND] CMD 35 8 20 0 12
[Q ACK] sent=1

# HOST CMD 36 8 10 0 12
[Q COMMAND] CMD 36 8 10 0 12
[Q ACK] sent=1

# HOST CMD 37 8 96 0 12
[Q COMMAND] CMD 37 8 96 0 12
[Q ACK] sent=1

# HOST CMD 38 8 12 0 12
[Q COMMAND] CMD 38 8 12 0 12
[Q ACK] sent=1

# HOST CMD 2 8 13 0 13
[Q COMMAND] CMD 2 8 13 0 13
[Q ACK] sent=1

# HOST CMD 18 8 127 0 13
[Q COMMAND] CMD 18 8 127 0 13
[Q ACK] sent=1

# HOST CMD 19 8 100 0 13
[Q COMMAND] CMD 19 8 100 0 13
[Q ACK] sent=1

# HOST CMD 20 8 4 0 13
[Q COMMAND] CMD 20 8 4 0 13
[Q ACK] sent=1

# HOST CMD 31 8 57 0 13
[Q COMMAND] CMD 31 8 57 0 13
[Q ACK] sent=1

# HOST CMD 32 8 127 0 13
[Q COMMAND] CMD 32 8 127 0 13
[Q ACK] sent=1

# HOST CMD 33 8 -77 0 13
[Q COMMAND] CMD 33 8 -77 0 13
[Q ACK] sent=1

# HOST CMD 34 8 5 0 13
[Q COMMAND] CMD 34 8 5 0 13
[Q ACK] sent=1

# HOST CMD 35 8 100 0 13
[Q COMMAND] CMD 35 8 100 0 13
[Q ACK] sent=1

# HOST CMD 36 8 100 0 13
[Q COMMAND] CMD 36 8 100 0 13
[Q ACK] sent=1

# HOST CMD 37 8 96 0 13
[Q COMMAND] CMD 37 8 96 0 13
[Q ACK] sent=1

# HOST CMD 38 8 13 0 13
[Q COMMAND] CMD 38 8 13 0 13
[Q ACK] sent=1

# HOST CMD 2 8 14 0 14
[Q COMMAND] CMD 2 8 14 0 14
[Q ACK] sent=1

# HOST CMD 18 8 127 0 14
[Q COMMAND] CMD 18 8 127 0 14
[Q ACK] sent=1

# HOST CMD 19 8 100 0 14
[Q COMMAND] CMD 19 8 100 0 14
[Q ACK] sent=1

# HOST CMD 20 8 4 0 14
[Q COMMAND] CMD 20 8 4 0 14
[Q ACK] sent=1

# HOST CMD 31 8 58 0 14
[Q COMMAND] CMD 31 8 58 0 14
[Q ACK] sent=1

# HOST CMD 32 8 127 0 14
[Q COMMAND] CMD 32 8 127 0 14
[Q ACK] sent=1

# HOST CMD 33 8 -64 0 14
[Q COMMAND] CMD 33 8 -64 0 14
[Q ACK] sent=1

# HOST CMD 34 8 6 0 14
[Q COMMAND] CMD 34 8 6 0 14
[Q ACK] sent=1

# HOST CMD 35 8 40 0 14
[Q COMMAND] CMD 35 8 40 0 14
[Q ACK] sent=1

# HOST CMD 36 8 40 0 14
[Q COMMAND] CMD 36 8 40 0 14
[Q ACK] sent=1

# HOST CMD 37 8 96 0 14
[Q COMMAND] CMD 37 8 96 0 14
[Q ACK] sent=1

# HOST CMD 38 8 14 0 14
[Q COMMAND] CMD 38 8 14 0 14
[Q ACK] sent=1

# HOST CMD 2 8 15 0 15
[Q COMMAND] CMD 2 8 15 0 15
[Q ACK] sent=1

# HOST CMD 18 8 127 0 15
[Q COMMAND] CMD 18 8 127 0 15
[Q ACK] sent=1

# HOST CMD 19 8 100 0 15
[Q COMMAND] CMD 19 8 100 0 15
[Q ACK] sent=1

# HOST CMD 20 8 4 0 15
[Q COMMAND] CMD 20 8 4 0 15
[Q ACK] sent=1

# HOST CMD 31 8 59 0 15
[Q COMMAND] CMD 31 8 59 0 15
[Q ACK] sent=1

# HOST CMD 32 8 127 0 15
[Q COMMAND] CMD 32 8 127 0 15
[Q ACK] sent=1

# HOST CMD 33 8 -51 0 15
[Q COMMAND] CMD 33 8 -51 0 15
[Q ACK] sent=1

# HOST CMD 34 8 7 0 15
[Q COMMAND] CMD 34 8 7 0 15
[Q ACK] sent=1

# HOST CMD 35 8 120 0 15
[Q COMMAND] CMD 35 8 120 0 15
[Q ACK] sent=1

# HOST CMD 36 8 127 0 15
[Q COMMAND] CMD 36 8 127 0 15
[Q ACK] sent=1

# HOST CMD 37 8 96 0 15
[Q COMMAND] CMD 37 8 96 0 15
[Q ACK] sent=1

# HOST CMD 38 8 15 0 15
[Q COMMAND] CMD 38 8 15 0 15
[Q ACK] sent=1

# HOST LOAD 9 3
[Q COMMAND] LOAD 9 3
[Q ACK] load=1
[M6 read] bytes=352800 read_us=709124 bytes_per_second=497515 original_channels=1 rate=44100 total_psram=33554432
[M6 load] track=9 file_bytes=352844 pcm_bytes=352800 load_publish_us=1141862 payload=3528000 transient=352800 peak_payload=3528000 ps_free=27148804 largest=26738676 internal=205416 display=2304000 fx_delay=352800 reserve=4194304
[M6.1 replacement] retired_clear=1 ps_delta=360452 status=READY

# HOST CMD 10 9 0 0 0
[Q COMMAND] CMD 10 9 0 0 0
[Q ACK] sent=1

# HOST CMD 12 9 0 0 0
[Q COMMAND] CMD 12 9 0 0 0
[Q ACK] sent=1

# HOST CMD 47 9 0 0 0
[Q COMMAND] CMD 47 9 0 0 0
[Q ACK] sent=1

# HOST CMD 46 9 0 0 0
[Q COMMAND] CMD 46 9 0 0 0
[Q ACK] sent=1

# HOST CMD 48 9 0 0 0
[Q COMMAND] CMD 48 9 0 0 0
[Q ACK] sent=1

# HOST CMD 55 9 16 0 0
[Q COMMAND] CMD 55 9 16 0 0
[Q ACK] sent=1

# HOST CMD 41 9 66 0 0
[Q COMMAND] CMD 41 9 66 0 0
[Q ACK] sent=1

# HOST CMD 42 9 96 0 0
[Q COMMAND] CMD 42 9 96 0 0
[Q ACK] sent=1

# HOST CMD 43 9 127 0 0
[Q COMMAND] CMD 43 9 127 0 0
[Q ACK] sent=1

# HOST CMD 2 9 0 0 0
[Q COMMAND] CMD 2 9 0 0 0
[Q ACK] sent=1

# HOST CMD 18 9 127 0 0
[Q COMMAND] CMD 18 9 127 0 0
[Q ACK] sent=1

# HOST CMD 19 9 100 0 0
[Q COMMAND] CMD 19 9 100 0 0
[Q ACK] sent=1

# HOST CMD 20 9 4 0 0
[Q COMMAND] CMD 20 9 4 0 0
[Q ACK] sent=1

# HOST CMD 31 9 45 0 0
[Q COMMAND] CMD 31 9 45 0 0
[Q ACK] sent=1

# HOST CMD 32 9 127 0 0
[Q COMMAND] CMD 32 9 127 0 0
[Q ACK] sent=1

# HOST CMD 33 9 26 0 0
[Q COMMAND] CMD 33 9 26 0 0
[Q ACK] sent=1

# HOST CMD 34 9 9 0 0
[Q COMMAND] CMD 34 9 9 0 0
[Q ACK] sent=1

# HOST CMD 35 9 20 0 0
[Q COMMAND] CMD 35 9 20 0 0
[Q ACK] sent=1

# HOST CMD 36 9 10 0 0
[Q COMMAND] CMD 36 9 10 0 0
[Q ACK] sent=1

# HOST CMD 37 9 96 0 0
[Q COMMAND] CMD 37 9 96 0 0
[Q ACK] sent=1

# HOST CMD 38 9 0 0 0
[Q COMMAND] CMD 38 9 0 0 0
[Q ACK] sent=1

# HOST CMD 2 9 1 0 1
[Q COMMAND] CMD 2 9 1 0 1
[Q ACK] sent=1

# HOST CMD 18 9 127 0 1
[Q COMMAND] CMD 18 9 127 0 1
[Q ACK] sent=1

# HOST CMD 19 9 100 0 1
[Q COMMAND] CMD 19 9 100 0 1
[Q ACK] sent=1

# HOST CMD 20 9 4 0 1
[Q COMMAND] CMD 20 9 4 0 1
[Q ACK] sent=1

# HOST CMD 31 9 46 0 1
[Q COMMAND] CMD 31 9 46 0 1
[Q ACK] sent=1

# HOST CMD 32 9 127 0 1
[Q COMMAND] CMD 32 9 127 0 1
[Q ACK] sent=1

# HOST CMD 33 9 39 0 1
[Q COMMAND] CMD 33 9 39 0 1
[Q ACK] sent=1

# HOST CMD 34 9 10 0 1
[Q COMMAND] CMD 34 9 10 0 1
[Q ACK] sent=1

# HOST CMD 35 9 100 0 1
[Q COMMAND] CMD 35 9 100 0 1
[Q ACK] sent=1

# HOST CMD 36 9 100 0 1
[Q COMMAND] CMD 36 9 100 0 1
[Q ACK] sent=1

# HOST CMD 37 9 96 0 1
[Q COMMAND] CMD 37 9 96 0 1
[Q ACK] sent=1

# HOST CMD 38 9 1 0 1
[Q COMMAND] CMD 38 9 1 0 1
[Q ACK] sent=1

# HOST CMD 2 9 2 0 2
[Q COMMAND] CMD 2 9 2 0 2
[Q ACK] sent=1

# HOST CMD 18 9 127 0 2
[Q COMMAND] CMD 18 9 127 0 2
[Q ACK] sent=1

# HOST CMD 19 9 100 0 2
[Q COMMAND] CMD 19 9 100 0 2
[Q ACK] sent=1

# HOST CMD 20 9 4 0 2
[Q COMMAND] CMD 20 9 4 0 2
[Q ACK] sent=1

# HOST CMD 31 9 47 0 2
[Q COMMAND] CMD 31 9 47 0 2
[Q ACK] sent=1

# HOST CMD 32 9 127 0 2
[Q COMMAND] CMD 32 9 127 0 2
[Q ACK] sent=1

# HOST CMD 33 9 52 0 2
[Q COMMAND] CMD 33 9 52 0 2
[Q ACK] sent=1

# HOST CMD 34 9 11 0 2
[Q COMMAND] CMD 34 9 11 0 2
[Q ACK] sent=1

# HOST CMD 35 9 40 0 2
[Q COMMAND] CMD 35 9 40 0 2
[Q ACK] sent=1

# HOST CMD 36 9 40 0 2
[Q COMMAND] CMD 36 9 40 0 2
[Q ACK] sent=1

# HOST CMD 37 9 96 0 2
[Q COMMAND] CMD 37 9 96 0 2
[Q ACK] sent=1

# HOST CMD 38 9 2 0 2
[Q COMMAND] CMD 38 9 2 0 2
[Q ACK] sent=1

# HOST CMD 2 9 3 0 3
[Q COMMAND] CMD 2 9 3 0 3
[Q ACK] sent=1

# HOST CMD 18 9 127 0 3
[Q COMMAND] CMD 18 9 127 0 3
[Q ACK] sent=1

# HOST CMD 19 9 100 0 3
[Q COMMAND] CMD 19 9 100 0 3
[Q ACK] sent=1

# HOST CMD 20 9 4 0 3
[Q COMMAND] CMD 20 9 4 0 3
[Q ACK] sent=1

# HOST CMD 31 9 48 0 3
[Q COMMAND] CMD 31 9 48 0 3
[Q ACK] sent=1

# HOST CMD 32 9 127 0 3
[Q COMMAND] CMD 32 9 127 0 3
[Q ACK] sent=1

# HOST CMD 33 9 65 0 3
[Q COMMAND] CMD 33 9 65 0 3
[Q ACK] sent=1

# HOST CMD 34 9 12 0 3
[Q COMMAND] CMD 34 9 12 0 3
[Q ACK] sent=1

# HOST CMD 35 9 120 0 3
[Q COMMAND] CMD 35 9 120 0 3
[Q ACK] sent=1

# HOST CMD 36 9 127 0 3
[Q COMMAND] CMD 36 9 127 0 3
[Q ACK] sent=1

# HOST CMD 37 9 96 0 3
[Q COMMAND] CMD 37 9 96 0 3
[Q ACK] sent=1

# HOST CMD 38 9 3 0 3
[Q COMMAND] CMD 38 9 3 0 3
[Q ACK] sent=1

# HOST CMD 2 9 4 0 4
[Q COMMAND] CMD 2 9 4 0 4
[Q ACK] sent=1

# HOST CMD 18 9 127 0 4
[Q COMMAND] CMD 18 9 127 0 4
[Q ACK] sent=1

# HOST CMD 19 9 100 0 4
[Q COMMAND] CMD 19 9 100 0 4
[Q ACK] sent=1

# HOST CMD 20 9 4 0 4
[Q COMMAND] CMD 20 9 4 0 4
[Q ACK] sent=1

# HOST CMD 31 9 49 0 4
[Q COMMAND] CMD 31 9 49 0 4
[Q ACK] sent=1

# HOST CMD 32 9 127 0 4
[Q COMMAND] CMD 32 9 127 0 4
[Q ACK] sent=1

# HOST CMD 33 9 78 0 4
[Q COMMAND] CMD 33 9 78 0 4
[Q ACK] sent=1

# HOST CMD 34 9 13 0 4
[Q COMMAND] CMD 34 9 13 0 4
[Q ACK] sent=1

# HOST CMD 35 9 20 0 4
[Q COMMAND] CMD 35 9 20 0 4
[Q ACK] sent=1

# HOST CMD 36 9 10 0 4
[Q COMMAND] CMD 36 9 10 0 4
[Q ACK] sent=1

# HOST CMD 37 9 96 0 4
[Q COMMAND] CMD 37 9 96 0 4
[Q ACK] sent=1

# HOST CMD 38 9 4 0 4
[Q COMMAND] CMD 38 9 4 0 4
[Q ACK] sent=1

# HOST CMD 2 9 5 0 5
[Q COMMAND] CMD 2 9 5 0 5
[Q ACK] sent=1

# HOST CMD 18 9 127 0 5
[Q COMMAND] CMD 18 9 127 0 5
[Q ACK] sent=1

# HOST CMD 19 9 100 0 5
[Q COMMAND] CMD 19 9 100 0 5
[Q ACK] sent=1

# HOST CMD 20 9 4 0 5
[Q COMMAND] CMD 20 9 4 0 5
[Q ACK] sent=1

# HOST CMD 31 9 50 0 5
[Q COMMAND] CMD 31 9 50 0 5
[Q ACK] sent=1

# HOST CMD 32 9 127 0 5
[Q COMMAND] CMD 32 9 127 0 5
[Q ACK] sent=1

# HOST CMD 33 9 91 0 5
[Q COMMAND] CMD 33 9 91 0 5
[Q ACK] sent=1

# HOST CMD 34 9 14 0 5
[Q COMMAND] CMD 34 9 14 0 5
[Q ACK] sent=1

# HOST CMD 35 9 100 0 5
[Q COMMAND] CMD 35 9 100 0 5
[Q ACK] sent=1

# HOST CMD 36 9 100 0 5
[Q COMMAND] CMD 36 9 100 0 5
[Q ACK] sent=1

# HOST CMD 37 9 96 0 5
[Q COMMAND] CMD 37 9 96 0 5
[Q ACK] sent=1

# HOST CMD 38 9 5 0 5
[Q COMMAND] CMD 38 9 5 0 5
[Q ACK] sent=1

# HOST CMD 2 9 6 0 6
[Q COMMAND] CMD 2 9 6 0 6
[Q ACK] sent=1

# HOST CMD 18 9 127 0 6
[Q COMMAND] CMD 18 9 127 0 6
[Q ACK] sent=1

# HOST CMD 19 9 100 0 6
[Q COMMAND] CMD 19 9 100 0 6
[Q ACK] sent=1

# HOST CMD 20 9 4 0 6
[Q COMMAND] CMD 20 9 4 0 6
[Q ACK] sent=1

# HOST CMD 31 9 51 0 6
[Q COMMAND] CMD 31 9 51 0 6
[Q ACK] sent=1

# HOST CMD 32 9 127 0 6
[Q COMMAND] CMD 32 9 127 0 6
[Q ACK] sent=1

# HOST CMD 33 9 104 0 6
[Q COMMAND] CMD 33 9 104 0 6
[Q ACK] sent=1

# HOST CMD 34 9 15 0 6
[Q COMMAND] CMD 34 9 15 0 6
[Q ACK] sent=1

# HOST CMD 35 9 40 0 6
[Q COMMAND] CMD 35 9 40 0 6
[Q ACK] sent=1

# HOST CMD 36 9 40 0 6
[Q COMMAND] CMD 36 9 40 0 6
[Q ACK] sent=1

# HOST CMD 37 9 96 0 6
[Q COMMAND] CMD 37 9 96 0 6
[Q ACK] sent=1

# HOST CMD 38 9 6 0 6
[Q COMMAND] CMD 38 9 6 0 6
[Q ACK] sent=1

# HOST CMD 2 9 7 0 7
[Q COMMAND] CMD 2 9 7 0 7
[Q ACK] sent=1

# HOST CMD 18 9 127 0 7
[Q COMMAND] CMD 18 9 127 0 7
[Q ACK] sent=1

# HOST CMD 19 9 100 0 7
[Q COMMAND] CMD 19 9 100 0 7
[Q ACK] sent=1

# HOST CMD 20 9 4 0 7
[Q COMMAND] CMD 20 9 4 0 7
[Q ACK] sent=1

# HOST CMD 31 9 52 0 7
[Q COMMAND] CMD 31 9 52 0 7
[Q ACK] sent=1

# HOST CMD 32 9 127 0 7
[Q COMMAND] CMD 32 9 127 0 7
[Q ACK] sent=1

# HOST CMD 33 9 117 0 7
[Q COMMAND] CMD 33 9 117 0 7
[Q ACK] sent=1

# HOST CMD 34 9 0 0 7
[Q COMMAND] CMD 34 9 0 0 7
[Q ACK] sent=1

# HOST CMD 35 9 120 0 7
[Q COMMAND] CMD 35 9 120 0 7
[Q ACK] sent=1

# HOST CMD 36 9 127 0 7
[Q COMMAND] CMD 36 9 127 0 7
[Q ACK] sent=1

# HOST CMD 37 9 96 0 7
[Q COMMAND] CMD 37 9 96 0 7
[Q ACK] sent=1

# HOST CMD 38 9 7 0 7
[Q COMMAND] CMD 38 9 7 0 7
[Q ACK] sent=1

# HOST CMD 2 9 8 0 8
[Q COMMAND] CMD 2 9 8 0 8
[Q ACK] sent=1

# HOST CMD 18 9 127 0 8
[Q COMMAND] CMD 18 9 127 0 8
[Q ACK] sent=1

# HOST CMD 19 9 100 0 8
[Q COMMAND] CMD 19 9 100 0 8
[Q ACK] sent=1

# HOST CMD 20 9 4 0 8
[Q COMMAND] CMD 20 9 4 0 8
[Q ACK] sent=1

# HOST CMD 31 9 53 0 8
[Q COMMAND] CMD 31 9 53 0 8
[Q ACK] sent=1

# HOST CMD 32 9 127 0 8
[Q COMMAND] CMD 32 9 127 0 8
[Q ACK] sent=1

# HOST CMD 33 9 -125 0 8
[Q COMMAND] CMD 33 9 -125 0 8
[Q ACK] sent=1

# HOST CMD 34 9 1 0 8
[Q COMMAND] CMD 34 9 1 0 8
[Q ACK] sent=1

# HOST CMD 35 9 20 0 8
[Q COMMAND] CMD 35 9 20 0 8
[Q ACK] sent=1

# HOST CMD 36 9 10 0 8
[Q COMMAND] CMD 36 9 10 0 8
[Q ACK] sent=1

# HOST CMD 37 9 96 0 8
[Q COMMAND] CMD 37 9 96 0 8
[Q ACK] sent=1

# HOST CMD 38 9 8 0 8
[Q COMMAND] CMD 38 9 8 0 8
[Q ACK] sent=1

# HOST CMD 2 9 9 0 9
[Q COMMAND] CMD 2 9 9 0 9
[Q ACK] sent=1

# HOST CMD 18 9 127 0 9
[Q COMMAND] CMD 18 9 127 0 9
[Q ACK] sent=1

# HOST CMD 19 9 100 0 9
[Q COMMAND] CMD 19 9 100 0 9
[Q ACK] sent=1

# HOST CMD 20 9 4 0 9
[Q COMMAND] CMD 20 9 4 0 9
[Q ACK] sent=1

# HOST CMD 31 9 54 0 9
[Q COMMAND] CMD 31 9 54 0 9
[Q ACK] sent=1

# HOST CMD 32 9 127 0 9
[Q COMMAND] CMD 32 9 127 0 9
[Q ACK] sent=1

# HOST CMD 33 9 -112 0 9
[Q COMMAND] CMD 33 9 -112 0 9
[Q ACK] sent=1

# HOST CMD 34 9 2 0 9
[Q COMMAND] CMD 34 9 2 0 9
[Q ACK] sent=1

# HOST CMD 35 9 100 0 9
[Q COMMAND] CMD 35 9 100 0 9
[Q ACK] sent=1

# HOST CMD 36 9 100 0 9
[Q COMMAND] CMD 36 9 100 0 9
[Q ACK] sent=1

# HOST CMD 37 9 96 0 9
[Q COMMAND] CMD 37 9 96 0 9
[Q ACK] sent=1

# HOST CMD 38 9 9 0 9
[Q COMMAND] CMD 38 9 9 0 9
[Q ACK] sent=1

# HOST CMD 2 9 10 0 10
[Q COMMAND] CMD 2 9 10 0 10
[Q ACK] sent=1

# HOST CMD 18 9 127 0 10
[Q COMMAND] CMD 18 9 127 0 10
[Q ACK] sent=1

# HOST CMD 19 9 100 0 10
[Q COMMAND] CMD 19 9 100 0 10
[Q ACK] sent=1

# HOST CMD 20 9 4 0 10
[Q COMMAND] CMD 20 9 4 0 10
[Q ACK] sent=1

# HOST CMD 31 9 55 0 10
[Q COMMAND] CMD 31 9 55 0 10
[Q ACK] sent=1

# HOST CMD 32 9 127 0 10
[Q COMMAND] CMD 32 9 127 0 10
[Q ACK] sent=1

# HOST CMD 33 9 -99 0 10
[Q COMMAND] CMD 33 9 -99 0 10
[Q ACK] sent=1

# HOST CMD 34 9 3 0 10
[Q COMMAND] CMD 34 9 3 0 10
[Q ACK] sent=1

# HOST CMD 35 9 40 0 10
[Q COMMAND] CMD 35 9 40 0 10
[Q ACK] sent=1

# HOST CMD 36 9 40 0 10
[Q COMMAND] CMD 36 9 40 0 10
[Q ACK] sent=1

# HOST CMD 37 9 96 0 10
[Q COMMAND] CMD 37 9 96 0 10
[Q ACK] sent=1

# HOST CMD 38 9 10 0 10
[Q COMMAND] CMD 38 9 10 0 10
[Q ACK] sent=1

# HOST CMD 2 9 11 0 11
[Q COMMAND] CMD 2 9 11 0 11
[Q ACK] sent=1

# HOST CMD 18 9 127 0 11
[Q COMMAND] CMD 18 9 127 0 11
[Q ACK] sent=1

# HOST CMD 19 9 100 0 11
[Q COMMAND] CMD 19 9 100 0 11
[Q ACK] sent=1

# HOST CMD 20 9 4 0 11
[Q COMMAND] CMD 20 9 4 0 11
[Q ACK] sent=1

# HOST CMD 31 9 56 0 11
[Q COMMAND] CMD 31 9 56 0 11
[Q ACK] sent=1

# HOST CMD 32 9 127 0 11
[Q COMMAND] CMD 32 9 127 0 11
[Q ACK] sent=1

# HOST CMD 33 9 -86 0 11
[Q COMMAND] CMD 33 9 -86 0 11
[Q ACK] sent=1

# HOST CMD 34 9 4 0 11
[Q COMMAND] CMD 34 9 4 0 11
[Q ACK] sent=1

# HOST CMD 35 9 120 0 11
[Q COMMAND] CMD 35 9 120 0 11
[Q ACK] sent=1

# HOST CMD 36 9 127 0 11
[Q COMMAND] CMD 36 9 127 0 11
[Q ACK] sent=1

# HOST CMD 37 9 96 0 11
[Q COMMAND] CMD 37 9 96 0 11
[Q ACK] sent=1

# HOST CMD 38 9 11 0 11
[Q COMMAND] CMD 38 9 11 0 11
[Q ACK] sent=1

# HOST CMD 2 9 12 0 12
[Q COMMAND] CMD 2 9 12 0 12
[Q ACK] sent=1

# HOST CMD 18 9 127 0 12
[Q COMMAND] CMD 18 9 127 0 12
[Q ACK] sent=1

# HOST CMD 19 9 100 0 12
[Q COMMAND] CMD 19 9 100 0 12
[Q ACK] sent=1

# HOST CMD 20 9 4 0 12
[Q COMMAND] CMD 20 9 4 0 12
[Q ACK] sent=1

# HOST CMD 31 9 57 0 12
[Q COMMAND] CMD 31 9 57 0 12
[Q ACK] sent=1

# HOST CMD 32 9 127 0 12
[Q COMMAND] CMD 32 9 127 0 12
[Q ACK] sent=1

# HOST CMD 33 9 -73 0 12
[Q COMMAND] CMD 33 9 -73 0 12
[Q ACK] sent=1

# HOST CMD 34 9 5 0 12
[Q COMMAND] CMD 34 9 5 0 12
[Q ACK] sent=1

# HOST CMD 35 9 20 0 12
[Q COMMAND] CMD 35 9 20 0 12
[Q ACK] sent=1

# HOST CMD 36 9 10 0 12
[Q COMMAND] CMD 36 9 10 0 12
[Q ACK] sent=1

# HOST CMD 37 9 96 0 12
[Q COMMAND] CMD 37 9 96 0 12
[Q ACK] sent=1

# HOST CMD 38 9 12 0 12
[Q COMMAND] CMD 38 9 12 0 12
[Q ACK] sent=1

# HOST CMD 2 9 13 0 13
[Q COMMAND] CMD 2 9 13 0 13
[Q ACK] sent=1

# HOST CMD 18 9 127 0 13
[Q COMMAND] CMD 18 9 127 0 13
[Q ACK] sent=1

# HOST CMD 19 9 100 0 13
[Q COMMAND] CMD 19 9 100 0 13
[Q ACK] sent=1

# HOST CMD 20 9 4 0 13
[Q COMMAND] CMD 20 9 4 0 13
[Q ACK] sent=1

# HOST CMD 31 9 58 0 13
[Q COMMAND] CMD 31 9 58 0 13
[Q ACK] sent=1

# HOST CMD 32 9 127 0 13
[Q COMMAND] CMD 32 9 127 0 13
[Q ACK] sent=1

# HOST CMD 33 9 -60 0 13
[Q COMMAND] CMD 33 9 -60 0 13
[Q ACK] sent=1

# HOST CMD 34 9 6 0 13
[Q COMMAND] CMD 34 9 6 0 13
[Q ACK] sent=1

# HOST CMD 35 9 100 0 13
[Q COMMAND] CMD 35 9 100 0 13
[Q ACK] sent=1

# HOST CMD 36 9 100 0 13
[Q COMMAND] CMD 36 9 100 0 13
[Q ACK] sent=1

# HOST CMD 37 9 96 0 13
[Q COMMAND] CMD 37 9 96 0 13
[Q ACK] sent=1

# HOST CMD 38 9 13 0 13
[Q COMMAND] CMD 38 9 13 0 13
[Q ACK] sent=1

# HOST CMD 2 9 14 0 14
[Q COMMAND] CMD 2 9 14 0 14
[Q ACK] sent=1

# HOST CMD 18 9 127 0 14
[Q COMMAND] CMD 18 9 127 0 14
[Q ACK] sent=1

# HOST CMD 19 9 100 0 14
[Q COMMAND] CMD 19 9 100 0 14
[Q ACK] sent=1

# HOST CMD 20 9 4 0 14
[Q COMMAND] CMD 20 9 4 0 14
[Q ACK] sent=1

# HOST CMD 31 9 59 0 14
[Q COMMAND] CMD 31 9 59 0 14
[Q ACK] sent=1

# HOST CMD 32 9 127 0 14
[Q COMMAND] CMD 32 9 127 0 14
[Q ACK] sent=1

# HOST CMD 33 9 -47 0 14
[Q COMMAND] CMD 33 9 -47 0 14
[Q ACK] sent=1

# HOST CMD 34 9 7 0 14
[Q COMMAND] CMD 34 9 7 0 14
[Q ACK] sent=1

# HOST CMD 35 9 40 0 14
[Q COMMAND] CMD 35 9 40 0 14
[Q ACK] sent=1

# HOST CMD 36 9 40 0 14
[Q COMMAND] CMD 36 9 40 0 14
[Q ACK] sent=1

# HOST CMD 37 9 96 0 14
[Q COMMAND] CMD 37 9 96 0 14
[Q ACK] sent=1

# HOST CMD 38 9 14 0 14
[Q COMMAND] CMD 38 9 14 0 14
[Q ACK] sent=1

# HOST CMD 2 9 15 0 15
[Q COMMAND] CMD 2 9 15 0 15
[Q ACK] sent=1

# HOST CMD 18 9 127 0 15
[Q COMMAND] CMD 18 9 127 0 15
[Q ACK] sent=1

# HOST CMD 19 9 100 0 15
[Q COMMAND] CMD 19 9 100 0 15
[Q ACK] sent=1

# HOST CMD 20 9 4 0 15
[Q COMMAND] CMD 20 9 4 0 15
[Q ACK] sent=1

# HOST CMD 31 9 60 0 15
[Q COMMAND] CMD 31 9 60 0 15
[Q ACK] sent=1

# HOST CMD 32 9 127 0 15
[Q COMMAND] CMD 32 9 127 0 15
[Q ACK] sent=1

# HOST CMD 33 9 -34 0 15
[Q COMMAND] CMD 33 9 -34 0 15
[Q ACK] sent=1

# HOST CMD 34 9 8 0 15
[Q COMMAND] CMD 34 9 8 0 15
[Q ACK] sent=1

# HOST CMD 35 9 120 0 15
[Q COMMAND] CMD 35 9 120 0 15
[Q ACK] sent=1

# HOST CMD 36 9 127 0 15
[Q COMMAND] CMD 36 9 127 0 15
[Q ACK] sent=1

# HOST CMD 37 9 96 0 15
[Q COMMAND] CMD 37 9 96 0 15
[Q ACK] sent=1

# HOST CMD 38 9 15 0 15
[Q COMMAND] CMD 38 9 15 0 15

# HOST LOAD 10 3
[Q ACK] sent=1
[Q COMMAND] LOAD 10 3
[Q ACK] load=1
[M6 read] bytes=352800 read_us=699043 bytes_per_second=504689 original_channels=1 rate=44100 total_psram=33554432
[M6 load] track=10 file_bytes=352844 pcm_bytes=352800 load_publish_us=1132459 payload=3880800 transient=352800 peak_payload=3880800 ps_free=26788352 largest=26738676 internal=203812 display=2304000 fx_delay=352800 reserve=4194304
[M6.1 replacement] retired_clear=1 ps_delta=360452 status=READY

# HOST CMD 10 10 0 0 0
[Q COMMAND] CMD 10 10 0 0 0
[Q ACK] sent=1

# HOST CMD 12 10 0 0 0
[Q COMMAND] CMD 12 10 0 0 0
[Q ACK] sent=1

# HOST CMD 47 10 0 0 0
[Q COMMAND] CMD 47 10 0 0 0
[Q ACK] sent=1

# HOST CMD 46 10 0 0 0
[Q COMMAND] CMD 46 10 0 0 0
[Q ACK] sent=1

# HOST CMD 48 10 0 0 0
[Q COMMAND] CMD 48 10 0 0 0
[Q ACK] sent=1

# HOST CMD 55 10 16 0 0
[Q COMMAND] CMD 55 10 16 0 0
[Q ACK] sent=1

# HOST CMD 41 10 70 0 0
[Q COMMAND] CMD 41 10 70 0 0
[Q ACK] sent=1

# HOST CMD 42 10 96 0 0
[Q COMMAND] CMD 42 10 96 0 0
[Q ACK] sent=1

# HOST CMD 43 10 127 0 0
[Q COMMAND] CMD 43 10 127 0 0
[Q ACK] sent=1

# HOST CMD 2 10 0 0 0
[Q COMMAND] CMD 2 10 0 0 0
[Q ACK] sent=1

# HOST CMD 18 10 127 0 0
[Q COMMAND] CMD 18 10 127 0 0
[Q ACK] sent=1

# HOST CMD 19 10 100 0 0
[Q COMMAND] CMD 19 10 100 0 0
[Q ACK] sent=1

# HOST CMD 20 10 4 0 0
[Q COMMAND] CMD 20 10 4 0 0
[Q ACK] sent=1

# HOST CMD 31 10 46 0 0
[Q COMMAND] CMD 31 10 46 0 0
[Q ACK] sent=1

# HOST CMD 32 10 127 0 0
[Q COMMAND] CMD 32 10 127 0 0
[Q ACK] sent=1

# HOST CMD 33 10 43 0 0
[Q COMMAND] CMD 33 10 43 0 0
[Q ACK] sent=1

# HOST CMD 34 10 10 0 0
[Q COMMAND] CMD 34 10 10 0 0
[Q ACK] sent=1

# HOST CMD 35 10 20 0 0
[Q COMMAND] CMD 35 10 20 0 0
[Q ACK] sent=1

# HOST CMD 36 10 10 0 0
[Q COMMAND] CMD 36 10 10 0 0
[Q ACK] sent=1

# HOST CMD 37 10 96 0 0
[Q COMMAND] CMD 37 10 96 0 0
[Q ACK] sent=1

# HOST CMD 38 10 0 0 0
[Q COMMAND] CMD 38 10 0 0 0
[Q ACK] sent=1

# HOST CMD 2 10 1 0 1
[Q COMMAND] CMD 2 10 1 0 1
[Q ACK] sent=1

# HOST CMD 18 10 127 0 1
[Q COMMAND] CMD 18 10 127 0 1
[Q ACK] sent=1

# HOST CMD 19 10 100 0 1
[Q COMMAND] CMD 19 10 100 0 1
[Q ACK] sent=1

# HOST CMD 20 10 4 0 1
[Q COMMAND] CMD 20 10 4 0 1
[Q ACK] sent=1

# HOST CMD 31 10 47 0 1
[Q COMMAND] CMD 31 10 47 0 1
[Q ACK] sent=1

# HOST CMD 32 10 127 0 1
[Q COMMAND] CMD 32 10 127 0 1
[Q ACK] sent=1

# HOST CMD 33 10 56 0 1
[Q COMMAND] CMD 33 10 56 0 1
[Q ACK] sent=1

# HOST CMD 34 10 11 0 1
[Q COMMAND] CMD 34 10 11 0 1
[Q ACK] sent=1

# HOST CMD 35 10 100 0 1
[Q COMMAND] CMD 35 10 100 0 1
[Q ACK] sent=1

# HOST CMD 36 10 100 0 1
[Q COMMAND] CMD 36 10 100 0 1
[Q ACK] sent=1

# HOST CMD 37 10 96 0 1
[Q COMMAND] CMD 37 10 96 0 1
[Q ACK] sent=1

# HOST CMD 38 10 1 0 1
[Q COMMAND] CMD 38 10 1 0 1
[Q ACK] sent=1

# HOST CMD 2 10 2 0 2
[Q COMMAND] CMD 2 10 2 0 2
[Q ACK] sent=1

# HOST CMD 18 10 127 0 2
[Q COMMAND] CMD 18 10 127 0 2
[Q ACK] sent=1

# HOST CMD 19 10 100 0 2
[Q COMMAND] CMD 19 10 100 0 2
[Q ACK] sent=1

# HOST CMD 20 10 4 0 2
[Q COMMAND] CMD 20 10 4 0 2
[Q ACK] sent=1

# HOST CMD 31 10 48 0 2
[Q COMMAND] CMD 31 10 48 0 2
[Q ACK] sent=1

# HOST CMD 32 10 127 0 2
[Q COMMAND] CMD 32 10 127 0 2
[Q ACK] sent=1

# HOST CMD 33 10 69 0 2
[Q COMMAND] CMD 33 10 69 0 2
[Q ACK] sent=1

# HOST CMD 34 10 12 0 2
[Q COMMAND] CMD 34 10 12 0 2
[Q ACK] sent=1

# HOST CMD 35 10 40 0 2
[Q COMMAND] CMD 35 10 40 0 2
[Q ACK] sent=1

# HOST CMD 36 10 40 0 2
[Q COMMAND] CMD 36 10 40 0 2
[Q ACK] sent=1

# HOST CMD 37 10 96 0 2
[Q COMMAND] CMD 37 10 96 0 2
[Q ACK] sent=1

# HOST CMD 38 10 2 0 2
[Q COMMAND] CMD 38 10 2 0 2
[Q ACK] sent=1

# HOST CMD 2 10 3 0 3
[Q COMMAND] CMD 2 10 3 0 3
[Q ACK] sent=1

# HOST CMD 18 10 127 0 3
[Q COMMAND] CMD 18 10 127 0 3
[Q ACK] sent=1

# HOST CMD 19 10 100 0 3
[Q COMMAND] CMD 19 10 100 0 3
[Q ACK] sent=1

# HOST CMD 20 10 4 0 3
[Q COMMAND] CMD 20 10 4 0 3
[Q ACK] sent=1

# HOST CMD 31 10 49 0 3
[Q COMMAND] CMD 31 10 49 0 3
[Q ACK] sent=1

# HOST CMD 32 10 127 0 3
[Q COMMAND] CMD 32 10 127 0 3
[Q ACK] sent=1

# HOST CMD 33 10 82 0 3
[Q COMMAND] CMD 33 10 82 0 3
[Q ACK] sent=1

# HOST CMD 34 10 13 0 3
[Q COMMAND] CMD 34 10 13 0 3
[Q ACK] sent=1

# HOST CMD 35 10 120 0 3
[Q COMMAND] CMD 35 10 120 0 3
[Q ACK] sent=1

# HOST CMD 36 10 127 0 3
[Q COMMAND] CMD 36 10 127 0 3
[Q ACK] sent=1

# HOST CMD 37 10 96 0 3
[Q COMMAND] CMD 37 10 96 0 3
[Q ACK] sent=1

# HOST CMD 38 10 3 0 3
[Q COMMAND] CMD 38 10 3 0 3
[Q ACK] sent=1

# HOST CMD 2 10 4 0 4
[Q COMMAND] CMD 2 10 4 0 4
[Q ACK] sent=1

# HOST CMD 18 10 127 0 4
[Q COMMAND] CMD 18 10 127 0 4
[Q ACK] sent=1

# HOST CMD 19 10 100 0 4
[Q COMMAND] CMD 19 10 100 0 4
[Q ACK] sent=1

# HOST CMD 20 10 4 0 4
[Q COMMAND] CMD 20 10 4 0 4
[Q ACK] sent=1

# HOST CMD 31 10 50 0 4
[Q COMMAND] CMD 31 10 50 0 4
[Q ACK] sent=1

# HOST CMD 32 10 127 0 4
[Q COMMAND] CMD 32 10 127 0 4
[Q ACK] sent=1

# HOST CMD 33 10 95 0 4
[Q COMMAND] CMD 33 10 95 0 4
[Q ACK] sent=1

# HOST CMD 34 10 14 0 4
[Q COMMAND] CMD 34 10 14 0 4
[Q ACK] sent=1

# HOST CMD 35 10 20 0 4
[Q COMMAND] CMD 35 10 20 0 4
[Q ACK] sent=1

# HOST CMD 36 10 10 0 4
[Q COMMAND] CMD 36 10 10 0 4
[Q ACK] sent=1

# HOST CMD 37 10 96 0 4
[Q COMMAND] CMD 37 10 96 0 4
[Q ACK] sent=1

# HOST CMD 38 10 4 0 4
[Q COMMAND] CMD 38 10 4 0 4
[Q ACK] sent=1

# HOST CMD 2 10 5 0 5
[Q COMMAND] CMD 2 10 5 0 5
[Q ACK] sent=1

# HOST CMD 18 10 127 0 5
[Q COMMAND] CMD 18 10 127 0 5
[Q ACK] sent=1

# HOST CMD 19 10 100 0 5
[Q COMMAND] CMD 19 10 100 0 5
[Q ACK] sent=1

# HOST CMD 20 10 4 0 5
[Q COMMAND] CMD 20 10 4 0 5
[Q ACK] sent=1

# HOST CMD 31 10 51 0 5
[Q COMMAND] CMD 31 10 51 0 5
[Q ACK] sent=1

# HOST CMD 32 10 127 0 5
[Q COMMAND] CMD 32 10 127 0 5
[Q ACK] sent=1

# HOST CMD 33 10 108 0 5
[Q COMMAND] CMD 33 10 108 0 5
[Q ACK] sent=1

# HOST CMD 34 10 15 0 5
[Q COMMAND] CMD 34 10 15 0 5
[Q ACK] sent=1

# HOST CMD 35 10 100 0 5
[Q COMMAND] CMD 35 10 100 0 5
[Q ACK] sent=1

# HOST CMD 36 10 100 0 5
[Q COMMAND] CMD 36 10 100 0 5
[Q ACK] sent=1

# HOST CMD 37 10 96 0 5
[Q COMMAND] CMD 37 10 96 0 5
[Q ACK] sent=1

# HOST CMD 38 10 5 0 5
[Q COMMAND] CMD 38 10 5 0 5
[Q ACK] sent=1

# HOST CMD 2 10 6 0 6
[Q COMMAND] CMD 2 10 6 0 6
[Q ACK] sent=1

# HOST CMD 18 10 127 0 6
[Q COMMAND] CMD 18 10 127 0 6
[Q ACK] sent=1

# HOST CMD 19 10 100 0 6
[Q COMMAND] CMD 19 10 100 0 6
[Q ACK] sent=1

# HOST CMD 20 10 4 0 6
[Q COMMAND] CMD 20 10 4 0 6
[Q ACK] sent=1

# HOST CMD 31 10 52 0 6
[Q COMMAND] CMD 31 10 52 0 6
[Q ACK] sent=1

# HOST CMD 32 10 127 0 6
[Q COMMAND] CMD 32 10 127 0 6
[Q ACK] sent=1

# HOST CMD 33 10 121 0 6
[Q COMMAND] CMD 33 10 121 0 6
[Q ACK] sent=1

# HOST CMD 34 10 0 0 6
[Q COMMAND] CMD 34 10 0 0 6
[Q ACK] sent=1

# HOST CMD 35 10 40 0 6
[Q COMMAND] CMD 35 10 40 0 6
[Q ACK] sent=1

# HOST CMD 36 10 40 0 6
[Q COMMAND] CMD 36 10 40 0 6
[Q ACK] sent=1

# HOST CMD 37 10 96 0 6
[Q COMMAND] CMD 37 10 96 0 6
[Q ACK] sent=1

# HOST CMD 38 10 6 0 6
[Q COMMAND] CMD 38 10 6 0 6
[Q ACK] sent=1

# HOST CMD 2 10 7 0 7
[Q COMMAND] CMD 2 10 7 0 7
[Q ACK] sent=1

# HOST CMD 18 10 127 0 7
[Q COMMAND] CMD 18 10 127 0 7
[Q ACK] sent=1

# HOST CMD 19 10 100 0 7
[Q COMMAND] CMD 19 10 100 0 7
[Q ACK] sent=1

# HOST CMD 20 10 4 0 7
[Q COMMAND] CMD 20 10 4 0 7
[Q ACK] sent=1

# HOST CMD 31 10 53 0 7
[Q COMMAND] CMD 31 10 53 0 7
[Q ACK] sent=1

# HOST CMD 32 10 127 0 7
[Q COMMAND] CMD 32 10 127 0 7
[Q ACK] sent=1

# HOST CMD 33 10 -121 0 7
[Q COMMAND] CMD 33 10 -121 0 7
[Q ACK] sent=1

# HOST CMD 34 10 1 0 7
[Q COMMAND] CMD 34 10 1 0 7
[Q ACK] sent=1

# HOST CMD 35 10 120 0 7
[Q COMMAND] CMD 35 10 120 0 7
[Q ACK] sent=1

# HOST CMD 36 10 127 0 7
[Q COMMAND] CMD 36 10 127 0 7
[Q ACK] sent=1

# HOST CMD 37 10 96 0 7
[Q COMMAND] CMD 37 10 96 0 7
[Q ACK] sent=1

# HOST CMD 38 10 7 0 7
[Q COMMAND] CMD 38 10 7 0 7
[Q ACK] sent=1

# HOST CMD 2 10 8 0 8
[Q COMMAND] CMD 2 10 8 0 8
[Q ACK] sent=1

# HOST CMD 18 10 127 0 8
[Q COMMAND] CMD 18 10 127 0 8
[Q ACK] sent=1

# HOST CMD 19 10 100 0 8
[Q COMMAND] CMD 19 10 100 0 8
[Q ACK] sent=1

# HOST CMD 20 10 4 0 8
[Q COMMAND] CMD 20 10 4 0 8
[Q ACK] sent=1

# HOST CMD 31 10 54 0 8
[Q COMMAND] CMD 31 10 54 0 8
[Q ACK] sent=1

# HOST CMD 32 10 127 0 8
[Q COMMAND] CMD 32 10 127 0 8
[Q ACK] sent=1

# HOST CMD 33 10 -108 0 8
[Q COMMAND] CMD 33 10 -108 0 8
[Q ACK] sent=1

# HOST CMD 34 10 2 0 8
[Q COMMAND] CMD 34 10 2 0 8
[Q ACK] sent=1

# HOST CMD 35 10 20 0 8
[Q COMMAND] CMD 35 10 20 0 8
[Q ACK] sent=1

# HOST CMD 36 10 10 0 8
[Q COMMAND] CMD 36 10 10 0 8
[Q ACK] sent=1

# HOST CMD 37 10 96 0 8
[Q COMMAND] CMD 37 10 96 0 8
[Q ACK] sent=1

# HOST CMD 38 10 8 0 8
[Q COMMAND] CMD 38 10 8 0 8
[Q ACK] sent=1

# HOST CMD 2 10 9 0 9
[Q COMMAND] CMD 2 10 9 0 9
[Q ACK] sent=1

# HOST CMD 18 10 127 0 9
[Q COMMAND] CMD 18 10 127 0 9
[Q ACK] sent=1

# HOST CMD 19 10 100 0 9
[Q COMMAND] CMD 19 10 100 0 9
[Q ACK] sent=1

# HOST CMD 20 10 4 0 9
[Q COMMAND] CMD 20 10 4 0 9
[Q ACK] sent=1

# HOST CMD 31 10 55 0 9
[Q COMMAND] CMD 31 10 55 0 9
[Q ACK] sent=1

# HOST CMD 32 10 127 0 9
[Q COMMAND] CMD 32 10 127 0 9
[Q ACK] sent=1

# HOST CMD 33 10 -95 0 9
[Q COMMAND] CMD 33 10 -95 0 9
[Q ACK] sent=1

# HOST CMD 34 10 3 0 9
[Q COMMAND] CMD 34 10 3 0 9
[Q ACK] sent=1

# HOST CMD 35 10 100 0 9
[Q COMMAND] CMD 35 10 100 0 9
[Q ACK] sent=1

# HOST CMD 36 10 100 0 9
[Q COMMAND] CMD 36 10 100 0 9
[Q ACK] sent=1

# HOST CMD 37 10 96 0 9
[Q COMMAND] CMD 37 10 96 0 9
[Q ACK] sent=1

# HOST CMD 38 10 9 0 9
[Q COMMAND] CMD 38 10 9 0 9
[Q ACK] sent=1

# HOST CMD 2 10 10 0 10
[Q COMMAND] CMD 2 10 10 0 10
[Q ACK] sent=1

# HOST CMD 18 10 127 0 10
[Q COMMAND] CMD 18 10 127 0 10
[Q ACK] sent=1

# HOST CMD 19 10 100 0 10
[Q COMMAND] CMD 19 10 100 0 10
[Q ACK] sent=1

# HOST CMD 20 10 4 0 10
[Q COMMAND] CMD 20 10 4 0 10
[Q ACK] sent=1

# HOST CMD 31 10 56 0 10
[Q COMMAND] CMD 31 10 56 0 10
[Q ACK] sent=1

# HOST CMD 32 10 127 0 10
[Q COMMAND] CMD 32 10 127 0 10
[Q ACK] sent=1

# HOST CMD 33 10 -82 0 10
[Q COMMAND] CMD 33 10 -82 0 10
[Q ACK] sent=1

# HOST CMD 34 10 4 0 10
[Q COMMAND] CMD 34 10 4 0 10
[Q ACK] sent=1

# HOST CMD 35 10 40 0 10
[Q COMMAND] CMD 35 10 40 0 10
[Q ACK] sent=1

# HOST CMD 36 10 40 0 10
[Q COMMAND] CMD 36 10 40 0 10
[Q ACK] sent=1

# HOST CMD 37 10 96 0 10
[Q COMMAND] CMD 37 10 96 0 10
[Q ACK] sent=1

# HOST CMD 38 10 10 0 10
[Q COMMAND] CMD 38 10 10 0 10
[Q ACK] sent=1

# HOST CMD 2 10 11 0 11
[Q COMMAND] CMD 2 10 11 0 11
[Q ACK] sent=1

# HOST CMD 18 10 127 0 11
[Q COMMAND] CMD 18 10 127 0 11
[Q ACK] sent=1

# HOST CMD 19 10 100 0 11
[Q COMMAND] CMD 19 10 100 0 11
[Q ACK] sent=1

# HOST CMD 20 10 4 0 11
[Q COMMAND] CMD 20 10 4 0 11
[Q ACK] sent=1

# HOST CMD 31 10 57 0 11
[Q COMMAND] CMD 31 10 57 0 11
[Q ACK] sent=1

# HOST CMD 32 10 127 0 11
[Q COMMAND] CMD 32 10 127 0 11
[Q ACK] sent=1

# HOST CMD 33 10 -69 0 11
[Q COMMAND] CMD 33 10 -69 0 11
[Q ACK] sent=1

# HOST CMD 34 10 5 0 11
[Q COMMAND] CMD 34 10 5 0 11
[Q ACK] sent=1

# HOST CMD 35 10 120 0 11
[Q COMMAND] CMD 35 10 120 0 11
[Q ACK] sent=1

# HOST CMD 36 10 127 0 11
[Q COMMAND] CMD 36 10 127 0 11
[Q ACK] sent=1

# HOST CMD 37 10 96 0 11
[Q COMMAND] CMD 37 10 96 0 11
[Q ACK] sent=1

# HOST CMD 38 10 11 0 11
[Q COMMAND] CMD 38 10 11 0 11
[Q ACK] sent=1

# HOST CMD 2 10 12 0 12
[Q COMMAND] CMD 2 10 12 0 12
[Q ACK] sent=1

# HOST CMD 18 10 127 0 12
[Q COMMAND] CMD 18 10 127 0 12
[Q ACK] sent=1

# HOST CMD 19 10 100 0 12
[Q COMMAND] CMD 19 10 100 0 12
[Q ACK] sent=1

# HOST CMD 20 10 4 0 12
[Q COMMAND] CMD 20 10 4 0 12
[Q ACK] sent=1

# HOST CMD 31 10 58 0 12
[Q COMMAND] CMD 31 10 58 0 12
[Q ACK] sent=1

# HOST CMD 32 10 127 0 12
[Q COMMAND] CMD 32 10 127 0 12
[Q ACK] sent=1

# HOST CMD 33 10 -56 0 12
[Q COMMAND] CMD 33 10 -56 0 12
[Q ACK] sent=1

# HOST CMD 34 10 6 0 12
[Q COMMAND] CMD 34 10 6 0 12
[Q ACK] sent=1

# HOST CMD 35 10 20 0 12
[Q COMMAND] CMD 35 10 20 0 12
[Q ACK] sent=1

# HOST CMD 36 10 10 0 12
[Q COMMAND] CMD 36 10 10 0 12
[Q ACK] sent=1

# HOST CMD 37 10 96 0 12
[Q COMMAND] CMD 37 10 96 0 12
[Q ACK] sent=1

# HOST CMD 38 10 12 0 12
[Q COMMAND] CMD 38 10 12 0 12
[Q ACK] sent=1

# HOST CMD 2 10 13 0 13
[Q COMMAND] CMD 2 10 13 0 13
[Q ACK] sent=1

# HOST CMD 18 10 127 0 13
[Q COMMAND] CMD 18 10 127 0 13
[Q ACK] sent=1

# HOST CMD 19 10 100 0 13
[Q COMMAND] CMD 19 10 100 0 13
[Q ACK] sent=1

# HOST CMD 20 10 4 0 13
[Q COMMAND] CMD 20 10 4 0 13
[Q ACK] sent=1

# HOST CMD 31 10 59 0 13
[Q COMMAND] CMD 31 10 59 0 13
[Q ACK] sent=1

# HOST CMD 32 10 127 0 13
[Q COMMAND] CMD 32 10 127 0 13
[Q ACK] sent=1

# HOST CMD 33 10 -43 0 13
[Q COMMAND] CMD 33 10 -43 0 13
[Q ACK] sent=1

# HOST CMD 34 10 7 0 13
[Q COMMAND] CMD 34 10 7 0 13
[Q ACK] sent=1

# HOST CMD 35 10 100 0 13
[Q COMMAND] CMD 35 10 100 0 13
[Q ACK] sent=1

# HOST CMD 36 10 100 0 13
[Q COMMAND] CMD 36 10 100 0 13
[Q ACK] sent=1

# HOST CMD 37 10 96 0 13
[Q COMMAND] CMD 37 10 96 0 13
[Q ACK] sent=1

# HOST CMD 38 10 13 0 13
[Q COMMAND] CMD 38 10 13 0 13
[Q ACK] sent=1

# HOST CMD 2 10 14 0 14
[Q COMMAND] CMD 2 10 14 0 14
[Q ACK] sent=1

# HOST CMD 18 10 127 0 14
[Q COMMAND] CMD 18 10 127 0 14
[Q ACK] sent=1

# HOST CMD 19 10 100 0 14
[Q COMMAND] CMD 19 10 100 0 14
[Q ACK] sent=1

# HOST CMD 20 10 4 0 14
[Q COMMAND] CMD 20 10 4 0 14
[Q ACK] sent=1

# HOST CMD 31 10 60 0 14
[Q COMMAND] CMD 31 10 60 0 14
[Q ACK] sent=1

# HOST CMD 32 10 127 0 14
[Q COMMAND] CMD 32 10 127 0 14
[Q ACK] sent=1

# HOST CMD 33 10 -30 0 14
[Q COMMAND] CMD 33 10 -30 0 14
[Q ACK] sent=1

# HOST CMD 34 10 8 0 14
[Q COMMAND] CMD 34 10 8 0 14
[Q ACK] sent=1

# HOST CMD 35 10 40 0 14
[Q COMMAND] CMD 35 10 40 0 14
[Q ACK] sent=1

# HOST CMD 36 10 40 0 14
[Q COMMAND] CMD 36 10 40 0 14
[Q ACK] sent=1

# HOST CMD 37 10 96 0 14
[Q COMMAND] CMD 37 10 96 0 14
[Q ACK] sent=1

# HOST CMD 38 10 14 0 14
[Q COMMAND] CMD 38 10 14 0 14
[Q ACK] sent=1

# HOST CMD 2 10 15 0 15
[Q COMMAND] CMD 2 10 15 0 15
[Q ACK] sent=1

# HOST CMD 18 10 127 0 15
[Q COMMAND] CMD 18 10 127 0 15
[Q ACK] sent=1

# HOST CMD 19 10 100 0 15
[Q COMMAND] CMD 19 10 100 0 15
[Q ACK] sent=1

# HOST CMD 20 10 4 0 15
[Q COMMAND] CMD 20 10 4 0 15
[Q ACK] sent=1

# HOST CMD 31 10 61 0 15
[Q COMMAND] CMD 31 10 61 0 15
[Q ACK] sent=1

# HOST CMD 32 10 127 0 15
[Q COMMAND] CMD 32 10 127 0 15
[Q ACK] sent=1

# HOST CMD 33 10 -17 0 15
[Q COMMAND] CMD 33 10 -17 0 15
[Q ACK] sent=1

# HOST CMD 34 10 9 0 15
[Q COMMAND] CMD 34 10 9 0 15
[Q ACK] sent=1

# HOST CMD 35 10 120 0 15
[Q COMMAND] CMD 35 10 120 0 15
[Q ACK] sent=1

# HOST CMD 36 10 127 0 15
[Q COMMAND] CMD 36 10 127 0 15
[Q ACK] sent=1

# HOST CMD 37 10 96 0 15
[Q COMMAND] CMD 37 10 96 0 15
[Q ACK] sent=1

# HOST CMD 38 10 15 0 15
[Q COMMAND] CMD 38 10 15 0 15
[Q ACK] sent=1

# HOST LOAD 11 3
[Q COMMAND] LOAD 11 3
[Q ACK] load=1
[M6 read] bytes=352800 read_us=695067 bytes_per_second=507576 original_channels=1 rate=44100 total_psram=33554432
[M6 load] track=11 file_bytes=352844 pcm_bytes=352800 load_publish_us=1124707 payload=4233600 transient=352800 peak_payload=4233600 ps_free=26427900 largest=26214388 internal=202208 display=2304000 fx_delay=352800 reserve=4194304
[M6.1 replacement] retired_clear=1 ps_delta=360452 status=READY

# HOST CMD 10 11 0 0 0
[Q COMMAND] CMD 10 11 0 0 0
[Q ACK] sent=1

# HOST CMD 12 11 0 0 0
[Q COMMAND] CMD 12 11 0 0 0
[Q ACK] sent=1

# HOST CMD 47 11 0 0 0
[Q COMMAND] CMD 47 11 0 0 0
[Q ACK] sent=1

# HOST CMD 46 11 0 0 0
[Q COMMAND] CMD 46 11 0 0 0
[Q ACK] sent=1

# HOST CMD 48 11 0 0 0
[Q COMMAND] CMD 48 11 0 0 0
[Q ACK] sent=1

# HOST CMD 55 11 16 0 0
[Q COMMAND] CMD 55 11 16 0 0
[Q ACK] sent=1

# HOST CMD 41 11 74 0 0
[Q COMMAND] CMD 41 11 74 0 0
[Q ACK] sent=1

# HOST CMD 42 11 96 0 0
[Q COMMAND] CMD 42 11 96 0 0
[Q ACK] sent=1

# HOST CMD 43 11 127 0 0
[Q COMMAND] CMD 43 11 127 0 0
[Q ACK] sent=1

# HOST CMD 2 11 0 0 0
[Q COMMAND] CMD 2 11 0 0 0
[Q ACK] sent=1

# HOST CMD 18 11 127 0 0
[Q COMMAND] CMD 18 11 127 0 0
[Q ACK] sent=1

# HOST CMD 19 11 100 0 0
[Q COMMAND] CMD 19 11 100 0 0
[Q ACK] sent=1

# HOST CMD 20 11 4 0 0
[Q COMMAND] CMD 20 11 4 0 0
[Q ACK] sent=1

# HOST CMD 31 11 47 0 0
[Q COMMAND] CMD 31 11 47 0 0
[Q ACK] sent=1

# HOST CMD 32 11 127 0 0
[Q COMMAND] CMD 32 11 127 0 0
[Q ACK] sent=1

# HOST CMD 33 11 60 0 0
[Q COMMAND] CMD 33 11 60 0 0
[Q ACK] sent=1

# HOST CMD 34 11 11 0 0
[Q COMMAND] CMD 34 11 11 0 0
[Q ACK] sent=1

# HOST CMD 35 11 20 0 0
[Q COMMAND] CMD 35 11 20 0 0
[Q ACK] sent=1

# HOST CMD 36 11 10 0 0
[Q COMMAND] CMD 36 11 10 0 0
[Q ACK] sent=1

# HOST CMD 37 11 96 0 0
[Q COMMAND] CMD 37 11 96 0 0
[Q ACK] sent=1

# HOST CMD 38 11 0 0 0
[Q COMMAND] CMD 38 11 0 0 0
[Q ACK] sent=1

# HOST CMD 2 11 1 0 1
[Q COMMAND] CMD 2 11 1 0 1
[Q ACK] sent=1

# HOST CMD 18 11 127 0 1
[Q COMMAND] CMD 18 11 127 0 1
[Q ACK] sent=1

# HOST CMD 19 11 100 0 1
[Q COMMAND] CMD 19 11 100 0 1
[Q ACK] sent=1

# HOST CMD 20 11 4 0 1
[Q COMMAND] CMD 20 11 4 0 1
[Q ACK] sent=1

# HOST CMD 31 11 48 0 1
[Q COMMAND] CMD 31 11 48 0 1
[Q ACK] sent=1

# HOST CMD 32 11 127 0 1
[Q COMMAND] CMD 32 11 127 0 1
[Q ACK] sent=1

# HOST CMD 33 11 73 0 1
[Q COMMAND] CMD 33 11 73 0 1
[Q ACK] sent=1

# HOST CMD 34 11 12 0 1
[Q COMMAND] CMD 34 11 12 0 1
[Q ACK] sent=1

# HOST CMD 35 11 100 0 1
[Q COMMAND] CMD 35 11 100 0 1
[Q ACK] sent=1

# HOST CMD 36 11 100 0 1
[Q COMMAND] CMD 36 11 100 0 1
[Q ACK] sent=1

# HOST CMD 37 11 96 0 1
[Q COMMAND] CMD 37 11 96 0 1
[Q ACK] sent=1

# HOST CMD 38 11 1 0 1
[Q COMMAND] CMD 38 11 1 0 1
[Q ACK] sent=1

# HOST CMD 2 11 2 0 2
[Q COMMAND] CMD 2 11 2 0 2
[Q ACK] sent=1

# HOST CMD 18 11 127 0 2
[Q COMMAND] CMD 18 11 127 0 2
[Q ACK] sent=1

# HOST CMD 19 11 100 0 2
[Q COMMAND] CMD 19 11 100 0 2
[Q ACK] sent=1

# HOST CMD 20 11 4 0 2
[Q COMMAND] CMD 20 11 4 0 2
[Q ACK] sent=1

# HOST CMD 31 11 49 0 2
[Q COMMAND] CMD 31 11 49 0 2
[Q ACK] sent=1

# HOST CMD 32 11 127 0 2
[Q COMMAND] CMD 32 11 127 0 2
[Q ACK] sent=1

# HOST CMD 33 11 86 0 2
[Q COMMAND] CMD 33 11 86 0 2
[Q ACK] sent=1

# HOST CMD 34 11 13 0 2
[Q COMMAND] CMD 34 11 13 0 2
[Q ACK] sent=1

# HOST CMD 35 11 40 0 2
[Q COMMAND] CMD 35 11 40 0 2
[Q ACK] sent=1

# HOST CMD 36 11 40 0 2
[Q COMMAND] CMD 36 11 40 0 2
[Q ACK] sent=1

# HOST CMD 37 11 96 0 2
[Q COMMAND] CMD 37 11 96 0 2
[Q ACK] sent=1

# HOST CMD 38 11 2 0 2
[Q COMMAND] CMD 38 11 2 0 2
[Q ACK] sent=1

# HOST CMD 2 11 3 0 3
[Q COMMAND] CMD 2 11 3 0 3
[Q ACK] sent=1

# HOST CMD 18 11 127 0 3
[Q COMMAND] CMD 18 11 127 0 3
[Q ACK] sent=1

# HOST CMD 19 11 100 0 3
[Q COMMAND] CMD 19 11 100 0 3
[Q ACK] sent=1

# HOST CMD 20 11 4 0 3
[Q COMMAND] CMD 20 11 4 0 3
[Q ACK] sent=1

# HOST CMD 31 11 50 0 3
[Q COMMAND] CMD 31 11 50 0 3
[Q ACK] sent=1

# HOST CMD 32 11 127 0 3
[Q COMMAND] CMD 32 11 127 0 3
[Q ACK] sent=1

# HOST CMD 33 11 99 0 3
[Q COMMAND] CMD 33 11 99 0 3
[Q ACK] sent=1

# HOST CMD 34 11 14 0 3
[Q COMMAND] CMD 34 11 14 0 3
[Q ACK] sent=1

# HOST CMD 35 11 120 0 3
[Q COMMAND] CMD 35 11 120 0 3
[Q ACK] sent=1

# HOST CMD 36 11 127 0 3
[Q COMMAND] CMD 36 11 127 0 3
[Q ACK] sent=1

# HOST CMD 37 11 96 0 3
[Q COMMAND] CMD 37 11 96 0 3
[Q ACK] sent=1

# HOST CMD 38 11 3 0 3
[Q COMMAND] CMD 38 11 3 0 3
[Q ACK] sent=1

# HOST CMD 2 11 4 0 4
[Q COMMAND] CMD 2 11 4 0 4
[Q ACK] sent=1

# HOST CMD 18 11 127 0 4
[Q COMMAND] CMD 18 11 127 0 4
[Q ACK] sent=1

# HOST CMD 19 11 100 0 4
[Q COMMAND] CMD 19 11 100 0 4
[Q ACK] sent=1

# HOST CMD 20 11 4 0 4
[Q COMMAND] CMD 20 11 4 0 4
[Q ACK] sent=1

# HOST CMD 31 11 51 0 4
[Q COMMAND] CMD 31 11 51 0 4
[Q ACK] sent=1

# HOST CMD 32 11 127 0 4
[Q COMMAND] CMD 32 11 127 0 4
[Q ACK] sent=1

# HOST CMD 33 11 112 0 4
[Q COMMAND] CMD 33 11 112 0 4
[Q ACK] sent=1

# HOST CMD 34 11 15 0 4
[Q COMMAND] CMD 34 11 15 0 4
[Q ACK] sent=1

# HOST CMD 35 11 20 0 4
[Q COMMAND] CMD 35 11 20 0 4
[Q ACK] sent=1

# HOST CMD 36 11 10 0 4
[Q COMMAND] CMD 36 11 10 0 4
[Q ACK] sent=1

# HOST CMD 37 11 96 0 4
[Q COMMAND] CMD 37 11 96 0 4
[Q ACK] sent=1

# HOST CMD 38 11 4 0 4
[Q COMMAND] CMD 38 11 4 0 4
[Q ACK] sent=1

# HOST CMD 2 11 5 0 5
[Q COMMAND] CMD 2 11 5 0 5
[Q ACK] sent=1

# HOST CMD 18 11 127 0 5
[Q COMMAND] CMD 18 11 127 0 5
[Q ACK] sent=1

# HOST CMD 19 11 100 0 5
[Q COMMAND] CMD 19 11 100 0 5
[Q ACK] sent=1

# HOST CMD 20 11 4 0 5
[Q COMMAND] CMD 20 11 4 0 5
[Q ACK] sent=1

# HOST CMD 31 11 52 0 5
[Q COMMAND] CMD 31 11 52 0 5
[Q ACK] sent=1

# HOST CMD 32 11 127 0 5
[Q COMMAND] CMD 32 11 127 0 5
[Q ACK] sent=1

# HOST CMD 33 11 125 0 5
[Q COMMAND] CMD 33 11 125 0 5
[Q ACK] sent=1

# HOST CMD 34 11 0 0 5
[Q COMMAND] CMD 34 11 0 0 5
[Q ACK] sent=1

# HOST CMD 35 11 100 0 5
[Q COMMAND] CMD 35 11 100 0 5
[Q ACK] sent=1

# HOST CMD 36 11 100 0 5
[Q COMMAND] CMD 36 11 100 0 5
[Q ACK] sent=1

# HOST CMD 37 11 96 0 5
[Q COMMAND] CMD 37 11 96 0 5
[Q ACK] sent=1

# HOST CMD 38 11 5 0 5
[Q COMMAND] CMD 38 11 5 0 5
[Q ACK] sent=1

# HOST CMD 2 11 6 0 6
[Q COMMAND] CMD 2 11 6 0 6
[Q ACK] sent=1

# HOST CMD 18 11 127 0 6
[Q COMMAND] CMD 18 11 127 0 6
[Q ACK] sent=1

# HOST CMD 19 11 100 0 6
[Q COMMAND] CMD 19 11 100 0 6
[Q ACK] sent=1

# HOST CMD 20 11 4 0 6
[Q COMMAND] CMD 20 11 4 0 6
[Q ACK] sent=1

# HOST CMD 31 11 53 0 6
[Q COMMAND] CMD 31 11 53 0 6
[Q ACK] sent=1

# HOST CMD 32 11 127 0 6
[Q COMMAND] CMD 32 11 127 0 6
[Q ACK] sent=1

# HOST CMD 33 11 -117 0 6
[Q COMMAND] CMD 33 11 -117 0 6
[Q ACK] sent=1

# HOST CMD 34 11 1 0 6
[Q COMMAND] CMD 34 11 1 0 6
[Q ACK] sent=1

# HOST CMD 35 11 40 0 6
[Q COMMAND] CMD 35 11 40 0 6
[Q ACK] sent=1

# HOST CMD 36 11 40 0 6
[Q COMMAND] CMD 36 11 40 0 6
[Q ACK] sent=1

# HOST CMD 37 11 96 0 6
[Q COMMAND] CMD 37 11 96 0 6
[Q ACK] sent=1

# HOST CMD 38 11 6 0 6
[Q COMMAND] CMD 38 11 6 0 6
[Q ACK] sent=1

# HOST CMD 2 11 7 0 7
[Q COMMAND] CMD 2 11 7 0 7
[Q ACK] sent=1

# HOST CMD 18 11 127 0 7
[Q COMMAND] CMD 18 11 127 0 7
[Q ACK] sent=1

# HOST CMD 19 11 100 0 7
[Q COMMAND] CMD 19 11 100 0 7
[Q ACK] sent=1

# HOST CMD 20 11 4 0 7
[Q COMMAND] CMD 20 11 4 0 7
[Q ACK] sent=1

# HOST CMD 31 11 54 0 7
[Q COMMAND] CMD 31 11 54 0 7
[Q ACK] sent=1

# HOST CMD 32 11 127 0 7
[Q COMMAND] CMD 32 11 127 0 7
[Q ACK] sent=1

# HOST CMD 33 11 -104 0 7
[Q COMMAND] CMD 33 11 -104 0 7
[Q ACK] sent=1

# HOST CMD 34 11 2 0 7
[Q COMMAND] CMD 34 11 2 0 7
[Q ACK] sent=1

# HOST CMD 35 11 120 0 7
[Q COMMAND] CMD 35 11 120 0 7
[Q ACK] sent=1

# HOST CMD 36 11 127 0 7
[Q COMMAND] CMD 36 11 127 0 7
[Q ACK] sent=1

# HOST CMD 37 11 96 0 7
[Q COMMAND] CMD 37 11 96 0 7
[Q ACK] sent=1

# HOST CMD 38 11 7 0 7
[Q COMMAND] CMD 38 11 7 0 7
[Q ACK] sent=1

# HOST CMD 2 11 8 0 8
[Q COMMAND] CMD 2 11 8 0 8
[Q ACK] sent=1

# HOST CMD 18 11 127 0 8
[Q COMMAND] CMD 18 11 127 0 8
[Q ACK] sent=1

# HOST CMD 19 11 100 0 8
[Q COMMAND] CMD 19 11 100 0 8
[Q ACK] sent=1

# HOST CMD 20 11 4 0 8
[Q COMMAND] CMD 20 11 4 0 8
[Q ACK] sent=1

# HOST CMD 31 11 55 0 8
[Q COMMAND] CMD 31 11 55 0 8
[Q ACK] sent=1

# HOST CMD 32 11 127 0 8
[Q COMMAND] CMD 32 11 127 0 8
[Q ACK] sent=1

# HOST CMD 33 11 -91 0 8
[Q COMMAND] CMD 33 11 -91 0 8
[Q ACK] sent=1

# HOST CMD 34 11 3 0 8
[Q COMMAND] CMD 34 11 3 0 8
[Q ACK] sent=1

# HOST CMD 35 11 20 0 8
[Q COMMAND] CMD 35 11 20 0 8
[Q ACK] sent=1

# HOST CMD 36 11 10 0 8
[Q COMMAND] CMD 36 11 10 0 8
[Q ACK] sent=1

# HOST CMD 37 11 96 0 8
[Q COMMAND] CMD 37 11 96 0 8
[Q ACK] sent=1

# HOST CMD 38 11 8 0 8
[Q COMMAND] CMD 38 11 8 0 8
[Q ACK] sent=1

# HOST CMD 2 11 9 0 9
[Q COMMAND] CMD 2 11 9 0 9
[Q ACK] sent=1

# HOST CMD 18 11 127 0 9
[Q COMMAND] CMD 18 11 127 0 9
[Q ACK] sent=1

# HOST CMD 19 11 100 0 9
[Q COMMAND] CMD 19 11 100 0 9
[Q ACK] sent=1

# HOST CMD 20 11 4 0 9
[Q COMMAND] CMD 20 11 4 0 9
[Q ACK] sent=1

# HOST CMD 31 11 56 0 9
[Q COMMAND] CMD 31 11 56 0 9
[Q ACK] sent=1

# HOST CMD 32 11 127 0 9
[Q COMMAND] CMD 32 11 127 0 9
[Q ACK] sent=1

# HOST CMD 33 11 -78 0 9
[Q COMMAND] CMD 33 11 -78 0 9
[Q ACK] sent=1

# HOST CMD 34 11 4 0 9
[Q COMMAND] CMD 34 11 4 0 9
[Q ACK] sent=1

# HOST CMD 35 11 100 0 9
[Q COMMAND] CMD 35 11 100 0 9
[Q ACK] sent=1

# HOST CMD 36 11 100 0 9
[Q COMMAND] CMD 36 11 100 0 9
[Q ACK] sent=1

# HOST CMD 37 11 96 0 9
[Q COMMAND] CMD 37 11 96 0 9
[Q ACK] sent=1

# HOST CMD 38 11 9 0 9
[Q COMMAND] CMD 38 11 9 0 9
[Q ACK] sent=1

# HOST CMD 2 11 10 0 10
[Q COMMAND] CMD 2 11 10 0 10
[Q ACK] sent=1

# HOST CMD 18 11 127 0 10
[Q COMMAND] CMD 18 11 127 0 10
[Q ACK] sent=1

# HOST CMD 19 11 100 0 10
[Q COMMAND] CMD 19 11 100 0 10
[Q ACK] sent=1

# HOST CMD 20 11 4 0 10
[Q COMMAND] CMD 20 11 4 0 10
[Q ACK] sent=1

# HOST CMD 31 11 57 0 10
[Q COMMAND] CMD 31 11 57 0 10
[Q ACK] sent=1

# HOST CMD 32 11 127 0 10
[Q COMMAND] CMD 32 11 127 0 10
[Q ACK] sent=1

# HOST CMD 33 11 -65 0 10
[Q COMMAND] CMD 33 11 -65 0 10
[Q ACK] sent=1

# HOST CMD 34 11 5 0 10
[Q COMMAND] CMD 34 11 5 0 10
[Q ACK] sent=1

# HOST CMD 35 11 40 0 10
[Q COMMAND] CMD 35 11 40 0 10
[Q ACK] sent=1

# HOST CMD 36 11 40 0 10
[Q COMMAND] CMD 36 11 40 0 10
[Q ACK] sent=1

# HOST CMD 37 11 96 0 10
[Q COMMAND] CMD 37 11 96 0 10
[Q ACK] sent=1

# HOST CMD 38 11 10 0 10
[Q COMMAND] CMD 38 11 10 0 10
[Q ACK] sent=1

# HOST CMD 2 11 11 0 11
[Q COMMAND] CMD 2 11 11 0 11
[Q ACK] sent=1

# HOST CMD 18 11 127 0 11
[Q COMMAND] CMD 18 11 127 0 11
[Q ACK] sent=1

# HOST CMD 19 11 100 0 11
[Q COMMAND] CMD 19 11 100 0 11
[Q ACK] sent=1

# HOST CMD 20 11 4 0 11
[Q COMMAND] CMD 20 11 4 0 11
[Q ACK] sent=1

# HOST CMD 31 11 58 0 11
[Q COMMAND] CMD 31 11 58 0 11
[Q ACK] sent=1

# HOST CMD 32 11 127 0 11
[Q COMMAND] CMD 32 11 127 0 11
[Q ACK] sent=1

# HOST CMD 33 11 -52 0 11
[Q COMMAND] CMD 33 11 -52 0 11
[Q ACK] sent=1

# HOST CMD 34 11 6 0 11
[Q COMMAND] CMD 34 11 6 0 11
[Q ACK] sent=1

# HOST CMD 35 11 120 0 11
[Q COMMAND] CMD 35 11 120 0 11
[Q ACK] sent=1

# HOST CMD 36 11 127 0 11
[Q COMMAND] CMD 36 11 127 0 11
[Q ACK] sent=1

# HOST CMD 37 11 96 0 11
[Q COMMAND] CMD 37 11 96 0 11
[Q ACK] sent=1

# HOST CMD 38 11 11 0 11
[Q COMMAND] CMD 38 11 11 0 11
[Q ACK] sent=1

# HOST CMD 2 11 12 0 12
[Q COMMAND] CMD 2 11 12 0 12
[Q ACK] sent=1

# HOST CMD 18 11 127 0 12
[Q COMMAND] CMD 18 11 127 0 12
[Q ACK] sent=1

# HOST CMD 19 11 100 0 12
[Q COMMAND] CMD 19 11 100 0 12
[Q ACK] sent=1

# HOST CMD 20 11 4 0 12
[Q COMMAND] CMD 20 11 4 0 12
[Q ACK] sent=1

# HOST CMD 31 11 59 0 12
[Q COMMAND] CMD 31 11 59 0 12
[Q ACK] sent=1

# HOST CMD 32 11 127 0 12
[Q COMMAND] CMD 32 11 127 0 12
[Q ACK] sent=1

# HOST CMD 33 11 -39 0 12
[Q COMMAND] CMD 33 11 -39 0 12
[Q ACK] sent=1

# HOST CMD 34 11 7 0 12
[Q COMMAND] CMD 34 11 7 0 12
[Q ACK] sent=1

# HOST CMD 35 11 20 0 12
[Q COMMAND] CMD 35 11 20 0 12
[Q ACK] sent=1

# HOST CMD 36 11 10 0 12
[Q COMMAND] CMD 36 11 10 0 12
[Q ACK] sent=1

# HOST CMD 37 11 96 0 12
[Q COMMAND] CMD 37 11 96 0 12
[Q ACK] sent=1

# HOST CMD 38 11 12 0 12
[Q COMMAND] CMD 38 11 12 0 12
[Q ACK] sent=1

# HOST CMD 2 11 13 0 13
[Q COMMAND] CMD 2 11 13 0 13
[Q ACK] sent=1

# HOST CMD 18 11 127 0 13
[Q COMMAND] CMD 18 11 127 0 13
[Q ACK] sent=1

# HOST CMD 19 11 100 0 13
[Q COMMAND] CMD 19 11 100 0 13
[Q ACK] sent=1

# HOST CMD 20 11 4 0 13
[Q COMMAND] CMD 20 11 4 0 13
[Q ACK] sent=1

# HOST CMD 31 11 60 0 13
[Q COMMAND] CMD 31 11 60 0 13
[Q ACK] sent=1

# HOST CMD 32 11 127 0 13
[Q COMMAND] CMD 32 11 127 0 13
[Q ACK] sent=1

# HOST CMD 33 11 -26 0 13
[Q COMMAND] CMD 33 11 -26 0 13
[Q ACK] sent=1

# HOST CMD 34 11 8 0 13
[Q COMMAND] CMD 34 11 8 0 13
[Q ACK] sent=1

# HOST CMD 35 11 100 0 13
[Q COMMAND] CMD 35 11 100 0 13
[Q ACK] sent=1

# HOST CMD 36 11 100 0 13
[Q COMMAND] CMD 36 11 100 0 13
[Q ACK] sent=1

# HOST CMD 37 11 96 0 13
[Q COMMAND] CMD 37 11 96 0 13
[Q ACK] sent=1

# HOST CMD 38 11 13 0 13
[Q COMMAND] CMD 38 11 13 0 13
[Q ACK] sent=1

# HOST CMD 2 11 14 0 14
[Q COMMAND] CMD 2 11 14 0 14
[Q ACK] sent=1

# HOST CMD 18 11 127 0 14
[Q COMMAND] CMD 18 11 127 0 14
[Q ACK] sent=1

# HOST CMD 19 11 100 0 14
[Q COMMAND] CMD 19 11 100 0 14
[Q ACK] sent=1

# HOST CMD 20 11 4 0 14
[Q COMMAND] CMD 20 11 4 0 14
[Q ACK] sent=1

# HOST CMD 31 11 61 0 14
[Q COMMAND] CMD 31 11 61 0 14
[Q ACK] sent=1

# HOST CMD 32 11 127 0 14
[Q COMMAND] CMD 32 11 127 0 14
[Q ACK] sent=1

# HOST CMD 33 11 -13 0 14
[Q COMMAND] CMD 33 11 -13 0 14
[Q ACK] sent=1

# HOST CMD 34 11 9 0 14
[Q COMMAND] CMD 34 11 9 0 14
[Q ACK] sent=1

# HOST CMD 35 11 40 0 14
[Q COMMAND] CMD 35 11 40 0 14
[Q ACK] sent=1

# HOST CMD 36 11 40 0 14
[Q COMMAND] CMD 36 11 40 0 14
[Q ACK] sent=1

# HOST CMD 37 11 96 0 14
[Q COMMAND] CMD 37 11 96 0 14
[Q ACK] sent=1

# HOST CMD 38 11 14 0 14
[Q COMMAND] CMD 38 11 14 0 14
[Q ACK] sent=1

# HOST CMD 2 11 15 0 15
[Q COMMAND] CMD 2 11 15 0 15
[Q ACK] sent=1

# HOST CMD 18 11 127 0 15
[Q COMMAND] CMD 18 11 127 0 15
[Q ACK] sent=1

# HOST CMD 19 11 100 0 15
[Q COMMAND] CMD 19 11 100 0 15
[Q ACK] sent=1

# HOST CMD 20 11 4 0 15
[Q COMMAND] CMD 20 11 4 0 15
[Q ACK] sent=1

# HOST CMD 31 11 62 0 15
[Q COMMAND] CMD 31 11 62 0 15
[Q ACK] sent=1

# HOST CMD 32 11 127 0 15
[Q COMMAND] CMD 32 11 127 0 15
[Q ACK] sent=1

# HOST CMD 33 11 0 0 15
[Q COMMAND] CMD 33 11 0 0 15
[Q ACK] sent=1

# HOST CMD 34 11 10 0 15
[Q COMMAND] CMD 34 11 10 0 15
[Q ACK] sent=1

# HOST CMD 35 11 120 0 15
[Q COMMAND] CMD 35 11 120 0 15
[Q ACK] sent=1

# HOST CMD 36 11 127 0 15
[Q COMMAND] CMD 36 11 127 0 15
[Q ACK] sent=1

# HOST CMD 37 11 96 0 15
[Q COMMAND] CMD 37 11 96 0 15
[Q ACK] sent=1

# HOST CMD 38 11 15 0 15
[Q COMMAND] CMD 38 11 15 0 15
[Q ACK] sent=1

# HOST LOAD 12 3
[Q COMMAND] LOAD 12 3
[Q ACK] load=1
[M6 read] bytes=352800 read_us=699861 bytes_per_second=504100 original_channels=1 rate=44100 total_psram=33554432
[M6 load] track=12 file_bytes=352844 pcm_bytes=352800 load_publish_us=1129770 payload=4586400 transient=352800 peak_payload=4586400 ps_free=26067448 largest=25690100 internal=200604 display=2304000 fx_delay=352800 reserve=4194304
[M6.1 replacement] retired_clear=1 ps_delta=360452 status=READY

# HOST CMD 10 12 0 0 0
[Q COMMAND] CMD 10 12 0 0 0
[Q ACK] sent=1

# HOST CMD 12 12 0 0 0
[Q COMMAND] CMD 12 12 0 0 0
[Q ACK] sent=1

# HOST CMD 47 12 0 0 0
[Q COMMAND] CMD 47 12 0 0 0
[Q ACK] sent=1

# HOST CMD 46 12 0 0 0
[Q COMMAND] CMD 46 12 0 0 0
[Q ACK] sent=1

# HOST CMD 48 12 0 0 0
[Q COMMAND] CMD 48 12 0 0 0
[Q ACK] sent=1

# HOST CMD 55 12 16 0 0
[Q COMMAND] CMD 55 12 16 0 0
[Q ACK] sent=1

# HOST CMD 41 12 78 0 0
[Q COMMAND] CMD 41 12 78 0 0
[Q ACK] sent=1

# HOST CMD 42 12 96 0 0
[Q COMMAND] CMD 42 12 96 0 0
[Q ACK] sent=1

# HOST CMD 43 12 127 0 0
[Q COMMAND] CMD 43 12 127 0 0
[Q ACK] sent=1

# HOST CMD 2 12 0 0 0
[Q COMMAND] CMD 2 12 0 0 0
[Q ACK] sent=1

# HOST CMD 18 12 127 0 0
[Q COMMAND] CMD 18 12 127 0 0
[Q ACK] sent=1

# HOST CMD 19 12 100 0 0
[Q COMMAND] CMD 19 12 100 0 0
[Q ACK] sent=1

# HOST CMD 20 12 4 0 0
[Q COMMAND] CMD 20 12 4 0 0
[Q ACK] sent=1

# HOST CMD 31 12 48 0 0
[Q COMMAND] CMD 31 12 48 0 0
[Q ACK] sent=1

# HOST CMD 32 12 127 0 0
[Q COMMAND] CMD 32 12 127 0 0
[Q ACK] sent=1

# HOST CMD 33 12 77 0 0
[Q COMMAND] CMD 33 12 77 0 0
[Q ACK] sent=1

# HOST CMD 34 12 12 0 0
[Q COMMAND] CMD 34 12 12 0 0
[Q ACK] sent=1

# HOST CMD 35 12 20 0 0
[Q COMMAND] CMD 35 12 20 0 0
[Q ACK] sent=1

# HOST CMD 36 12 10 0 0
[Q COMMAND] CMD 36 12 10 0 0
[Q ACK] sent=1

# HOST CMD 37 12 96 0 0
[Q COMMAND] CMD 37 12 96 0 0
[Q ACK] sent=1

# HOST CMD 38 12 0 0 0
[Q COMMAND] CMD 38 12 0 0 0
[Q ACK] sent=1

# HOST CMD 2 12 1 0 1
[Q COMMAND] CMD 2 12 1 0 1
[Q ACK] sent=1

# HOST CMD 18 12 127 0 1
[Q COMMAND] CMD 18 12 127 0 1
[Q ACK] sent=1

# HOST CMD 19 12 100 0 1
[Q COMMAND] CMD 19 12 100 0 1
[Q ACK] sent=1

# HOST CMD 20 12 4 0 1
[Q COMMAND] CMD 20 12 4 0 1
[Q ACK] sent=1

# HOST CMD 31 12 49 0 1
[Q COMMAND] CMD 31 12 49 0 1
[Q ACK] sent=1

# HOST CMD 32 12 127 0 1
[Q COMMAND] CMD 32 12 127 0 1
[Q ACK] sent=1

# HOST CMD 33 12 90 0 1
[Q COMMAND] CMD 33 12 90 0 1
[Q ACK] sent=1

# HOST CMD 34 12 13 0 1
[Q COMMAND] CMD 34 12 13 0 1
[Q ACK] sent=1

# HOST CMD 35 12 100 0 1
[Q COMMAND] CMD 35 12 100 0 1
[Q ACK] sent=1

# HOST CMD 36 12 100 0 1
[Q COMMAND] CMD 36 12 100 0 1
[Q ACK] sent=1

# HOST CMD 37 12 96 0 1
[Q COMMAND] CMD 37 12 96 0 1
[Q ACK] sent=1

# HOST CMD 38 12 1 0 1
[Q COMMAND] CMD 38 12 1 0 1
[Q ACK] sent=1

# HOST CMD 2 12 2 0 2
[Q COMMAND] CMD 2 12 2 0 2
[Q ACK] sent=1

# HOST CMD 18 12 127 0 2
[Q COMMAND] CMD 18 12 127 0 2
[Q ACK] sent=1

# HOST CMD 19 12 100 0 2
[Q COMMAND] CMD 19 12 100 0 2
[Q ACK] sent=1

# HOST CMD 20 12 4 0 2
[Q COMMAND] CMD 20 12 4 0 2
[Q ACK] sent=1

# HOST CMD 31 12 50 0 2
[Q COMMAND] CMD 31 12 50 0 2
[Q ACK] sent=1

# HOST CMD 32 12 127 0 2
[Q COMMAND] CMD 32 12 127 0 2
[Q ACK] sent=1

# HOST CMD 33 12 103 0 2
[Q COMMAND] CMD 33 12 103 0 2
[Q ACK] sent=1

# HOST CMD 34 12 14 0 2
[Q COMMAND] CMD 34 12 14 0 2
[Q ACK] sent=1

# HOST CMD 35 12 40 0 2
[Q COMMAND] CMD 35 12 40 0 2
[Q ACK] sent=1

# HOST CMD 36 12 40 0 2
[Q COMMAND] CMD 36 12 40 0 2
[Q ACK] sent=1

# HOST CMD 37 12 96 0 2
[Q COMMAND] CMD 37 12 96 0 2
[Q ACK] sent=1

# HOST CMD 38 12 2 0 2
[Q COMMAND] CMD 38 12 2 0 2
[Q ACK] sent=1

# HOST CMD 2 12 3 0 3
[Q COMMAND] CMD 2 12 3 0 3
[Q ACK] sent=1

# HOST CMD 18 12 127 0 3
[Q COMMAND] CMD 18 12 127 0 3
[Q ACK] sent=1

# HOST CMD 19 12 100 0 3
[Q COMMAND] CMD 19 12 100 0 3
[Q ACK] sent=1

# HOST CMD 20 12 4 0 3
[Q COMMAND] CMD 20 12 4 0 3
[Q ACK] sent=1

# HOST CMD 31 12 51 0 3
[Q COMMAND] CMD 31 12 51 0 3
[Q ACK] sent=1

# HOST CMD 32 12 127 0 3
[Q COMMAND] CMD 32 12 127 0 3
[Q ACK] sent=1

# HOST CMD 33 12 116 0 3
[Q COMMAND] CMD 33 12 116 0 3
[Q ACK] sent=1

# HOST CMD 34 12 15 0 3
[Q COMMAND] CMD 34 12 15 0 3
[Q ACK] sent=1

# HOST CMD 35 12 120 0 3
[Q COMMAND] CMD 35 12 120 0 3
[Q ACK] sent=1

# HOST CMD 36 12 127 0 3
[Q COMMAND] CMD 36 12 127 0 3
[Q ACK] sent=1

# HOST CMD 37 12 96 0 3
[Q COMMAND] CMD 37 12 96 0 3
[Q ACK] sent=1

# HOST CMD 38 12 3 0 3
[Q COMMAND] CMD 38 12 3 0 3
[Q ACK] sent=1

# HOST CMD 2 12 4 0 4
[Q COMMAND] CMD 2 12 4 0 4
[Q ACK] sent=1

# HOST CMD 18 12 127 0 4
[Q COMMAND] CMD 18 12 127 0 4
[Q ACK] sent=1

# HOST CMD 19 12 100 0 4
[Q COMMAND] CMD 19 12 100 0 4
[Q ACK] sent=1

# HOST CMD 20 12 4 0 4
[Q COMMAND] CMD 20 12 4 0 4
[Q ACK] sent=1

# HOST CMD 31 12 52 0 4
[Q COMMAND] CMD 31 12 52 0 4
[Q ACK] sent=1

# HOST CMD 32 12 127 0 4
[Q COMMAND] CMD 32 12 127 0 4
[Q ACK] sent=1

# HOST CMD 33 12 -126 0 4
[Q COMMAND] CMD 33 12 -126 0 4
[Q ACK] sent=1

# HOST CMD 34 12 0 0 4
[Q COMMAND] CMD 34 12 0 0 4
[Q ACK] sent=1

# HOST CMD 35 12 20 0 4
[Q COMMAND] CMD 35 12 20 0 4
[Q ACK] sent=1

# HOST CMD 36 12 10 0 4
[Q COMMAND] CMD 36 12 10 0 4
[Q ACK] sent=1

# HOST CMD 37 12 96 0 4
[Q COMMAND] CMD 37 12 96 0 4
[Q ACK] sent=1

# HOST CMD 38 12 4 0 4
[Q COMMAND] CMD 38 12 4 0 4
[Q ACK] sent=1

# HOST CMD 2 12 5 0 5
[Q COMMAND] CMD 2 12 5 0 5
[Q ACK] sent=1

# HOST CMD 18 12 127 0 5
[Q COMMAND] CMD 18 12 127 0 5
[Q ACK] sent=1

# HOST CMD 19 12 100 0 5
[Q COMMAND] CMD 19 12 100 0 5
[Q ACK] sent=1

# HOST CMD 20 12 4 0 5
[Q COMMAND] CMD 20 12 4 0 5
[Q ACK] sent=1

# HOST CMD 31 12 53 0 5
[Q COMMAND] CMD 31 12 53 0 5
[Q ACK] sent=1

# HOST CMD 32 12 127 0 5
[Q COMMAND] CMD 32 12 127 0 5
[Q ACK] sent=1

# HOST CMD 33 12 -113 0 5
[Q COMMAND] CMD 33 12 -113 0 5
[Q ACK] sent=1

# HOST CMD 34 12 1 0 5
[Q COMMAND] CMD 34 12 1 0 5
[Q ACK] sent=1

# HOST CMD 35 12 100 0 5
[Q COMMAND] CMD 35 12 100 0 5
[Q ACK] sent=1

# HOST CMD 36 12 100 0 5
[Q COMMAND] CMD 36 12 100 0 5
[Q ACK] sent=1

# HOST CMD 37 12 96 0 5
[Q COMMAND] CMD 37 12 96 0 5
[Q ACK] sent=1

# HOST CMD 38 12 5 0 5
[Q COMMAND] CMD 38 12 5 0 5
[Q ACK] sent=1

# HOST CMD 2 12 6 0 6
[Q COMMAND] CMD 2 12 6 0 6
[Q ACK] sent=1

# HOST CMD 18 12 127 0 6
[Q COMMAND] CMD 18 12 127 0 6
[Q ACK] sent=1

# HOST CMD 19 12 100 0 6
[Q COMMAND] CMD 19 12 100 0 6
[Q ACK] sent=1

# HOST CMD 20 12 4 0 6
[Q COMMAND] CMD 20 12 4 0 6
[Q ACK] sent=1

# HOST CMD 31 12 54 0 6
[Q COMMAND] CMD 31 12 54 0 6
[Q ACK] sent=1

# HOST CMD 32 12 127 0 6
[Q COMMAND] CMD 32 12 127 0 6
[Q ACK] sent=1

# HOST CMD 33 12 -100 0 6
[Q COMMAND] CMD 33 12 -100 0 6
[Q ACK] sent=1

# HOST CMD 34 12 2 0 6
[Q COMMAND] CMD 34 12 2 0 6
[Q ACK] sent=1

# HOST CMD 35 12 40 0 6
[Q COMMAND] CMD 35 12 40 0 6
[Q ACK] sent=1

# HOST CMD 36 12 40 0 6
[Q COMMAND] CMD 36 12 40 0 6
[Q ACK] sent=1

# HOST CMD 37 12 96 0 6
[Q COMMAND] CMD 37 12 96 0 6
[Q ACK] sent=1

# HOST CMD 38 12 6 0 6
[Q COMMAND] CMD 38 12 6 0 6
[Q ACK] sent=1

# HOST CMD 2 12 7 0 7
[Q COMMAND] CMD 2 12 7 0 7
[Q ACK] sent=1

# HOST CMD 18 12 127 0 7
[Q COMMAND] CMD 18 12 127 0 7
[Q ACK] sent=1

# HOST CMD 19 12 100 0 7
[Q COMMAND] CMD 19 12 100 0 7
[Q ACK] sent=1

# HOST CMD 20 12 4 0 7
[Q COMMAND] CMD 20 12 4 0 7
[Q ACK] sent=1

# HOST CMD 31 12 55 0 7
[Q COMMAND] CMD 31 12 55 0 7
[Q ACK] sent=1

# HOST CMD 32 12 127 0 7
[Q COMMAND] CMD 32 12 127 0 7
[Q ACK] sent=1

# HOST CMD 33 12 -87 0 7
[Q COMMAND] CMD 33 12 -87 0 7
[Q ACK] sent=1

# HOST CMD 34 12 3 0 7
[Q COMMAND] CMD 34 12 3 0 7
[Q ACK] sent=1

# HOST CMD 35 12 120 0 7
[Q COMMAND] CMD 35 12 120 0 7
[Q ACK] sent=1

# HOST CMD 36 12 127 0 7
[Q COMMAND] CMD 36 12 127 0 7
[Q ACK] sent=1

# HOST CMD 37 12 96 0 7
[Q COMMAND] CMD 37 12 96 0 7
[Q ACK] sent=1

# HOST CMD 38 12 7 0 7
[Q COMMAND] CMD 38 12 7 0 7
[Q ACK] sent=1

# HOST CMD 2 12 8 0 8
[Q COMMAND] CMD 2 12 8 0 8
[Q ACK] sent=1

# HOST CMD 18 12 127 0 8
[Q COMMAND] CMD 18 12 127 0 8
[Q ACK] sent=1

# HOST CMD 19 12 100 0 8
[Q COMMAND] CMD 19 12 100 0 8
[Q ACK] sent=1

# HOST CMD 20 12 4 0 8
[Q COMMAND] CMD 20 12 4 0 8
[Q ACK] sent=1

# HOST CMD 31 12 56 0 8
[Q COMMAND] CMD 31 12 56 0 8
[Q ACK] sent=1

# HOST CMD 32 12 127 0 8
[Q COMMAND] CMD 32 12 127 0 8
[Q ACK] sent=1

# HOST CMD 33 12 -74 0 8
[Q COMMAND] CMD 33 12 -74 0 8
[Q ACK] sent=1

# HOST CMD 34 12 4 0 8
[Q COMMAND] CMD 34 12 4 0 8
[Q ACK] sent=1

# HOST CMD 35 12 20 0 8
[Q COMMAND] CMD 35 12 20 0 8
[Q ACK] sent=1

# HOST CMD 36 12 10 0 8
[Q COMMAND] CMD 36 12 10 0 8
[Q ACK] sent=1

# HOST CMD 37 12 96 0 8
[Q COMMAND] CMD 37 12 96 0 8
[Q ACK] sent=1

# HOST CMD 38 12 8 0 8
[Q COMMAND] CMD 38 12 8 0 8
[Q ACK] sent=1

# HOST CMD 2 12 9 0 9
[Q COMMAND] CMD 2 12 9 0 9
[Q ACK] sent=1

# HOST CMD 18 12 127 0 9
[Q COMMAND] CMD 18 12 127 0 9
[Q ACK] sent=1

# HOST CMD 19 12 100 0 9
[Q COMMAND] CMD 19 12 100 0 9
[Q ACK] sent=1

# HOST CMD 20 12 4 0 9
[Q COMMAND] CMD 20 12 4 0 9
[Q ACK] sent=1

# HOST CMD 31 12 57 0 9
[Q COMMAND] CMD 31 12 57 0 9
[Q ACK] sent=1

# HOST CMD 32 12 127 0 9
[Q COMMAND] CMD 32 12 127 0 9
[Q ACK] sent=1

# HOST CMD 33 12 -61 0 9
[Q COMMAND] CMD 33 12 -61 0 9
[Q ACK] sent=1

# HOST CMD 34 12 5 0 9
[Q COMMAND] CMD 34 12 5 0 9
[Q ACK] sent=1

# HOST CMD 35 12 100 0 9
[Q COMMAND] CMD 35 12 100 0 9
[Q ACK] sent=1

# HOST CMD 36 12 100 0 9
[Q COMMAND] CMD 36 12 100 0 9
[Q ACK] sent=1

# HOST CMD 37 12 96 0 9
[Q COMMAND] CMD 37 12 96 0 9
[Q ACK] sent=1

# HOST CMD 38 12 9 0 9
[Q COMMAND] CMD 38 12 9 0 9
[Q ACK] sent=1

# HOST CMD 2 12 10 0 10
[Q COMMAND] CMD 2 12 10 0 10
[Q ACK] sent=1

# HOST CMD 18 12 127 0 10
[Q COMMAND] CMD 18 12 127 0 10
[Q ACK] sent=1

# HOST CMD 19 12 100 0 10
[Q COMMAND] CMD 19 12 100 0 10
[Q ACK] sent=1

# HOST CMD 20 12 4 0 10
[Q COMMAND] CMD 20 12 4 0 10
[Q ACK] sent=1

# HOST CMD 31 12 58 0 10
[Q COMMAND] CMD 31 12 58 0 10
[Q ACK] sent=1

# HOST CMD 32 12 127 0 10
[Q COMMAND] CMD 32 12 127 0 10
[Q ACK] sent=1

# HOST CMD 33 12 -48 0 10
[Q COMMAND] CMD 33 12 -48 0 10
[Q ACK] sent=1

# HOST CMD 34 12 6 0 10
[Q COMMAND] CMD 34 12 6 0 10
[Q ACK] sent=1

# HOST CMD 35 12 40 0 10
[Q COMMAND] CMD 35 12 40 0 10
[Q ACK] sent=1

# HOST CMD 36 12 40 0 10
[Q COMMAND] CMD 36 12 40 0 10
[Q ACK] sent=1

# HOST CMD 37 12 96 0 10
[Q COMMAND] CMD 37 12 96 0 10
[Q ACK] sent=1

# HOST CMD 38 12 10 0 10
[Q COMMAND] CMD 38 12 10 0 10
[Q ACK] sent=1

# HOST CMD 2 12 11 0 11
[Q COMMAND] CMD 2 12 11 0 11
[Q ACK] sent=1

# HOST CMD 18 12 127 0 11
[Q COMMAND] CMD 18 12 127 0 11
[Q ACK] sent=1

# HOST CMD 19 12 100 0 11
[Q COMMAND] CMD 19 12 100 0 11
[Q ACK] sent=1

# HOST CMD 20 12 4 0 11
[Q COMMAND] CMD 20 12 4 0 11
[Q ACK] sent=1

# HOST CMD 31 12 59 0 11
[Q COMMAND] CMD 31 12 59 0 11
[Q ACK] sent=1

# HOST CMD 32 12 127 0 11
[Q COMMAND] CMD 32 12 127 0 11
[Q ACK] sent=1

# HOST CMD 33 12 -35 0 11
[Q COMMAND] CMD 33 12 -35 0 11
[Q ACK] sent=1

# HOST CMD 34 12 7 0 11
[Q COMMAND] CMD 34 12 7 0 11
[Q ACK] sent=1

# HOST CMD 35 12 120 0 11
[Q COMMAND] CMD 35 12 120 0 11
[Q ACK] sent=1

# HOST CMD 36 12 127 0 11
[Q COMMAND] CMD 36 12 127 0 11
[Q ACK] sent=1

# HOST CMD 37 12 96 0 11
[Q COMMAND] CMD 37 12 96 0 11
[Q ACK] sent=1

# HOST CMD 38 12 11 0 11
[Q COMMAND] CMD 38 12 11 0 11
[Q ACK] sent=1

# HOST CMD 2 12 12 0 12
[Q COMMAND] CMD 2 12 12 0 12
[Q ACK] sent=1

# HOST CMD 18 12 127 0 12
[Q COMMAND] CMD 18 12 127 0 12
[Q ACK] sent=1

# HOST CMD 19 12 100 0 12
[Q COMMAND] CMD 19 12 100 0 12
[Q ACK] sent=1

# HOST CMD 20 12 4 0 12
[Q COMMAND] CMD 20 12 4 0 12
[Q ACK] sent=1

# HOST CMD 31 12 60 0 12
[Q COMMAND] CMD 31 12 60 0 12
[Q ACK] sent=1

# HOST CMD 32 12 127 0 12
[Q COMMAND] CMD 32 12 127 0 12
[Q ACK] sent=1

# HOST CMD 33 12 -22 0 12
[Q COMMAND] CMD 33 12 -22 0 12
[Q ACK] sent=1

# HOST CMD 34 12 8 0 12
[Q COMMAND] CMD 34 12 8 0 12
[Q ACK] sent=1

# HOST CMD 35 12 20 0 12
[Q COMMAND] CMD 35 12 20 0 12
[Q ACK] sent=1

# HOST CMD 36 12 10 0 12
[Q COMMAND] CMD 36 12 10 0 12
[Q ACK] sent=1

# HOST CMD 37 12 96 0 12
[Q COMMAND] CMD 37 12 96 0 12
[Q ACK] sent=1

# HOST CMD 38 12 12 0 12
[Q COMMAND] CMD 38 12 12 0 12
[Q ACK] sent=1

# HOST CMD 2 12 13 0 13
[Q COMMAND] CMD 2 12 13 0 13
[Q ACK] sent=1

# HOST CMD 18 12 127 0 13
[Q COMMAND] CMD 18 12 127 0 13
[Q ACK] sent=1

# HOST CMD 19 12 100 0 13
[Q COMMAND] CMD 19 12 100 0 13
[Q ACK] sent=1

# HOST CMD 20 12 4 0 13
[Q COMMAND] CMD 20 12 4 0 13
[Q ACK] sent=1

# HOST CMD 31 12 61 0 13
[Q COMMAND] CMD 31 12 61 0 13
[Q ACK] sent=1

# HOST CMD 32 12 127 0 13
[Q COMMAND] CMD 32 12 127 0 13
[Q ACK] sent=1

# HOST CMD 33 12 -9 0 13
[Q COMMAND] CMD 33 12 -9 0 13
[Q ACK] sent=1

# HOST CMD 34 12 9 0 13
[Q COMMAND] CMD 34 12 9 0 13
[Q ACK] sent=1

# HOST CMD 35 12 100 0 13
[Q COMMAND] CMD 35 12 100 0 13
[Q ACK] sent=1

# HOST CMD 36 12 100 0 13
[Q COMMAND] CMD 36 12 100 0 13
[Q ACK] sent=1

# HOST CMD 37 12 96 0 13
[Q COMMAND] CMD 37 12 96 0 13
[Q ACK] sent=1

# HOST CMD 38 12 13 0 13
[Q COMMAND] CMD 38 12 13 0 13
[Q ACK] sent=1

# HOST CMD 2 12 14 0 14
[Q COMMAND] CMD 2 12 14 0 14
[Q ACK] sent=1

# HOST CMD 18 12 127 0 14
[Q COMMAND] CMD 18 12 127 0 14
[Q ACK] sent=1

# HOST CMD 19 12 100 0 14
[Q COMMAND] CMD 19 12 100 0 14
[Q ACK] sent=1

# HOST CMD 20 12 4 0 14
[Q COMMAND] CMD 20 12 4 0 14
[Q ACK] sent=1

# HOST CMD 31 12 62 0 14
[Q COMMAND] CMD 31 12 62 0 14
[Q ACK] sent=1

# HOST CMD 32 12 127 0 14
[Q COMMAND] CMD 32 12 127 0 14
[Q ACK] sent=1

# HOST CMD 33 12 4 0 14
[Q COMMAND] CMD 33 12 4 0 14
[Q ACK] sent=1

# HOST CMD 34 12 10 0 14
[Q COMMAND] CMD 34 12 10 0 14
[Q ACK] sent=1

# HOST CMD 35 12 40 0 14
[Q COMMAND] CMD 35 12 40 0 14
[Q ACK] sent=1

# HOST CMD 36 12 40 0 14
[Q COMMAND] CMD 36 12 40 0 14
[Q ACK] sent=1

# HOST CMD 37 12 96 0 14
[Q COMMAND] CMD 37 12 96 0 14
[Q ACK] sent=1

# HOST CMD 38 12 14 0 14
[Q COMMAND] CMD 38 12 14 0 14
[Q ACK] sent=1

# HOST CMD 2 12 15 0 15
[Q COMMAND] CMD 2 12 15 0 15
[Q ACK] sent=1

# HOST CMD 18 12 127 0 15
[Q COMMAND] CMD 18 12 127 0 15
[Q ACK] sent=1

# HOST CMD 19 12 100 0 15
[Q COMMAND] CMD 19 12 100 0 15
[Q ACK] sent=1

# HOST CMD 20 12 4 0 15
[Q COMMAND] CMD 20 12 4 0 15
[Q ACK] sent=1

# HOST CMD 31 12 63 0 15
[Q COMMAND] CMD 31 12 63 0 15
[Q ACK] sent=1

# HOST CMD 32 12 127 0 15
[Q COMMAND] CMD 32 12 127 0 15
[Q ACK] sent=1

# HOST CMD 33 12 17 0 15
[Q COMMAND] CMD 33 12 17 0 15
[Q ACK] sent=1

# HOST CMD 34 12 11 0 15
[Q COMMAND] CMD 34 12 11 0 15
[Q ACK] sent=1

# HOST CMD 35 12 120 0 15
[Q COMMAND] CMD 35 12 120 0 15
[Q ACK] sent=1

# HOST CMD 36 12 127 0 15
[Q COMMAND] CMD 36 12 127 0 15
[Q ACK] sent=1

# HOST CMD 37 12 96 0 15
[Q COMMAND] CMD 37 12 96 0 15
[Q ACK] sent=1

# HOST CMD 38 12 15 0 15
[Q COMMAND] CMD 38 12 15 0 15
[Q ACK] sent=1

# HOST LOAD 13 3
[Q COMMAND] LOAD 13 3
[Q ACK] load=1
[M6 read] bytes=352800 read_us=707946 bytes_per_second=498343 original_channels=1 rate=44100 total_psram=33554432
[M6 load] track=13 file_bytes=352844 pcm_bytes=352800 load_publish_us=1141852 payload=4939200 transient=352800 peak_payload=4939200 ps_free=25706996 largest=25690100 internal=199000 display=2304000 fx_delay=352800 reserve=4194304
[M6.1 replacement] retired_clear=1 ps_delta=360452 status=READY

# HOST CMD 10 13 0 0 0
[Q COMMAND] CMD 10 13 0 0 0
[Q ACK] sent=1

# HOST CMD 12 13 0 0 0
[Q COMMAND] CMD 12 13 0 0 0
[Q ACK] sent=1

# HOST CMD 47 13 0 0 0
[Q COMMAND] CMD 47 13 0 0 0
[Q ACK] sent=1

# HOST CMD 46 13 0 0 0
[Q COMMAND] CMD 46 13 0 0 0
[Q ACK] sent=1

# HOST CMD 48 13 0 0 0
[Q COMMAND] CMD 48 13 0 0 0
[Q ACK] sent=1

# HOST CMD 55 13 16 0 0
[Q COMMAND] CMD 55 13 16 0 0
[Q ACK] sent=1

# HOST CMD 41 13 82 0 0
[Q COMMAND] CMD 41 13 82 0 0
[Q ACK] sent=1

# HOST CMD 42 13 96 0 0
[Q COMMAND] CMD 42 13 96 0 0
[Q ACK] sent=1

# HOST CMD 43 13 127 0 0
[Q COMMAND] CMD 43 13 127 0 0
[Q ACK] sent=1

# HOST CMD 2 13 0 0 0
[Q COMMAND] CMD 2 13 0 0 0
[Q ACK] sent=1

# HOST CMD 18 13 127 0 0
[Q COMMAND] CMD 18 13 127 0 0
[Q ACK] sent=1

# HOST CMD 19 13 100 0 0
[Q COMMAND] CMD 19 13 100 0 0
[Q ACK] sent=1

# HOST CMD 20 13 4 0 0
[Q COMMAND] CMD 20 13 4 0 0
[Q ACK] sent=1

# HOST CMD 31 13 49 0 0
[Q COMMAND] CMD 31 13 49 0 0
[Q ACK] sent=1

# HOST CMD 32 13 127 0 0
[Q COMMAND] CMD 32 13 127 0 0
[Q ACK] sent=1

# HOST CMD 33 13 94 0 0
[Q COMMAND] CMD 33 13 94 0 0
[Q ACK] sent=1

# HOST CMD 34 13 13 0 0
[Q COMMAND] CMD 34 13 13 0 0
[Q ACK] sent=1

# HOST CMD 35 13 20 0 0
[Q COMMAND] CMD 35 13 20 0 0
[Q ACK] sent=1

# HOST CMD 36 13 10 0 0
[Q COMMAND] CMD 36 13 10 0 0
[Q ACK] sent=1

# HOST CMD 37 13 96 0 0
[Q COMMAND] CMD 37 13 96 0 0
[Q ACK] sent=1

# HOST CMD 38 13 0 0 0
[Q COMMAND] CMD 38 13 0 0 0
[Q ACK] sent=1

# HOST CMD 2 13 1 0 1
[Q COMMAND] CMD 2 13 1 0 1
[Q ACK] sent=1

# HOST CMD 18 13 127 0 1
[Q COMMAND] CMD 18 13 127 0 1
[Q ACK] sent=1

# HOST CMD 19 13 100 0 1
[Q COMMAND] CMD 19 13 100 0 1
[Q ACK] sent=1

# HOST CMD 20 13 4 0 1
[Q COMMAND] CMD 20 13 4 0 1
[Q ACK] sent=1

# HOST CMD 31 13 50 0 1
[Q COMMAND] CMD 31 13 50 0 1
[Q ACK] sent=1

# HOST CMD 32 13 127 0 1
[Q COMMAND] CMD 32 13 127 0 1
[Q ACK] sent=1

# HOST CMD 33 13 107 0 1
[Q COMMAND] CMD 33 13 107 0 1
[Q ACK] sent=1

# HOST CMD 34 13 14 0 1
[Q COMMAND] CMD 34 13 14 0 1
[Q ACK] sent=1

# HOST CMD 35 13 100 0 1
[Q COMMAND] CMD 35 13 100 0 1
[Q ACK] sent=1

# HOST CMD 36 13 100 0 1
[Q COMMAND] CMD 36 13 100 0 1
[Q ACK] sent=1

# HOST CMD 37 13 96 0 1
[Q COMMAND] CMD 37 13 96 0 1
[Q ACK] sent=1

# HOST CMD 38 13 1 0 1
[Q COMMAND] CMD 38 13 1 0 1
[Q ACK] sent=1

# HOST CMD 2 13 2 0 2
[Q COMMAND] CMD 2 13 2 0 2
[Q ACK] sent=1

# HOST CMD 18 13 127 0 2
[Q COMMAND] CMD 18 13 127 0 2
[Q ACK] sent=1

# HOST CMD 19 13 100 0 2
[Q COMMAND] CMD 19 13 100 0 2
[Q ACK] sent=1

# HOST CMD 20 13 4 0 2
[Q COMMAND] CMD 20 13 4 0 2
[Q ACK] sent=1

# HOST CMD 31 13 51 0 2
[Q COMMAND] CMD 31 13 51 0 2
[Q ACK] sent=1

# HOST CMD 32 13 127 0 2
[Q COMMAND] CMD 32 13 127 0 2
[Q ACK] sent=1

# HOST CMD 33 13 120 0 2
[Q COMMAND] CMD 33 13 120 0 2
[Q ACK] sent=1

# HOST CMD 34 13 15 0 2
[Q COMMAND] CMD 34 13 15 0 2
[Q ACK] sent=1

# HOST CMD 35 13 40 0 2
[Q COMMAND] CMD 35 13 40 0 2
[Q ACK] sent=1

# HOST CMD 36 13 40 0 2
[Q COMMAND] CMD 36 13 40 0 2
[Q ACK] sent=1

# HOST CMD 37 13 96 0 2
[Q COMMAND] CMD 37 13 96 0 2
[Q ACK] sent=1

# HOST CMD 38 13 2 0 2
[Q COMMAND] CMD 38 13 2 0 2
[Q ACK] sent=1

# HOST CMD 2 13 3 0 3
[Q COMMAND] CMD 2 13 3 0 3
[Q ACK] sent=1

# HOST CMD 18 13 127 0 3
[Q COMMAND] CMD 18 13 127 0 3
[Q ACK] sent=1

# HOST CMD 19 13 100 0 3
[Q COMMAND] CMD 19 13 100 0 3
[Q ACK] sent=1

# HOST CMD 20 13 4 0 3
[Q COMMAND] CMD 20 13 4 0 3
[Q ACK] sent=1

# HOST CMD 31 13 52 0 3
[Q COMMAND] CMD 31 13 52 0 3
[Q ACK] sent=1

# HOST CMD 32 13 127 0 3
[Q COMMAND] CMD 32 13 127 0 3
[Q ACK] sent=1

# HOST CMD 33 13 -122 0 3
[Q COMMAND] CMD 33 13 -122 0 3
[Q ACK] sent=1

# HOST CMD 34 13 0 0 3
[Q COMMAND] CMD 34 13 0 0 3
[Q ACK] sent=1

# HOST CMD 35 13 120 0 3
[Q COMMAND] CMD 35 13 120 0 3
[Q ACK] sent=1

# HOST CMD 36 13 127 0 3
[Q COMMAND] CMD 36 13 127 0 3
[Q ACK] sent=1

# HOST CMD 37 13 96 0 3
[Q COMMAND] CMD 37 13 96 0 3
[Q ACK] sent=1

# HOST CMD 38 13 3 0 3
[Q COMMAND] CMD 38 13 3 0 3
[Q ACK] sent=1

# HOST CMD 2 13 4 0 4
[Q COMMAND] CMD 2 13 4 0 4
[Q ACK] sent=1

# HOST CMD 18 13 127 0 4
[Q COMMAND] CMD 18 13 127 0 4
[Q ACK] sent=1

# HOST CMD 19 13 100 0 4
[Q COMMAND] CMD 19 13 100 0 4
[Q ACK] sent=1

# HOST CMD 20 13 4 0 4
[Q COMMAND] CMD 20 13 4 0 4
[Q ACK] sent=1

# HOST CMD 31 13 53 0 4
[Q COMMAND] CMD 31 13 53 0 4
[Q ACK] sent=1

# HOST CMD 32 13 127 0 4
[Q COMMAND] CMD 32 13 127 0 4
[Q ACK] sent=1

# HOST CMD 33 13 -109 0 4
[Q COMMAND] CMD 33 13 -109 0 4
[Q ACK] sent=1

# HOST CMD 34 13 1 0 4
[Q COMMAND] CMD 34 13 1 0 4
[Q ACK] sent=1

# HOST CMD 35 13 20 0 4
[Q COMMAND] CMD 35 13 20 0 4
[Q ACK] sent=1

# HOST CMD 36 13 10 0 4
[Q COMMAND] CMD 36 13 10 0 4
[Q ACK] sent=1

# HOST CMD 37 13 96 0 4
[Q COMMAND] CMD 37 13 96 0 4
[Q ACK] sent=1

# HOST CMD 38 13 4 0 4
[Q COMMAND] CMD 38 13 4 0 4
[Q ACK] sent=1

# HOST CMD 2 13 5 0 5
[Q COMMAND] CMD 2 13 5 0 5
[Q ACK] sent=1

# HOST CMD 18 13 127 0 5
[Q COMMAND] CMD 18 13 127 0 5
[Q ACK] sent=1

# HOST CMD 19 13 100 0 5
[Q COMMAND] CMD 19 13 100 0 5
[Q ACK] sent=1

# HOST CMD 20 13 4 0 5
[Q COMMAND] CMD 20 13 4 0 5
[Q ACK] sent=1

# HOST CMD 31 13 54 0 5
[Q COMMAND] CMD 31 13 54 0 5
[Q ACK] sent=1

# HOST CMD 32 13 127 0 5
[Q COMMAND] CMD 32 13 127 0 5
[Q ACK] sent=1

# HOST CMD 33 13 -96 0 5
[Q COMMAND] CMD 33 13 -96 0 5
[Q ACK] sent=1

# HOST CMD 34 13 2 0 5
[Q COMMAND] CMD 34 13 2 0 5
[Q ACK] sent=1

# HOST CMD 35 13 100 0 5
[Q COMMAND] CMD 35 13 100 0 5
[Q ACK] sent=1

# HOST CMD 36 13 100 0 5
[Q COMMAND] CMD 36 13 100 0 5
[Q ACK] sent=1

# HOST CMD 37 13 96 0 5
[Q COMMAND] CMD 37 13 96 0 5
[Q ACK] sent=1

# HOST CMD 38 13 5 0 5
[Q COMMAND] CMD 38 13 5 0 5
[Q ACK] sent=1

# HOST CMD 2 13 6 0 6
[Q COMMAND] CMD 2 13 6 0 6
[Q ACK] sent=1

# HOST CMD 18 13 127 0 6
[Q COMMAND] CMD 18 13 127 0 6
[Q ACK] sent=1

# HOST CMD 19 13 100 0 6
[Q COMMAND] CMD 19 13 100 0 6
[Q ACK] sent=1

# HOST CMD 20 13 4 0 6
[Q COMMAND] CMD 20 13 4 0 6
[Q ACK] sent=1

# HOST CMD 31 13 55 0 6
[Q COMMAND] CMD 31 13 55 0 6
[Q ACK] sent=1

# HOST CMD 32 13 127 0 6
[Q COMMAND] CMD 32 13 127 0 6
[Q ACK] sent=1

# HOST CMD 33 13 -83 0 6
[Q COMMAND] CMD 33 13 -83 0 6
[Q ACK] sent=1

# HOST CMD 34 13 3 0 6
[Q COMMAND] CMD 34 13 3 0 6
[Q ACK] sent=1

# HOST CMD 35 13 40 0 6
[Q COMMAND] CMD 35 13 40 0 6
[Q ACK] sent=1

# HOST CMD 36 13 40 0 6
[Q COMMAND] CMD 36 13 40 0 6
[Q ACK] sent=1

# HOST CMD 37 13 96 0 6
[Q COMMAND] CMD 37 13 96 0 6
[Q ACK] sent=1

# HOST CMD 38 13 6 0 6
[Q COMMAND] CMD 38 13 6 0 6
[Q ACK] sent=1

# HOST CMD 2 13 7 0 7
[Q COMMAND] CMD 2 13 7 0 7
[Q ACK] sent=1

# HOST CMD 18 13 127 0 7
[Q COMMAND] CMD 18 13 127 0 7
[Q ACK] sent=1

# HOST CMD 19 13 100 0 7
[Q COMMAND] CMD 19 13 100 0 7
[Q ACK] sent=1

# HOST CMD 20 13 4 0 7
[Q COMMAND] CMD 20 13 4 0 7
[Q ACK] sent=1

# HOST CMD 31 13 56 0 7
[Q COMMAND] CMD 31 13 56 0 7
[Q ACK] sent=1

# HOST CMD 32 13 127 0 7
[Q COMMAND] CMD 32 13 127 0 7
[Q ACK] sent=1

# HOST CMD 33 13 -70 0 7
[Q COMMAND] CMD 33 13 -70 0 7
[Q ACK] sent=1

# HOST CMD 34 13 4 0 7
[Q COMMAND] CMD 34 13 4 0 7
[Q ACK] sent=1

# HOST CMD 35 13 120 0 7
[Q COMMAND] CMD 35 13 120 0 7
[Q ACK] sent=1

# HOST CMD 36 13 127 0 7
[Q COMMAND] CMD 36 13 127 0 7
[Q ACK] sent=1

# HOST CMD 37 13 96 0 7
[Q COMMAND] CMD 37 13 96 0 7
[Q ACK] sent=1

# HOST CMD 38 13 7 0 7
[Q COMMAND] CMD 38 13 7 0 7
[Q ACK] sent=1

# HOST CMD 2 13 8 0 8
[Q COMMAND] CMD 2 13 8 0 8
[Q ACK] sent=1

# HOST CMD 18 13 127 0 8
[Q COMMAND] CMD 18 13 127 0 8
[Q ACK] sent=1

# HOST CMD 19 13 100 0 8
[Q COMMAND] CMD 19 13 100 0 8
[Q ACK] sent=1

# HOST CMD 20 13 4 0 8
[Q COMMAND] CMD 20 13 4 0 8
[Q ACK] sent=1

# HOST CMD 31 13 57 0 8
[Q COMMAND] CMD 31 13 57 0 8
[Q ACK] sent=1

# HOST CMD 32 13 127 0 8
[Q COMMAND] CMD 32 13 127 0 8
[Q ACK] sent=1

# HOST CMD 33 13 -57 0 8
[Q COMMAND] CMD 33 13 -57 0 8
[Q ACK] sent=1

# HOST CMD 34 13 5 0 8
[Q COMMAND] CMD 34 13 5 0 8
[Q ACK] sent=1

# HOST CMD 35 13 20 0 8
[Q COMMAND] CMD 35 13 20 0 8
[Q ACK] sent=1

# HOST CMD 36 13 10 0 8
[Q COMMAND] CMD 36 13 10 0 8
[Q ACK] sent=1

# HOST CMD 37 13 96 0 8
[Q COMMAND] CMD 37 13 96 0 8
[Q ACK] sent=1

# HOST CMD 38 13 8 0 8
[Q COMMAND] CMD 38 13 8 0 8
[Q ACK] sent=1

# HOST CMD 2 13 9 0 9
[Q COMMAND] CMD 2 13 9 0 9
[Q ACK] sent=1

# HOST CMD 18 13 127 0 9
[Q COMMAND] CMD 18 13 127 0 9
[Q ACK] sent=1

# HOST CMD 19 13 100 0 9
[Q COMMAND] CMD 19 13 100 0 9
[Q ACK] sent=1

# HOST CMD 20 13 4 0 9
[Q COMMAND] CMD 20 13 4 0 9
[Q ACK] sent=1

# HOST CMD 31 13 58 0 9
[Q COMMAND] CMD 31 13 58 0 9
[Q ACK] sent=1

# HOST CMD 32 13 127 0 9
[Q COMMAND] CMD 32 13 127 0 9
[Q ACK] sent=1

# HOST CMD 33 13 -44 0 9
[Q COMMAND] CMD 33 13 -44 0 9
[Q ACK] sent=1

# HOST CMD 34 13 6 0 9
[Q COMMAND] CMD 34 13 6 0 9
[Q ACK] sent=1

# HOST CMD 35 13 100 0 9
[Q COMMAND] CMD 35 13 100 0 9
[Q ACK] sent=1

# HOST CMD 36 13 100 0 9
[Q COMMAND] CMD 36 13 100 0 9
[Q ACK] sent=1

# HOST CMD 37 13 96 0 9
[Q COMMAND] CMD 37 13 96 0 9
[Q ACK] sent=1

# HOST CMD 38 13 9 0 9
[Q COMMAND] CMD 38 13 9 0 9
[Q ACK] sent=1

# HOST CMD 2 13 10 0 10
[Q COMMAND] CMD 2 13 10 0 10
[Q ACK] sent=1

# HOST CMD 18 13 127 0 10
[Q COMMAND] CMD 18 13 127 0 10
[Q ACK] sent=1

# HOST CMD 19 13 100 0 10
[Q COMMAND] CMD 19 13 100 0 10
[Q ACK] sent=1

# HOST CMD 20 13 4 0 10
[Q COMMAND] CMD 20 13 4 0 10
[Q ACK] sent=1

# HOST CMD 31 13 59 0 10
[Q COMMAND] CMD 31 13 59 0 10
[Q ACK] sent=1

# HOST CMD 32 13 127 0 10
[Q COMMAND] CMD 32 13 127 0 10
[Q ACK] sent=1

# HOST CMD 33 13 -31 0 10
[Q COMMAND] CMD 33 13 -31 0 10
[Q ACK] sent=1

# HOST CMD 34 13 7 0 10
[Q COMMAND] CMD 34 13 7 0 10
[Q ACK] sent=1

# HOST CMD 35 13 40 0 10
[Q COMMAND] CMD 35 13 40 0 10
[Q ACK] sent=1

# HOST CMD 36 13 40 0 10
[Q COMMAND] CMD 36 13 40 0 10
[Q ACK] sent=1

# HOST CMD 37 13 96 0 10
[Q COMMAND] CMD 37 13 96 0 10
[Q ACK] sent=1

# HOST CMD 38 13 10 0 10
[Q COMMAND] CMD 38 13 10 0 10
[Q ACK] sent=1

# HOST CMD 2 13 11 0 11
[Q COMMAND] CMD 2 13 11 0 11
[Q ACK] sent=1

# HOST CMD 18 13 127 0 11
[Q COMMAND] CMD 18 13 127 0 11
[Q ACK] sent=1

# HOST CMD 19 13 100 0 11
[Q COMMAND] CMD 19 13 100 0 11
[Q ACK] sent=1

# HOST CMD 20 13 4 0 11
[Q COMMAND] CMD 20 13 4 0 11
[Q ACK] sent=1

# HOST CMD 31 13 60 0 11
[Q COMMAND] CMD 31 13 60 0 11
[Q ACK] sent=1

# HOST CMD 32 13 127 0 11
[Q COMMAND] CMD 32 13 127 0 11
[Q ACK] sent=1

# HOST CMD 33 13 -18 0 11
[Q COMMAND] CMD 33 13 -18 0 11
[Q ACK] sent=1

# HOST CMD 34 13 8 0 11
[Q COMMAND] CMD 34 13 8 0 11
[Q ACK] sent=1

# HOST CMD 35 13 120 0 11
[Q COMMAND] CMD 35 13 120 0 11
[Q ACK] sent=1

# HOST CMD 36 13 127 0 11
[Q COMMAND] CMD 36 13 127 0 11
[Q ACK] sent=1

# HOST CMD 37 13 96 0 11
[Q COMMAND] CMD 37 13 96 0 11
[Q ACK] sent=1

# HOST CMD 38 13 11 0 11
[Q COMMAND] CMD 38 13 11 0 11
[Q ACK] sent=1

# HOST CMD 2 13 12 0 12
[Q COMMAND] CMD 2 13 12 0 12
[Q ACK] sent=1

# HOST CMD 18 13 127 0 12
[Q COMMAND] CMD 18 13 127 0 12
[Q ACK] sent=1

# HOST CMD 19 13 100 0 12
[Q COMMAND] CMD 19 13 100 0 12
[Q ACK] sent=1

# HOST CMD 20 13 4 0 12
[Q COMMAND] CMD 20 13 4 0 12
[Q ACK] sent=1

# HOST CMD 31 13 61 0 12
[Q COMMAND] CMD 31 13 61 0 12
[Q ACK] sent=1

# HOST CMD 32 13 127 0 12
[Q COMMAND] CMD 32 13 127 0 12
[Q ACK] sent=1

# HOST CMD 33 13 -5 0 12
[Q COMMAND] CMD 33 13 -5 0 12
[Q ACK] sent=1

# HOST CMD 34 13 9 0 12
[Q COMMAND] CMD 34 13 9 0 12
[Q ACK] sent=1

# HOST CMD 35 13 20 0 12
[Q COMMAND] CMD 35 13 20 0 12
[Q ACK] sent=1

# HOST CMD 36 13 10 0 12
[Q COMMAND] CMD 36 13 10 0 12
[Q ACK] sent=1

# HOST CMD 37 13 96 0 12
[Q COMMAND] CMD 37 13 96 0 12
[Q ACK] sent=1

# HOST CMD 38 13 12 0 12
[Q COMMAND] CMD 38 13 12 0 12
[Q ACK] sent=1

# HOST CMD 2 13 13 0 13
[Q COMMAND] CMD 2 13 13 0 13
[Q ACK] sent=1

# HOST CMD 18 13 127 0 13
[Q COMMAND] CMD 18 13 127 0 13
[Q ACK] sent=1

# HOST CMD 19 13 100 0 13
[Q COMMAND] CMD 19 13 100 0 13
[Q ACK] sent=1

# HOST CMD 20 13 4 0 13
[Q COMMAND] CMD 20 13 4 0 13
[Q ACK] sent=1

# HOST CMD 31 13 62 0 13
[Q COMMAND] CMD 31 13 62 0 13
[Q ACK] sent=1

# HOST CMD 32 13 127 0 13
[Q COMMAND] CMD 32 13 127 0 13
[Q ACK] sent=1

# HOST CMD 33 13 8 0 13
[Q COMMAND] CMD 33 13 8 0 13
[Q ACK] sent=1

# HOST CMD 34 13 10 0 13
[Q COMMAND] CMD 34 13 10 0 13
[Q ACK] sent=1

# HOST CMD 35 13 100 0 13
[Q COMMAND] CMD 35 13 100 0 13
[Q ACK] sent=1

# HOST CMD 36 13 100 0 13
[Q COMMAND] CMD 36 13 100 0 13
[Q ACK] sent=1

# HOST CMD 37 13 96 0 13
[Q COMMAND] CMD 37 13 96 0 13
[Q ACK] sent=1

# HOST CMD 38 13 13 0 13
[Q COMMAND] CMD 38 13 13 0 13
[Q ACK] sent=1

# HOST CMD 2 13 14 0 14
[Q COMMAND] CMD 2 13 14 0 14
[Q ACK] sent=1

# HOST CMD 18 13 127 0 14
[Q COMMAND] CMD 18 13 127 0 14
[Q ACK] sent=1

# HOST CMD 19 13 100 0 14
[Q COMMAND] CMD 19 13 100 0 14
[Q ACK] sent=1

# HOST CMD 20 13 4 0 14
[Q COMMAND] CMD 20 13 4 0 14
[Q ACK] sent=1

# HOST CMD 31 13 63 0 14
[Q COMMAND] CMD 31 13 63 0 14
[Q ACK] sent=1

# HOST CMD 32 13 127 0 14
[Q COMMAND] CMD 32 13 127 0 14
[Q ACK] sent=1

# HOST CMD 33 13 21 0 14
[Q COMMAND] CMD 33 13 21 0 14
[Q ACK] sent=1

# HOST CMD 34 13 11 0 14
[Q COMMAND] CMD 34 13 11 0 14
[Q ACK] sent=1

# HOST CMD 35 13 40 0 14
[Q COMMAND] CMD 35 13 40 0 14
[Q ACK] sent=1

# HOST CMD 36 13 40 0 14
[Q COMMAND] CMD 36 13 40 0 14
[Q ACK] sent=1

# HOST CMD 37 13 96 0 14
[Q COMMAND] CMD 37 13 96 0 14
[Q ACK] sent=1

# HOST CMD 38 13 14 0 14
[Q COMMAND] CMD 38 13 14 0 14
[Q ACK] sent=1

# HOST CMD 2 13 15 0 15
[Q COMMAND] CMD 2 13 15 0 15
[Q ACK] sent=1

# HOST CMD 18 13 127 0 15
[Q COMMAND] CMD 18 13 127 0 15
[Q ACK] sent=1

# HOST CMD 19 13 100 0 15
[Q COMMAND] CMD 19 13 100 0 15
[Q ACK] sent=1

# HOST CMD 20 13 4 0 15
[Q COMMAND] CMD 20 13 4 0 15
[Q ACK] sent=1

# HOST CMD 31 13 64 0 15
[Q COMMAND] CMD 31 13 64 0 15
[Q ACK] sent=1

# HOST CMD 32 13 127 0 15
[Q COMMAND] CMD 32 13 127 0 15
[Q ACK] sent=1

# HOST CMD 33 13 34 0 15
[Q COMMAND] CMD 33 13 34 0 15
[Q ACK] sent=1

# HOST CMD 34 13 12 0 15
[Q COMMAND] CMD 34 13 12 0 15
[Q ACK] sent=1

# HOST CMD 35 13 120 0 15
[Q COMMAND] CMD 35 13 120 0 15
[Q ACK] sent=1

# HOST CMD 36 13 127 0 15
[Q COMMAND] CMD 36 13 127 0 15
[Q ACK] sent=1

# HOST CMD 37 13 96 0 15
[Q COMMAND] CMD 37 13 96 0 15
[Q ACK] sent=1

# HOST CMD 38 13 15 0 15
[Q COMMAND] CMD 38 13 15 0 15
[Q ACK] sent=1

# HOST LOAD 14 3
[Q COMMAND] LOAD 14 3
[Q ACK] load=1
[M6 read] bytes=352800 read_us=708105 bytes_per_second=498231 original_channels=1 rate=44100 total_psram=33554432
[M6 load] track=14 file_bytes=352844 pcm_bytes=352800 load_publish_us=1137686 payload=5292000 transient=352800 peak_payload=5292000 ps_free=25346544 largest=25165812 internal=197396 display=2304000 fx_delay=352800 reserve=4194304
[M6.1 replacement] retired_clear=1 ps_delta=360452 status=READY

# HOST CMD 10 14 0 0 0
[Q COMMAND] CMD 10 14 0 0 0
[Q ACK] sent=1

# HOST CMD 12 14 0 0 0
[Q COMMAND] CMD 12 14 0 0 0
[Q ACK] sent=1

# HOST CMD 47 14 0 0 0
[Q COMMAND] CMD 47 14 0 0 0
[Q ACK] sent=1

# HOST CMD 46 14 0 0 0
[Q COMMAND] CMD 46 14 0 0 0
[Q ACK] sent=1

# HOST CMD 48 14 0 0 0
[Q COMMAND] CMD 48 14 0 0 0
[Q ACK] sent=1

# HOST CMD 55 14 16 0 0
[Q COMMAND] CMD 55 14 16 0 0
[Q ACK] sent=1

# HOST CMD 41 14 86 0 0
[Q COMMAND] CMD 41 14 86 0 0
[Q ACK] sent=1

# HOST CMD 42 14 96 0 0
[Q COMMAND] CMD 42 14 96 0 0
[Q ACK] sent=1

# HOST CMD 43 14 127 0 0
[Q COMMAND] CMD 43 14 127 0 0
[Q ACK] sent=1

# HOST CMD 2 14 0 0 0
[Q COMMAND] CMD 2 14 0 0 0
[Q ACK] sent=1

# HOST CMD 18 14 127 0 0
[Q COMMAND] CMD 18 14 127 0 0
[Q ACK] sent=1

# HOST CMD 19 14 100 0 0
[Q COMMAND] CMD 19 14 100 0 0
[Q ACK] sent=1

# HOST CMD 20 14 4 0 0
[Q COMMAND] CMD 20 14 4 0 0
[Q ACK] sent=1

# HOST CMD 31 14 50 0 0
[Q COMMAND] CMD 31 14 50 0 0
[Q ACK] sent=1

# HOST CMD 32 14 127 0 0
[Q COMMAND] CMD 32 14 127 0 0
[Q ACK] sent=1

# HOST CMD 33 14 111 0 0
[Q COMMAND] CMD 33 14 111 0 0
[Q ACK] sent=1

# HOST CMD 34 14 14 0 0
[Q COMMAND] CMD 34 14 14 0 0
[Q ACK] sent=1

# HOST CMD 35 14 20 0 0
[Q COMMAND] CMD 35 14 20 0 0
[Q ACK] sent=1

# HOST CMD 36 14 10 0 0
[Q COMMAND] CMD 36 14 10 0 0
[Q ACK] sent=1

# HOST CMD 37 14 96 0 0
[Q COMMAND] CMD 37 14 96 0 0
[Q ACK] sent=1

# HOST CMD 38 14 0 0 0
[Q COMMAND] CMD 38 14 0 0 0
[Q ACK] sent=1

# HOST CMD 2 14 1 0 1
[Q COMMAND] CMD 2 14 1 0 1
[Q ACK] sent=1

# HOST CMD 18 14 127 0 1
[Q COMMAND] CMD 18 14 127 0 1
[Q ACK] sent=1

# HOST CMD 19 14 100 0 1
[Q COMMAND] CMD 19 14 100 0 1
[Q ACK] sent=1

# HOST CMD 20 14 4 0 1
[Q COMMAND] CMD 20 14 4 0 1
[Q ACK] sent=1

# HOST CMD 31 14 51 0 1
[Q COMMAND] CMD 31 14 51 0 1
[Q ACK] sent=1

# HOST CMD 32 14 127 0 1
[Q COMMAND] CMD 32 14 127 0 1
[Q ACK] sent=1

# HOST CMD 33 14 124 0 1
[Q COMMAND] CMD 33 14 124 0 1
[Q ACK] sent=1

# HOST CMD 34 14 15 0 1
[Q COMMAND] CMD 34 14 15 0 1
[Q ACK] sent=1

# HOST CMD 35 14 100 0 1
[Q COMMAND] CMD 35 14 100 0 1
[Q ACK] sent=1

# HOST CMD 36 14 100 0 1
[Q COMMAND] CMD 36 14 100 0 1
[Q ACK] sent=1

# HOST CMD 37 14 96 0 1
[Q COMMAND] CMD 37 14 96 0 1
[Q ACK] sent=1

# HOST CMD 38 14 1 0 1
[Q COMMAND] CMD 38 14 1 0 1
[Q ACK] sent=1

# HOST CMD 2 14 2 0 2
[Q COMMAND] CMD 2 14 2 0 2
[Q ACK] sent=1

# HOST CMD 18 14 127 0 2
[Q COMMAND] CMD 18 14 127 0 2
[Q ACK] sent=1

# HOST CMD 19 14 100 0 2
[Q COMMAND] CMD 19 14 100 0 2
[Q ACK] sent=1

# HOST CMD 20 14 4 0 2
[Q COMMAND] CMD 20 14 4 0 2
[Q ACK] sent=1

# HOST CMD 31 14 52 0 2
[Q COMMAND] CMD 31 14 52 0 2
[Q ACK] sent=1

# HOST CMD 32 14 127 0 2
[Q COMMAND] CMD 32 14 127 0 2
[Q ACK] sent=1

# HOST CMD 33 14 -118 0 2
[Q COMMAND] CMD 33 14 -118 0 2
[Q ACK] sent=1

# HOST CMD 34 14 0 0 2
[Q COMMAND] CMD 34 14 0 0 2
[Q ACK] sent=1

# HOST CMD 35 14 40 0 2
[Q COMMAND] CMD 35 14 40 0 2
[Q ACK] sent=1

# HOST CMD 36 14 40 0 2
[Q COMMAND] CMD 36 14 40 0 2
[Q ACK] sent=1

# HOST CMD 37 14 96 0 2
[Q COMMAND] CMD 37 14 96 0 2
[Q ACK] sent=1

# HOST CMD 38 14 2 0 2
[Q COMMAND] CMD 38 14 2 0 2
[Q ACK] sent=1

# HOST CMD 2 14 3 0 3
[Q COMMAND] CMD 2 14 3 0 3
[Q ACK] sent=1

# HOST CMD 18 14 127 0 3
[Q COMMAND] CMD 18 14 127 0 3
[Q ACK] sent=1

# HOST CMD 19 14 100 0 3
[Q COMMAND] CMD 19 14 100 0 3
[Q ACK] sent=1

# HOST CMD 20 14 4 0 3
[Q COMMAND] CMD 20 14 4 0 3
[Q ACK] sent=1

# HOST CMD 31 14 53 0 3
[Q COMMAND] CMD 31 14 53 0 3
[Q ACK] sent=1

# HOST CMD 32 14 127 0 3
[Q COMMAND] CMD 32 14 127 0 3
[Q ACK] sent=1

# HOST CMD 33 14 -105 0 3
[Q COMMAND] CMD 33 14 -105 0 3
[Q ACK] sent=1

# HOST CMD 34 14 1 0 3
[Q COMMAND] CMD 34 14 1 0 3
[Q ACK] sent=1

# HOST CMD 35 14 120 0 3
[Q COMMAND] CMD 35 14 120 0 3
[Q ACK] sent=1

# HOST CMD 36 14 127 0 3
[Q COMMAND] CMD 36 14 127 0 3
[Q ACK] sent=1

# HOST CMD 37 14 96 0 3
[Q COMMAND] CMD 37 14 96 0 3
[Q ACK] sent=1

# HOST CMD 38 14 3 0 3
[Q COMMAND] CMD 38 14 3 0 3
[Q ACK] sent=1

# HOST CMD 2 14 4 0 4
[Q COMMAND] CMD 2 14 4 0 4
[Q ACK] sent=1

# HOST CMD 18 14 127 0 4
[Q COMMAND] CMD 18 14 127 0 4
[Q ACK] sent=1

# HOST CMD 19 14 100 0 4
[Q COMMAND] CMD 19 14 100 0 4
[Q ACK] sent=1

# HOST CMD 20 14 4 0 4
[Q COMMAND] CMD 20 14 4 0 4
[Q ACK] sent=1

# HOST CMD 31 14 54 0 4
[Q COMMAND] CMD 31 14 54 0 4
[Q ACK] sent=1

# HOST CMD 32 14 127 0 4
[Q COMMAND] CMD 32 14 127 0 4
[Q ACK] sent=1

# HOST CMD 33 14 -92 0 4
[Q COMMAND] CMD 33 14 -92 0 4
[Q ACK] sent=1

# HOST CMD 34 14 2 0 4
[Q COMMAND] CMD 34 14 2 0 4
[Q ACK] sent=1

# HOST CMD 35 14 20 0 4
[Q COMMAND] CMD 35 14 20 0 4
[Q ACK] sent=1

# HOST CMD 36 14 10 0 4
[Q COMMAND] CMD 36 14 10 0 4
[Q ACK] sent=1

# HOST CMD 37 14 96 0 4
[Q COMMAND] CMD 37 14 96 0 4
[Q ACK] sent=1

# HOST CMD 38 14 4 0 4
[Q COMMAND] CMD 38 14 4 0 4
[Q ACK] sent=1

# HOST CMD 2 14 5 0 5
[Q COMMAND] CMD 2 14 5 0 5
[Q ACK] sent=1

# HOST CMD 18 14 127 0 5
[Q COMMAND] CMD 18 14 127 0 5
[Q ACK] sent=1

# HOST CMD 19 14 100 0 5
[Q COMMAND] CMD 19 14 100 0 5
[Q ACK] sent=1

# HOST CMD 20 14 4 0 5
[Q COMMAND] CMD 20 14 4 0 5
[Q ACK] sent=1

# HOST CMD 31 14 55 0 5
[Q COMMAND] CMD 31 14 55 0 5
[Q ACK] sent=1

# HOST CMD 32 14 127 0 5
[Q COMMAND] CMD 32 14 127 0 5
[Q ACK] sent=1

# HOST CMD 33 14 -79 0 5
[Q COMMAND] CMD 33 14 -79 0 5
[Q ACK] sent=1

# HOST CMD 34 14 3 0 5
[Q COMMAND] CMD 34 14 3 0 5
[Q ACK] sent=1

# HOST CMD 35 14 100 0 5
[Q COMMAND] CMD 35 14 100 0 5
[Q ACK] sent=1

# HOST CMD 36 14 100 0 5
[Q COMMAND] CMD 36 14 100 0 5
[Q ACK] sent=1

# HOST CMD 37 14 96 0 5
[Q COMMAND] CMD 37 14 96 0 5
[Q ACK] sent=1

# HOST CMD 38 14 5 0 5
[Q COMMAND] CMD 38 14 5 0 5
[Q ACK] sent=1

# HOST CMD 2 14 6 0 6
[Q COMMAND] CMD 2 14 6 0 6
[Q ACK] sent=1

# HOST CMD 18 14 127 0 6
[Q COMMAND] CMD 18 14 127 0 6
[Q ACK] sent=1

# HOST CMD 19 14 100 0 6
[Q COMMAND] CMD 19 14 100 0 6
[Q ACK] sent=1

# HOST CMD 20 14 4 0 6
[Q COMMAND] CMD 20 14 4 0 6
[Q ACK] sent=1

# HOST CMD 31 14 56 0 6
[Q COMMAND] CMD 31 14 56 0 6
[Q ACK] sent=1

# HOST CMD 32 14 127 0 6
[Q COMMAND] CMD 32 14 127 0 6
[Q ACK] sent=1

# HOST CMD 33 14 -66 0 6
[Q COMMAND] CMD 33 14 -66 0 6
[Q ACK] sent=1

# HOST CMD 34 14 4 0 6
[Q COMMAND] CMD 34 14 4 0 6
[Q ACK] sent=1

# HOST CMD 35 14 40 0 6
[Q COMMAND] CMD 35 14 40 0 6
[Q ACK] sent=1

# HOST CMD 36 14 40 0 6
[Q COMMAND] CMD 36 14 40 0 6
[Q ACK] sent=1

# HOST CMD 37 14 96 0 6
[Q COMMAND] CMD 37 14 96 0 6
[Q ACK] sent=1

# HOST CMD 38 14 6 0 6
[Q COMMAND] CMD 38 14 6 0 6
[Q ACK] sent=1

# HOST CMD 2 14 7 0 7
[Q COMMAND] CMD 2 14 7 0 7
[Q ACK] sent=1

# HOST CMD 18 14 127 0 7
[Q COMMAND] CMD 18 14 127 0 7
[Q ACK] sent=1

# HOST CMD 19 14 100 0 7
[Q COMMAND] CMD 19 14 100 0 7
[Q ACK] sent=1

# HOST CMD 20 14 4 0 7
[Q COMMAND] CMD 20 14 4 0 7
[Q ACK] sent=1

# HOST CMD 31 14 57 0 7
[Q COMMAND] CMD 31 14 57 0 7
[Q ACK] sent=1

# HOST CMD 32 14 127 0 7
[Q COMMAND] CMD 32 14 127 0 7
[Q ACK] sent=1

# HOST CMD 33 14 -53 0 7
[Q COMMAND] CMD 33 14 -53 0 7
[Q ACK] sent=1

# HOST CMD 34 14 5 0 7
[Q COMMAND] CMD 34 14 5 0 7
[Q ACK] sent=1

# HOST CMD 35 14 120 0 7
[Q COMMAND] CMD 35 14 120 0 7
[Q ACK] sent=1

# HOST CMD 36 14 127 0 7
[Q COMMAND] CMD 36 14 127 0 7
[Q ACK] sent=1

# HOST CMD 37 14 96 0 7
[Q COMMAND] CMD 37 14 96 0 7
[Q ACK] sent=1

# HOST CMD 38 14 7 0 7
[Q COMMAND] CMD 38 14 7 0 7
[Q ACK] sent=1

# HOST CMD 2 14 8 0 8
[Q COMMAND] CMD 2 14 8 0 8
[Q ACK] sent=1

# HOST CMD 18 14 127 0 8
[Q COMMAND] CMD 18 14 127 0 8
[Q ACK] sent=1

# HOST CMD 19 14 100 0 8
[Q COMMAND] CMD 19 14 100 0 8
[Q ACK] sent=1

# HOST CMD 20 14 4 0 8
[Q COMMAND] CMD 20 14 4 0 8
[Q ACK] sent=1

# HOST CMD 31 14 58 0 8
[Q COMMAND] CMD 31 14 58 0 8
[Q ACK] sent=1

# HOST CMD 32 14 127 0 8
[Q COMMAND] CMD 32 14 127 0 8
[Q ACK] sent=1

# HOST CMD 33 14 -40 0 8
[Q COMMAND] CMD 33 14 -40 0 8
[Q ACK] sent=1

# HOST CMD 34 14 6 0 8
[Q COMMAND] CMD 34 14 6 0 8
[Q ACK] sent=1

# HOST CMD 35 14 20 0 8
[Q COMMAND] CMD 35 14 20 0 8
[Q ACK] sent=1

# HOST CMD 36 14 10 0 8
[Q COMMAND] CMD 36 14 10 0 8
[Q ACK] sent=1

# HOST CMD 37 14 96 0 8
[Q COMMAND] CMD 37 14 96 0 8
[Q ACK] sent=1

# HOST CMD 38 14 8 0 8
[Q COMMAND] CMD 38 14 8 0 8
[Q ACK] sent=1

# HOST CMD 2 14 9 0 9
[Q COMMAND] CMD 2 14 9 0 9
[Q ACK] sent=1

# HOST CMD 18 14 127 0 9
[Q COMMAND] CMD 18 14 127 0 9
[Q ACK] sent=1

# HOST CMD 19 14 100 0 9
[Q COMMAND] CMD 19 14 100 0 9
[Q ACK] sent=1

# HOST CMD 20 14 4 0 9
[Q COMMAND] CMD 20 14 4 0 9
[Q ACK] sent=1

# HOST CMD 31 14 59 0 9
[Q COMMAND] CMD 31 14 59 0 9
[Q ACK] sent=1

# HOST CMD 32 14 127 0 9
[Q COMMAND] CMD 32 14 127 0 9
[Q ACK] sent=1

# HOST CMD 33 14 -27 0 9
[Q COMMAND] CMD 33 14 -27 0 9
[Q ACK] sent=1

# HOST CMD 34 14 7 0 9
[Q COMMAND] CMD 34 14 7 0 9
[Q ACK] sent=1

# HOST CMD 35 14 100 0 9
[Q COMMAND] CMD 35 14 100 0 9
[Q ACK] sent=1

# HOST CMD 36 14 100 0 9
[Q COMMAND] CMD 36 14 100 0 9
[Q ACK] sent=1

# HOST CMD 37 14 96 0 9
[Q COMMAND] CMD 37 14 96 0 9
[Q ACK] sent=1

# HOST CMD 38 14 9 0 9
[Q COMMAND] CMD 38 14 9 0 9
[Q ACK] sent=1

# HOST CMD 2 14 10 0 10
[Q COMMAND] CMD 2 14 10 0 10
[Q ACK] sent=1

# HOST CMD 18 14 127 0 10
[Q COMMAND] CMD 18 14 127 0 10
[Q ACK] sent=1

# HOST CMD 19 14 100 0 10
[Q COMMAND] CMD 19 14 100 0 10
[Q ACK] sent=1

# HOST CMD 20 14 4 0 10
[Q COMMAND] CMD 20 14 4 0 10
[Q ACK] sent=1

# HOST CMD 31 14 60 0 10
[Q COMMAND] CMD 31 14 60 0 10
[Q ACK] sent=1

# HOST CMD 32 14 127 0 10
[Q COMMAND] CMD 32 14 127 0 10
[Q ACK] sent=1

# HOST CMD 33 14 -14 0 10
[Q COMMAND] CMD 33 14 -14 0 10
[Q ACK] sent=1

# HOST CMD 34 14 8 0 10
[Q COMMAND] CMD 34 14 8 0 10
[Q ACK] sent=1

# HOST CMD 35 14 40 0 10
[Q COMMAND] CMD 35 14 40 0 10
[Q ACK] sent=1

# HOST CMD 36 14 40 0 10
[Q COMMAND] CMD 36 14 40 0 10
[Q ACK] sent=1

# HOST CMD 37 14 96 0 10
[Q COMMAND] CMD 37 14 96 0 10
[Q ACK] sent=1

# HOST CMD 38 14 10 0 10
[Q COMMAND] CMD 38 14 10 0 10
[Q ACK] sent=1

# HOST CMD 2 14 11 0 11
[Q COMMAND] CMD 2 14 11 0 11
[Q ACK] sent=1

# HOST CMD 18 14 127 0 11
[Q COMMAND] CMD 18 14 127 0 11
[Q ACK] sent=1

# HOST CMD 19 14 100 0 11
[Q COMMAND] CMD 19 14 100 0 11
[Q ACK] sent=1

# HOST CMD 20 14 4 0 11
[Q COMMAND] CMD 20 14 4 0 11
[Q ACK] sent=1

# HOST CMD 31 14 61 0 11
[Q COMMAND] CMD 31 14 61 0 11
[Q ACK] sent=1

# HOST CMD 32 14 127 0 11
[Q COMMAND] CMD 32 14 127 0 11
[Q ACK] sent=1

# HOST CMD 33 14 -1 0 11
[Q COMMAND] CMD 33 14 -1 0 11
[Q ACK] sent=1

# HOST CMD 34 14 9 0 11
[Q COMMAND] CMD 34 14 9 0 11
[Q ACK] sent=1

# HOST CMD 35 14 120 0 11
[Q COMMAND] CMD 35 14 120 0 11
[Q ACK] sent=1

# HOST CMD 36 14 127 0 11
[Q COMMAND] CMD 36 14 127 0 11
[Q ACK] sent=1

# HOST CMD 37 14 96 0 11
[Q COMMAND] CMD 37 14 96 0 11
[Q ACK] sent=1

# HOST CMD 38 14 11 0 11
[Q COMMAND] CMD 38 14 11 0 11
[Q ACK] sent=1

# HOST CMD 2 14 12 0 12
[Q COMMAND] CMD 2 14 12 0 12
[Q ACK] sent=1

# HOST CMD 18 14 127 0 12
[Q COMMAND] CMD 18 14 127 0 12
[Q ACK] sent=1

# HOST CMD 19 14 100 0 12
[Q COMMAND] CMD 19 14 100 0 12
[Q ACK] sent=1

# HOST CMD 20 14 4 0 12
[Q COMMAND] CMD 20 14 4 0 12
[Q ACK] sent=1

# HOST CMD 31 14 62 0 12
[Q COMMAND] CMD 31 14 62 0 12
[Q ACK] sent=1

# HOST CMD 32 14 127 0 12
[Q COMMAND] CMD 32 14 127 0 12
[Q ACK] sent=1

# HOST CMD 33 14 12 0 12
[Q COMMAND] CMD 33 14 12 0 12
[Q ACK] sent=1

# HOST CMD 34 14 10 0 12
[Q COMMAND] CMD 34 14 10 0 12
[Q ACK] sent=1

# HOST CMD 35 14 20 0 12
[Q COMMAND] CMD 35 14 20 0 12
[Q ACK] sent=1

# HOST CMD 36 14 10 0 12
[Q COMMAND] CMD 36 14 10 0 12
[Q ACK] sent=1

# HOST CMD 37 14 96 0 12
[Q COMMAND] CMD 37 14 96 0 12
[Q ACK] sent=1

# HOST CMD 38 14 12 0 12
[Q COMMAND] CMD 38 14 12 0 12
[Q ACK] sent=1

# HOST CMD 2 14 13 0 13
[Q COMMAND] CMD 2 14 13 0 13
[Q ACK] sent=1

# HOST CMD 18 14 127 0 13
[Q COMMAND] CMD 18 14 127 0 13
[Q ACK] sent=1

# HOST CMD 19 14 100 0 13
[Q COMMAND] CMD 19 14 100 0 13
[Q ACK] sent=1

# HOST CMD 20 14 4 0 13
[Q COMMAND] CMD 20 14 4 0 13
[Q ACK] sent=1

# HOST CMD 31 14 63 0 13
[Q COMMAND] CMD 31 14 63 0 13
[Q ACK] sent=1

# HOST CMD 32 14 127 0 13
[Q COMMAND] CMD 32 14 127 0 13
[Q ACK] sent=1

# HOST CMD 33 14 25 0 13
[Q COMMAND] CMD 33 14 25 0 13
[Q ACK] sent=1

# HOST CMD 34 14 11 0 13
[Q COMMAND] CMD 34 14 11 0 13
[Q ACK] sent=1

# HOST CMD 35 14 100 0 13
[Q COMMAND] CMD 35 14 100 0 13
[Q ACK] sent=1

# HOST CMD 36 14 100 0 13
[Q COMMAND] CMD 36 14 100 0 13
[Q ACK] sent=1

# HOST CMD 37 14 96 0 13
[Q COMMAND] CMD 37 14 96 0 13
[Q ACK] sent=1

# HOST CMD 38 14 13 0 13
[Q COMMAND] CMD 38 14 13 0 13
[Q ACK] sent=1

# HOST CMD 2 14 14 0 14
[Q COMMAND] CMD 2 14 14 0 14
[Q ACK] sent=1

# HOST CMD 18 14 127 0 14
[Q COMMAND] CMD 18 14 127 0 14
[Q ACK] sent=1

# HOST CMD 19 14 100 0 14
[Q COMMAND] CMD 19 14 100 0 14
[Q ACK] sent=1

# HOST CMD 20 14 4 0 14
[Q COMMAND] CMD 20 14 4 0 14
[Q ACK] sent=1

# HOST CMD 31 14 64 0 14
[Q COMMAND] CMD 31 14 64 0 14
[Q ACK] sent=1

# HOST CMD 32 14 127 0 14
[Q COMMAND] CMD 32 14 127 0 14
[Q ACK] sent=1

# HOST CMD 33 14 38 0 14
[Q COMMAND] CMD 33 14 38 0 14
[Q ACK] sent=1

# HOST CMD 34 14 12 0 14
[Q COMMAND] CMD 34 14 12 0 14
[Q ACK] sent=1

# HOST CMD 35 14 40 0 14
[Q COMMAND] CMD 35 14 40 0 14
[Q ACK] sent=1

# HOST CMD 36 14 40 0 14
[Q COMMAND] CMD 36 14 40 0 14
[Q ACK] sent=1

# HOST CMD 37 14 96 0 14
[Q COMMAND] CMD 37 14 96 0 14
[Q ACK] sent=1

# HOST CMD 38 14 14 0 14
[Q COMMAND] CMD 38 14 14 0 14
[Q ACK] sent=1

# HOST CMD 2 14 15 0 15
[Q COMMAND] CMD 2 14 15 0 15
[Q ACK] sent=1

# HOST CMD 18 14 127 0 15
[Q COMMAND] CMD 18 14 127 0 15
[Q ACK] sent=1

# HOST CMD 19 14 100 0 15
[Q COMMAND] CMD 19 14 100 0 15
[Q ACK] sent=1

# HOST CMD 20 14 4 0 15
[Q COMMAND] CMD 20 14 4 0 15
[Q ACK] sent=1

# HOST CMD 31 14 65 0 15
[Q COMMAND] CMD 31 14 65 0 15
[Q ACK] sent=1

# HOST CMD 32 14 127 0 15
[Q COMMAND] CMD 32 14 127 0 15
[Q ACK] sent=1

# HOST CMD 33 14 51 0 15
[Q COMMAND] CMD 33 14 51 0 15
[Q ACK] sent=1

# HOST CMD 34 14 13 0 15
[Q COMMAND] CMD 34 14 13 0 15
[Q ACK] sent=1

# HOST CMD 35 14 120 0 15
[Q COMMAND] CMD 35 14 120 0 15
[Q ACK] sent=1

# HOST CMD 36 14 127 0 15
[Q COMMAND] CMD 36 14 127 0 15
[Q ACK] sent=1

# HOST CMD 37 14 96 0 15
[Q COMMAND] CMD 37 14 96 0 15
[Q ACK] sent=1

# HOST CMD 38 14 15 0 15
[Q COMMAND] CMD 38 14 15 0 15
[Q ACK] sent=1

# HOST LOAD 15 3
[Q COMMAND] LOAD 15 3
[Q ACK] load=1
[M6 read] bytes=352800 read_us=708078 bytes_per_second=498250 original_channels=1 rate=44100 total_psram=33554432
[M6 load] track=15 file_bytes=352844 pcm_bytes=352800 load_publish_us=1142026 payload=5644800 transient=352800 peak_payload=5644800 ps_free=24986092 largest=24641524 internal=195792 display=2304000 fx_delay=352800 reserve=4194304
[M6.1 replacement] retired_clear=1 ps_delta=360452 status=READY

# HOST CMD 10 15 0 0 0
[Q COMMAND] CMD 10 15 0 0 0
[Q ACK] sent=1

# HOST CMD 12 15 0 0 0
[Q COMMAND] CMD 12 15 0 0 0
[Q ACK] sent=1

# HOST CMD 47 15 0 0 0
[Q COMMAND] CMD 47 15 0 0 0
[Q ACK] sent=1

# HOST CMD 46 15 0 0 0
[Q COMMAND] CMD 46 15 0 0 0
[Q ACK] sent=1

# HOST CMD 48 15 0 0 0
[Q COMMAND] CMD 48 15 0 0 0
[Q ACK] sent=1

# HOST CMD 55 15 16 0 0
[Q COMMAND] CMD 55 15 16 0 0
[Q ACK] sent=1

# HOST CMD 41 15 90 0 0
[Q COMMAND] CMD 41 15 90 0 0
[Q ACK] sent=1

# HOST CMD 42 15 96 0 0
[Q COMMAND] CMD 42 15 96 0 0
[Q ACK] sent=1

# HOST CMD 43 15 127 0 0
[Q COMMAND] CMD 43 15 127 0 0
[Q ACK] sent=1

# HOST CMD 2 15 0 0 0
[Q COMMAND] CMD 2 15 0 0 0
[Q ACK] sent=1

# HOST CMD 18 15 127 0 0
[Q COMMAND] CMD 18 15 127 0 0
[Q ACK] sent=1

# HOST CMD 19 15 100 0 0
[Q COMMAND] CMD 19 15 100 0 0
[Q ACK] sent=1

# HOST CMD 20 15 4 0 0
[Q COMMAND] CMD 20 15 4 0 0
[Q ACK] sent=1

# HOST CMD 31 15 51 0 0
[Q COMMAND] CMD 31 15 51 0 0
[Q ACK] sent=1

# HOST CMD 32 15 127 0 0
[Q COMMAND] CMD 32 15 127 0 0
[Q ACK] sent=1

# HOST CMD 33 15 -127 0 0
[Q COMMAND] CMD 33 15 -127 0 0
[Q ACK] sent=1

# HOST CMD 34 15 15 0 0
[Q COMMAND] CMD 34 15 15 0 0
[Q ACK] sent=1

# HOST CMD 35 15 20 0 0
[Q COMMAND] CMD 35 15 20 0 0
[Q ACK] sent=1

# HOST CMD 36 15 10 0 0
[Q COMMAND] CMD 36 15 10 0 0
[Q ACK] sent=1

# HOST CMD 37 15 96 0 0
[Q COMMAND] CMD 37 15 96 0 0
[Q ACK] sent=1

# HOST CMD 38 15 0 0 0
[Q COMMAND] CMD 38 15 0 0 0
[Q ACK] sent=1

# HOST CMD 2 15 1 0 1
[Q COMMAND] CMD 2 15 1 0 1
[Q ACK] sent=1

# HOST CMD 18 15 127 0 1
[Q COMMAND] CMD 18 15 127 0 1
[Q ACK] sent=1

# HOST CMD 19 15 100 0 1
[Q COMMAND] CMD 19 15 100 0 1
[Q ACK] sent=1

# HOST CMD 20 15 4 0 1
[Q COMMAND] CMD 20 15 4 0 1
[Q ACK] sent=1

# HOST CMD 31 15 52 0 1
[Q COMMAND] CMD 31 15 52 0 1
[Q ACK] sent=1

# HOST CMD 32 15 127 0 1
[Q COMMAND] CMD 32 15 127 0 1
[Q ACK] sent=1

# HOST CMD 33 15 -114 0 1
[Q COMMAND] CMD 33 15 -114 0 1
[Q ACK] sent=1

# HOST CMD 34 15 0 0 1
[Q COMMAND] CMD 34 15 0 0 1
[Q ACK] sent=1

# HOST CMD 35 15 100 0 1
[Q COMMAND] CMD 35 15 100 0 1
[Q ACK] sent=1

# HOST CMD 36 15 100 0 1
[Q COMMAND] CMD 36 15 100 0 1
[Q ACK] sent=1

# HOST CMD 37 15 96 0 1
[Q COMMAND] CMD 37 15 96 0 1
[Q ACK] sent=1

# HOST CMD 38 15 1 0 1
[Q COMMAND] CMD 38 15 1 0 1
[Q ACK] sent=1

# HOST CMD 2 15 2 0 2
[Q COMMAND] CMD 2 15 2 0 2
[Q ACK] sent=1

# HOST CMD 18 15 127 0 2
[Q COMMAND] CMD 18 15 127 0 2
[Q ACK] sent=1

# HOST CMD 19 15 100 0 2
[Q COMMAND] CMD 19 15 100 0 2
[Q ACK] sent=1

# HOST CMD 20 15 4 0 2
[Q COMMAND] CMD 20 15 4 0 2
[Q ACK] sent=1

# HOST CMD 31 15 53 0 2
[Q COMMAND] CMD 31 15 53 0 2
[Q ACK] sent=1

# HOST CMD 32 15 127 0 2
[Q COMMAND] CMD 32 15 127 0 2
[Q ACK] sent=1

# HOST CMD 33 15 -101 0 2
[Q COMMAND] CMD 33 15 -101 0 2
[Q ACK] sent=1

# HOST CMD 34 15 1 0 2
[Q COMMAND] CMD 34 15 1 0 2
[Q ACK] sent=1

# HOST CMD 35 15 40 0 2
[Q COMMAND] CMD 35 15 40 0 2
[Q ACK] sent=1

# HOST CMD 36 15 40 0 2
[Q COMMAND] CMD 36 15 40 0 2
[Q ACK] sent=1

# HOST CMD 37 15 96 0 2
[Q COMMAND] CMD 37 15 96 0 2
[Q ACK] sent=1

# HOST CMD 38 15 2 0 2
[Q COMMAND] CMD 38 15 2 0 2
[Q ACK] sent=1

# HOST CMD 2 15 3 0 3
[Q COMMAND] CMD 2 15 3 0 3
[Q ACK] sent=1

# HOST CMD 18 15 127 0 3
[Q COMMAND] CMD 18 15 127 0 3
[Q ACK] sent=1

# HOST CMD 19 15 100 0 3
[Q COMMAND] CMD 19 15 100 0 3
[Q ACK] sent=1

# HOST CMD 20 15 4 0 3
[Q COMMAND] CMD 20 15 4 0 3
[Q ACK] sent=1

# HOST CMD 31 15 54 0 3
[Q COMMAND] CMD 31 15 54 0 3
[Q ACK] sent=1

# HOST CMD 32 15 127 0 3
[Q COMMAND] CMD 32 15 127 0 3
[Q ACK] sent=1

# HOST CMD 33 15 -88 0 3
[Q COMMAND] CMD 33 15 -88 0 3
[Q ACK] sent=1

# HOST CMD 34 15 2 0 3
[Q COMMAND] CMD 34 15 2 0 3
[Q ACK] sent=1

# HOST CMD 35 15 120 0 3
[Q COMMAND] CMD 35 15 120 0 3
[Q ACK] sent=1

# HOST CMD 36 15 127 0 3
[Q COMMAND] CMD 36 15 127 0 3
[Q ACK] sent=1

# HOST CMD 37 15 96 0 3
[Q COMMAND] CMD 37 15 96 0 3
[Q ACK] sent=1

# HOST CMD 38 15 3 0 3
[Q COMMAND] CMD 38 15 3 0 3
[Q ACK] sent=1

# HOST CMD 2 15 4 0 4
[Q COMMAND] CMD 2 15 4 0 4
[Q ACK] sent=1

# HOST CMD 18 15 127 0 4
[Q COMMAND] CMD 18 15 127 0 4
[Q ACK] sent=1

# HOST CMD 19 15 100 0 4
[Q COMMAND] CMD 19 15 100 0 4
[Q ACK] sent=1

# HOST CMD 20 15 4 0 4
[Q COMMAND] CMD 20 15 4 0 4
[Q ACK] sent=1

# HOST CMD 31 15 55 0 4
[Q COMMAND] CMD 31 15 55 0 4
[Q ACK] sent=1

# HOST CMD 32 15 127 0 4
[Q COMMAND] CMD 32 15 127 0 4
[Q ACK] sent=1

# HOST CMD 33 15 -75 0 4
[Q COMMAND] CMD 33 15 -75 0 4
[Q ACK] sent=1

# HOST CMD 34 15 3 0 4
[Q COMMAND] CMD 34 15 3 0 4
[Q ACK] sent=1

# HOST CMD 35 15 20 0 4
[Q COMMAND] CMD 35 15 20 0 4
[Q ACK] sent=1

# HOST CMD 36 15 10 0 4
[Q COMMAND] CMD 36 15 10 0 4
[Q ACK] sent=1

# HOST CMD 37 15 96 0 4
[Q COMMAND] CMD 37 15 96 0 4
[Q ACK] sent=1

# HOST CMD 38 15 4 0 4
[Q COMMAND] CMD 38 15 4 0 4
[Q ACK] sent=1

# HOST CMD 2 15 5 0 5
[Q COMMAND] CMD 2 15 5 0 5
[Q ACK] sent=1

# HOST CMD 18 15 127 0 5
[Q COMMAND] CMD 18 15 127 0 5
[Q ACK] sent=1

# HOST CMD 19 15 100 0 5
[Q COMMAND] CMD 19 15 100 0 5
[Q ACK] sent=1

# HOST CMD 20 15 4 0 5
[Q COMMAND] CMD 20 15 4 0 5
[Q ACK] sent=1

# HOST CMD 31 15 56 0 5
[Q COMMAND] CMD 31 15 56 0 5
[Q ACK] sent=1

# HOST CMD 32 15 127 0 5
[Q COMMAND] CMD 32 15 127 0 5
[Q ACK] sent=1

# HOST CMD 33 15 -62 0 5
[Q COMMAND] CMD 33 15 -62 0 5
[Q ACK] sent=1

# HOST CMD 34 15 4 0 5
[Q COMMAND] CMD 34 15 4 0 5
[Q ACK] sent=1

# HOST CMD 35 15 100 0 5
[Q COMMAND] CMD 35 15 100 0 5
[Q ACK] sent=1

# HOST CMD 36 15 100 0 5
[Q COMMAND] CMD 36 15 100 0 5
[Q ACK] sent=1

# HOST CMD 37 15 96 0 5
[Q COMMAND] CMD 37 15 96 0 5
[Q ACK] sent=1

# HOST CMD 38 15 5 0 5
[Q COMMAND] CMD 38 15 5 0 5
[Q ACK] sent=1

# HOST CMD 2 15 6 0 6
[Q COMMAND] CMD 2 15 6 0 6
[Q ACK] sent=1

# HOST CMD 18 15 127 0 6
[Q COMMAND] CMD 18 15 127 0 6
[Q ACK] sent=1

# HOST CMD 19 15 100 0 6
[Q COMMAND] CMD 19 15 100 0 6
[Q ACK] sent=1

# HOST CMD 20 15 4 0 6
[Q COMMAND] CMD 20 15 4 0 6
[Q ACK] sent=1

# HOST CMD 31 15 57 0 6
[Q COMMAND] CMD 31 15 57 0 6
[Q ACK] sent=1

# HOST CMD 32 15 127 0 6
[Q COMMAND] CMD 32 15 127 0 6
[Q ACK] sent=1

# HOST CMD 33 15 -49 0 6
[Q COMMAND] CMD 33 15 -49 0 6
[Q ACK] sent=1

# HOST CMD 34 15 5 0 6
[Q COMMAND] CMD 34 15 5 0 6
[Q ACK] sent=1

# HOST CMD 35 15 40 0 6
[Q COMMAND] CMD 35 15 40 0 6
[Q ACK] sent=1

# HOST CMD 36 15 40 0 6
[Q COMMAND] CMD 36 15 40 0 6
[Q ACK] sent=1

# HOST CMD 37 15 96 0 6
[Q COMMAND] CMD 37 15 96 0 6
[Q ACK] sent=1

# HOST CMD 38 15 6 0 6
[Q COMMAND] CMD 38 15 6 0 6
[Q ACK] sent=1

# HOST CMD 2 15 7 0 7
[Q COMMAND] CMD 2 15 7 0 7
[Q ACK] sent=1

# HOST CMD 18 15 127 0 7
[Q COMMAND] CMD 18 15 127 0 7
[Q ACK] sent=1

# HOST CMD 19 15 100 0 7
[Q COMMAND] CMD 19 15 100 0 7
[Q ACK] sent=1

# HOST CMD 20 15 4 0 7
[Q COMMAND] CMD 20 15 4 0 7
[Q ACK] sent=1

# HOST CMD 31 15 58 0 7
[Q COMMAND] CMD 31 15 58 0 7
[Q ACK] sent=1

# HOST CMD 32 15 127 0 7
[Q COMMAND] CMD 32 15 127 0 7
[Q ACK] sent=1

# HOST CMD 33 15 -36 0 7
[Q COMMAND] CMD 33 15 -36 0 7
[Q ACK] sent=1

# HOST CMD 34 15 6 0 7
[Q COMMAND] CMD 34 15 6 0 7
[Q ACK] sent=1

# HOST CMD 35 15 120 0 7
[Q COMMAND] CMD 35 15 120 0 7
[Q ACK] sent=1

# HOST CMD 36 15 127 0 7
[Q COMMAND] CMD 36 15 127 0 7
[Q ACK] sent=1

# HOST CMD 37 15 96 0 7
[Q COMMAND] CMD 37 15 96 0 7
[Q ACK] sent=1

# HOST CMD 38 15 7 0 7
[Q COMMAND] CMD 38 15 7 0 7
[Q ACK] sent=1

# HOST CMD 2 15 8 0 8
[Q COMMAND] CMD 2 15 8 0 8
[Q ACK] sent=1

# HOST CMD 18 15 127 0 8
[Q COMMAND] CMD 18 15 127 0 8
[Q ACK] sent=1

# HOST CMD 19 15 100 0 8
[Q COMMAND] CMD 19 15 100 0 8
[Q ACK] sent=1

# HOST CMD 20 15 4 0 8
[Q COMMAND] CMD 20 15 4 0 8
[Q ACK] sent=1

# HOST CMD 31 15 59 0 8
[Q COMMAND] CMD 31 15 59 0 8
[Q ACK] sent=1

# HOST CMD 32 15 127 0 8
[Q COMMAND] CMD 32 15 127 0 8
[Q ACK] sent=1

# HOST CMD 33 15 -23 0 8
[Q COMMAND] CMD 33 15 -23 0 8
[Q ACK] sent=1

# HOST CMD 34 15 7 0 8
[Q COMMAND] CMD 34 15 7 0 8
[Q ACK] sent=1

# HOST CMD 35 15 20 0 8
[Q COMMAND] CMD 35 15 20 0 8
[Q ACK] sent=1

# HOST CMD 36 15 10 0 8
[Q COMMAND] CMD 36 15 10 0 8
[Q ACK] sent=1

# HOST CMD 37 15 96 0 8
[Q COMMAND] CMD 37 15 96 0 8
[Q ACK] sent=1

# HOST CMD 38 15 8 0 8
[Q COMMAND] CMD 38 15 8 0 8
[Q ACK] sent=1

# HOST CMD 2 15 9 0 9
[Q COMMAND] CMD 2 15 9 0 9
[Q ACK] sent=1

# HOST CMD 18 15 127 0 9
[Q COMMAND] CMD 18 15 127 0 9
[Q ACK] sent=1

# HOST CMD 19 15 100 0 9
[Q COMMAND] CMD 19 15 100 0 9
[Q ACK] sent=1

# HOST CMD 20 15 4 0 9
[Q COMMAND] CMD 20 15 4 0 9
[Q ACK] sent=1

# HOST CMD 31 15 60 0 9
[Q COMMAND] CMD 31 15 60 0 9
[Q ACK] sent=1

# HOST CMD 32 15 127 0 9
[Q COMMAND] CMD 32 15 127 0 9
[Q ACK] sent=1

# HOST CMD 33 15 -10 0 9
[Q COMMAND] CMD 33 15 -10 0 9
[Q ACK] sent=1

# HOST CMD 34 15 8 0 9
[Q COMMAND] CMD 34 15 8 0 9
[Q ACK] sent=1

# HOST CMD 35 15 100 0 9
[Q COMMAND] CMD 35 15 100 0 9
[Q ACK] sent=1

# HOST CMD 36 15 100 0 9
[Q COMMAND] CMD 36 15 100 0 9
[Q ACK] sent=1

# HOST CMD 37 15 96 0 9
[Q COMMAND] CMD 37 15 96 0 9
[Q ACK] sent=1

# HOST CMD 38 15 9 0 9
[Q COMMAND] CMD 38 15 9 0 9
[Q ACK] sent=1

# HOST CMD 2 15 10 0 10
[Q COMMAND] CMD 2 15 10 0 10
[Q ACK] sent=1

# HOST CMD 18 15 127 0 10
[Q COMMAND] CMD 18 15 127 0 10
[Q ACK] sent=1

# HOST CMD 19 15 100 0 10
[Q COMMAND] CMD 19 15 100 0 10
[Q ACK] sent=1

# HOST CMD 20 15 4 0 10
[Q COMMAND] CMD 20 15 4 0 10
[Q ACK] sent=1

# HOST CMD 31 15 61 0 10
[Q COMMAND] CMD 31 15 61 0 10
[Q ACK] sent=1

# HOST CMD 32 15 127 0 10
[Q COMMAND] CMD 32 15 127 0 10
[Q ACK] sent=1

# HOST CMD 33 15 3 0 10
[Q COMMAND] CMD 33 15 3 0 10
[Q ACK] sent=1

# HOST CMD 34 15 9 0 10
[Q COMMAND] CMD 34 15 9 0 10
[Q ACK] sent=1

# HOST CMD 35 15 40 0 10
[Q COMMAND] CMD 35 15 40 0 10
[Q ACK] sent=1

# HOST CMD 36 15 40 0 10
[Q COMMAND] CMD 36 15 40 0 10
[Q ACK] sent=1

# HOST CMD 37 15 96 0 10
[Q COMMAND] CMD 37 15 96 0 10
[Q ACK] sent=1

# HOST CMD 38 15 10 0 10
[Q COMMAND] CMD 38 15 10 0 10
[Q ACK] sent=1

# HOST CMD 2 15 11 0 11
[Q COMMAND] CMD 2 15 11 0 11
[Q ACK] sent=1

# HOST CMD 18 15 127 0 11
[Q COMMAND] CMD 18 15 127 0 11
[Q ACK] sent=1

# HOST CMD 19 15 100 0 11
[Q COMMAND] CMD 19 15 100 0 11
[Q ACK] sent=1

# HOST CMD 20 15 4 0 11
[Q COMMAND] CMD 20 15 4 0 11
[Q ACK] sent=1

# HOST CMD 31 15 62 0 11
[Q COMMAND] CMD 31 15 62 0 11
[Q ACK] sent=1

# HOST CMD 32 15 127 0 11
[Q COMMAND] CMD 32 15 127 0 11
[Q ACK] sent=1

# HOST CMD 33 15 16 0 11
[Q COMMAND] CMD 33 15 16 0 11
[Q ACK] sent=1

# HOST CMD 34 15 10 0 11
[Q COMMAND] CMD 34 15 10 0 11
[Q ACK] sent=1

# HOST CMD 35 15 120 0 11
[Q COMMAND] CMD 35 15 120 0 11
[Q ACK] sent=1

# HOST CMD 36 15 127 0 11
[Q COMMAND] CMD 36 15 127 0 11
[Q ACK] sent=1

# HOST CMD 37 15 96 0 11
[Q COMMAND] CMD 37 15 96 0 11
[Q ACK] sent=1

# HOST CMD 38 15 11 0 11
[Q COMMAND] CMD 38 15 11 0 11
[Q ACK] sent=1

# HOST CMD 2 15 12 0 12
[Q COMMAND] CMD 2 15 12 0 12
[Q ACK] sent=1

# HOST CMD 18 15 127 0 12
[Q COMMAND] CMD 18 15 127 0 12
[Q ACK] sent=1

# HOST CMD 19 15 100 0 12
[Q COMMAND] CMD 19 15 100 0 12
[Q ACK] sent=1

# HOST CMD 20 15 4 0 12
[Q COMMAND] CMD 20 15 4 0 12
[Q ACK] sent=1

# HOST CMD 31 15 63 0 12
[Q COMMAND] CMD 31 15 63 0 12
[Q ACK] sent=1

# HOST CMD 32 15 127 0 12
[Q COMMAND] CMD 32 15 127 0 12
[Q ACK] sent=1

# HOST CMD 33 15 29 0 12
[Q COMMAND] CMD 33 15 29 0 12
[Q ACK] sent=1

# HOST CMD 34 15 11 0 12
[Q COMMAND] CMD 34 15 11 0 12
[Q ACK] sent=1

# HOST CMD 35 15 20 0 12
[Q COMMAND] CMD 35 15 20 0 12
[Q ACK] sent=1

# HOST CMD 36 15 10 0 12
[Q COMMAND] CMD 36 15 10 0 12
[Q ACK] sent=1

# HOST CMD 37 15 96 0 12
[Q COMMAND] CMD 37 15 96 0 12
[Q ACK] sent=1

# HOST CMD 38 15 12 0 12
[Q COMMAND] CMD 38 15 12 0 12
[Q ACK] sent=1

# HOST CMD 2 15 13 0 13
[Q COMMAND] CMD 2 15 13 0 13
[Q ACK] sent=1

# HOST CMD 18 15 127 0 13
[Q COMMAND] CMD 18 15 127 0 13
[Q ACK] sent=1

# HOST CMD 19 15 100 0 13
[Q COMMAND] CMD 19 15 100 0 13
[Q ACK] sent=1

# HOST CMD 20 15 4 0 13
[Q COMMAND] CMD 20 15 4 0 13
[Q ACK] sent=1

# HOST CMD 31 15 64 0 13
[Q COMMAND] CMD 31 15 64 0 13
[Q ACK] sent=1

# HOST CMD 32 15 127 0 13
[Q COMMAND] CMD 32 15 127 0 13
[Q ACK] sent=1

# HOST CMD 33 15 42 0 13
[Q COMMAND] CMD 33 15 42 0 13
[Q ACK] sent=1

# HOST CMD 34 15 12 0 13
[Q COMMAND] CMD 34 15 12 0 13
[Q ACK] sent=1

# HOST CMD 35 15 100 0 13
[Q COMMAND] CMD 35 15 100 0 13
[Q ACK] sent=1

# HOST CMD 36 15 100 0 13
[Q COMMAND] CMD 36 15 100 0 13
[Q ACK] sent=1

# HOST CMD 37 15 96 0 13
[Q COMMAND] CMD 37 15 96 0 13
[Q ACK] sent=1

# HOST CMD 38 15 13 0 13
[Q COMMAND] CMD 38 15 13 0 13
[Q ACK] sent=1

# HOST CMD 2 15 14 0 14
[Q COMMAND] CMD 2 15 14 0 14
[Q ACK] sent=1

# HOST CMD 18 15 127 0 14
[Q COMMAND] CMD 18 15 127 0 14
[Q ACK] sent=1

# HOST CMD 19 15 100 0 14
[Q COMMAND] CMD 19 15 100 0 14
[Q ACK] sent=1

# HOST CMD 20 15 4 0 14
[Q COMMAND] CMD 20 15 4 0 14
[Q ACK] sent=1

# HOST CMD 31 15 65 0 14
[Q COMMAND] CMD 31 15 65 0 14
[Q ACK] sent=1

# HOST CMD 32 15 127 0 14
[Q COMMAND] CMD 32 15 127 0 14
[Q ACK] sent=1

# HOST CMD 33 15 55 0 14
[Q COMMAND] CMD 33 15 55 0 14
[Q ACK] sent=1

# HOST CMD 34 15 13 0 14
[Q COMMAND] CMD 34 15 13 0 14
[Q ACK] sent=1

# HOST CMD 35 15 40 0 14
[Q COMMAND] CMD 35 15 40 0 14
[Q ACK] sent=1

# HOST CMD 36 15 40 0 14
[Q COMMAND] CMD 36 15 40 0 14
[Q ACK] sent=1

# HOST CMD 37 15 96 0 14
[Q COMMAND] CMD 37 15 96 0 14
[Q ACK] sent=1

# HOST CMD 38 15 14 0 14
[Q COMMAND] CMD 38 15 14 0 14
[Q ACK] sent=1

# HOST CMD 2 15 15 0 15
[Q COMMAND] CMD 2 15 15 0 15
[Q ACK] sent=1

# HOST CMD 18 15 127 0 15
[Q COMMAND] CMD 18 15 127 0 15
[Q ACK] sent=1

# HOST CMD 19 15 100 0 15
[Q COMMAND] CMD 19 15 100 0 15
[Q ACK] sent=1

# HOST CMD 20 15 4 0 15
[Q COMMAND] CMD 20 15 4 0 15
[Q ACK] sent=1

# HOST CMD 31 15 66 0 15
[Q COMMAND] CMD 31 15 66 0 15
[Q ACK] sent=1

# HOST CMD 32 15 127 0 15
[Q COMMAND] CMD 32 15 127 0 15
[Q ACK] sent=1

# HOST CMD 33 15 68 0 15
[Q COMMAND] CMD 33 15 68 0 15
[Q ACK] sent=1

# HOST CMD 34 15 14 0 15
[Q COMMAND] CMD 34 15 14 0 15
[Q ACK] sent=1

# HOST CMD 35 15 120 0 15
[Q COMMAND] CMD 35 15 120 0 15
[Q ACK] sent=1

# HOST CMD 36 15 127 0 15
[Q COMMAND] CMD 36 15 127 0 15
[Q ACK] sent=1

# HOST CMD 37 15 96 0 15
[Q COMMAND] CMD 37 15 96 0 15
[Q ACK] sent=1

# HOST CMD 38 15 15 0 15
[Q COMMAND] CMD 38 15 15 0 15
[Q ACK] sent=1

# HOST LOAD 0 5
[Q COMMAND] LOAD 0 5
[Q ACK] load=1
[M6 read] bytes=4194304 read_us=7702902 bytes_per_second=544509 original_channels=1 rate=44100 total_psram=33554432
[M6 load] track=0 file_bytes=4194348 pcm_bytes=4194304 load_publish_us=8194037 payload=9486304 transient=4194304 peak_payload=9839104 ps_free=21021164 largest=20447220 internal=195792 display=2304000 fx_delay=352800 reserve=4194304
[M6.1 replacement] retired_clear=1 ps_delta=3964928 status=READY

# HOST CMD 55 0 16 0 0
[Q COMMAND] CMD 55 0 16 0 0
[Q ACK] sent=1

# HOST PAGE 17
[Q COMMAND] PAGE 17
[Q ACK] page=17

# HOST CMD 0 0 1 0 0
[Q COMMAND] CMD 0 0 1 0 0
[Q ACK] sent=1

# HOST CMD 75 0 8 0 0
[Q COMMAND] CMD 75 0 8 0 0
[Q ACK] sent=1

# HOST TRANSPORT
[Q COMMAND] TRANSPORT
[Q TRANSPORT] entry=0 repeat=0 mode=0 playing=1 pattern=0 chain_loops=0 repeat_requested=8 repeat_active=8 capture_count=16

# HOST MEASURE 1
[Q COMMAND] MEASURE 1

# HOST CMD 78 0 272 0 0
[Q COMMAND] CMD 78 0 272 0 0
[Q ACK] sent=1

# HOST STATE
[Q COMMAND] STATE
[Q STATE] bpm=240 swing=63 playing=1 mode=0 chain_length=4 chain_loop=1 project_busy=0 restoring=0 sample_busy=0 project_status=PROJECT READY / 0 MISSING sample_status=SAMPLE READY
[Q CHAIN] index=0 pattern=0 repeats=2
[Q CHAIN] index=1 pattern=1 repeats=1
[Q CHAIN] index=2 pattern=2 repeats=3
[Q CHAIN] index=3 pattern=3 repeats=1
[Q TRACK] track=0 source=1 pitch=64 synth_pitch=36 sample_pitch=64 mute=0 solo=0 start=1024 end=62000 reverse=0 mode=0 choke=0 cutoff=30 resonance=96 send=127 slices=16 enabled=1 selected=0 frames=2097152 waveform=0e481651 name=m19p_large.wav
[Q SLICE] track=0 index=0 start=1024 end=4835
[Q SLICE] track=0 index=1 start=4835 end=8646
[Q SLICE] track=0 index=2 start=8646 end=12457
[Q SLICE] track=0 index=3 start=12457 end=16268
[Q SLICE] track=0 index=4 start=16268 end=20079
[Q SLICE] track=0 index=5 start=20079 end=23890
[Q SLICE] track=0 index=6 start=23890 end=27701
[Q SLICE] track=0 index=7 start=27701 end=31512
[Q SLICE] track=0 index=8 start=31512 end=35323
[Q SLICE] track=0 index=9 start=35323 end=39134
[Q SLICE] track=0 index=10 start=39134 end=42945
[Q SLICE] track=0 index=11 start=42945 end=46756
[Q SLICE] track=0 index=12 start=46756 end=50567
[Q SLICE] track=0 index=13 start=50567 end=54378
[Q SLICE] track=0 index=14 start=54378 end=58189
[Q SLICE] track=0 index=15 start=58189 end=62000
[Q TRACK] track=1 source=1 pitch=58 synth_pitch=39 sample_pitch=58 mute=0 solo=0 start=0 end=65535 reverse=0 mode=0 choke=0 cutoff=34 resonance=96 send=127 slices=16 enabled=0 selected=0 frames=176400 waveform=0720701a name=m19p_mixed.wav
[Q SLICE] track=1 index=0 start=0 end=4095
[Q SLICE] track=1 index=1 start=4095 end=8191
[Q SLICE] track=1 index=2 start=8191 end=12287
[Q SLICE] track=1 index=3 start=12287 end=16383
[Q SLICE] track=1 index=4 start=16383 end=20479
[Q SLICE] track=1 index=5 start=20479 end=24575
[Q SLICE] track=1 index=6 start=24575 end=28671
[Q SLICE] track=1 index=7 start=28671 end=32767
[Q SLICE] track=1 index=8 start=32767 end=36863
[Q SLICE] track=1 index=9 start=36863 end=40959
[Q SLICE] track=1 index=10 start=40959 end=45055
[Q SLICE] track=1 index=11 start=45055 end=49151
[Q SLICE] track=1 index=12 start=49151 end=53247
[Q SLICE] track=1 index=13 start=53247 end=57343
[Q SLICE] track=1 index=14 start=57343 end=61439
[Q SLICE] track=1 index=15 start=61439 end=65535
[Q TRACK] track=2 source=1 pitch=60 synth_pitch=51 sample_pitch=60 mute=0 solo=0 start=0 end=65535 reverse=0 mode=0 choke=0 cutoff=38 resonance=96 send=127 slices=16 enabled=0 selected=0 frames=176400 waveform=0720701a name=m19p_mixed.wav
[Q SLICE] track=2 index=0 start=0 end=4095
[Q SLICE] track=2 index=1 start=4095 end=8191
[Q SLICE] track=2 index=2 start=8191 end=12287
[Q SLICE] track=2 index=3 start=12287 end=16383
[Q SLICE] track=2 index=4 start=16383 end=20479
[Q SLICE] track=2 index=5 start=20479 end=24575
[Q SLICE] track=2 index=6 start=24575 end=28671
[Q SLICE] track=2 index=7 start=28671 end=32767
[Q SLICE] track=2 index=8 start=32767 end=36863
[Q SLICE] track=2 index=9 start=36863 end=40959
[Q SLICE] track=2 index=10 start=40959 end=45055
[Q SLICE] track=2 index=11 start=45055 end=49151
[Q SLICE] track=2 index=12 start=49151 end=53247
[Q SLICE] track=2 index=13 start=53247 end=57343
[Q SLICE] track=2 index=14 start=57343 end=61439
[Q SLICE] track=2 index=15 start=61439 end=65535
[Q TRACK] track=3 source=1 pitch=60 synth_pitch=45 sample_pitch=60 mute=0 solo=0 start=0 end=65535 reverse=0 mode=0 choke=0 cutoff=42 resonance=96 send=127 slices=16 enabled=0 selected=0 frames=176400 waveform=0720701a name=m19p_mixed.wav
[Q SLICE] track=3 index=0 start=0 end=4095
[Q SLICE] track=3 index=1 start=4095 end=8191
[Q SLICE] track=3 index=2 start=8191 end=12287
[Q SLICE] track=3 index=3 start=12287 end=16383
[Q SLICE] track=3 index=4 start=16383 end=20479
[Q SLICE] track=3 index=5 start=20479 end=24575
[Q SLICE] track=3 index=6 start=24575 end=28671
[Q SLICE] track=3 index=7 start=28671 end=32767
[Q SLICE] track=3 index=8 start=32767 end=36863
[Q SLICE] track=3 index=9 start=36863 end=40959
[Q SLICE] track=3 index=10 start=40959 end=45055
[Q SLICE] track=3 index=11 start=45055 end=49151
[Q SLICE] track=3 index=12 start=49151 end=53247
[Q SLICE] track=3 index=13 start=53247 end=57343
[Q SLICE] track=3 index=14 start=57343 end=61439
[Q SLICE] track=3 index=15 start=61439 end=65535
[Q PATTERN] index=0 length=16 masks=ffff,ffff,ffff
[Q LOCK] pattern=0 step=0 mask=255 slice=0
[Q LOCK] pattern=0 step=1 mask=255 slice=1
[Q LOCK] pattern=0 step=2 mask=255 slice=2
[Q LOCK] pattern=0 step=3 mask=255 slice=3
[Q PATTERN] index=1 length=16 masks=1111,1111,1111
[Q LOCK] pattern=1 step=0 mask=128 slice=0
[Q LOCK] pattern=1 step=1 mask=128 slice=1
[Q LOCK] pattern=1 step=2 mask=128 slice=2
[Q LOCK] pattern=1 step=3 mask=128 slice=3
[Q PATTERN] index=2 length=16 masks=1111,1111,1111
[Q LOCK] pattern=2 step=0 mask=128 slice=0
[Q LOCK] pattern=2 step=1 mask=128 slice=1
[Q LOCK] pattern=2 step=2 mask=128 slice=2
[Q LOCK] pattern=2 step=3 mask=128 slice=3
[Q PATTERN] index=3 length=16 masks=1111,1111,1111
[Q LOCK] pattern=3 step=0 mask=128 slice=0
[Q LOCK] pattern=3 step=1 mask=128 slice=1
[Q LOCK] pattern=3 step=2 mask=128 slice=2
[Q LOCK] pattern=3 step=3 mask=128 slice=3
[Q TRANSIENT] state=3 request=17 progress=100 count=16 stale_discarded=0 apply=16 cancel=0 duration_max_us=1861512 chunk_max_us=45114
[Q PROPOSAL] index=0 start=1024 end=1723
[Q PROPOSAL] index=1 start=1723 end=7925
[Q PROPOSAL] index=2 start=7925 end=12059
[Q PROPOSAL] index=3 start=12059 end=16193
[Q PROPOSAL] index=4 start=16193 end=17227
[Q PROPOSAL] index=5 start=17227 end=39966
[Q PROPOSAL] index=6 start=39966 end=40999
[Q PROPOSAL] index=7 start=40999 end=44100
[Q PROPOSAL] index=8 start=44100 end=45133
[Q PROPOSAL] index=9 start=45133 end=50301
[Q PROPOSAL] index=10 start=50301 end=52368
[Q PROPOSAL] index=11 start=52368 end=53402
[Q PROPOSAL] index=12 start=53402 end=55469
[Q PROPOSAL] index=13 start=55469 end=58570
[Q PROPOSAL] index=14 start=58570 end=60637
[Q PROPOSAL] index=15 start=60637 end=62000
[Q HEAP] tag=state internal=195792 free=21021164 largest=20447220
[Q PLAYBACK] triggers=9184 reverse=0 gate=0 releases=0 chokes=0 retriggers=9168 repeat_accepts=1 repeat_hits=6848 chain_loops=0

# HOST CMD 80 0 0 0 0
[Q COMMAND] CMD 80 0 0 0 0
[Q ACK] sent=1

# HOST CMD 52 0 0 0 0
[Q COMMAND] CMD 52 0 0 0 0
[Q ACK] sent=1

# HOST CMD 78 0 272 0 0
[Q COMMAND] CMD 78 0 272 0 0
[Q ACK] sent=1

# HOST STATE
[Q COMMAND] STATE
[Q STATE] bpm=240 swing=63 playing=1 mode=0 chain_length=4 chain_loop=1 project_busy=0 restoring=0 sample_busy=0 project_status=PROJECT READY / 0 MISSING sample_status=SAMPLE READY
[Q CHAIN] index=0 pattern=0 repeats=2
[Q CHAIN] index=1 pattern=1 repeats=1
[Q CHAIN] index=2 pattern=2 repeats=3
[Q CHAIN] index=3 pattern=3 repeats=1
[Q TRACK] track=0 source=1 pitch=64 synth_pitch=36 sample_pitch=64 mute=0 solo=0 start=1024 end=62000 reverse=0 mode=0 choke=0 cutoff=30 resonance=96 send=127 slices=16 enabled=1 selected=0 frames=2097152 waveform=0e481651 name=m19p_large.wav
[Q SLICE] track=0 index=0 start=1024 end=4835
[Q SLICE] track=0 index=1 start=4835 end=8646
[Q SLICE] track=0 index=2 start=8646 end=12457
[Q SLICE] track=0 index=3 start=12457 end=16268
[Q SLICE] track=0 index=4 start=16268 end=20079
[Q SLICE] track=0 index=5 start=20079 end=23890
[Q SLICE] track=0 index=6 start=23890 end=27701
[Q SLICE] track=0 index=7 start=27701 end=31512
[Q SLICE] track=0 index=8 start=31512 end=35323
[Q SLICE] track=0 index=9 start=35323 end=39134
[Q SLICE] track=0 index=10 start=39134 end=42945
[Q SLICE] track=0 index=11 start=42945 end=46756
[Q SLICE] track=0 index=12 start=46756 end=50567
[Q SLICE] track=0 index=13 start=50567 end=54378
[Q SLICE] track=0 index=14 start=54378 end=58189
[Q SLICE] track=0 index=15 start=58189 end=62000
[Q TRACK] track=1 source=1 pitch=58 synth_pitch=39 sample_pitch=58 mute=0 solo=0 start=0 end=65535 reverse=0 mode=0 choke=0 cutoff=34 resonance=96 send=127 slices=16 enabled=0 selected=0 frames=176400 waveform=0720701a name=m19p_mixed.wav
[Q SLICE] track=1 index=0 start=0 end=4095
[Q SLICE] track=1 index=1 start=4095 end=8191
[Q SLICE] track=1 index=2 start=8191 end=12287
[Q SLICE] track=1 index=3 start=12287 end=16383
[Q SLICE] track=1 index=4 start=16383 end=20479
[Q SLICE] track=1 index=5 start=20479 end=24575
[Q SLICE] track=1 index=6 start=24575 end=28671
[Q SLICE] track=1 index=7 start=28671 end=32767
[Q SLICE] track=1 index=8 start=32767 end=36863
[Q SLICE] track=1 index=9 start=36863 end=40959
[Q SLICE] track=1 index=10 start=40959 end=45055
[Q SLICE] track=1 index=11 start=45055 end=49151
[Q SLICE] track=1 index=12 start=49151 end=53247
[Q SLICE] track=1 index=13 start=53247 end=57343
[Q SLICE] track=1 index=14 start=57343 end=61439
[Q SLICE] track=1 index=15 start=61439 end=65535
[Q TRACK] track=2 source=1 pitch=60 synth_pitch=51 sample_pitch=60 mute=0 solo=0 start=0 end=65535 reverse=0 mode=0 choke=0 cutoff=38 resonance=96 send=127 slices=16 enabled=0 selected=0 frames=176400 waveform=0720701a name=m19p_mixed.wav
[Q SLICE] track=2 index=0 start=0 end=4095
[Q SLICE] track=2 index=1 start=4095 end=8191
[Q SLICE] track=2 index=2 start=8191 end=12287
[Q SLICE] track=2 index=3 start=12287 end=16383
[Q SLICE] track=2 index=4 start=16383 end=20479
[Q SLICE] track=2 index=5 start=20479 end=24575
[Q SLICE] track=2 index=6 start=24575 end=28671
[Q SLICE] track=2 index=7 start=28671 end=32767
[Q SLICE] track=2 index=8 start=32767 end=36863
[Q SLICE] track=2 index=9 start=36863 end=40959
[Q SLICE] track=2 index=10 start=40959 end=45055
[Q SLICE] track=2 index=11 start=45055 end=49151
[Q SLICE] track=2 index=12 start=49151 end=53247
[Q SLICE] track=2 index=13 start=53247 end=57343
[Q SLICE] track=2 index=14 start=57343 end=61439
[Q SLICE] track=2 index=15 start=61439 end=65535
[Q TRACK] track=3 source=1 pitch=60 synth_pitch=45 sample_pitch=60 mute=0 solo=0 start=0 end=65535 reverse=0 mode=0 choke=0 cutoff=42 resonance=96 send=127 slices=16 enabled=0 selected=0 frames=176400 waveform=0720701a name=m19p_mixed.wav
[Q SLICE] track=3 index=0 start=0 end=4095
[Q SLICE] track=3 index=1 start=4095 end=8191
[Q SLICE] track=3 index=2 start=8191 end=12287
[Q SLICE] track=3 index=3 start=12287 end=16383
[Q SLICE] track=3 index=4 start=16383 end=20479
[Q SLICE] track=3 index=5 start=20479 end=24575
[Q SLICE] track=3 index=6 start=24575 end=28671
[Q SLICE] track=3 index=7 start=28671 end=32767
[Q SLICE] track=3 index=8 start=32767 end=36863
[Q SLICE] track=3 index=9 start=36863 end=40959
[Q SLICE] track=3 index=10 start=40959 end=45055
[Q SLICE] track=3 index=11 start=45055 end=49151
[Q SLICE] track=3 index=12 start=49151 end=53247
[Q SLICE] track=3 index=13 start=53247 end=57343
[Q SLICE] track=3 index=14 start=57343 end=61439
[Q SLICE] track=3 index=15 start=61439 end=65535
[Q PATTERN] index=0 length=16 masks=ffff,ffff,ffff
[Q LOCK] pattern=0 step=0 mask=255 slice=0
[Q LOCK] pattern=0 step=1 mask=255 slice=1
[Q LOCK] pattern=0 step=2 mask=255 slice=2
[Q LOCK] pattern=0 step=3 mask=255 slice=3
[Q PATTERN] index=1 length=16 masks=1111,1111,1111
[Q LOCK] pattern=1 step=0 mask=128 slice=0
[Q LOCK] pattern=1 step=1 mask=128 slice=1
[Q LOCK] pattern=1 step=2 mask=128 slice=2
[Q LOCK] pattern=1 step=3 mask=128 slice=3
[Q PATTERN] index=2 length=16 masks=1111,1111,1111
[Q LOCK] pattern=2 step=0 mask=128 slice=0
[Q LOCK] pattern=2 step=1 mask=128 slice=1
[Q LOCK] pattern=2 step=2 mask=128 slice=2
[Q LOCK] pattern=2 step=3 mask=128 slice=3
[Q PATTERN] index=3 length=16 masks=1111,1111,1111
[Q LOCK] pattern=3 step=0 mask=128 slice=0
[Q LOCK] pattern=3 step=1 mask=128 slice=1
[Q LOCK] pattern=3 step=2 mask=128 slice=2
[Q LOCK] pattern=3 step=3 mask=128 slice=3
[Q TRANSIENT] state=3 request=19 progress=100 count=16 stale_discarded=0 apply=16 cancel=1 duration_max_us=1861512 chunk_max_us=45114
[Q PROPOSAL] index=0 start=1024 end=1723
[Q PROPOSAL] index=1 start=1723 end=7925
[Q PROPOSAL] index=2 start=7925 end=12059
[Q PROPOSAL] index=3 start=12059 end=16193
[Q PROPOSAL] index=4 start=16193 end=17227
[Q PROPOSAL] index=5 start=17227 end=39966
[Q PROPOSAL] index=6 start=39966 end=40999
[Q PROPOSAL] index=7 start=40999 end=44100
[Q PROPOSAL] index=8 start=44100 end=45133
[Q PROPOSAL] index=9 start=45133 end=50301
[Q PROPOSAL] index=10 start=50301 end=52368
[Q PROPOSAL] index=11 start=52368 end=53402
[Q PROPOSAL] index=12 start=53402 end=55469
[Q PROPOSAL] index=13 start=55469 end=58570
[Q PROPOSAL] index=14 start=58570 end=60637
[Q PROPOSAL] index=15 start=60637 end=62000
[Q HEAP] tag=state internal=195792 free=21021164 largest=20447220
[Q PLAYBACK] triggers=14336 reverse=0 gate=0 releases=0 chokes=0 retriggers=14320 repeat_accepts=1 repeat_hits=12000 chain_loops=0

# HOST CMD 80 0 0 0 0
[Q COMMAND] CMD 80 0 0 0 0
[Q ACK] sent=1

# HOST CMD 52 0 1 0 0
[Q COMMAND] CMD 52 0 1 0 0
[Q ACK] sent=1

# HOST CMD 78 0 272 0 0
[Q COMMAND] CMD 78 0 272 0 0
[Q ACK] sent=1

# HOST STATE
[Q COMMAND] STATE
[Q STATE] bpm=240 swing=63 playing=1 mode=0 chain_length=4 chain_loop=1 project_busy=0 restoring=0 sample_busy=0 project_status=PROJECT READY / 0 MISSING sample_status=SAMPLE READY
[Q CHAIN] index=0 pattern=0 repeats=2
[Q CHAIN] index=1 pattern=1 repeats=1
[Q CHAIN] index=2 pattern=2 repeats=3
[Q CHAIN] index=3 pattern=3 repeats=1
[Q TRACK] track=0 source=1 pitch=64 synth_pitch=36 sample_pitch=64 mute=0 solo=0 start=1024 end=62000 reverse=0 mode=0 choke=0 cutoff=30 resonance=96 send=127 slices=16 enabled=1 selected=1 frames=2097152 waveform=0e481651 name=m19p_large.wav
[Q SLICE] track=0 index=0 start=1024 end=4835
[Q SLICE] track=0 index=1 start=4835 end=8646
[Q SLICE] track=0 index=2 start=8646 end=12457
[Q SLICE] track=0 index=3 start=12457 end=16268
[Q SLICE] track=0 index=4 start=16268 end=20079
[Q SLICE] track=0 index=5 start=20079 end=23890
[Q SLICE] track=0 index=6 start=23890 end=27701
[Q SLICE] track=0 index=7 start=27701 end=31512
[Q SLICE] track=0 index=8 start=31512 end=35323
[Q SLICE] track=0 index=9 start=35323 end=39134
[Q SLICE] track=0 index=10 start=39134 end=42945
[Q SLICE] track=0 index=11 start=42945 end=46756
[Q SLICE] track=0 index=12 start=46756 end=50567
[Q SLICE] track=0 index=13 start=50567 end=54378
[Q SLICE] track=0 index=14 start=54378 end=58189
[Q SLICE] track=0 index=15 start=58189 end=62000
[Q TRACK] track=1 source=1 pitch=58 synth_pitch=39 sample_pitch=58 mute=0 solo=0 start=0 end=65535 reverse=0 mode=0 choke=0 cutoff=34 resonance=96 send=127 slices=16 enabled=0 selected=0 frames=176400 waveform=0720701a name=m19p_mixed.wav
[Q SLICE] track=1 index=0 start=0 end=4095
[Q SLICE] track=1 index=1 start=4095 end=8191
[Q SLICE] track=1 index=2 start=8191 end=12287
[Q SLICE] track=1 index=3 start=12287 end=16383
[Q SLICE] track=1 index=4 start=16383 end=20479
[Q SLICE] track=1 index=5 start=20479 end=24575
[Q SLICE] track=1 index=6 start=24575 end=28671
[Q SLICE] track=1 index=7 start=28671 end=32767
[Q SLICE] track=1 index=8 start=32767 end=36863
[Q SLICE] track=1 index=9 start=36863 end=40959
[Q SLICE] track=1 index=10 start=40959 end=45055
[Q SLICE] track=1 index=11 start=45055 end=49151
[Q SLICE] track=1 index=12 start=49151 end=53247
[Q SLICE] track=1 index=13 start=53247 end=57343
[Q SLICE] track=1 index=14 start=57343 end=61439
[Q SLICE] track=1 index=15 start=61439 end=65535
[Q TRACK] track=2 source=1 pitch=60 synth_pitch=51 sample_pitch=60 mute=0 solo=0 start=0 end=65535 reverse=0 mode=0 choke=0 cutoff=38 resonance=96 send=127 slices=16 enabled=0 selected=0 frames=176400 waveform=0720701a name=m19p_mixed.wav
[Q SLICE] track=2 index=0 start=0 end=4095
[Q SLICE] track=2 index=1 start=4095 end=8191
[Q SLICE] track=2 index=2 start=8191 end=12287
[Q SLICE] track=2 index=3 start=12287 end=16383
[Q SLICE] track=2 index=4 start=16383 end=20479
[Q SLICE] track=2 index=5 start=20479 end=24575
[Q SLICE] track=2 index=6 start=24575 end=28671
[Q SLICE] track=2 index=7 start=28671 end=32767
[Q SLICE] track=2 index=8 start=32767 end=36863
[Q SLICE] track=2 index=9 start=36863 end=40959
[Q SLICE] track=2 index=10 start=40959 end=45055
[Q SLICE] track=2 index=11 start=45055 end=49151
[Q SLICE] track=2 index=12 start=49151 end=53247
[Q SLICE] track=2 index=13 start=53247 end=57343
[Q SLICE] track=2 index=14 start=57343 end=61439
[Q SLICE] track=2 index=15 start=61439 end=65535
[Q TRACK] track=3 source=1 pitch=60 synth_pitch=45 sample_pitch=60 mute=0 solo=0 start=0 end=65535 reverse=0 mode=0 choke=0 cutoff=42 resonance=96 send=127 slices=16 enabled=0 selected=0 frames=176400 waveform=0720701a name=m19p_mixed.wav
[Q SLICE] track=3 index=0 start=0 end=4095
[Q SLICE] track=3 index=1 start=4095 end=8191
[Q SLICE] track=3 index=2 start=8191 end=12287
[Q SLICE] track=3 index=3 start=12287 end=16383
[Q SLICE] track=3 index=4 start=16383 end=20479
[Q SLICE] track=3 index=5 start=20479 end=24575
[Q SLICE] track=3 index=6 start=24575 end=28671
[Q SLICE] track=3 index=7 start=28671 end=32767
[Q SLICE] track=3 index=8 start=32767 end=36863
[Q SLICE] track=3 index=9 start=36863 end=40959
[Q SLICE] track=3 index=10 start=40959 end=45055
[Q SLICE] track=3 index=11 start=45055 end=49151
[Q SLICE] track=3 index=12 start=49151 end=53247
[Q SLICE] track=3 index=13 start=53247 end=57343
[Q SLICE] track=3 index=14 start=57343 end=61439
[Q SLICE] track=3 index=15 start=61439 end=65535
[Q PATTERN] index=0 length=16 masks=ffff,ffff,ffff
[Q LOCK] pattern=0 step=0 mask=255 slice=0
[Q LOCK] pattern=0 step=1 mask=255 slice=1
[Q LOCK] pattern=0 step=2 mask=255 slice=2
[Q LOCK] pattern=0 step=3 mask=255 slice=3
[Q PATTERN] index=1 length=16 masks=1111,1111,1111
[Q LOCK] pattern=1 step=0 mask=128 slice=0
[Q LOCK] pattern=1 step=1 mask=128 slice=1
[Q LOCK] pattern=1 step=2 mask=128 slice=2
[Q LOCK] pattern=1 step=3 mask=128 slice=3
[Q PATTERN] index=2 length=16 masks=1111,1111,1111
[Q LOCK] pattern=2 step=0 mask=128 slice=0
[Q LOCK] pattern=2 step=1 mask=128 slice=1
[Q LOCK] pattern=2 step=2 mask=128 slice=2
[Q LOCK] pattern=2 step=3 mask=128 slice=3
[Q PATTERN] index=3 length=16 masks=1111,1111,1111
[Q LOCK] pattern=3 step=0 mask=128 slice=0
[Q LOCK] pattern=3 step=1 mask=128 slice=1
[Q LOCK] pattern=3 step=2 mask=128 slice=2
[Q LOCK] pattern=3 step=3 mask=128 slice=3
[Q TRANSIENT] state=3 request=21 progress=100 count=16 stale_discarded=0 apply=16 cancel=2 duration_max_us=1861512 chunk_max_us=45114
[Q PROPOSAL] index=0 start=1024 end=1723
[Q PROPOSAL] index=1 start=1723 end=7925
[Q PROPOSAL] index=2 start=7925 end=12059
[Q PROPOSAL] index=3 start=12059 end=16193
[Q PROPOSAL] index=4 start=16193 end=17227
[Q PROPOSAL] index=5 start=17227 end=39966
[Q PROPOSAL] index=6 start=39966 end=40999
[Q PROPOSAL] index=7 start=40999 end=44100
[Q PROPOSAL] index=8 start=44100 end=45133
[Q PROPOSAL] index=9 start=45133 end=50301
[Q PROPOSAL] index=10 start=50301 end=52368
[Q PROPOSAL] index=11 start=52368 end=53402
[Q PROPOSAL] index=12 start=53402 end=55469
[Q PROPOSAL] index=13 start=55469 end=58570
[Q PROPOSAL] index=14 start=58570 end=60637
[Q PROPOSAL] index=15 start=60637 end=62000
[Q HEAP] tag=state internal=195792 free=21021164 largest=20447220
[Q PLAYBACK] triggers=19040 reverse=0 gate=0 releases=0 chokes=0 retriggers=19024 repeat_accepts=1 repeat_hits=16704 chain_loops=0

# HOST CMD 80 0 0 0 0
[Q COMMAND] CMD 80 0 0 0 0
[Q ACK] sent=1

# HOST CMD 52 0 2 0 0
[Q COMMAND] CMD 52 0 2 0 0
[Q ACK] sent=1

# HOST CMD 78 0 272 0 0
[Q COMMAND] CMD 78 0 272 0 0
[Q ACK] sent=1

# HOST STATE
[Q COMMAND] STATE
[Q STATE] bpm=240 swing=63 playing=1 mode=0 chain_length=4 chain_loop=1 project_busy=0 restoring=0 sample_busy=0 project_status=PROJECT READY / 0 MISSING sample_status=SAMPLE READY
[Q CHAIN] index=0 pattern=0 repeats=2
[Q CHAIN] index=1 pattern=1 repeats=1
[Q CHAIN] index=2 pattern=2 repeats=3
[Q CHAIN] index=3 pattern=3 repeats=1
[Q TRACK] track=0 source=1 pitch=64 synth_pitch=36 sample_pitch=64 mute=0 solo=0 start=1024 end=62000 reverse=0 mode=0 choke=0 cutoff=30 resonance=96 send=127 slices=16 enabled=1 selected=2 frames=2097152 waveform=0e481651 name=m19p_large.wav
[Q SLICE] track=0 index=0 start=1024 end=4835
[Q SLICE] track=0 index=1 start=4835 end=8646
[Q SLICE] track=0 index=2 start=8646 end=12457
[Q SLICE] track=0 index=3 start=12457 end=16268
[Q SLICE] track=0 index=4 start=16268 end=20079
[Q SLICE] track=0 index=5 start=20079 end=23890
[Q SLICE] track=0 index=6 start=23890 end=27701
[Q SLICE] track=0 index=7 start=27701 end=31512
[Q SLICE] track=0 index=8 start=31512 end=35323
[Q SLICE] track=0 index=9 start=35323 end=39134
[Q SLICE] track=0 index=10 start=39134 end=42945
[Q SLICE] track=0 index=11 start=42945 end=46756
[Q SLICE] track=0 index=12 start=46756 end=50567
[Q SLICE] track=0 index=13 start=50567 end=54378
[Q SLICE] track=0 index=14 start=54378 end=58189
[Q SLICE] track=0 index=15 start=58189 end=62000
[Q TRACK] track=1 source=1 pitch=58 synth_pitch=39 sample_pitch=58 mute=0 solo=0 start=0 end=65535 reverse=0 mode=0 choke=0 cutoff=34 resonance=96 send=127 slices=16 enabled=0 selected=0 frames=176400 waveform=0720701a name=m19p_mixed.wav
[Q SLICE] track=1 index=0 start=0 end=4095
[Q SLICE] track=1 index=1 start=4095 end=8191
[Q SLICE] track=1 index=2 start=8191 end=12287
[Q SLICE] track=1 index=3 start=12287 end=16383
[Q SLICE] track=1 index=4 start=16383 end=20479
[Q SLICE] track=1 index=5 start=20479 end=24575
[Q SLICE] track=1 index=6 start=24575 end=28671
[Q SLICE] track=1 index=7 start=28671 end=32767
[Q SLICE] track=1 index=8 start=32767 end=36863
[Q SLICE] track=1 index=9 start=36863 end=40959
[Q SLICE] track=1 index=10 start=40959 end=45055
[Q SLICE] track=1 index=11 start=45055 end=49151
[Q SLICE] track=1 index=12 start=49151 end=53247
[Q SLICE] track=1 index=13 start=53247 end=57343
[Q SLICE] track=1 index=14 start=57343 end=61439
[Q SLICE] track=1 index=15 start=61439 end=65535
[Q TRACK] track=2 source=1 pitch=60 synth_pitch=51 sample_pitch=60 mute=0 solo=0 start=0 end=65535 reverse=0 mode=0 choke=0 cutoff=38 resonance=96 send=127 slices=16 enabled=0 selected=0 frames=176400 waveform=0720701a name=m19p_mixed.wav
[Q SLICE] track=2 index=0 start=0 end=4095
[Q SLICE] track=2 index=1 start=4095 end=8191
[Q SLICE] track=2 index=2 start=8191 end=12287
[Q SLICE] track=2 index=3 start=12287 end=16383
[Q SLICE] track=2 index=4 start=16383 end=20479
[Q SLICE] track=2 index=5 start=20479 end=24575
[Q SLICE] track=2 index=6 start=24575 end=28671
[Q SLICE] track=2 index=7 start=28671 end=32767
[Q SLICE] track=2 index=8 start=32767 end=36863
[Q SLICE] track=2 index=9 start=36863 end=40959
[Q SLICE] track=2 index=10 start=40959 end=45055
[Q SLICE] track=2 index=11 start=45055 end=49151
[Q SLICE] track=2 index=12 start=49151 end=53247
[Q SLICE] track=2 index=13 start=53247 end=57343
[Q SLICE] track=2 index=14 start=57343 end=61439
[Q SLICE] track=2 index=15 start=61439 end=65535
[Q TRACK] track=3 source=1 pitch=60 synth_pitch=45 sample_pitch=60 mute=0 solo=0 start=0 end=65535 reverse=0 mode=0 choke=0 cutoff=42 resonance=96 send=127 slices=16 enabled=0 selected=0 frames=176400 waveform=0720701a name=m19p_mixed.wav
[Q SLICE] track=3 index=0 start=0 end=4095
[Q SLICE] track=3 index=1 start=4095 end=8191
[Q SLICE] track=3 index=2 start=8191 end=12287
[Q SLICE] track=3 index=3 start=12287 end=16383
[Q SLICE] track=3 index=4 start=16383 end=20479
[Q SLICE] track=3 index=5 start=20479 end=24575
[Q SLICE] track=3 index=6 start=24575 end=28671
[Q SLICE] track=3 index=7 start=28671 end=32767
[Q SLICE] track=3 index=8 start=32767 end=36863
[Q SLICE] track=3 index=9 start=36863 end=40959
[Q SLICE] track=3 index=10 start=40959 end=45055
[Q SLICE] track=3 index=11 start=45055 end=49151
[Q SLICE] track=3 index=12 start=49151 end=53247
[Q SLICE] track=3 index=13 start=53247 end=57343
[Q SLICE] track=3 index=14 start=57343 end=61439
[Q SLICE] track=3 index=15 start=61439 end=65535
[Q PATTERN] index=0 length=16 masks=ffff,ffff,ffff
[Q LOCK] pattern=0 step=0 mask=255 slice=0
[Q LOCK] pattern=0 step=1 mask=255 slice=1
[Q LOCK] pattern=0 step=2 mask=255 slice=2
[Q LOCK] pattern=0 step=3 mask=255 slice=3
[Q PATTERN] index=1 length=16 masks=1111,1111,1111
[Q LOCK] pattern=1 step=0 mask=128 slice=0
[Q LOCK] pattern=1 step=1 mask=128 slice=1
[Q LOCK] pattern=1 step=2 mask=128 slice=2
[Q LOCK] pattern=1 step=3 mask=128 slice=3
[Q PATTERN] index=2 length=16 masks=1111,1111,1111
[Q LOCK] pattern=2 step=0 mask=128 slice=0
[Q LOCK] pattern=2 step=1 mask=128 slice=1
[Q LOCK] pattern=2 step=2 mask=128 slice=2
[Q LOCK] pattern=2 step=3 mask=128 slice=3
[Q PATTERN] index=3 length=16 masks=1111,1111,1111
[Q LOCK] pattern=3 step=0 mask=128 slice=0
[Q LOCK] pattern=3 step=1 mask=128 slice=1
[Q LOCK] pattern=3 step=2 mask=128 slice=2
[Q LOCK] pattern=3 step=3 mask=128 slice=3
[Q TRANSIENT] state=3 request=23 progress=100 count=16 stale_discarded=0 apply=16 cancel=3 duration_max_us=1861512 chunk_max_us=45114
[Q PROPOSAL] index=0 start=1024 end=1723
[Q PROPOSAL] index=1 start=1723 end=7925
[Q PROPOSAL] index=2 start=7925 end=12059
[Q PROPOSAL] index=3 start=12059 end=16193
[Q PROPOSAL] index=4 start=16193 end=17227
[Q PROPOSAL] index=5 start=17227 end=39966
[Q PROPOSAL] index=6 start=39966 end=40999
[Q PROPOSAL] index=7 start=40999 end=44100
[Q PROPOSAL] index=8 start=44100 end=45133
[Q PROPOSAL] index=9 start=45133 end=50301
[Q PROPOSAL] index=10 start=50301 end=52368
[Q PROPOSAL] index=11 start=52368 end=53402
[Q PROPOSAL] index=12 start=53402 end=55469
[Q PROPOSAL] index=13 start=55469 end=58570
[Q PROPOSAL] index=14 start=58570 end=60637
[Q PROPOSAL] index=15 start=60637 end=62000
[Q HEAP] tag=state internal=195792 free=21021164 largest=20447220
[Q PLAYBACK] triggers=23632 reverse=0 gate=0 releases=0 chokes=0 retriggers=23616 repeat_accepts=1 repeat_hits=21312 chain_loops=0

# HOST CMD 80 0 0 0 0
[Q COMMAND] CMD 80 0 0 0 0
[Q ACK] sent=1

# HOST CMD 52 0 3 0 0
[Q COMMAND] CMD 52 0 3 0 0
[Q ACK] sent=1

# HOST CMD 78 0 272 0 0
[Q COMMAND] CMD 78 0 272 0 0
[Q ACK] sent=1

# HOST STATE
[Q COMMAND] STATE
[Q STATE] bpm=240 swing=63 playing=1 mode=0 chain_length=4 chain_loop=1 project_busy=0 restoring=0 sample_busy=0 project_status=PROJECT READY / 0 MISSING sample_status=SAMPLE READY
[Q CHAIN] index=0 pattern=0 repeats=2
[Q CHAIN] index=1 pattern=1 repeats=1
[Q CHAIN] index=2 pattern=2 repeats=3
[Q CHAIN] index=3 pattern=3 repeats=1
[Q TRACK] track=0 source=1 pitch=64 synth_pitch=36 sample_pitch=64 mute=0 solo=0 start=1024 end=62000 reverse=0 mode=0 choke=0 cutoff=30 resonance=96 send=127 slices=16 enabled=1 selected=3 frames=2097152 waveform=0e481651 name=m19p_large.wav
[Q SLICE] track=0 index=0 start=1024 end=4835
[Q SLICE] track=0 index=1 start=4835 end=8646
[Q SLICE] track=0 index=2 start=8646 end=12457
[Q SLICE] track=0 index=3 start=12457 end=16268
[Q SLICE] track=0 index=4 start=16268 end=20079
[Q SLICE] track=0 index=5 start=20079 end=23890
[Q SLICE] track=0 index=6 start=23890 end=27701
[Q SLICE] track=0 index=7 start=27701 end=31512
[Q SLICE] track=0 index=8 start=31512 end=35323
[Q SLICE] track=0 index=9 start=35323 end=39134
[Q SLICE] track=0 index=10 start=39134 end=42945
[Q SLICE] track=0 index=11 start=42945 end=46756
[Q SLICE] track=0 index=12 start=46756 end=50567
[Q SLICE] track=0 index=13 start=50567 end=54378
[Q SLICE] track=0 index=14 start=54378 end=58189
[Q SLICE] track=0 index=15 start=58189 end=62000
[Q TRACK] track=1 source=1 pitch=58 synth_pitch=39 sample_pitch=58 mute=0 solo=0 start=0 end=65535 reverse=0 mode=0 choke=0 cutoff=34 resonance=96 send=127 slices=16 enabled=0 selected=0 frames=176400 waveform=0720701a name=m19p_mixed.wav
[Q SLICE] track=1 index=0 start=0 end=4095
[Q SLICE] track=1 index=1 start=4095 end=8191
[Q SLICE] track=1 index=2 start=8191 end=12287
[Q SLICE] track=1 index=3 start=12287 end=16383
[Q SLICE] track=1 index=4 start=16383 end=20479
[Q SLICE] track=1 index=5 start=20479 end=24575
[Q SLICE] track=1 index=6 start=24575 end=28671
[Q SLICE] track=1 index=7 start=28671 end=32767
[Q SLICE] track=1 index=8 start=32767 end=36863
[Q SLICE] track=1 index=9 start=36863 end=40959
[Q SLICE] track=1 index=10 start=40959 end=45055
[Q SLICE] track=1 index=11 start=45055 end=49151
[Q SLICE] track=1 index=12 start=49151 end=53247
[Q SLICE] track=1 index=13 start=53247 end=57343
[Q SLICE] track=1 index=14 start=57343 end=61439
[Q SLICE] track=1 index=15 start=61439 end=65535
[Q TRACK] track=2 source=1 pitch=60 synth_pitch=51 sample_pitch=60 mute=0 solo=0 start=0 end=65535 reverse=0 mode=0 choke=0 cutoff=38 resonance=96 send=127 slices=16 enabled=0 selected=0 frames=176400 waveform=0720701a name=m19p_mixed.wav
[Q SLICE] track=2 index=0 start=0 end=4095
[Q SLICE] track=2 index=1 start=4095 end=8191
[Q SLICE] track=2 index=2 start=8191 end=12287
[Q SLICE] track=2 index=3 start=12287 end=16383
[Q SLICE] track=2 index=4 start=16383 end=20479
[Q SLICE] track=2 index=5 start=20479 end=24575
[Q SLICE] track=2 index=6 start=24575 end=28671
[Q SLICE] track=2 index=7 start=28671 end=32767
[Q SLICE] track=2 index=8 start=32767 end=36863
[Q SLICE] track=2 index=9 start=36863 end=40959
[Q SLICE] track=2 index=10 start=40959 end=45055
[Q SLICE] track=2 index=11 start=45055 end=49151
[Q SLICE] track=2 index=12 start=49151 end=53247
[Q SLICE] track=2 index=13 start=53247 end=57343
[Q SLICE] track=2 index=14 start=57343 end=61439
[Q SLICE] track=2 index=15 start=61439 end=65535
[Q TRACK] track=3 source=1 pitch=60 synth_pitch=45 sample_pitch=60 mute=0 solo=0 start=0 end=65535 reverse=0 mode=0 choke=0 cutoff=42 resonance=96 send=127 slices=16 enabled=0 selected=0 frames=176400 waveform=0720701a name=m19p_mixed.wav
[Q SLICE] track=3 index=0 start=0 end=4095
[Q SLICE] track=3 index=1 start=4095 end=8191
[Q SLICE] track=3 index=2 start=8191 end=12287
[Q SLICE] track=3 index=3 start=12287 end=16383
[Q SLICE] track=3 index=4 start=16383 end=20479
[Q SLICE] track=3 index=5 start=20479 end=24575
[Q SLICE] track=3 index=6 start=24575 end=28671
[Q SLICE] track=3 index=7 start=28671 end=32767
[Q SLICE] track=3 index=8 start=32767 end=36863
[Q SLICE] track=3 index=9 start=36863 end=40959
[Q SLICE] track=3 index=10 start=40959 end=45055
[Q SLICE] track=3 index=11 start=45055 end=49151
[Q SLICE] track=3 index=12 start=49151 end=53247
[Q SLICE] track=3 index=13 start=53247 end=57343
[Q SLICE] track=3 index=14 start=57343 end=61439
[Q SLICE] track=3 index=15 start=61439 end=65535
[Q PATTERN] index=0 length=16 masks=ffff,ffff,ffff
[Q LOCK] pattern=0 step=0 mask=255 slice=0
[Q LOCK] pattern=0 step=1 mask=255 slice=1
[Q LOCK] pattern=0 step=2 mask=255 slice=2
[Q LOCK] pattern=0 step=3 mask=255 slice=3
[Q PATTERN] index=1 length=16 masks=1111,1111,1111
[Q LOCK] pattern=1 step=0 mask=128 slice=0
[Q LOCK] pattern=1 step=1 mask=128 slice=1
[Q LOCK] pattern=1 step=2 mask=128 slice=2
[Q LOCK] pattern=1 step=3 mask=128 slice=3
[Q PATTERN] index=2 length=16 masks=1111,1111,1111
[Q LOCK] pattern=2 step=0 mask=128 slice=0
[Q LOCK] pattern=2 step=1 mask=128 slice=1
[Q LOCK] pattern=2 step=2 mask=128 slice=2
[Q LOCK] pattern=2 step=3 mask=128 slice=3
[Q PATTERN] index=3 length=16 masks=1111,1111,1111
[Q LOCK] pattern=3 step=0 mask=128 slice=0
[Q LOCK] pattern=3 step=1 mask=128 slice=1
[Q LOCK] pattern=3 step=2 mask=128 slice=2
[Q LOCK] pattern=3 step=3 mask=128 slice=3
[Q TRANSIENT] state=3 request=25 progress=100 count=16 stale_discarded=0 apply=16 cancel=4 duration_max_us=1861512 chunk_max_us=45164
[Q PROPOSAL] index=0 start=1024 end=1723
[Q PROPOSAL] index=1 start=1723 end=7925
[Q PROPOSAL] index=2 start=7925 end=12059
[Q PROPOSAL] index=3 start=12059 end=16193
[Q PROPOSAL] index=4 start=16193 end=17227
[Q PROPOSAL] index=5 start=17227 end=39966
[Q PROPOSAL] index=6 start=39966 end=40999
[Q PROPOSAL] index=7 start=40999 end=44100
[Q PROPOSAL] index=8 start=44100 end=45133
[Q PROPOSAL] index=9 start=45133 end=50301
[Q PROPOSAL] index=10 start=50301 end=52368
[Q PROPOSAL] index=11 start=52368 end=53402
[Q PROPOSAL] index=12 start=53402 end=55469
[Q PROPOSAL] index=13 start=55469 end=58570
[Q PROPOSAL] index=14 start=58570 end=60637
[Q PROPOSAL] index=15 start=60637 end=62000
[Q HEAP] tag=state internal=195792 free=21021164 largest=20447220
[Q PLAYBACK] triggers=28384 reverse=0 gate=0 releases=0 chokes=0 retriggers=28368 repeat_accepts=1 repeat_hits=26064 chain_loops=0

# HOST CMD 80 0 0 0 0
[Q COMMAND] CMD 80 0 0 0 0
[Q ACK] sent=1

# HOST CMD 52 0 4 0 0
[Q COMMAND] CMD 52 0 4 0 0
[Q ACK] sent=1

# HOST CMD 78 0 272 0 0
[Q COMMAND] CMD 78 0 272 0 0
[Q ACK] sent=1

# HOST STATE
[Q COMMAND] STATE
[Q STATE] bpm=240 swing=63 playing=1 mode=0 chain_length=4 chain_loop=1 project_busy=0 restoring=0 sample_busy=0 project_status=PROJECT READY / 0 MISSING sample_status=SAMPLE READY
[Q CHAIN] index=0 pattern=0 repeats=2
[Q CHAIN] index=1 pattern=1 repeats=1
[Q CHAIN] index=2 pattern=2 repeats=3
[Q CHAIN] index=3 pattern=3 repeats=1
[Q TRACK] track=0 source=1 pitch=64 synth_pitch=36 sample_pitch=64 mute=0 solo=0 start=1024 end=62000 reverse=0 mode=0 choke=0 cutoff=30 resonance=96 send=127 slices=16 enabled=1 selected=4 frames=2097152 waveform=0e481651 name=m19p_large.wav
[Q SLICE] track=0 index=0 start=1024 end=4835
[Q SLICE] track=0 index=1 start=4835 end=8646
[Q SLICE] track=0 index=2 start=8646 end=12457
[Q SLICE] track=0 index=3 start=12457 end=16268
[Q SLICE] track=0 index=4 start=16268 end=20079
[Q SLICE] track=0 index=5 start=20079 end=23890
[Q SLICE] track=0 index=6 start=23890 end=27701
[Q SLICE] track=0 index=7 start=27701 end=31512
[Q SLICE] track=0 index=8 start=31512 end=35323
[Q SLICE] track=0 index=9 start=35323 end=39134
[Q SLICE] track=0 index=10 start=39134 end=42945
[Q SLICE] track=0 index=11 start=42945 end=46756
[Q SLICE] track=0 index=12 start=46756 end=50567
[Q SLICE] track=0 index=13 start=50567 end=54378
[Q SLICE] track=0 index=14 start=54378 end=58189
[Q SLICE] track=0 index=15 start=58189 end=62000
[Q TRACK] track=1 source=1 pitch=58 synth_pitch=39 sample_pitch=58 mute=0 solo=0 start=0 end=65535 reverse=0 mode=0 choke=0 cutoff=34 resonance=96 send=127 slices=16 enabled=0 selected=0 frames=176400 waveform=0720701a name=m19p_mixed.wav
[Q SLICE] track=1 index=0 start=0 end=4095
[Q SLICE] track=1 index=1 start=4095 end=8191
[Q SLICE] track=1 index=2 start=8191 end=12287
[Q SLICE] track=1 index=3 start=12287 end=16383
[Q SLICE] track=1 index=4 start=16383 end=20479
[Q SLICE] track=1 index=5 start=20479 end=24575
[Q SLICE] track=1 index=6 start=24575 end=28671
[Q SLICE] track=1 index=7 start=28671 end=32767
[Q SLICE] track=1 index=8 start=32767 end=36863
[Q SLICE] track=1 index=9 start=36863 end=40959
[Q SLICE] track=1 index=10 start=40959 end=45055
[Q SLICE] track=1 index=11 start=45055 end=49151
[Q SLICE] track=1 index=12 start=49151 end=53247
[Q SLICE] track=1 index=13 start=53247 end=57343
[Q SLICE] track=1 index=14 start=57343 end=61439
[Q SLICE] track=1 index=15 start=61439 end=65535
[Q TRACK] track=2 source=1 pitch=60 synth_pitch=51 sample_pitch=60 mute=0 solo=0 start=0 end=65535 reverse=0 mode=0 choke=0 cutoff=38 resonance=96 send=127 slices=16 enabled=0 selected=0 frames=176400 waveform=0720701a name=m19p_mixed.wav
[Q SLICE] track=2 index=0 start=0 end=4095
[Q SLICE] track=2 index=1 start=4095 end=8191
[Q SLICE] track=2 index=2 start=8191 end=12287
[Q SLICE] track=2 index=3 start=12287 end=16383
[Q SLICE] track=2 index=4 start=16383 end=20479
[Q SLICE] track=2 index=5 start=20479 end=24575
[Q SLICE] track=2 index=6 start=24575 end=28671
[Q SLICE] track=2 index=7 start=28671 end=32767
[Q SLICE] track=2 index=8 start=32767 end=36863
[Q SLICE] track=2 index=9 start=36863 end=40959
[Q SLICE] track=2 index=10 start=40959 end=45055
[Q SLICE] track=2 index=11 start=45055 end=49151
[Q SLICE] track=2 index=12 start=49151 end=53247
[Q SLICE] track=2 index=13 start=53247 end=57343
[Q SLICE] track=2 index=14 start=57343 end=61439
[Q SLICE] track=2 index=15 start=61439 end=65535
[Q TRACK] track=3 source=1 pitch=60 synth_pitch=45 sample_pitch=60 mute=0 solo=0 start=0 end=65535 reverse=0 mode=0 choke=0 cutoff=42 resonance=96 send=127 slices=16 enabled=0 selected=0 frames=176400 waveform=0720701a name=m19p_mixed.wav
[Q SLICE] track=3 index=0 start=0 end=4095
[Q SLICE] track=3 index=1 start=4095 end=8191
[Q SLICE] track=3 index=2 start=8191 end=12287
[Q SLICE] track=3 index=3 start=12287 end=16383
[Q SLICE] track=3 index=4 start=16383 end=20479
[Q SLICE] track=3 index=5 start=20479 end=24575
[Q SLICE] track=3 index=6 start=24575 end=28671
[Q SLICE] track=3 index=7 start=28671 end=32767
[Q SLICE] track=3 index=8 start=32767 end=36863
[Q SLICE] track=3 index=9 start=36863 end=40959
[Q SLICE] track=3 index=10 start=40959 end=45055
[Q SLICE] track=3 index=11 start=45055 end=49151
[Q SLICE] track=3 index=12 start=49151 end=53247
[Q SLICE] track=3 index=13 start=53247 end=57343
[Q SLICE] track=3 index=14 start=57343 end=61439
[Q SLICE] track=3 index=15 start=61439 end=65535
[Q PATTERN] index=0 length=16 masks=ffff,ffff,ffff
[Q LOCK] pattern=0 step=0 mask=255 slice=0
[Q LOCK] pattern=0 step=1 mask=255 slice=1
[Q LOCK] pattern=0 step=2 mask=255 slice=2
[Q LOCK] pattern=0 step=3 mask=255 slice=3
[Q PATTERN] index=1 length=16 masks=1111,1111,1111
[Q LOCK] pattern=1 step=0 mask=128 slice=0
[Q LOCK] pattern=1 step=1 mask=128 slice=1
[Q LOCK] pattern=1 step=2 mask=128 slice=2
[Q LOCK] pattern=1 step=3 mask=128 slice=3
[Q PATTERN] index=2 length=16 masks=1111,1111,1111
[Q LOCK] pattern=2 step=0 mask=128 slice=0
[Q LOCK] pattern=2 step=1 mask=128 slice=1
[Q LOCK] pattern=2 step=2 mask=128 slice=2
[Q LOCK] pattern=2 step=3 mask=128 slice=3
[Q PATTERN] index=3 length=16 masks=1111,1111,1111
[Q LOCK] pattern=3 step=0 mask=128 slice=0
[Q LOCK] pattern=3 step=1 mask=128 slice=1
[Q LOCK] pattern=3 step=2 mask=128 slice=2
[Q LOCK] pattern=3 step=3 mask=128 slice=3
[Q TRANSIENT] state=3 request=27 progress=100 count=16 stale_discarded=0 apply=16 cancel=5 duration_max_us=1861512 chunk_max_us=45164
[Q PROPOSAL] index=0 start=1024 end=1723
[Q PROPOSAL] index=1 start=1723 end=7925
[Q PROPOSAL] index=2 start=7925 end=12059
[Q PROPOSAL] index=3 start=12059 end=16193
[Q PROPOSAL] index=4 start=16193 end=17227
[Q PROPOSAL] index=5 start=17227 end=39966
[Q PROPOSAL] index=6 start=39966 end=40999
[Q PROPOSAL] index=7 start=40999 end=44100
[Q PROPOSAL] index=8 start=44100 end=45133
[Q PROPOSAL] index=9 start=45133 end=50301
[Q PROPOSAL] index=10 start=50301 end=52368
[Q PROPOSAL] index=11 start=52368 end=53402
[Q PROPOSAL] index=12 start=53402 end=55469
[Q PROPOSAL] index=13 start=55469 end=58570
[Q PROPOSAL] index=14 start=58570 end=60637
[Q PROPOSAL] index=15 start=60637 end=62000
[Q HEAP] tag=state internal=195792 free=21021164 largest=20447220
[Q PLAYBACK] triggers=33440 reverse=0 gate=0 releases=0 chokes=0 retriggers=33424 repeat_accepts=1 repeat_hits=31104 chain_loops=0

# HOST CMD 80 0 0 0 0
[Q COMMAND] CMD 80 0 0 0 0
[Q ACK] sent=1

# HOST CMD 52 0 5 0 0
[Q COMMAND] CMD 52 0 5 0 0
[Q ACK] sent=1

# HOST LOAD 0 3
[Q COMMAND] LOAD 0 3
[Q ACK] load=1
[M6 read] bytes=352800 read_us=1170452 bytes_per_second=301422 original_channels=1 rate=44100 total_psram=33554432
[M6 load] track=0 file_bytes=352844 pcm_bytes=352800 load_publish_us=1832393 payload=5644800 transient=352800 peak_payload=9839104 ps_free=24986092 largest=24641524 internal=195792 display=2304000 fx_delay=352800 reserve=4194304
[M6.1 replacement] retired_clear=1 ps_delta=-3964928 status=READY

# HOST CMD 78 0 272 0 0
[Q COMMAND] CMD 78 0 272 0 0
[Q ACK] sent=1

# HOST STATE
[Q COMMAND] STATE
[Q STATE] bpm=240 swing=63 playing=1 mode=0 chain_length=4 chain_loop=1 project_busy=0 restoring=0 sample_busy=0 project_status=PROJECT READY / 0 MISSING sample_status=SAMPLE READY
[Q CHAIN] index=0 pattern=0 repeats=2
[Q CHAIN] index=1 pattern=1 repeats=1
[Q CHAIN] index=2 pattern=2 repeats=3
[Q CHAIN] index=3 pattern=3 repeats=1
[Q TRACK] track=0 source=1 pitch=64 synth_pitch=36 sample_pitch=64 mute=0 solo=0 start=1024 end=62000 reverse=0 mode=0 choke=0 cutoff=30 resonance=96 send=127 slices=16 enabled=1 selected=5 frames=176400 waveform=0720701a name=m19p_mixed.wav
[Q SLICE] track=0 index=0 start=1024 end=4835
[Q SLICE] track=0 index=1 start=4835 end=8646
[Q SLICE] track=0 index=2 start=8646 end=12457
[Q SLICE] track=0 index=3 start=12457 end=16268
[Q SLICE] track=0 index=4 start=16268 end=20079
[Q SLICE] track=0 index=5 start=20079 end=23890
[Q SLICE] track=0 index=6 start=23890 end=27701
[Q SLICE] track=0 index=7 start=27701 end=31512
[Q SLICE] track=0 index=8 start=31512 end=35323
[Q SLICE] track=0 index=9 start=35323 end=39134
[Q SLICE] track=0 index=10 start=39134 end=42945
[Q SLICE] track=0 index=11 start=42945 end=46756
[Q SLICE] track=0 index=12 start=46756 end=50567
[Q SLICE] track=0 index=13 start=50567 end=54378
[Q SLICE] track=0 index=14 start=54378 end=58189
[Q SLICE] track=0 index=15 start=58189 end=62000
[Q TRACK] track=1 source=1 pitch=58 synth_pitch=39 sample_pitch=58 mute=0 solo=0 start=0 end=65535 reverse=0 mode=0 choke=0 cutoff=34 resonance=96 send=127 slices=16 enabled=0 selected=0 frames=176400 waveform=0720701a name=m19p_mixed.wav
[Q SLICE] track=1 index=0 start=0 end=4095
[Q SLICE] track=1 index=1 start=4095 end=8191
[Q SLICE] track=1 index=2 start=8191 end=12287
[Q SLICE] track=1 index=3 start=12287 end=16383
[Q SLICE] track=1 index=4 start=16383 end=20479
[Q SLICE] track=1 index=5 start=20479 end=24575
[Q SLICE] track=1 index=6 start=24575 end=28671
[Q SLICE] track=1 index=7 start=28671 end=32767
[Q SLICE] track=1 index=8 start=32767 end=36863
[Q SLICE] track=1 index=9 start=36863 end=40959
[Q SLICE] track=1 index=10 start=40959 end=45055
[Q SLICE] track=1 index=11 start=45055 end=49151
[Q SLICE] track=1 index=12 start=49151 end=53247
[Q SLICE] track=1 index=13 start=53247 end=57343
[Q SLICE] track=1 index=14 start=57343 end=61439
[Q SLICE] track=1 index=15 start=61439 end=65535
[Q TRACK] track=2 source=1 pitch=60 synth_pitch=51 sample_pitch=60 mute=0 solo=0 start=0 end=65535 reverse=0 mode=0 choke=0 cutoff=38 resonance=96 send=127 slices=16 enabled=0 selected=0 frames=176400 waveform=0720701a name=m19p_mixed.wav
[Q SLICE] track=2 index=0 start=0 end=4095
[Q SLICE] track=2 index=1 start=4095 end=8191
[Q SLICE] track=2 index=2 start=8191 end=12287
[Q SLICE] track=2 index=3 start=12287 end=16383
[Q SLICE] track=2 index=4 start=16383 end=20479
[Q SLICE] track=2 index=5 start=20479 end=24575
[Q SLICE] track=2 index=6 start=24575 end=28671
[Q SLICE] track=2 index=7 start=28671 end=32767
[Q SLICE] track=2 index=8 start=32767 end=36863
[Q SLICE] track=2 index=9 start=36863 end=40959
[Q SLICE] track=2 index=10 start=40959 end=45055
[Q SLICE] track=2 index=11 start=45055 end=49151
[Q SLICE] track=2 index=12 start=49151 end=53247
[Q SLICE] track=2 index=13 start=53247 end=57343
[Q SLICE] track=2 index=14 start=57343 end=61439
[Q SLICE] track=2 index=15 start=61439 end=65535
[Q TRACK] track=3 source=1 pitch=60 synth_pitch=45 sample_pitch=60 mute=0 solo=0 start=0 end=65535 reverse=0 mode=0 choke=0 cutoff=42 resonance=96 send=127 slices=16 enabled=0 selected=0 frames=176400 waveform=0720701a name=m19p_mixed.wav
[Q SLICE] track=3 index=0 start=0 end=4095
[Q SLICE] track=3 index=1 start=4095 end=8191
[Q SLICE] track=3 index=2 start=8191 end=12287
[Q SLICE] track=3 index=3 start=12287 end=16383
[Q SLICE] track=3 index=4 start=16383 end=20479
[Q SLICE] track=3 index=5 start=20479 end=24575
[Q SLICE] track=3 index=6 start=24575 end=28671
[Q SLICE] track=3 index=7 start=28671 end=32767
[Q SLICE] track=3 index=8 start=32767 end=36863
[Q SLICE] track=3 index=9 start=36863 end=40959
[Q SLICE] track=3 index=10 start=40959 end=45055
[Q SLICE] track=3 index=11 start=45055 end=49151
[Q SLICE] track=3 index=12 start=49151 end=53247
[Q SLICE] track=3 index=13 start=53247 end=57343
[Q SLICE] track=3 index=14 start=57343 end=61439
[Q SLICE] track=3 index=15 start=61439 end=65535
[Q PATTERN] index=0 length=16 masks=ffff,ffff,ffff
[Q LOCK] pattern=0 step=0 mask=255 slice=0
[Q LOCK] pattern=0 step=1 mask=255 slice=1
[Q LOCK] pattern=0 step=2 mask=255 slice=2
[Q LOCK] pattern=0 step=3 mask=255 slice=3
[Q PATTERN] index=1 length=16 masks=1111,1111,1111
[Q LOCK] pattern=1 step=0 mask=128 slice=0
[Q LOCK] pattern=1 step=1 mask=128 slice=1
[Q LOCK] pattern=1 step=2 mask=128 slice=2
[Q LOCK] pattern=1 step=3 mask=128 slice=3
[Q PATTERN] index=2 length=16 masks=1111,1111,1111
[Q LOCK] pattern=2 step=0 mask=128 slice=0
[Q LOCK] pattern=2 step=1 mask=128 slice=1
[Q LOCK] pattern=2 step=2 mask=128 slice=2
[Q LOCK] pattern=2 step=3 mask=128 slice=3
[Q PATTERN] index=3 length=16 masks=1111,1111,1111
[Q LOCK] pattern=3 step=0 mask=128 slice=0
[Q LOCK] pattern=3 step=1 mask=128 slice=1
[Q LOCK] pattern=3 step=2 mask=128 slice=2
[Q LOCK] pattern=3 step=3 mask=128 slice=3
[Q TRANSIENT] state=3 request=29 progress=100 count=16 stale_discarded=0 apply=16 cancel=6 duration_max_us=1861512 chunk_max_us=45164
[Q PROPOSAL] index=0 start=1024 end=4096
[Q PROPOSAL] index=1 start=4096 end=8192
[Q PROPOSAL] index=2 start=8192 end=12288
[Q PROPOSAL] index=3 start=12288 end=16384
[Q PROPOSAL] index=4 start=16384 end=20480
[Q PROPOSAL] index=5 start=20480 end=24576
[Q PROPOSAL] index=6 start=24576 end=28672
[Q PROPOSAL] index=7 start=28672 end=32768
[Q PROPOSAL] index=8 start=32768 end=36864
[Q PROPOSAL] index=9 start=36864 end=40960
[Q PROPOSAL] index=10 start=40960 end=45056
[Q PROPOSAL] index=11 start=45056 end=49152
[Q PROPOSAL] index=12 start=49152 end=53248
[Q PROPOSAL] index=13 start=53248 end=57344
[Q PROPOSAL] index=14 start=57344 end=61440
[Q PROPOSAL] index=15 start=61440 end=62000
[Q HEAP] tag=state internal=195792 free=24986092 largest=24641524
[Q PLAYBACK] triggers=41504 reverse=0 gate=0 releases=0 chokes=0 retriggers=41487 repeat_accepts=1 repeat_hits=39168 chain_loops=0

# HOST STATE
[Q COMMAND] STATE
[Q STATE] bpm=240 swing=63 playing=1 mode=0 chain_length=4 chain_loop=1 project_busy=0 restoring=0 sample_busy=0 project_status=PROJECT READY / 0 MISSING sample_status=SAMPLE READY
[Q CHAIN] index=0 pattern=0 repeats=2
[Q CHAIN] index=1 pattern=1 repeats=1
[Q CHAIN] index=2 pattern=2 repeats=3
[Q CHAIN] index=3 pattern=3 repeats=1
[Q TRACK] track=0 source=1 pitch=64 synth_pitch=36 sample_pitch=64 mute=0 solo=0 start=1024 end=62000 reverse=0 mode=0 choke=0 cutoff=30 resonance=96 send=127 slices=16 enabled=1 selected=5 frames=176400 waveform=0720701a name=m19p_mixed.wav
[Q SLICE] track=0 index=0 start=1024 end=4835
[Q SLICE] track=0 index=1 start=4835 end=8646
[Q SLICE] track=0 index=2 start=8646 end=12457
[Q SLICE] track=0 index=3 start=12457 end=16268
[Q SLICE] track=0 index=4 start=16268 end=20079
[Q SLICE] track=0 index=5 start=20079 end=23890
[Q SLICE] track=0 index=6 start=23890 end=27701
[Q SLICE] track=0 index=7 start=27701 end=31512
[Q SLICE] track=0 index=8 start=31512 end=35323
[Q SLICE] track=0 index=9 start=35323 end=39134
[Q SLICE] track=0 index=10 start=39134 end=42945
[Q SLICE] track=0 index=11 start=42945 end=46756
[Q SLICE] track=0 index=12 start=46756 end=50567
[Q SLICE] track=0 index=13 start=50567 end=54378
[Q SLICE] track=0 index=14 start=54378 end=58189
[Q SLICE] track=0 index=15 start=58189 end=62000
[Q TRACK] track=1 source=1 pitch=58 synth_pitch=39 sample_pitch=58 mute=0 solo=0 start=0 end=65535 reverse=0 mode=0 choke=0 cutoff=34 resonance=96 send=127 slices=16 enabled=0 selected=0 frames=176400 waveform=0720701a name=m19p_mixed.wav
[Q SLICE] track=1 index=0 start=0 end=4095
[Q SLICE] track=1 index=1 start=4095 end=8191
[Q SLICE] track=1 index=2 start=8191 end=12287
[Q SLICE] track=1 index=3 start=12287 end=16383
[Q SLICE] track=1 index=4 start=16383 end=20479
[Q SLICE] track=1 index=5 start=20479 end=24575
[Q SLICE] track=1 index=6 start=24575 end=28671
[Q SLICE] track=1 index=7 start=28671 end=32767
[Q SLICE] track=1 index=8 start=32767 end=36863
[Q SLICE] track=1 index=9 start=36863 end=40959
[Q SLICE] track=1 index=10 start=40959 end=45055
[Q SLICE] track=1 index=11 start=45055 end=49151
[Q SLICE] track=1 index=12 start=49151 end=53247
[Q SLICE] track=1 index=13 start=53247 end=57343
[Q SLICE] track=1 index=14 start=57343 end=61439
[Q SLICE] track=1 index=15 start=61439 end=65535
[Q TRACK] track=2 source=1 pitch=60 synth_pitch=51 sample_pitch=60 mute=0 solo=0 start=0 end=65535 reverse=0 mode=0 choke=0 cutoff=38 resonance=96 send=127 slices=16 enabled=0 selected=0 frames=176400 waveform=0720701a name=m19p_mixed.wav
[Q SLICE] track=2 index=0 start=0 end=4095
[Q SLICE] track=2 index=1 start=4095 end=8191
[Q SLICE] track=2 index=2 start=8191 end=12287
[Q SLICE] track=2 index=3 start=12287 end=16383
[Q SLICE] track=2 index=4 start=16383 end=20479
[Q SLICE] track=2 index=5 start=20479 end=24575
[Q SLICE] track=2 index=6 start=24575 end=28671
[Q SLICE] track=2 index=7 start=28671 end=32767
[Q SLICE] track=2 index=8 start=32767 end=36863
[Q SLICE] track=2 index=9 start=36863 end=40959
[Q SLICE] track=2 index=10 start=40959 end=45055
[Q SLICE] track=2 index=11 start=45055 end=49151
[Q SLICE] track=2 index=12 start=49151 end=53247
[Q SLICE] track=2 index=13 start=53247 end=57343
[Q SLICE] track=2 index=14 start=57343 end=61439
[Q SLICE] track=2 index=15 start=61439 end=65535
[Q TRACK] track=3 source=1 pitch=60 synth_pitch=45 sample_pitch=60 mute=0 solo=0 start=0 end=65535 reverse=0 mode=0 choke=0 cutoff=42 resonance=96 send=127 slices=16 enabled=0 selected=0 frames=176400 waveform=0720701a name=m19p_mixed.wav
[Q SLICE] track=3 index=0 start=0 end=4095
[Q SLICE] track=3 index=1 start=4095 end=8191
[Q SLICE] track=3 index=2 start=8191 end=12287
[Q SLICE] track=3 index=3 start=12287 end=16383
[Q SLICE] track=3 index=4 start=16383 end=20479
[Q SLICE] track=3 index=5 start=20479 end=24575
[Q SLICE] track=3 index=6 start=24575 end=28671
[Q SLICE] track=3 index=7 start=28671 end=32767
[Q SLICE] track=3 index=8 start=32767 end=36863
[Q SLICE] track=3 index=9 start=36863 end=40959
[Q SLICE] track=3 index=10 start=40959 end=45055
[Q SLICE] track=3 index=11 start=45055 end=49151
[Q SLICE] track=3 index=12 start=49151 end=53247
[Q SLICE] track=3 index=13 start=53247 end=57343
[Q SLICE] track=3 index=14 start=57343 end=61439
[Q SLICE] track=3 index=15 start=61439 end=65535
[Q PATTERN] index=0 length=16 masks=ffff,ffff,ffff
[Q LOCK] pattern=0 step=0 mask=255 slice=0
[Q LOCK] pattern=0 step=1 mask=255 slice=1
[Q LOCK] pattern=0 step=2 mask=255 slice=2
[Q LOCK] pattern=0 step=3 mask=255 slice=3
[Q PATTERN] index=1 length=16 masks=1111,1111,1111
[Q LOCK] pattern=1 step=0 mask=128 slice=0
[Q LOCK] pattern=1 step=1 mask=128 slice=1
[Q LOCK] pattern=1 step=2 mask=128 slice=2
[Q LOCK] pattern=1 step=3 mask=128 slice=3
[Q PATTERN] index=2 length=16 masks=1111,1111,1111
[Q LOCK] pattern=2 step=0 mask=128 slice=0
[Q LOCK] pattern=2 step=1 mask=128 slice=1
[Q LOCK] pattern=2 step=2 mask=128 slice=2
[Q LOCK] pattern=2 step=3 mask=128 slice=3
[Q PATTERN] index=3 length=16 masks=1111,1111,1111
[Q LOCK] pattern=3 step=0 mask=128 slice=0
[Q LOCK] pattern=3 step=1 mask=128 slice=1
[Q LOCK] pattern=3 step=2 mask=128 slice=2
[Q LOCK] pattern=3 step=3 mask=128 slice=3
[Q TRANSIENT] state=3 request=29 progress=100 count=16 stale_discarded=0 apply=16 cancel=6 duration_max_us=1861512 chunk_max_us=45164
[Q PROPOSAL] index=0 start=1024 end=4096
[Q PROPOSAL] index=1 start=4096 end=8192
[Q PROPOSAL] index=2 start=8192 end=12288
[Q PROPOSAL] index=3 start=12288 end=16384
[Q PROPOSAL] index=4 start=16384 end=20480
[Q PROPOSAL] index=5 start=20480 end=24576
[Q PROPOSAL] index=6 start=24576 end=28672
[Q PROPOSAL] index=7 start=28672 end=32768
[Q PROPOSAL] index=8 start=32768 end=36864
[Q PROPOSAL] index=9 start=36864 end=40960
[Q PROPOSAL] index=10 start=40960 end=45056
[Q PROPOSAL] index=11 start=45056 end=49152
[Q PROPOSAL] index=12 start=49152 end=53248
[Q PROPOSAL] index=13 start=53248 end=57344
[Q PROPOSAL] index=14 start=57344 end=61440
[Q PROPOSAL] index=15 start=61440 end=62000
[Q HEAP] tag=state internal=195792 free=24986092 largest=24641524
[Q PLAYBACK] triggers=44400 reverse=0 gate=0 releases=0 chokes=0 retriggers=44383 repeat_accepts=1 repeat_hits=42064 chain_loops=0

# HOST CMD 79 0 29 0 0
[Q COMMAND] CMD 79 0 29 0 0
[Q ACK] sent=1

# HOST CMD 77 0 0 0 0
[Q COMMAND] CMD 77 0 0 0 0
[Q ACK] sent=1

# HOST CMD 0 0 0 0 0
[Q COMMAND] CMD 0 0 0 0 0
[Q ACK] sent=1

# HOST MEASURE 0
[Q COMMAND] MEASURE 0

# HOST METRICS
[Q COMMAND] METRICS
[Q METRICS] blocks=5280 stored=5280 p99=3838 max=3934 misses=0 failures=0 timeouts=0 nonzero=2703360 overlap=1970 overlap_max=3934 active_max=16

# HOST STATE
[Q COMMAND] STATE
[Q STATE] bpm=240 swing=63 playing=0 mode=0 chain_length=4 chain_loop=1 project_busy=0 restoring=0 sample_busy=0 project_status=PROJECT READY / 0 MISSING sample_status=SAMPLE READY
[Q CHAIN] index=0 pattern=0 repeats=2
[Q CHAIN] index=1 pattern=1 repeats=1
[Q CHAIN] index=2 pattern=2 repeats=3
[Q CHAIN] index=3 pattern=3 repeats=1
[Q TRACK] track=0 source=1 pitch=64 synth_pitch=36 sample_pitch=64 mute=0 solo=0 start=1024 end=62000 reverse=0 mode=0 choke=0 cutoff=30 resonance=96 send=127 slices=16 enabled=1 selected=0 frames=176400 waveform=0720701a name=m19p_mixed.wav
[Q SLICE] track=0 index=0 start=1024 end=4096
[Q SLICE] track=0 index=1 start=4096 end=8192
[Q SLICE] track=0 index=2 start=8192 end=12288
[Q SLICE] track=0 index=3 start=12288 end=16384
[Q SLICE] track=0 index=4 start=16384 end=20480
[Q SLICE] track=0 index=5 start=20480 end=24576
[Q SLICE] track=0 index=6 start=24576 end=28672
[Q SLICE] track=0 index=7 start=28672 end=32768
[Q SLICE] track=0 index=8 start=32768 end=36864
[Q SLICE] track=0 index=9 start=36864 end=40960
[Q SLICE] track=0 index=10 start=40960 end=45056
[Q SLICE] track=0 index=11 start=45056 end=49152
[Q SLICE] track=0 index=12 start=49152 end=53248
[Q SLICE] track=0 index=13 start=53248 end=57344
[Q SLICE] track=0 index=14 start=57344 end=61440
[Q SLICE] track=0 index=15 start=61440 end=62000
[Q TRACK] track=1 source=1 pitch=58 synth_pitch=39 sample_pitch=58 mute=0 solo=0 start=0 end=65535 reverse=0 mode=0 choke=0 cutoff=34 resonance=96 send=127 slices=16 enabled=0 selected=0 frames=176400 waveform=0720701a name=m19p_mixed.wav
[Q SLICE] track=1 index=0 start=0 end=4095
[Q SLICE] track=1 index=1 start=4095 end=8191
[Q SLICE] track=1 index=2 start=8191 end=12287
[Q SLICE] track=1 index=3 start=12287 end=16383
[Q SLICE] track=1 index=4 start=16383 end=20479
[Q SLICE] track=1 index=5 start=20479 end=24575
[Q SLICE] track=1 index=6 start=24575 end=28671
[Q SLICE] track=1 index=7 start=28671 end=32767
[Q SLICE] track=1 index=8 start=32767 end=36863
[Q SLICE] track=1 index=9 start=36863 end=40959
[Q SLICE] track=1 index=10 start=40959 end=45055
[Q SLICE] track=1 index=11 start=45055 end=49151
[Q SLICE] track=1 index=12 start=49151 end=53247
[Q SLICE] track=1 index=13 start=53247 end=57343
[Q SLICE] track=1 index=14 start=57343 end=61439
[Q SLICE] track=1 index=15 start=61439 end=65535
[Q TRACK] track=2 source=1 pitch=60 synth_pitch=51 sample_pitch=60 mute=0 solo=0 start=0 end=65535 reverse=0 mode=0 choke=0 cutoff=38 resonance=96 send=127 slices=16 enabled=0 selected=0 frames=176400 waveform=0720701a name=m19p_mixed.wav
[Q SLICE] track=2 index=0 start=0 end=4095
[Q SLICE] track=2 index=1 start=4095 end=8191
[Q SLICE] track=2 index=2 start=8191 end=12287
[Q SLICE] track=2 index=3 start=12287 end=16383
[Q SLICE] track=2 index=4 start=16383 end=20479
[Q SLICE] track=2 index=5 start=20479 end=24575
[Q SLICE] track=2 index=6 start=24575 end=28671
[Q SLICE] track=2 index=7 start=28671 end=32767
[Q SLICE] track=2 index=8 start=32767 end=36863
[Q SLICE] track=2 index=9 start=36863 end=40959
[Q SLICE] track=2 index=10 start=40959 end=45055
[Q SLICE] track=2 index=11 start=45055 end=49151
[Q SLICE] track=2 index=12 start=49151 end=53247
[Q SLICE] track=2 index=13 start=53247 end=57343
[Q SLICE] track=2 index=14 start=57343 end=61439
[Q SLICE] track=2 index=15 start=61439 end=65535
[Q TRACK] track=3 source=1 pitch=60 synth_pitch=45 sample_pitch=60 mute=0 solo=0 start=0 end=65535 reverse=0 mode=0 choke=0 cutoff=42 resonance=96 send=127 slices=16 enabled=0 selected=0 frames=176400 waveform=0720701a name=m19p_mixed.wav
[Q SLICE] track=3 index=0 start=0 end=4095
[Q SLICE] track=3 index=1 start=4095 end=8191
[Q SLICE] track=3 index=2 start=8191 end=12287
[Q SLICE] track=3 index=3 start=12287 end=16383
[Q SLICE] track=3 index=4 start=16383 end=20479
[Q SLICE] track=3 index=5 start=20479 end=24575
[Q SLICE] track=3 index=6 start=24575 end=28671
[Q SLICE] track=3 index=7 start=28671 end=32767
[Q SLICE] track=3 index=8 start=32767 end=36863
[Q SLICE] track=3 index=9 start=36863 end=40959
[Q SLICE] track=3 index=10 start=40959 end=45055
[Q SLICE] track=3 index=11 start=45055 end=49151
[Q SLICE] track=3 index=12 start=49151 end=53247
[Q SLICE] track=3 index=13 start=53247 end=57343
[Q SLICE] track=3 index=14 start=57343 end=61439
[Q SLICE] track=3 index=15 start=61439 end=65535
[Q PATTERN] index=0 length=16 masks=ffff,ffff,ffff
[Q LOCK] pattern=0 step=0 mask=255 slice=0
[Q LOCK] pattern=0 step=1 mask=255 slice=1
[Q LOCK] pattern=0 step=2 mask=255 slice=2
[Q LOCK] pattern=0 step=3 mask=255 slice=3
[Q PATTERN] index=1 length=16 masks=1111,1111,1111
[Q LOCK] pattern=1 step=0 mask=128 slice=0
[Q LOCK] pattern=1 step=1 mask=128 slice=1
[Q LOCK] pattern=1 step=2 mask=128 slice=2
[Q LOCK] pattern=1 step=3 mask=128 slice=3
[Q PATTERN] index=2 length=16 masks=1111,1111,1111
[Q LOCK] pattern=2 step=0 mask=128 slice=0
[Q LOCK] pattern=2 step=1 mask=128 slice=1
[Q LOCK] pattern=2 step=2 mask=128 slice=2
[Q LOCK] pattern=2 step=3 mask=128 slice=3
[Q PATTERN] index=3 length=16 masks=1111,1111,1111
[Q LOCK] pattern=3 step=0 mask=128 slice=0
[Q LOCK] pattern=3 step=1 mask=128 slice=1
[Q LOCK] pattern=3 step=2 mask=128 slice=2
[Q LOCK] pattern=3 step=3 mask=128 slice=3
[Q TRANSIENT] state=4 request=29 progress=100 count=16 stale_discarded=0 apply=17 cancel=6 duration_max_us=1861512 chunk_max_us=45164
[Q PROPOSAL] index=0 start=1024 end=4096
[Q PROPOSAL] index=1 start=4096 end=8192
[Q PROPOSAL] index=2 start=8192 end=12288
[Q PROPOSAL] index=3 start=12288 end=16384
[Q PROPOSAL] index=4 start=16384 end=20480
[Q PROPOSAL] index=5 start=20480 end=24576
[Q PROPOSAL] index=6 start=24576 end=28672
[Q PROPOSAL] index=7 start=28672 end=32768
[Q PROPOSAL] index=8 start=32768 end=36864
[Q PROPOSAL] index=9 start=36864 end=40960
[Q PROPOSAL] index=10 start=40960 end=45056
[Q PROPOSAL] index=11 start=45056 end=49152
[Q PROPOSAL] index=12 start=49152 end=53248
[Q PROPOSAL] index=13 start=53248 end=57344
[Q PROPOSAL] index=14 start=57344 end=61440
[Q PROPOSAL] index=15 start=61440 end=62000
[Q HEAP] tag=state internal=195792 free=24986092 largest=24641524
[Q PLAYBACK] triggers=54384 reverse=0 gate=0 releases=0 chokes=0 retriggers=54367 repeat_accepts=1 repeat_hits=51952 chain_loops=0
